year,class,rider_id,team_id,entry_name,maker,machine,number,rank,points,status
1949,500cc,leslie-graham,,,AJS,,,1,30,確認済
1949,500cc,nello-pagani,,,ジレラ,,,2,28,確認済
1949,500cc,arciso-artesiani,,,ジレラ,,,3,25,確認済
1949,500cc,william-doran,,,AJS,,,4,23,確認済
1949,500cc,artie-bell,,,ノートン,,,5,20,確認済
1949,500cc,harold-daniell,,,ノートン,,,6,17,確認済
1949,500cc,john-lockett,,,ノートン,,,7,13,確認済
1949,500cc,ernie-lyons,,,ヴェロセット,,,8,7,確認済
1949,500cc,enrico-lorenzetti,,,モトグッツィ,,,9,7,確認済
1949,500cc,gianni-leoni,,,モトグッツィ,,,10,6,確認済
1949,500cc,jock-west,,,AJS,,,11,5,確認済
1949,500cc,sid-jensen,,,トライアンフ,,,12,5,確認済
1949,500cc,bruno-bertacchini,,,モトグッツィ,,,13,5,確認済
1949,500cc,freddie-frith,,,ヴェロセット,,,14,5,確認済
1949,500cc,bill-doran,,,不明,,,,,確認済
1949,500cc,cromie-mccandless,,,ノートン,,,,,確認済
1949,500cc,fred-stevens,,,トライアンフ,,,,,確認済
1949,500cc,guido-leoni,,,モトグッツィ,,,,,確認済
1949,250cc,bruno-ruffo,,,モトグッツィ,,,1,24,確認済
1949,250cc,dario-ambrosini,,,ベネリ,,,2,19,確認済
1949,250cc,ronald-mead,,,ノートン,,,3,13,確認済
1949,250cc,maurice-cann,,,モトグッツィ,,,4,11,確認済
1949,250cc,claudio-mastellari,,,モトグッツィ,,,5,11,確認済
1949,250cc,manliefe-barrington,,,モトグッツィ,,,6,10,確認済
1949,250cc,russell-wood,,,モトグッツィ,,,7,9,確認済
1949,250cc,fergus-anderson,,,モトグッツィ,,,8,8,確認済
1949,250cc,gianni-leoni,,,モトグッツィ,,,9,8,確認済
1949,250cc,umberto-masetti,,,ベネリ,,,10,7,確認済
1949,250cc,roland-pike,,,Rudge,,,11,7,確認済
1949,250cc,g-a-reeve,,,Rudge,,,12,6,確認済
1949,250cc,s-a-s-rensen,,,エクセルシオール,,,13,0.5,確認済
1949,250cc,benoit-musy,,,モトグッツィ,,,14,0.5,確認済
1949,250cc,douglas-beasley,,,エクセルシオール,,,15,5,確認済
1949,250cc,bruno-francisci,,,モトグッツィ,,,,,確認済
1949,250cc,tommy-wood,,,モトグッツィ,,,,,確認済
1949,350cc,freddie-frith,,,ヴェロセット,,,1,33,確認済
1949,350cc,reg-armstrong,,,AJS,,,2,18,確認済
1949,350cc,bob-foster,,,ヴェロセット,,,3,16.5,確認済
1949,350cc,eric-mcpherson,,,AJS,,,4,16,確認済
1949,350cc,john-lockett,,,ノートン,,,5,14,確認済
1949,350cc,david-whitworth,,,ヴェロセット,,,6,12,確認済
1949,350cc,leslie-graham,,,AJS,,,7,8,確認済
1949,350cc,ernie-lyons,,,ヴェロセット,,,8,8,確認済
1949,350cc,charlie-salt,,,ヴェロセット,,,9,8,確認済
1949,350cc,artie-bell,,,ノートン,,,10,7,確認済
1949,350cc,william-doran,,,AJS,,,11,7,確認済
1949,350cc,harold-daniell,,,ノートン,,,12,6,確認済
1949,350cc,tommy-wood,,,ヴェロセット,,,13,5,確認済
1949,350cc,f-fry,,,ヴェロセット,,,14,5,確認済
1949,350cc,dickie-dale,,,AJS,,,,,確認済
1949,350cc,keith-armstrong,,,AJS,,,,,確認済
1949,125cc,nello-pagani,,,モンディアル,,,1,27,確認済
1949,125cc,renato-magi,,,モト・モリーニ,,,2,14,確認済
1949,125cc,umberto-masetti,,,モト・モリーニ,,,3,13,確認済
1949,125cc,carlo-ubbiali,,,MVアグスタ,,,4,13,確認済
1949,125cc,gianni-leoni,,,モンディアル,,,5,11,確認済
1949,125cc,oscar-clemencigh,,,モンディアル,,,6,8,確認済
1949,125cc,umberto-braga,,,モンディアル,,,7,7,確認済
1949,125cc,celeste-cavaciuti,,,モンディアル,,,8,7,確認済
1949,125cc,franco-bertoni,,,MVアグスタ,,,9,6,確認済
1949,125cc,giuseppe-matucci,,,MVアグスタ,,,10,5,確認済
1950,500cc,umberto-masetti,,,ジレラ,,,1,28,確認済
1950,500cc,geoff-duke,,,ノートン,,,2,27,確認済
1950,500cc,leslie-graham,,,AJS,,,3,17,確認済
1950,500cc,nello-pagani,,,ジレラ,,,4,12,確認済
1950,500cc,carlo-bandirola,,,ジレラ,,,5,12,確認済
1950,500cc,john-lockett,,,ノートン,,,6,9,確認済
1950,500cc,artie-bell,,,ノートン,,,7,6,確認済
1950,500cc,arciso-artesiani,,,MVアグスタ,,,8,6,確認済
1950,500cc,harry-hinton,,,ノートン,,,9,5,確認済
1950,500cc,e-frend,,,AJS,,,10,4,確認済
1950,500cc,dickie-dale,,,ノートン,,,11,4,確認済
1950,500cc,harold-daniell,,,ノートン,,,12,4,確認済
1950,500cc,alfredo-milani,,,ジレラ,,,13,3,確認済
1950,500cc,jock-west,,,AJS,,,14,2,確認済
1950,500cc,eric-mcpherson,,,ノートン,,,15,2,確認済
1950,500cc,sid-jensen,,,トライアンフ,,,16,1,確認済
1950,500cc,keith-armstrong,,,ヴェロセット,,,17,1,確認済
1950,500cc,eric-hinton,,,ノートン,,,,,確認済
1950,250cc,dario-ambrosini,,,ベネリ,,,1,24,確認済
1950,250cc,maurice-cann,,,モトグッツィ,,,2,14,確認済
1950,250cc,bob-anderson,,,モトグッツィ,,,3,6,確認済
1950,250cc,bruno-ruffo,,,モトグッツィ,,,4,6,確認済
1950,250cc,dickie-dale,,,ベネリ,,,5,4,確認済
1950,250cc,bruno-francisci,,,ベネリ,,,6,4,確認済
1950,250cc,wilf-billington,,,モトグッツィ,,,7,4,確認済
1950,250cc,ronald-mead,,,ヴェロセット,,,8,4,確認済
1950,250cc,claudio-mastellari,,,モトグッツィ,,,9,3,確認済
1950,250cc,a-burton,,,エクセルシオール,,,10,3,確認済
1950,250cc,benoit-musy,,,モトグッツィ,,,11,3,確認済
1950,250cc,roland-pike,,,Rudge,,,12,3,確認済
1950,250cc,g-andrews,,,エクセルシオール,,,13,2,確認済
1950,250cc,len-bayliss,,,LB,,,14,2,確認済
1950,250cc,claudio-belotti,,,モトグッツィ,,,15,2,確認済
1950,250cc,alano-montanari,,,モトグッツィ,,,16,2,確認済
1950,250cc,arnold-jones,,,モトグッツィ,,,17,1,確認済
1950,250cc,umberto-plebani,,,モトグッツィ,,,18,1,確認済
1950,250cc,keith-campbell,,,エクセルシオール,,,19,1,確認済
1950,250cc,onorato-francone,,,モトグッツィ,,,20,1,確認済
1950,250cc,fergus-anderson,,,モトグッツィ,,,,,確認済
1950,350cc,bob-foster,,,ヴェロセット,,,1,30,確認済
1950,350cc,geoff-duke,,,ノートン,,,2,24,確認済
1950,350cc,leslie-graham,,,AJS,,,3,17,確認済
1950,350cc,artie-bell,,,ノートン,,,4,14,確認済
1950,350cc,keith-armstrong,,,ヴェロセット,,,5,11,確認済
1950,350cc,eric-hinton,,,ノートン,,,6,9,確認済
1950,350cc,bill-lomas,,,ヴェロセット,,,7,9,確認済
1950,350cc,harold-daniell,,,ノートン,,,8,6,確認済
1950,350cc,john-lockett,,,ノートン,,,9,4,確認済
1950,350cc,dickie-dale,,,AJS,,,10,4,確認済
1950,350cc,e-frend,,,AJS,,,11,4,確認済
1950,350cc,eric-mcpherson,,,AJS,,,12,3,確認済
1950,350cc,cecil-sandford,,,AJS,,,13,3,確認済
1950,350cc,charlie-salt,,,ヴェロセット,,,14,2,確認済
1950,350cc,harry-hinton,,,不明,,,,,確認済
1950,350cc,reg-armstrong,,,ヴェロセット,,,,,確認済
1950,125cc,bruno-ruffo,,,モンディアル,,,1,17,確認済
1950,125cc,gianni-leoni,,,モンディアル,,,2,14,確認済
1950,125cc,carlo-ubbiali,,,モンディアル,,,3,14,確認済
1950,125cc,luigi-zinzani,,,モト・モリーニ,,,4,4,確認済
1950,125cc,giuseppe-matucci,,,モト・モリーニ,,,5,4,確認済
1950,125cc,umberto-braga,,,モンディアル,,,6,3,確認済
1950,125cc,raffaele-alberti,,,モンディアル,,,7,2,確認済
1950,125cc,felice-benasedo,,,MVアグスタ,,,8,2,確認済
1950,125cc,gijs-lagervey,,,Sparta,,,9,1,確認済
1950,125cc,emilio-soprani,,,モト・モリーニ,,,10,1,確認済
1951,500cc,geoff-duke,,,ノートン,,,1,35,確認済
1951,500cc,alfredo-milani,,,ジレラ,,,2,31,確認済
1951,500cc,umberto-masetti,,,ジレラ,,,3,21,確認済
1951,500cc,william-doran,,,AJS,,,4,14,確認済
1951,500cc,nello-pagani,,,ジレラ,,,5,10,確認済
1951,500cc,keith-armstrong,,,AJS,,,6,9,確認済
1951,500cc,fergus-anderson,,,モトグッツィ,,,7,8,確認済
1951,500cc,enrico-lorenzetti,,,モトグッツィ,,,8,8,確認済
1951,500cc,russell-wood,,,ノートン,,,9,6,確認済
1951,500cc,ken-kavanagh,,,ノートン,,,10,6,確認済
1951,500cc,john-lockett,,,ノートン,,,11,6,確認済
1951,500cc,carlo-bandirola,,,MVアグスタ,,,12,5,確認済
1951,500cc,cromie-mccandless,,,ノートン,,,13,4,確認済
1951,500cc,sante-geminiani,,,モトグッツィ,,,14,4,確認済
1951,500cc,arciso-artesiani,,,MVアグスタ,,,15,4,確認済
1951,500cc,tommy-mcewan,,,ノートン,,,16,3,確認済
1951,500cc,roger-montane,,,ノートン,,,17,3,確認済
1951,500cc,jack-brett,,,ノートン,,,18,3,確認済
1951,500cc,bruno-ruffo,,,モトグッツィ,,,19,2,確認済
1951,500cc,manliefe-barrington,,,ノートン,,,20,2,確認済
1951,500cc,benoit-musy,,,モトグッツィ,,,21,2,確認済
1951,500cc,a-parry,,,ノートン,,,22,1,確認済
1951,500cc,vaclav-parus,,,ノートン,,,23,1,確認済
1951,500cc,ernesto-vidal,,,ノートン,,,24,1,確認済
1951,500cc,willy-lips,,,ノートン,,,25,1,確認済
1951,500cc,reg-armstrong,,,AJS,,,,,確認済
1951,500cc,tommy-wood,,,ノートン,,,,,確認済
1951,500cc,v-perry,,,ノートン,,,,,確認済
1951,250cc,bruno-ruffo,,,モトグッツィ,,,1,22,確認済
1951,250cc,tommy-wood,,,モトグッツィ,,,2,18,確認済
1951,250cc,dario-ambrosini,,,ベネリ,,,3,14,確認済
1951,250cc,enrico-lorenzetti,,,モトグッツィ,,,4,12,確認済
1951,250cc,gianni-leoni,,,モトグッツィ,,,5,10,確認済
1951,250cc,maurice-cann,,,不明,,,6,6,確認済
1951,250cc,fergus-anderson,,,不明,,,8,3,確認済
1951,250cc,bill-lomas,,,ヴェロセット,,,12,2,確認済
1951,250cc,fron-purslow,,,ノートン,,,16,1,確認済
1951,250cc,alano-montanari,,,モトグッツィ,,,,,確認済
1951,250cc,benoit-musy,,,モトグッツィ,,,,,確認済
1951,250cc,bob-anderson,,,モトグッツィ,,,,,確認済
1951,250cc,bruno-francisci,,,モトグッツィ,,,,,確認済
1951,250cc,cecil-sandford,,,ヴェロセット,,,,,確認済
1951,250cc,guido-paciocca,,,モトグッツィ,,,,,確認済
1951,250cc,nino-grieco,,,パリラ,,,,,確認済
1951,250cc,werner-gerber,,,モトグッツィ,,,,,確認済
1951,350cc,geoff-duke,,,ノートン,,,1,32,確認済
1951,350cc,william-doran,,,AJS,,,2,19,確認済
1951,350cc,john-lockett,,,ノートン,,,3,19,確認済
1951,350cc,ken-kavanagh,,,ノートン,,,4,16,確認済
1951,350cc,jack-brett,,,ノートン,,,5,15,確認済
1951,350cc,leslie-graham,,,ヴェロセット,,,6,14,確認済
1951,350cc,keith-armstrong,,,AJS,,,7,11,確認済
1951,350cc,w-petch,,,AJS,,,8,10,確認済
1951,350cc,cecil-sandford,,,ヴェロセット,,,9,9,確認済
1951,350cc,tommy-wood,,,モトグッツィ,,,10,8,確認済
1951,350cc,bill-lomas,,,ヴェロセット,,,11,6,確認済
1951,350cc,rod-coleman,,,AJS,,,12,5,確認済
1951,350cc,mick-featherstone,,,AJS,,,13,4,確認済
1951,350cc,f-aranda,,,ヴェロセット,,,14,3,確認済
1951,350cc,p-fuhrer,,,ヴェロセット,,,15,3,確認済
1951,350cc,steve-mason,,,ヴェロセット,,,16,2,確認済
1951,350cc,l-fassl,,,AJS,,,17,1,確認済
1951,350cc,j-raffeld,,,ヴェロセット,,,18,2,確認済
1951,350cc,bob-matthews,,,ヴェロセット,,,19,1,確認済
1951,350cc,bob-foster,,,ヴェロセット,,,20,1,確認済
1951,350cc,johnny-grace,,,ノートン,,,21,1,確認済
1951,350cc,simon-sandys-winsch,,,ヴェロセット,,,22,2,確認済
1951,350cc,bill-doran,,,不明,,,,,確認済
1951,350cc,bill-petch,,,不明,,,,,確認済
1951,350cc,reg-armstrong,,,AJS,,,,,確認済
1951,125cc,carlo-ubbiali,,,モンディアル,,,1,20,確認済
1951,125cc,gianni-leoni,,,モンディアル,,,2,12,確認済
1951,125cc,phillip-mccallen,,,モンディアル,,,3,11,確認済
1951,125cc,luigi-zinzani,,,モト・モリーニ,,,4,10,確認済
1951,125cc,guido-leoni,,,モンディアル,,,5,8,確認済
1951,125cc,vincenzo-zanzi,,,モト・モリーニ,,,6,7,確認済
1951,125cc,romolo-ferri,,,モンディアル,,,7,6,確認済
1951,125cc,leslie-graham,,,MVアグスタ,,,8,4,確認済
1951,125cc,j-bulto,,,モンテサ,,,9,4,確認済
1951,125cc,raffaele-alberti,,,モンディアル,,,10,3,確認済
1951,125cc,alberto-pagani,,,モンディアル,,,11,3,確認済
1951,125cc,franco-bertoni,,,MVアグスタ,,,12,2,確認済
1951,125cc,otello-spadoni,,,モンディアル,,,13,2,確認済
1951,125cc,antonio-elizalde,,,モンテサ,,,14,1,確認済
1951,125cc,emilio-mendogni,,,モト・モリーニ,,,15,1,確認済
1951,125cc,juan-llobet,,,モンテサ,,,16,1,確認済
1951,125cc,giuseppe-matucci,,,MVアグスタ,,,17,1,確認済
1951,125cc,cromie-mccandless,,,モンディアル,,,,,確認済
1951,125cc,nello-pagani,,,モンディアル,,,,,確認済
1952,500cc,umberto-masetti,,,ジレラ,,,1,28,確認済
1952,500cc,leslie-graham,,,MVアグスタ,,,2,25,確認済
1952,500cc,reg-armstrong,,,ノートン,,,3,22,確認済
1952,500cc,rod-coleman,,,AJS,,,4,15,確認済
1952,500cc,jack-brett,,,AJS,,,5,14,確認済
1952,500cc,ken-kavanagh,,,ノートン,,,6,14,確認済
1952,500cc,geoff-duke,,,ノートン,,,7,12,確認済
1952,500cc,nello-pagani,,,ジレラ,,,8,12,確認済
1952,500cc,cromie-mccandless,,,ノートン,,,9,9,確認済
1952,500cc,ray-amm,,,ノートン,,,10,9,確認済
1952,500cc,carlo-bandirola,,,MVアグスタ,,,11,7,確認済
1952,500cc,william-doran,,,AJS,,,12,6,確認済
1952,500cc,bill-lomas,,,AJS,,,13,6,確認済
1952,500cc,sid-lawton,,,ノートン,,,14,5,確認済
1952,500cc,giuseppe-colnago,,,ジレラ,,,15,2,確認済
1952,500cc,phil-carter,,,ノートン,,,16,2,確認済
1952,500cc,auguste-goffin,,,ノートン,,,17,2,確認済
1952,500cc,hans-baltisberger,,,BMW,,,18,1,確認済
1952,500cc,john-surtees,,,ノートン,,,19,1,確認済
1952,250cc,enrico-lorenzetti,,,モトグッツィ,,,1,28,確認済
1952,250cc,bob-anderson,,,モトグッツィ,,,2,24,確認済
1952,250cc,leslie-graham,,,ヴェロセット,,,3,11,確認済
1952,250cc,maurice-cann,,,モトグッツィ,,,4,10,確認済
1952,250cc,roland-felgenheier,,,DKW,,,5,8,確認済
1952,250cc,bruno-ruffo,,,モトグッツィ,,,6,7,確認済
1952,250cc,werner-haas,,,NSU,,,7,6,確認済
1952,250cc,hans-thorn-prikker,,,モトグッツィ,,,8,6,確認済
1952,250cc,alano-montanari,,,モトグッツィ,,,9,6,確認済
1952,250cc,herman-gablenz,,,Horex,,,10,4,確認済
1952,250cc,a-t-lawton,,,モトグッツィ,,,11,4,確認済
1952,250cc,arthur-wheeler,,,モトグッツィ,,,12,4,確認済
1952,250cc,ewald-kluge,,,DKW,,,13,3,確認済
1952,250cc,ronald-mead,,,ヴェロセット,,,14,3,確認済
1952,250cc,bob-gehring,,,モトグッツィ,,,15,3,確認済
1952,250cc,roberto-colombo,,,NSU,,,16,2,確認済
1952,250cc,bill-webster,,,ヴェロセット,,,17,2,確認済
1952,250cc,nino-grieco,,,パリラ,,,18,2,確認済
1952,250cc,beny-rood,,,ヴェロセット,,,19,2,確認済
1952,250cc,bruno-francisci,,,モトグッツィ,,,20,1,確認済
1952,250cc,ray-petty,,,ノートン,,,21,1,確認済
1952,250cc,sijbren-postma,,,モトグッツィ,,,22,1,確認済
1952,250cc,fergus-anderson,,,モトグッツィ,,,,,確認済
1952,250cc,sid-lawton,,,モトグッツィ,,,,,確認済
1952,350cc,geoff-duke,,,ノートン,,,1,32,確認済
1952,350cc,reg-armstrong,,,ノートン,,,2,24,確認済
1952,350cc,ray-amm,,,ノートン,,,3,21,確認済
1952,350cc,rod-coleman,,,AJS,,,4,20,確認済
1952,350cc,ken-kavanagh,,,ノートン,,,5,16,確認済
1952,350cc,jack-brett,,,AJS,,,6,12,確認済
1952,350cc,bill-lomas,,,AJS,,,7,9,確認済
1952,350cc,sid-lawton,,,AJS,,,8,7,確認済
1952,350cc,robin-sherry,,,AJS,,,9,4,確認済
1952,350cc,ernie-ring,,,AJS,,,10,3,確認済
1952,350cc,ewald-kluge,,,DKW,,,11,2,確認済
1952,350cc,auguste-goffin,,,ノートン,,,12,2,確認済
1952,350cc,mike-orourke,,,AJS,,,13,1,確認済
1952,350cc,george-brown,,,AJS,,,14,1,確認済
1952,350cc,leslie-graham,,,ヴェロセット,,,15,1,確認済
1952,350cc,roland-schnell,,,Horex,,,16,1,確認済
1952,350cc,bert-schneider,,,Horex,,,,,確認済
1952,125cc,cecil-sandford,,,MVアグスタ,,,1,28,確認済
1952,125cc,carlo-ubbiali,,,モンディアル,,,2,24,確認済
1952,125cc,emilio-mendogni,,,モト・モリーニ,,,3,16,確認済
1952,125cc,leslie-graham,,,MVアグスタ,,,4,10,確認済
1952,125cc,luigi-zinzani,,,モト・モリーニ,,,5,9,確認済
1952,125cc,werner-haas,,,NSU,,,6,8,確認済
1952,125cc,angelo-copeta,,,MVアグスタ,,,7,7,確認済
1952,125cc,bill-lomas,,,MVアグスタ,,,8,6,確認済
1952,125cc,guido-sala,,,MVアグスタ,,,9,5,確認済
1952,125cc,a-parry,,,モンディアル,,,10,4,確認済
1952,125cc,charlie-salt,,,MVアグスタ,,,11,4,確認済
1952,125cc,phillip-mccallen,,,モンディアル,,,12,3,確認済
1952,125cc,romolo-ferri,,,モト・モリーニ,,,13,3,確認済
1952,125cc,hubert-luttenberg,,,NSU,,,14,3,確認済
1952,125cc,hans-muller,,,モンディアル,,,15,2,確認済
1952,125cc,lo-simons,,,モンディアル,,,16,1,確認済
1952,125cc,frank-burman,,,EMC-Puch,,,17,1,確認済
1952,125cc,len-parry,,,不明,,,,,確認済
1953,500cc,geoff-duke,,,ジレラ,,,1,38,確認済
1953,500cc,reg-armstrong,,,ジレラ,,,2,24,確認済
1953,500cc,alfredo-milani,,,ジレラ,,,3,18,確認済
1953,500cc,ken-kavanagh,,,ノートン,,,4,18,確認済
1953,500cc,ray-amm,,,ノートン,,,5,14,確認済
1953,500cc,jack-brett,,,ノートン,,,6,13,確認済
1953,500cc,dickie-dale,,,ジレラ,,,7,11,確認済
1953,500cc,giuseppe-colnago,,,ジレラ,,,8,11,確認済
1953,500cc,fergus-anderson,,,モトグッツィ,,,9,8,確認済
1953,500cc,rod-coleman,,,AJS,,,10,7,確認済
1953,500cc,carlo-bandirola,,,MVアグスタ,,,11,6,確認済
1953,500cc,libero-liberati,,,ジレラ,,,12,4,確認済
1953,500cc,william-doran,,,AJS,,,13,3,確認済
1953,500cc,derek-farrant,,,AJS,,,14,3,確認済
1953,500cc,nello-pagani,,,ジレラ,,,15,2,確認済
1953,500cc,cecil-sandford,,,MVアグスタ,,,16,2,確認済
1953,500cc,peter-davey,,,ノートン,,,17,1,確認済
1953,500cc,tommy-wood,,,ノートン,,,18,1,確認済
1953,500cc,ken-mudford,,,ノートン,,,19,1,確認済
1953,500cc,hans-muller,,,MVアグスタ,,,20,1,確認済
1953,500cc,hermann-paul-muller,,,MVアグスタ,,,,,確認済
1953,500cc,walter-zeller,,,不明,,,,,確認済
1953,250cc,werner-haas,,,NSU,,,1,28,確認済
1953,250cc,keith-armstrong,,,NSU,,,2,23,確認済
1953,250cc,bob-anderson,,,モトグッツィ,,,3,22,確認済
1953,250cc,enrico-lorenzetti,,,モトグッツィ,,,4,22,確認済
1953,250cc,alano-montanari,,,モトグッツィ,,,5,19,確認済
1953,250cc,ken-kavanagh,,,モトグッツィ,,,6,6,確認済
1953,250cc,eric-wunsche,,,DKW,,,7,6,確認済
1953,250cc,august-hobl,,,DKW,,,8,6,確認済
1953,250cc,otto-daiker,,,NSU,,,9,6,確認済
1953,250cc,arthur-wheeler,,,モトグッツィ,,,10,4,確認済
1953,250cc,walter-reichert,,,NSU,,,11,3,確認済
1953,250cc,russell-wood,,,モトグッツィ,,,12,3,確認済
1953,250cc,wolfgang-brandt,,,NSU,,,13,2,確認済
1953,250cc,s-a-willis,,,ヴェロセット,,,14,2,確認済
1953,250cc,rupert-hollaus,,,モトグッツィ,,,15,1,確認済
1953,250cc,umberto-masetti,,,NSU,,,16,1,確認済
1953,250cc,fergus-anderson,,,不明,,,,,確認済
1953,250cc,reg-armstrong,,,不明,,,,,確認済
1953,350cc,fergus-anderson,,,モトグッツィ,,,1,34,確認済
1953,350cc,enrico-lorenzetti,,,モトグッツィ,,,2,26,確認済
1953,350cc,ray-amm,,,ノートン,,,3,18,確認済
1953,350cc,ken-kavanagh,,,ノートン,,,4,18,確認済
1953,350cc,jack-brett,,,ノートン,,,5,12,確認済
1953,350cc,rod-coleman,,,AJS,,,6,9,確認済
1953,350cc,ken-mudford,,,ノートン,,,7,8,確認済
1953,350cc,pierre-monneret,,,AJS,,,8,6,確認済
1953,350cc,bob-mcintyre,,,AJS,,,9,6,確認済
1953,350cc,duilio-agostini,,,モトグッツィ,,,10,4,確認済
1953,350cc,j-albisser,,,ノートン,,,11,3,確認済
1953,350cc,august-hobl,,,DKW,,,12,3,確認済
1953,350cc,h-a-pearce,,,ヴェロセット,,,13,3,確認済
1953,350cc,william-doran,,,AJS,,,14,3,確認済
1953,350cc,derek-farrant,,,AJS,,,15,3,確認済
1953,350cc,ernie-ring,,,AJS,,,16,2,確認済
1953,350cc,tommy-wood,,,ノートン,,,17,2,確認済
1953,350cc,l-t-simpson,,,AJS,,,18,2,確認済
1953,350cc,m-templeton,,,AJS,,,19,2,確認済
1953,350cc,a-mcalpine,,,ノートン,,,20,1,確認済
1953,350cc,harry-hoffman,,,DKW,,,21,1,確認済
1953,350cc,ray-john-laurent,,,AJS,,,22,1,確認済
1953,350cc,ken-harwood,,,AJS,,,23,1,確認済
1953,350cc,carlo-bandirola,,,不明,,,,,確認済
1953,350cc,karl-hoffmann,,,DKW,,,,,確認済
1953,350cc,roberto-teneggi,,,AJS,,,,,確認済
1953,125cc,a-w-jones,,,MVアグスタ,,,,,確認済
1953,125cc,angelo-copeta,,,MVアグスタ,,,,,確認済
1953,125cc,bill-webster,,,MVアグスタ,,,,,確認済
1953,125cc,carlo-ubbiali,,,不明,,,,,確認済
1953,125cc,cecil-sandford,,,MVアグスタ,,,,,確認済
1953,125cc,fron-purslow,,,MVアグスタ,,,,,確認済
1953,125cc,leslie-graham,,,MVアグスタ,,,,,確認済
1953,125cc,otto-daiker,,,NSU,,,,,確認済
1953,125cc,reg-armstrong,,,NSU,,,,,確認済
1953,125cc,tino-forconi,,,MVアグスタ,,,,,確認済
1953,125cc,werner-haas,,,NSU,,,,,確認済
1954,500cc,geoff-duke,,,ジレラ,,,1,40,確認済
1954,500cc,ray-amm,,,ノートン,,,2,20,確認済
1954,500cc,ken-kavanagh,,,モトグッツィ,,,3,16,確認済
1954,500cc,dickie-dale,,,MVアグスタ,,,4,13,確認済
1954,500cc,keith-armstrong,,,ジレラ,,,5,13,確認済
1954,500cc,pierre-monneret,,,ジレラ,,,6,8,確認済
1954,500cc,bob-anderson,,,モトグッツィ,,,7,8,確認済
1954,500cc,carlo-bandirola,,,MVアグスタ,,,8,8,確認済
1954,500cc,jack-brett,,,ノートン,,,9,8,確認済
1954,500cc,umberto-masetti,,,ジレラ,,,10,6,確認済
1954,500cc,alfredo-milani,,,ジレラ,,,11,6,確認済
1954,500cc,rod-coleman,,,AJS,,,12,5,確認済
1954,500cc,jacques-collot,,,ノートン,,,13,4,確認済
1954,500cc,leon-martin,,,ジレラ,,,14,4,確認済
1954,500cc,alberto-pagani,,,MVアグスタ,,,15,4,確認済
1954,500cc,bob-mcintyre,,,AJS,,,16,4,確認済
1954,500cc,tommy-wood,,,ノートン,,,17,3,確認済
1954,500cc,luigi-taveri,,,ノートン,,,18,3,確認済
1954,500cc,rudy-allison,,,ノートン,,,19,2,確認済
1954,500cc,keith-campbell,,,ノートン,,,20,2,確認済
1954,500cc,auguste-goffin,,,ノートン,,,21,2,確認済
1954,500cc,bob-matthews,,,ノートン,,,22,2,確認済
1954,500cc,g-julian,,,ノートン,,,23,1,確認済
1954,500cc,fergus-anderson,,,モトグッツィ,,,,,確認済
1954,500cc,george-murphy,,,マッチレス,,,,,確認済
1954,500cc,john-clark,,,ノートン,,,,,確認済
1954,500cc,mate-laczko,,,ノートン,,,,,確認済
1954,500cc,nello-pagani,,,MVアグスタ,,,,,確認済
1954,500cc,reg-armstrong,,,ジレラ,,,,,確認済
1954,250cc,werner-haas,,,NSU,,,1,32,確認済
1954,250cc,rupert-hollaus,,,NSU,,,2,26,確認済
1954,250cc,hans-muller,,,NSU,,,3,17,確認済
1954,250cc,arthur-wheeler,,,モトグッツィ,,,4,15,確認済
1954,250cc,hans-baltisberger,,,NSU,,,5,14,確認済
1954,250cc,dieter-braun,,,NSU,,,6,6,確認済
1954,250cc,romolo-ferri,,,モトグッツィ,,,7,6,確認済
1954,250cc,roberto-colombo,,,モトグッツィ,,,8,5,確認済
1954,250cc,keith-armstrong,,,NSU,,,9,4,確認済
1954,250cc,helmut-hallmeier,,,Adler,,,10,4,確認済
1954,250cc,kurt-knopf,,,NSU,,,11,4,確認済
1954,250cc,russell-wood,,,モトグッツィ,,,12,4,確認済
1954,250cc,ken-kavanagh,,,モトグッツィ,,,13,3,確認済
1954,250cc,luigi-taveri,,,モトグッツィ,,,14,3,確認済
1954,250cc,j-g-horne,,,Rudge,,,15,2,確認済
1954,250cc,bob-anderson,,,モトグッツィ,,,16,2,確認済
1954,250cc,walter-reichert,,,NSU,,,17,2,確認済
1954,250cc,walter-vogel,,,Adler,,,18,2,確認済
1954,250cc,angelo-marelli,,,モトグッツィ,,,19,1,確認済
1954,250cc,lanfranco-baviera,,,モトグッツィ,,,20,1,確認済
1954,250cc,r-e-geeson,,,Reg,,,21,1,確認済
1954,250cc,fergus-anderson,,,モトグッツィ,,,,,確認済
1954,250cc,georg-braun,,,NSU,,,,,確認済
1954,250cc,hermann-paul-muller,,,NSU,,,,,確認済
1954,250cc,reg-armstrong,,,NSU,,,,,確認済
1954,250cc,tommy-wood,,,モトグッツィ,,,,,確認済
1954,350cc,fergus-anderson,,,モトグッツィ,,,1,38,確認済
1954,350cc,ray-amm,,,ノートン,,,2,22,確認済
1954,350cc,rod-coleman,,,AJS,,,3,20,確認済
1954,350cc,ken-kavanagh,,,モトグッツィ,,,4,18,確認済
1954,350cc,enrico-lorenzetti,,,不明,,,5,15,確認済
1954,350cc,jack-brett,,,ノートン,,,6,14,確認済
1954,350cc,duilio-agostini,,,不明,,,7,9,確認済
1954,350cc,bob-mcintyre,,,AJS,,,8,9,確認済
1954,350cc,l-t-simpson,,,AJS,,,9,9,確認済
1954,350cc,pierre-monneret,,,AJS,,,10,8,確認済
1954,350cc,auguste-goffin,,,ノートン,,,11,7,確認済
1954,350cc,derek-farrant,,,AJS,,,12,6,確認済
1954,350cc,bob-matthews,,,ヴェロセット,,,13,6,確認済
1954,350cc,johnny-grace,,,ノートン,,,14,4,確認済
1954,350cc,georg-braun,,,Horex,,,17,4,確認済
1954,350cc,jacques-collot,,,ノートン,,,19,3,確認済
1954,350cc,karl-hofmann,,,DKW,,,21,2,確認済
1954,350cc,alano-montanari,,,不明,,,24,1,確認済
1954,350cc,firmin-dauwe,,,ノートン,,,,,確認済
1954,350cc,maurice-quincey,,,ノートン,,,,,確認済
1954,125cc,rupert-hollaus,,,NSU,,,1,32,確認済
1954,125cc,carlo-ubbiali,,,MVアグスタ,,,2,18,確認済
1954,125cc,hermann-paul-muller,,,NSU,,,3,15,確認済
1954,125cc,tarquinio-provini,,,モンディアル,,,4,14,確認済
1954,125cc,werner-haas,,,NSU,,,5,11,確認済
1954,125cc,hans-baltisberger,,,NSU,,,6,10,確認済
1954,125cc,guido-sala,,,MVアグスタ,,,7,8,確認済
1954,125cc,cecil-sandford,,,MVアグスタ,,,8,8,確認済
1954,125cc,roberto-colombo,,,MVアグスタ,,,9,6,確認済
1954,125cc,antonio-elizalde,,,モンテサ,,,10,4,確認済
1954,125cc,juan-bertran,,,モンテサ,,,11,3,確認済
1954,125cc,massimo-genevini,,,MVアグスタ,,,11,3,確認済
1954,125cc,arturo-paragues,,,Lube,,,13,2,確認済
1954,125cc,franco-bertoni,,,MVアグスタ,,,13,2,確認済
1954,125cc,ivor-lloyd,,,MVアグスタ,,,13,2,確認済
1954,125cc,karl-lottes,,,MVアグスタ,,,16,2,確認済
1954,125cc,angelo-copeta,,,MVアグスタ,,,17,1,確認済
1954,125cc,brian-purslow,,,MVアグスタ,,,17,1,確認済
1954,125cc,gabriel-corsin,,,MVアグスタ,,,17,1,確認済
1954,125cc,willi-scheidhauer,,,MVアグスタ,,,17,1,確認済
1954,125cc,c-paragues,,,Lube,,,,,確認済
1954,125cc,fron-purslow,,,MVアグスタ,,,,,確認済
1954,125cc,hans-muller,,,NSU,,,,,確認済
1954,125cc,j-lloyd,,,MVアグスタ,,,,,確認済
1954,125cc,v-corsin,,,MVアグスタ,,,,,確認済
1955,500cc,geoff-duke,,,ジレラ,,,1,36,確認済
1955,500cc,reg-armstrong,,,ジレラ,,,2,30,確認済
1955,500cc,umberto-masetti,,,MVアグスタ,,,3,19,確認済
1955,500cc,giuseppe-colnago,,,ジレラ,,,4,13,確認済
1955,500cc,carlo-bandirola,,,MVアグスタ,,,5,10,確認済
1955,500cc,bill-lomas,,,モトグッツィ,,,6,8,確認済
1955,500cc,libero-liberati,,,ジレラ,,,7,6,確認済
1955,500cc,pierre-monneret,,,ジレラ,,,8,6,確認済
1955,500cc,john-hartle,,,ノートン,,,9,6,確認済
1955,500cc,walter-zeller,,,BMW,,,10,6,確認済
1955,500cc,bob-mcintyre,,,ノートン,,,11,5,確認済
1955,500cc,ken-kavanagh,,,モトグッツィ,,,12,4,確認済
1955,500cc,dickie-dale,,,モトグッツィ,,,13,4,確認済
1955,500cc,leon-martin,,,ジレラ,,,14,4,確認済
1955,500cc,tino-forconi,,,MVアグスタ,,,15,4,確認済
1955,500cc,dreikus-veer,,,ジレラ,,,16,3,確認済
1955,500cc,duilio-agostini,,,モトグッツィ,,,17,3,確認済
1955,500cc,orlando-valdinoci,,,ジレラ,,,18,3,確認済
1955,500cc,jack-brett,,,ノートン,,,19,3,確認済
1955,500cc,alfredo-milani,,,ジレラ,,,20,2,確認済
1955,500cc,bob-brown,,,マッチレス,,,21,2,確認済
1955,500cc,george-murphy,,,マッチレス,,,22,2,確認済
1955,500cc,nello-pagani,,,MVアグスタ,,,23,2,確認済
1955,500cc,jacques-collot,,,ノートン,,,24,2,確認済
1955,500cc,auguste-goffin,,,ノートン,,,25,2,確認済
1955,500cc,eddie-grant,,,マッチレス,,,26,1,確認済
1955,500cc,john-storr,,,ノートン,,,27,1,確認済
1955,500cc,ernst-riedelbauch,,,BMW,,,28,1,確認済
1955,500cc,john-clark,,,マッチレス,,,29,1,確認済
1955,500cc,firmin-dauwe,,,ノートン,,,30,1,確認済
1955,500cc,derek-ennett,,,マッチレス,,,31,1,確認済
1955,500cc,jack-ahearn,,,ノートン,,,32,1,確認済
1955,500cc,adrian-martin,,,ノートン,,,,,確認済
1955,500cc,albert-moule,,,BSA,,,,,確認済
1955,500cc,allen-burt,,,マッチレス,,,,,確認済
1955,500cc,anton-elbersen,,,ノートン,,,,,確認済
1955,500cc,arnold-jones,,,マッチレス,,,,,確認済
1955,500cc,arthur-wheeler,,,マッチレス,,,,,確認済
1955,500cc,bill-beevers,,,ノートン,,,,,確認済
1955,500cc,bill-collett,,,マッチレス,,,,,確認済
1955,500cc,bill-roberton,,,ノートン,,,,,確認済
1955,500cc,bob-ferguson,,,AJS,,,,,確認済
1955,500cc,bob-matthews,,,ノートン,,,,,確認済
1955,500cc,bob-rowbottom,,,ノートン,,,,,確認済
1955,500cc,cas-swart,,,ノートン,,,,,確認済
1955,500cc,charlie-salt,,,BSA,,,,,確認済
1955,500cc,chris-stormont,,,BSA,,,,,確認済
1955,500cc,d-t-powell,,,マッチレス,,,,,確認済
1955,500cc,dave-chadwick,,,ノートン,,,,,確認済
1955,500cc,des-wright,,,BSA,,,,,確認済
1955,500cc,dick-knox,,,ノートン,,,,,確認済
1955,500cc,dick-thomson,,,マッチレス,,,,,確認済
1955,500cc,eric-cheers,,,マッチレス,,,,,確認済
1955,500cc,eric-houseley,,,マッチレス,,,,,確認済
1955,500cc,eric-jones,,,ノートン,,,,,確認済
1955,500cc,eric-pantilin,,,ノートン,,,,,確認済
1955,500cc,ernie-oliver,,,ノートン,,,,,確認済
1955,500cc,florian-camathias,,,ノートン,,,,,確認済
1955,500cc,francis-flahaut,,,ノートン,,,,,確認済
1955,500cc,frank-fox,,,ノートン,,,,,確認済
1955,500cc,frank-norris,,,ノートン,,,,,確認済
1955,500cc,frank-perris,,,マッチレス,,,,,確認済
1955,500cc,frederick-cook,,,マッチレス,,,,,確認済
1955,500cc,g-a-catlin,,,ノートン,,,,,確認済
1955,500cc,geoff-read,,,ノートン,,,,,確認済
1955,500cc,georg-braun,,,Horex,,,,,確認済
1955,500cc,george-costain,,,ノートン,,,,,確認済
1955,500cc,george-leigh,,,ノートン,,,,,確認済
1955,500cc,george-northwood,,,BSA,,,,,確認済
1955,500cc,george-salt,,,マッチレス,,,,,確認済
1955,500cc,gerald-robarts,,,ノートン,,,,,確認済
1955,500cc,gerrit-ten-kate,,,ノートン,,,,,確認済
1955,500cc,h-a-pearce,,,マッチレス,,,,,確認済
1955,500cc,h-karlsson,,,ノートン,,,,,確認済
1955,500cc,hans-gunter-jager,,,ノートン,,,,,確認済
1955,500cc,hans-haldemann,,,ノートン,,,,,確認済
1955,500cc,harry-plews,,,ノートン,,,,,確認済
1955,500cc,harry-turner,,,ノートン,,,,,確認済
1955,500cc,ivor-lloyd,,,ノートン,,,,,確認済
1955,500cc,jack-bailey,,,ノートン,,,,,確認済
1955,500cc,jack-forrest,,,BMW,,,,,確認済
1955,500cc,jackie-wood,,,ノートン,,,,,確認済
1955,500cc,jean-pierre-bayle,,,ノートン,,,,,確認済
1955,500cc,joe-glazebrook,,,ノートン,,,,,確認済
1955,500cc,john-denton,,,ノートン,,,,,確認済
1955,500cc,john-hempleman,,,ノートン,,,,,確認済
1955,500cc,john-surtees,,,ノートン,,,,,確認済
1955,500cc,john-williamson,,,ノートン,,,,,確認済
1955,500cc,josh-hayes,,,AJS,,,,,確認済
1955,500cc,keith-campbell,,,ノートン,,,,,確認済
1955,500cc,ken-swallow,,,マッチレス,,,,,確認済
1955,500cc,ken-tostevin,,,マッチレス,,,,,確認済
1955,500cc,ken-tully,,,ノートン,,,,,確認済
1955,500cc,len-aislabie,,,ノートン,,,,,確認済
1955,500cc,louis-carr,,,ノートン,,,,,確認済
1955,500cc,louis-carter,,,ノートン,,,,,確認済
1955,500cc,m-templeton,,,マッチレス,,,,,確認済
1955,500cc,marcel-beauvais,,,ノートン,,,,,確認済
1955,500cc,martinus-van-son,,,ノートン,,,,,確認済
1955,500cc,maurice-quincey,,,ノートン,,,,,確認済
1955,500cc,michael-roche,,,ノートン,,,,,確認済
1955,500cc,mike-orourke,,,ノートン,,,,,確認済
1955,500cc,morry-low,,,トライアンフ,,,,,確認済
1955,500cc,percy-tait,,,ノートン,,,,,確認済
1955,500cc,peter-davey,,,ノートン,,,,,確認済
1955,500cc,peter-murphy,,,マッチレス,,,,,確認済
1955,500cc,phil-carter,,,マッチレス,,,,,確認済
1955,500cc,phil-heath,,,ノートン,,,,,確認済
1955,500cc,philip-palmer,,,BSA,,,,,確認済
1955,500cc,piet-bakker,,,ノートン,,,,,確認済
1955,500cc,piet-knijnenburg,,,マッチレス,,,,,確認済
1955,500cc,priem-rozenberg,,,BMW,,,,,確認済
1955,500cc,r-siriwardena,,,ノートン,,,,,確認済
1955,500cc,rally-dean,,,ノートン,,,,,確認済
1955,500cc,ralph-rensen,,,ノートン,,,,,確認済
1955,500cc,ralph-wijesinghe,,,BSA,,,,,確認済
1955,500cc,ray-fay,,,BSA,,,,,確認済
1955,500cc,ray-travers,,,ノートン,,,,,確認済
1955,500cc,rob-fitton,,,ノートン,,,,,確認済
1955,500cc,robert-king,,,ノートン,,,,,確認済
1955,500cc,robert-mccracken,,,トライアンフ,,,,,確認済
1955,500cc,roly-capner,,,BSA,,,,,確認済
1955,500cc,roy-evans,,,マッチレス,,,,,確認済
1955,500cc,roy-ingram,,,ノートン,,,,,確認済
1955,500cc,sakari-jarvimaa,,,マッチレス,,,,,確認済
1955,500cc,sven-andersson,,,ノートン,,,,,確認済
1955,500cc,terry-shepherd,,,ノートン,,,,,確認済
1955,500cc,tony-mcalpine,,,BMW,,,,,確認済
1955,500cc,tony-ovens,,,ノートン,,,,,確認済
1955,500cc,ulf-gate,,,マッチレス,,,,,確認済
1955,500cc,w-h-spence,,,ノートン,,,,,確認済
1955,500cc,w-stewart,,,ノートン,,,,,確認済
1955,500cc,walter-hancock,,,BSA,,,,,確認済
1955,500cc,wilf-herron,,,ノートン,,,,,確認済
1955,500cc,william-hall,,,ノートン,,,,,確認済
1955,500cc,willie-wilshere,,,ノートン,,,,,確認済
1955,250cc,hermann-paul-muller,,,NSU,,,1,16,確認済
1955,250cc,bill-lomas,,,MVアグスタ,,,2,13,確認済
1955,250cc,cecil-sandford,,,モトグッツィ,,,3,12,確認済
1955,250cc,luigi-taveri,,,MVアグスタ,,,4,11,確認済
1955,250cc,umberto-masetti,,,MVアグスタ,,,5,11,確認済
1955,250cc,sammy-miller,,,NSU,,,6,10,確認済
1955,250cc,john-surtees,,,NSU,,,7,8,確認済
1955,250cc,carlo-ubbiali,,,MVアグスタ,,,8,8,確認済
1955,250cc,hans-baltisberger,,,NSU,,,9,6,確認済
1955,250cc,wolfgang-brandt,,,NSU,,,10,6,確認済
1955,250cc,arthur-wheeler,,,モトグッツィ,,,11,6,確認済
1955,250cc,enrico-lorenzetti,,,モトグッツィ,,,12,3,確認済
1955,250cc,dave-chadwick,,,Rd Special,,,13,2,確認済
1955,250cc,helmut-hallmeier,,,NSU,,,14,1,確認済
1955,250cc,bill-webster,,,ヴェロセット,,,15,1,確認済
1955,350cc,bill-lomas,,,モトグッツィ,,,1,32,確認済
1955,350cc,dickie-dale,,,モトグッツィ,,,2,18,確認済
1955,350cc,august-hobl,,,DKW,,,3,17,確認済
1955,350cc,ken-kavanagh,,,モトグッツィ,,,4,14,確認済
1955,350cc,cecil-sandford,,,モトグッツィ,,,5,13,確認済
1955,350cc,john-surtees,,,ノートン,,,6,11,確認済
1955,350cc,duilio-agostini,,,モトグッツィ,,,7,8,確認済
1955,350cc,bob-mcintyre,,,ノートン,,,8,8,確認済
1955,350cc,john-hartle,,,ノートン,,,9,7,確認済
1955,350cc,roberto-colombo,,,モトグッツィ,,,10,7,確認済
1955,350cc,keith-campbell,,,ノートン,,,11,4,確認済
1955,350cc,auguste-goffin,,,ノートン,,,12,3,確認済
1955,350cc,enrico-lorenzetti,,,モトグッツィ,,,13,3,確認済
1955,350cc,george-murphy,,,AJS,,,14,3,確認済
1955,350cc,karl-hoffmann,,,DKW,,,15,3,確認済
1955,350cc,maurice-quincey,,,ノートン,,,16,2,確認済
1955,350cc,hans-bartl,,,DKW,,,17,2,確認済
1955,350cc,jacques-collot,,,ノートン,,,18,1,確認済
1955,125cc,angelo-copeta,,,不明,,,,,確認済
1955,125cc,bill-lomas,,,MVアグスタ,,,,,確認済
1955,125cc,bill-webster,,,MVアグスタ,,,,,確認済
1955,125cc,carlo-ubbiali,,,MVアグスタ,,,,,確認済
1955,125cc,eric-wunsche,,,MVアグスタ,,,,,確認済
1955,125cc,giuseppe-lattanzi,,,モンディアル,,,,,確認済
1955,125cc,luigi-taveri,,,MVアグスタ,,,,,確認済
1955,125cc,remo-venturi,,,MVアグスタ,,,,,確認済
1955,125cc,ricky-porter,,,MVアグスタ,,,,,確認済
1955,125cc,romolo-ferri,,,不明,,,,,確認済
1955,125cc,rudolf-grimas,,,モンディアル,,,,,確認済
1955,125cc,willi-scheidhauer,,,MVアグスタ,,,,,確認済
1956,500cc,john-surtees,,,MVアグスタ,,,1,24,確認済
1956,500cc,walter-zeller,,,BMW,,,2,16,確認済
1956,500cc,john-hartle,,,ノートン,,,3,14,確認済
1956,500cc,pierre-monneret,,,ジレラ,,,4,12,確認済
1956,500cc,reg-armstrong,,,ジレラ,,,5,11,確認済
1956,500cc,umberto-masetti,,,MVアグスタ,,,6,9,確認済
1956,500cc,geoff-duke,,,ジレラ,,,7,8,確認済
1956,500cc,bob-brown,,,マッチレス,,,8,6,確認済
1956,500cc,libero-liberati,,,ジレラ,,,9,6,確認済
1956,500cc,eddie-grant,,,ノートン,,,10,6,確認済
1956,500cc,jack-brett,,,ノートン,,,11,5,確認済
1956,500cc,george-murphy,,,マッチレス,,,12,4,確認済
1956,500cc,keith-bryen,,,ノートン,,,13,4,確認済
1956,500cc,gerold-klinger,,,BMW,,,14,3,確認済
1956,500cc,geoffrey-tanner,,,ノートン,,,15,3,確認済
1956,500cc,r-w-herron,,,ノートン,,,16,2,確認済
1956,500cc,p-b-fahey,,,マッチレス,,,17,2,確認済
1956,500cc,bill-lomas,,,モトグッツィ,,,18,2,確認済
1956,500cc,alfredo-milani,,,ジレラ,,,19,2,確認済
1956,500cc,carlo-bandirola,,,MVアグスタ,,,20,2,確認済
1956,500cc,auguste-goffin,,,ノートン,,,21,1,確認済
1956,500cc,ernst-hiller,,,BMW,,,22,1,確認済
1956,500cc,derek-ennett,,,マッチレス,,,23,1,確認済
1956,500cc,a-huber,,,BMW,,,,,確認済
1956,500cc,anton-elbersen,,,マッチレス,,,,,確認済
1956,500cc,barry-hodgkinson,,,ノートン,,,,,確認済
1956,500cc,berthold-sieler,,,ノートン,,,,,確認済
1956,500cc,bob-matthews,,,ノートン,,,,,確認済
1956,500cc,buno-bohrer,,,Horex,,,,,確認済
1956,500cc,cas-swart,,,ノートン,,,,,確認済
1956,500cc,dick-thomson,,,マッチレス,,,,,確認済
1956,500cc,dreikus-veer,,,ヤワ,,,,,確認済
1956,500cc,eric-hinton,,,ノートン,,,,,確認済
1956,500cc,ernst-riedelbauch,,,BMW,,,,,確認済
1956,500cc,fernando-gonzalez,,,ノートン,,,,,確認済
1956,500cc,franta-stastny,,,ヤワ,,,,,確認済
1956,500cc,frantisek-helikar,,,ヤワ,,,,,確認済
1956,500cc,frederick-cook,,,マッチレス,,,,,確認済
1956,500cc,gerald-robarts,,,ノートン,,,,,確認済
1956,500cc,gerrit-ten-kate,,,ノートン,,,,,確認済
1956,500cc,gunther-borgesdiek,,,ノートン,,,,,確認済
1956,500cc,gustav-havel,,,ヤワ,,,,,確認済
1956,500cc,hans-gunter-jager,,,ノートン,,,,,確認済
1956,500cc,hans-joachim-scheel,,,ノートン,,,,,確認済
1956,500cc,jaap-iesberts,,,マッチレス,,,,,確認済
1956,500cc,jackie-wood,,,ヴェロセット,,,,,確認済
1956,500cc,jacques-collot,,,ノートン,,,,,確認済
1956,500cc,john-storr,,,ノートン,,,,,確認済
1956,500cc,johnny-grace,,,ノートン,,,,,確認済
1956,500cc,karl-heinz-ewig,,,ノートン,,,,,確認済
1956,500cc,karl-heinz-scheifel,,,ノートン,,,,,確認済
1956,500cc,kees-koster,,,ノートン,,,,,確認済
1956,500cc,keith-campbell,,,ノートン,,,,,確認済
1956,500cc,ken-kavanagh,,,不明,,,,,確認済
1956,500cc,ken-tostevin,,,マッチレス,,,,,確認済
1956,500cc,leen-reehorst,,,ヤワ,,,,,確認済
1956,500cc,lo-simons,,,ノートン,,,,,確認済
1956,500cc,martinus-van-son,,,マッチレス,,,,,確認済
1956,500cc,peter-knees,,,BMW,,,,,確認済
1956,500cc,piet-bakker,,,ノートン,,,,,確認済
1956,500cc,priem-rozenberg,,,BMW,,,,,確認済
1956,500cc,rod-coleman,,,ノートン,,,,,確認済
1956,500cc,sven-andersson,,,ノートン,,,,,確認済
1956,500cc,ulf-gate,,,ノートン,,,,,確認済
1956,250cc,carlo-ubbiali,,,MVアグスタ,,,1,32,確認済
1956,250cc,luigi-taveri,,,MVアグスタ,,,2,26,確認済
1956,250cc,enrico-lorenzetti,,,モトグッツィ,,,3,10,確認済
1956,250cc,roberto-colombo,,,MVアグスタ,,,4,9,確認済
1956,250cc,bernd-kassner,,,NSU,,,5,9,確認済
1956,250cc,remo-venturi,,,MVアグスタ,,,6,8,確認済
1956,250cc,sammy-miller,,,NSU,,,7,7,確認済
1956,250cc,hans-baltisberger,,,NSU,,,8,7,確認済
1956,250cc,arthur-wheeler,,,モトグッツィ,,,9,5,確認済
1956,250cc,kees-koster,,,NSU,,,10,3,確認済
1956,250cc,rod-coleman,,,NSU,,,11,3,確認済
1956,250cc,franzisen-bartos,,,CZ,,,12,2,確認済
1956,250cc,w-maddrick,,,モトグッツィ,,,13,2,確認済
1956,250cc,lo-simons,,,NSU,,,14,1,確認済
1956,250cc,alano-montanari,,,モトグッツィ,,,15,2,確認済
1956,250cc,clive-brown,,,NSU,,,16,2,確認済
1956,250cc,jiri-kostir,,,CZ,,,17,1,確認済
1956,250cc,jean-pierre-bayle,,,NSU,,,18,1,確認済
1956,250cc,maurice-bula,,,NSU,,,19,1,確認済
1956,250cc,alfred-heck,,,NSU,,,20,1,確認済
1956,250cc,bob-brown,,,NSU,,,,,確認済
1956,250cc,horst-kassner,,,NSU,,,,,確認済
1956,250cc,roland-heck,,,NSU,,,,,確認済
1956,350cc,bill-lomas,,,モトグッツィ,,,1,24,確認済
1956,350cc,dickie-dale,,,モトグッツィ,,,2,17,確認済
1956,350cc,august-hobl,,,DKW,,,3,17,確認済
1956,350cc,john-surtees,,,MVアグスタ,,,4,14,確認済
1956,350cc,cecil-sandford,,,DKW,,,5,13,確認済
1956,350cc,ken-kavanagh,,,モトグッツィ,,,6,10,確認済
1956,350cc,libero-liberati,,,ジレラ,,,7,8,確認済
1956,350cc,john-hartle,,,ノートン,,,8,8,確認済
1956,350cc,derek-ennett,,,AJS,,,9,6,確認済
1956,350cc,karl-hoffmann,,,DKW,,,10,6,確認済
1956,350cc,roberto-colombo,,,MVアグスタ,,,11,4,確認済
1956,350cc,jack-brett,,,ノートン,,,12,3,確認済
1956,350cc,hans-bartl,,,DKW,,,13,3,確認済
1956,350cc,eddie-grant,,,ノートン,,,14,2,確認済
1956,350cc,umberto-masetti,,,MVアグスタ,,,15,2,確認済
1956,350cc,george-murphy,,,AJS,,,16,2,確認済
1956,350cc,bob-brown,,,AJS,,,17,1,確認済
1956,350cc,bob-matthews,,,ノートン,,,18,1,確認済
1956,350cc,alan-trow,,,ノートン,,,19,1,確認済
1956,125cc,carlo-ubbiali,,,MVアグスタ,,,1,32,確認済
1956,125cc,romolo-ferri,,,ジレラ,,,2,14,確認済
1956,125cc,luigi-taveri,,,MVアグスタ,,,3,12,確認済
1956,125cc,tarquinio-provini,,,モンディアル,,,4,10,確認済
1956,125cc,fortunato-libanori,,,MVアグスタ,,,5,9,確認済
1956,125cc,marcello-cama,,,モンテサ,,,6,6,確認済
1956,125cc,august-hobl,,,DKW,,,7,6,確認済
1956,125cc,harry-hoffman,,,DKW,,,8,5,確認済
1956,125cc,fernando-gonzalez-de-nicolas,,,モンテサ,,,9,4,確認済
1956,125cc,pierre-monneret,,,ジレラ,,,10,4,確認済
1956,125cc,renato-sartori,,,モンディアル,,,11,4,確認済
1956,125cc,bill-webster,,,MVアグスタ,,,12,4,確認済
1956,125cc,cecil-sandford,,,モンディアル,,,13,4,確認済
1956,125cc,w-maddrick,,,MVアグスタ,,,14,3,確認済
1956,125cc,alex-sirera,,,モンテサ,,,15,3,確認済
1956,125cc,sandro-artusi,,,ドゥカティ,,,16,2,確認済
1956,125cc,dave-chadwick,,,LEF,,,17,2,確認済
1956,125cc,e-cope,,,MVアグスタ,,,18,2,確認済
1956,125cc,franzisen-bartos,,,CZ,,,19,1,確認済
1956,125cc,johnny-grace,,,モンテサ,,,20,1,確認済
1956,125cc,vaclav-parus,,,CZ,,,21,1,確認済
1956,125cc,fabian-gonzales,,,モンテサ,,,,,確認済
1956,125cc,karl-hoffmann,,,DKW,,,,,確認済
1957,500cc,libero-liberati,,,ジレラ,,,1,32,確認済
1957,500cc,bob-mcintyre,,,ジレラ,,,2,20,確認済
1957,500cc,john-surtees,,,MVアグスタ,,,3,17,確認済
1957,500cc,geoff-duke,,,ジレラ,,,4,10,確認済
1957,500cc,jack-brett,,,ノートン,,,5,9,確認済
1957,500cc,walter-zeller,,,BMW,,,6,8,確認済
1957,500cc,keith-bryen,,,マッチレス,,,7,7,確認済
1957,500cc,dickie-dale,,,モトグッツィ,,,8,6,確認済
1957,500cc,bob-brown,,,ジレラ,,,9,4,確認済
1957,500cc,alfredo-milani,,,ジレラ,,,10,4,確認済
1957,500cc,alan-shepherd,,,MVアグスタ,,,11,4,確認済
1957,500cc,derek-minter,,,ノートン,,,12,3,確認済
1957,500cc,geoffrey-tanner,,,ノートン,,,13,3,確認済
1957,500cc,ernst-hiller,,,BMW,,,14,3,確認済
1957,500cc,umberto-masetti,,,MVアグスタ,,,15,2,確認済
1957,500cc,keith-campbell,,,モトグッツィ,,,16,2,確認済
1957,500cc,mike-orourke,,,ノートン,,,17,2,確認済
1957,500cc,alan-trow,,,ノートン,,,18,1,確認済
1957,500cc,hans-gunter-jager,,,ノートン,,,19,1,確認済
1957,500cc,anton-elbersen,,,ノートン,,,,,確認済
1957,500cc,cas-swart,,,ノートン,,,,,確認済
1957,500cc,gerold-klinger,,,BMW,,,,,確認済
1957,500cc,john-anderson,,,ノートン,,,,,確認済
1957,500cc,john-clark,,,不明,,,,,確認済
1957,500cc,john-hartle,,,ノートン,,,,,確認済
1957,500cc,john-hempleman,,,ノートン,,,,,確認済
1957,500cc,kees-koster,,,ノートン,,,,,確認済
1957,500cc,ken-tostevin,,,ノートン,,,,,確認済
1957,500cc,noel-mccutcheon,,,ノートン,,,,,確認済
1957,500cc,piet-bakker,,,ノートン,,,,,確認済
1957,500cc,priem-rozenberg,,,BMW,,,,,確認済
1957,500cc,roger-barker,,,ノートン,,,,,確認済
1957,500cc,terry-shepherd,,,MVアグスタ,,,,,確認済
1957,250cc,cecil-sandford,,,モンディアル,,,1,26,確認済
1957,250cc,tarquinio-provini,,,モンディアル,,,2,16,確認済
1957,250cc,sammy-miller,,,モンディアル,,,3,14,確認済
1957,250cc,roberto-colombo,,,MVアグスタ,,,4,10,確認済
1957,250cc,john-hartle,,,MVアグスタ,,,5,8,確認済
1957,250cc,carlo-ubbiali,,,MVアグスタ,,,6,8,確認済
1957,250cc,luigi-taveri,,,MVアグスタ,,,7,8,確認済
1957,250cc,dave-chadwick,,,MVアグスタ,,,8,7,確認済
1957,250cc,enrico-lorenzetti,,,モトグッツィ,,,9,7,確認済
1957,250cc,remo-venturi,,,MVアグスタ,,,10,6,確認済
1957,250cc,franzisen-bartos,,,CZ,,,11,5,確認済
1957,250cc,tommy-robb,,,NSU,,,12,4,確認済
1957,250cc,arthur-wheeler,,,モトグッツィ,,,13,4,確認済
1957,250cc,fortunato-libanori,,,MVアグスタ,,,14,3,確認済
1957,250cc,clive-brown,,,NSU,,,15,3,確認済
1957,250cc,franta-stastny,,,ヤワ,,,16,2,確認済
1957,250cc,g-andrews,,,NSU,,,17,2,確認済
1957,250cc,gunter-beer,,,Adler,,,18,1,確認済
1957,250cc,helmut-hallmeier,,,NSU,,,19,1,確認済
1957,250cc,neil-hodgson-hodgins,,,ヴェロセット,,,20,1,確認済
1957,250cc,alano-montanari,,,モトグッツィ,,,21,1,確認済
1957,350cc,keith-campbell,,,モトグッツィ,,,1,30,確認済
1957,350cc,libero-liberati,,,ジレラ,,,2,22,確認済
1957,350cc,bob-mcintyre,,,ジレラ,,,3,22,確認済
1957,350cc,keith-bryen,,,モトグッツィ,,,4,12,確認済
1957,350cc,john-hartle,,,ノートン,,,5,11,確認済
1957,350cc,giuseppe-colnago,,,モトグッツィ,,,6,7,確認済
1957,350cc,clive-brown,,,ジレラ,,,7,6,確認済
1957,350cc,alano-montanari,,,モトグッツィ,,,8,5,確認済
1957,350cc,helmut-hallmeier,,,NSU,,,9,4,確認済
1957,350cc,john-surtees,,,MVアグスタ,,,10,3,確認済
1957,350cc,umberto-masetti,,,MVアグスタ,,,11,3,確認済
1957,350cc,alfredo-milani,,,ジレラ,,,12,3,確認済
1957,350cc,jack-brett,,,ノートン,,,13,3,確認済
1957,350cc,dave-chadwick,,,ノートン,,,14,2,確認済
1957,350cc,eric-hinton,,,ノートン,,,15,2,確認済
1957,350cc,adelmo-mandolini,,,モトグッツィ,,,16,2,確認済
1957,350cc,brian-purslow,,,ノートン,,,17,1,確認済
1957,125cc,carlo-ubbiali,,,MVアグスタ,,,,,確認済
1957,125cc,cecil-sandford,,,モンディアル,,,,,確認済
1957,125cc,ernst-degner,,,MZ,,,,,確認済
1957,125cc,fortunato-libanori,,,MVアグスタ,,,,,確認済
1957,125cc,horst-fugner,,,MZ,,,,,確認済
1957,125cc,luigi-taveri,,,MVアグスタ,,,,,確認済
1957,125cc,roberto-colombo,,,MVアグスタ,,,,,確認済
1957,125cc,sammy-miller,,,MVアグスタ,,,,,確認済
1957,125cc,tarquinio-provini,,,モンディアル,,,,,確認済
1958,500cc,john-surtees,,,MVアグスタ,,,1,32,確認済
1958,500cc,john-hartle,,,MVアグスタ,,,2,20,確認済
1958,500cc,geoff-duke,,,BMW,,,3,13,確認済
1958,500cc,dickie-dale,,,BMW,,,4,13,確認済
1958,500cc,derek-minter,,,ノートン,,,5,10,確認済
1958,500cc,gary-hocking,,,ノートン,,,6,8,確認済
1958,500cc,ernst-hiller,,,BMW,,,7,8,確認済
1958,500cc,bob-anderson,,,ノートン,,,8,7,確認済
1958,500cc,bob-mcintyre,,,ノートン,,,9,6,確認済
1958,500cc,remo-venturi,,,MVアグスタ,,,10,6,確認済
1958,500cc,keith-campbell,,,ノートン,,,11,6,確認済
1958,500cc,clive-brown,,,ノートン,,,12,6,確認済
1958,500cc,umberto-masetti,,,MVアグスタ,,,13,4,確認済
1958,500cc,terry-shepherd,,,ノートン,,,14,4,確認済
1958,500cc,dave-chadwick,,,ノートン,,,15,3,確認済
1958,500cc,carlo-bandirola,,,MVアグスタ,,,16,2,確認済
1958,500cc,john-anderson,,,ノートン,,,17,1,確認済
1958,500cc,a-huber,,,BMW,,,,,確認済
1958,500cc,alan-holmes,,,ノートン,,,,,確認済
1958,500cc,alan-trow,,,ノートン,,,,,確認済
1958,500cc,albert-moule,,,ノートン,,,,,確認済
1958,500cc,alistair-king,,,ノートン,,,,,確認済
1958,500cc,allen-burt,,,AJS,,,,,確認済
1958,500cc,arthur-wheeler,,,AJS,,,,,確認済
1958,500cc,barry-cortvriend,,,マッチレス,,,,,確認済
1958,500cc,barry-smith,,,ノートン,,,,,確認済
1958,500cc,bill-beevers,,,ノートン,,,,,確認済
1958,500cc,bill-robertson,,,ノートン,,,,,確認済
1958,500cc,bill-webster,,,ノートン,,,,,確認済
1958,500cc,bob-brown,,,ノートン,,,,,確認済
1958,500cc,bob-ferguson,,,ノートン,,,,,確認済
1958,500cc,bob-rowbottom,,,ノートン,,,,,確認済
1958,500cc,borro-castellani,,,ノートン,,,,,確認済
1958,500cc,brian-purslow,,,ノートン,,,,,確認済
1958,500cc,brian-setchell,,,ノートン,,,,,確認済
1958,500cc,clarrie-dunn,,,AJS,,,,,確認済
1958,500cc,d-t-powell,,,ノートン,,,,,確認済
1958,500cc,desmond-wolff,,,ノートン,,,,,確認済
1958,500cc,dick-thompson,,,ノートン,,,,,確認済
1958,500cc,don-chapman,,,ノートン,,,,,確認済
1958,500cc,eric-cheers,,,BSA,,,,,確認済
1958,500cc,eric-hinton,,,ノートン,,,,,確認済
1958,500cc,ewan-haldane,,,ノートン,,,,,確認済
1958,500cc,g-a-catlin,,,ノートン,,,,,確認済
1958,500cc,geoffrey-tanner,,,ノートン,,,,,確認済
1958,500cc,george-costain,,,ノートン,,,,,確認済
1958,500cc,george-northwood,,,ノートン,,,,,確認済
1958,500cc,gerold-klinger,,,BMW,,,,,確認済
1958,500cc,gerry-turner,,,ノートン,,,,,確認済
1958,500cc,grenville-pennington,,,ノートン,,,,,確認済
1958,500cc,hans-gunter-jager,,,BMW,,,,,確認済
1958,500cc,harry-hinton,,,ノートン,,,,,確認済
1958,500cc,harry-plews,,,ノートン,,,,,確認済
1958,500cc,harry-voice,,,ノートン,,,,,確認済
1958,500cc,ian-mcguffie,,,ノートン,,,,,確認済
1958,500cc,jack-ahearn,,,マッチレス,,,,,確認済
1958,500cc,jack-brett,,,ノートン,,,,,確認済
1958,500cc,jack-findlay,,,ノートン,,,,,確認済
1958,500cc,jack-wood,,,マッチレス,,,,,確認済
1958,500cc,jim-redman,,,ノートン,,,,,確認済
1958,500cc,jim-tompsett,,,AJS,,,,,確認済
1958,500cc,jimmy-buchan,,,ノートン,,,,,確認済
1958,500cc,john-hempleman,,,ノートン,,,,,確認済
1958,500cc,john-marcotte,,,AJS,,,,,確認済
1958,500cc,karl-heinz-scheifel,,,マッチレス,,,,,確認済
1958,500cc,karl-peters,,,ノートン,,,,,確認済
1958,500cc,ken-draper,,,ノートン,,,,,確認済
1958,500cc,ken-tostevin,,,ノートン,,,,,確認済
1958,500cc,laurie-flury,,,AJS,,,,,確認済
1958,500cc,len-rutherford,,,マッチレス,,,,,確認済
1958,500cc,louis-carr,,,ノートン,,,,,確認済
1958,500cc,mike-hailwood,,,ノートン,,,,,確認済
1958,500cc,mike-orourke,,,ノートン,,,,,確認済
1958,500cc,noel-mccutcheon,,,ノートン,,,,,確認済
1958,500cc,paddy-driver,,,ノートン,,,,,確認済
1958,500cc,peter-pawson,,,ノートン,,,,,確認済
1958,500cc,philip-palmer,,,ノートン,,,,,確認済
1958,500cc,ralph-rensen,,,ノートン,,,,,確認済
1958,500cc,ray-fay,,,ノートン,,,,,確認済
1958,500cc,roly-capner,,,BSA,,,,,確認済
1958,500cc,roy-ingram,,,ノートン,,,,,確認済
1958,500cc,rudolf-glaser,,,ノートン,,,,,確認済
1958,500cc,sid-mizen,,,ノートン,,,,,確認済
1958,500cc,tom-phillis,,,ノートン,,,,,確認済
1958,500cc,vernon-cottle,,,ノートン,,,,,確認済
1958,500cc,walter-hancock,,,ノートン,,,,,確認済
1958,250cc,tarquinio-provini,,,MVアグスタ,,,1,32,確認済
1958,250cc,horst-fugner,,,MZ,,,2,16,確認済
1958,250cc,carlo-ubbiali,,,MVアグスタ,,,3,16,確認済
1958,250cc,mike-hailwood,,,NSU,,,4,13,確認済
1958,250cc,dieter-falk,,,Adler,,,5,11,確認済
1958,250cc,emilio-mendogni,,,モト・モリーニ,,,6,8,確認済
1958,250cc,tommy-robb,,,NSU,,,7,6,確認済
1958,250cc,giampiero-zubani,,,モト・モリーニ,,,8,6,確認済
1958,250cc,gunter-beer,,,Adler,,,9,6,確認済
1958,250cc,dave-chadwick,,,MVアグスタ,,,10,4,確認済
1958,250cc,geoff-monty,,,GMS-NSU,,,11,4,確認済
1958,250cc,horst-kassner,,,NSU,,,12,4,確認済
1958,250cc,josef-autengruber,,,NSU,,,13,4,確認済
1958,250cc,ernst-degner,,,MZ,,,14,3,確認済
1958,250cc,clive-brown,,,NSU,,,15,3,確認済
1958,250cc,xaver-heiss,,,NSU,,,16,2,確認済
1958,250cc,arthur-wheeler,,,モンディアル,,,17,2,確認済
1958,250cc,walter-reichert,,,NSU,,,18,1,確認済
1958,250cc,sammy-miller,,,CZ,,,19,1,確認済
1958,250cc,dickie-dale,,,NSU,,,20,1,確認済
1958,250cc,wilhem-lecke,,,DKW,,,21,1,確認済
1958,350cc,john-surtees,,,MVアグスタ,,,1,32,確認済
1958,350cc,john-hartle,,,MVアグスタ,,,2,24,確認済
1958,350cc,geoff-duke,,,ノートン,,,3,17,確認済
1958,350cc,dave-chadwick,,,ノートン,,,4,13,確認済
1958,350cc,bob-anderson,,,ノートン,,,5,11,確認済
1958,350cc,mike-hailwood,,,ノートン,,,6,9,確認済
1958,350cc,keith-campbell,,,ノートン,,,7,8,確認済
1958,350cc,derek-minter,,,ノートン,,,8,7,確認済
1958,350cc,terry-shepherd,,,ノートン,,,9,7,確認済
1958,350cc,geoffrey-tanner,,,ノートン,,,10,4,確認済
1958,350cc,alan-trow,,,ノートン,,,11,3,確認済
1958,350cc,bob-mcintyre,,,ノートン,,,12,2,確認済
1958,350cc,geoff-monty,,,ノートン,,,13,2,確認済
1958,350cc,g-a-catlin,,,ノートン,,,14,2,確認済
1958,350cc,alistair-king,,,ノートン,,,15,1,確認済
1958,350cc,dickie-dale,,,ノートン,,,16,1,確認済
1958,350cc,bob-brown,,,AJS,,,17,1,確認済
1958,350cc,mike-orourke,,,ノートン,,,18,1,確認済
1958,350cc,luigi-taveri,,,ノートン,,,19,1,確認済
1958,125cc,carlo-ubbiali,,,MVアグスタ,,,1,32,確認済
1958,125cc,alberto-gandossi,,,ドゥカティ,,,2,25,確認済
1958,125cc,luigi-taveri,,,ドゥカティ,,,3,20,確認済
1958,125cc,tarquinio-provini,,,MVアグスタ,,,4,17,確認済
1958,125cc,dave-chadwick,,,ドゥカティ,,,5,14,確認済
1958,125cc,romolo-ferri,,,ドゥカティ,,,6,12,確認済
1958,125cc,ernst-degner,,,MZ,,,7,9,確認済
1958,125cc,bruno-spaggiari,,,ドゥカティ,,,8,8,確認済
1958,125cc,horst-fugner,,,MZ,,,9,7,確認済
1958,125cc,francesco-villa,,,ドゥカティ,,,10,4,確認済
1958,125cc,sammy-miller,,,ドゥカティ,,,11,3,確認済
1958,125cc,walter-brehme,,,MZ,,,12,2,確認済
1958,125cc,werner-musiol,,,MZ,,,13,1,確認済
1958,125cc,arthur-wheeler,,,モンディアル,,,14,1,確認済
1958,125cc,a-vezzalini,,,MVアグスタ,,,15,1,確認済
1959,500cc,john-surtees,,,MVアグスタ,,,1,32,確認済
1959,500cc,remo-venturi,,,MVアグスタ,,,2,22,確認済
1959,500cc,bob-brown,,,ノートン,,,3,17,確認済
1959,500cc,andrew-duke,,,ノートン,,,4,12,確認済
1959,500cc,gary-hocking,,,ノートン,,,5,10,確認済
1959,500cc,bob-mcintyre,,,ノートン,,,6,8,確認済
1959,500cc,alistair-king,,,ノートン,,,7,7,確認済
1959,500cc,dickie-dale,,,BMW,,,8,6,確認済
1959,500cc,terry-shepherd,,,ノートン,,,9,5,確認済
1959,500cc,john-hempleman,,,ノートン,,,10,4,確認済
1959,500cc,ken-kavanagh,,,ノートン,,,11,3,確認済
1959,500cc,d-t-powell,,,マッチレス,,,12,3,確認済
1959,500cc,paddy-driver,,,ノートン,,,13,3,確認済
1959,500cc,jim-redman,,,ノートン,,,14,2,確認済
1959,500cc,ron-miles,,,ノートン,,,15,1,確認済
1959,500cc,a-huber,,,BMW,,,16,1,確認済
1959,500cc,bob-anderson,,,ノートン,,,17,1,確認済
1959,500cc,albert-montagne,,,ノートン,,,,,確認済
1959,500cc,alfredo-milani,,,ジレラ,,,,,確認済
1959,500cc,charly-maubert,,,ノートン,,,,,確認済
1959,500cc,derek-minter,,,ノートン,,,,,確認済
1959,500cc,don-tickle,,,ノートン,,,,,確認済
1959,500cc,ernst-hiller,,,BMW,,,,,確認済
1959,500cc,frank-perris,,,ノートン,,,,,確認済
1959,500cc,fritz-messerli,,,不明,,,,,確認済
1959,500cc,geoff-duke,,,ノートン,,,,,確認済
1959,500cc,geoffrey-tanner,,,ノートン,,,,,確認済
1959,500cc,guy-ligier,,,ノートン,,,,,確認済
1959,500cc,hans-gunter-jager,,,BMW,,,,,確認済
1959,500cc,jack-findlay,,,ノートン,,,,,確認済
1959,500cc,jacques-collot,,,ノートン,,,,,確認済
1959,500cc,jacques-insermini,,,ノートン,,,,,確認済
1959,500cc,jean-pierre-bayle,,,ノートン,,,,,確認済
1959,500cc,ladi-richter,,,ノートン,,,,,確認済
1959,500cc,maurice-de-polo,,,ノートン,,,,,確認済
1959,500cc,michel-valentin,,,不明,,,,,確認済
1959,500cc,peter-ferbrache,,,マッチレス,,,,,確認済
1959,500cc,peter-pawson,,,ノートン,,,,,確認済
1959,500cc,ralph-rensen,,,ノートン,,,,,確認済
1959,500cc,raymond-bogaerdt,,,ノートン,,,,,確認済
1959,500cc,rob-fitton,,,ノートン,,,,,確認済
1959,500cc,tom-phillis,,,ノートン,,,,,確認済
1959,250cc,carlo-ubbiali,,,MVアグスタ,,,1,28,確認済
1959,250cc,tarquinio-provini,,,MVアグスタ,,,2,16,確認済
1959,250cc,gary-hocking,,,MZ,,,3,16,確認済
1959,250cc,ernst-degner,,,MZ,,,4,14,確認済
1959,250cc,mike-hailwood,,,モンディアル,,,5,13,確認済
1959,250cc,emilio-mendogni,,,モト・モリーニ,,,6,10,確認済
1959,250cc,derek-minter,,,モト・モリーニ,,,7,7,確認済
1959,250cc,tommy-robb,,,GMS-NSU,,,8,7,確認済
1959,250cc,horst-fugner,,,MZ,,,9,6,確認済
1959,250cc,andrew-duke,,,ベネリ,,,10,5,確認済
1959,250cc,dave-chadwick,,,MVアグスタ,,,11,4,確認済
1959,250cc,libero-liberati,,,モト・モリーニ,,,12,3,確認済
1959,250cc,bernd-kassner,,,NSU,,,13,2,確認済
1959,250cc,alan-carter,,,NSU,,,14,2,確認済
1959,250cc,luigi-taveri,,,MZ,,,15,2,確認済
1959,250cc,gunter-beer,,,Adler,,,16,1,確認済
1959,250cc,rudolf-thalhammer,,,NSU,,,17,1,確認済
1959,250cc,dickie-dale,,,ベネリ,,,18,1,確認済
1959,250cc,horst-kassner,,,NSU,,,,,確認済
1959,350cc,john-surtees,,,MVアグスタ,,,1,32,確認済
1959,350cc,john-hartle,,,MVアグスタ,,,2,16,確認済
1959,350cc,bob-brown,,,ノートン,,,3,14,確認済
1959,350cc,gary-hocking,,,ノートン,,,4,12,確認済
1959,350cc,geoff-duke,,,ノートン,,,5,10,確認済
1959,350cc,remo-venturi,,,MVアグスタ,,,6,6,確認済
1959,350cc,dickie-dale,,,AJS,,,7,6,確認済
1959,350cc,john-hempleman,,,ノートン,,,8,6,確認済
1959,350cc,bob-anderson,,,ノートン,,,9,5,確認済
1959,350cc,ernesto-brambilla,,,MVアグスタ,,,10,4,確認済
1959,350cc,alistair-king,,,ノートン,,,11,4,確認済
1959,350cc,paddy-driver,,,ノートン,,,12,4,確認済
1959,350cc,mike-hailwood,,,AJS,,,13,2,確認済
1959,350cc,tom-phillis,,,ノートン,,,14,2,確認済
1959,350cc,jim-redman,,,ノートン,,,15,2,確認済
1959,350cc,alfredo-milani,,,ノートン,,,16,1,確認済
1959,350cc,terry-shepherd,,,ノートン,,,17,1,確認済
1959,350cc,dave-chadwick,,,ノートン,,,18,1,確認済
1959,350cc,gilberto-milani,,,ノートン,,,,,確認済
1959,125cc,carlo-ubbiali,,,MVアグスタ,,,1,30,確認済
1959,125cc,tarquinio-provini,,,MVアグスタ,,,2,28,確認済
1959,125cc,mike-hailwood,,,ドゥカティ,,,3,20,確認済
1959,125cc,luigi-taveri,,,MZ,,,4,14,確認済
1959,125cc,ernst-degner,,,MZ,,,5,13,確認済
1959,125cc,bruno-spaggiari,,,ドゥカティ,,,6,8,確認済
1959,125cc,derek-minter,,,MZ,,,7,8,確認済
1959,125cc,ken-kavanagh,,,ドゥカティ,,,8,8,確認済
1959,125cc,gary-hocking,,,MZ,,,9,7,確認済
1959,125cc,horst-fugner,,,MZ,,,10,6,確認済
1959,125cc,werner-musiol,,,MZ,,,11,4,確認済
1959,125cc,francesco-villa,,,ドゥカティ,,,12,3,確認済
1959,125cc,alberto-pagani,,,ドゥカティ,,,13,2,確認済
1959,125cc,karl-kronmueller,,,ドゥカティ,,,14,1,確認済
1959,125cc,arthur-wheeler,,,ドゥカティ,,,15,1,確認済
1959,125cc,ulf-svensson,,,ドゥカティ,,,16,1,確認済
1959,125cc,naomi-taniguchi,,,ホンダ,,,17,1,確認済
1959,125cc,giichi-suzuki,,,ホンダ,,,,,確認済
1959,125cc,junzo-suzuki,,,ホンダ,,,,,確認済
1959,125cc,kenjiro-tanaka,,,ホンダ,,,,,確認済
1960,500cc,john-surtees,,,MVアグスタ,,,1,32,確認済
1960,500cc,remo-venturi,,,MVアグスタ,,,2,26,確認済
1960,500cc,john-hartle,,,MVアグスタ,,,3,16,確認済
1960,500cc,bob-brown,,,ノートン,,,4,15,確認済
1960,500cc,emilio-mendogni,,,MVアグスタ,,,5,15,確認済
1960,500cc,mike-hailwood,,,ノートン,,,6,13,確認済
1960,500cc,paddy-driver,,,ノートン,,,7,9,確認済
1960,500cc,dickie-dale,,,ノートン,,,8,6,確認済
1960,500cc,jim-redman,,,ノートン,,,9,5,確認済
1960,500cc,alan-shepherd,,,マッチレス,,,10,4,確認済
1960,500cc,tom-phillis,,,ノートン,,,11,4,確認済
1960,500cc,ralph-rensen,,,ノートン,,,12,3,確認済
1960,500cc,john-hempleman,,,ノートン,,,13,2,確認済
1960,500cc,ladi-richter,,,ノートン,,,14,2,確認済
1960,500cc,fumio-ito,,,BMW,,,15,1,確認済
1960,500cc,rudolf-glaser,,,ノートン,,,16,1,確認済
1960,500cc,a-huber,,,BMW,,,,,確認済
1960,500cc,alan-trow,,,ノートン,,,,,確認済
1960,500cc,albert-moule,,,ノートン,,,,,確認済
1960,500cc,alberto-pagani,,,ノートン,,,,,確認済
1960,500cc,alf-shaw,,,ノートン,,,,,確認済
1960,500cc,alfredo-milani,,,ジレラ,,,,,確認済
1960,500cc,allen-krupa,,,ノートン,,,,,確認済
1960,500cc,andreas-klaus,,,ノートン,,,,,確認済
1960,500cc,artemio-cirelli,,,ジレラ,,,,,確認済
1960,500cc,barry-smith,,,マッチレス,,,,,確認済
1960,500cc,benedetto-zambotti,,,ジレラ,,,,,確認済
1960,500cc,bert-schneider,,,ノートン,,,,,確認済
1960,500cc,bill-beevers,,,ノートン,,,,,確認済
1960,500cc,bill-prowting,,,AJS,,,,,確認済
1960,500cc,bill-robertson,,,ノートン,,,,,確認済
1960,500cc,billy-mccosh,,,AJS,,,,,確認済
1960,500cc,bob-anderson,,,ノートン,,,,,確認済
1960,500cc,bob-mcintyre,,,ノートン,,,,,確認済
1960,500cc,bob-rowbottom,,,ノートン,,,,,確認済
1960,500cc,d-t-powell,,,マッチレス,,,,,確認済
1960,500cc,dave-wildman,,,ノートン,,,,,確認済
1960,500cc,den-jarman,,,マッチレス,,,,,確認済
1960,500cc,derek-minter,,,ノートン,,,,,確認済
1960,500cc,derek-russell,,,ノートン,,,,,確認済
1960,500cc,don-chapman,,,ノートン,,,,,確認済
1960,500cc,eddie-crooks,,,ノートン,,,,,確認済
1960,500cc,emanuele-maugliani,,,ジレラ,,,,,確認済
1960,500cc,evert-carlsson,,,BMW,,,,,確認済
1960,500cc,frans-fagerstrom,,,マッチレス,,,,,確認済
1960,500cc,fred-stevens,,,ノートン,,,,,確認済
1960,500cc,fritz-klager,,,Horex,,,,,確認済
1960,500cc,fritz-meyer,,,BMW,,,,,確認済
1960,500cc,g-a-catlin,,,マッチレス,,,,,確認済
1960,500cc,george-northwood,,,ノートン,,,,,確認済
1960,500cc,gijs-oosterbaan,,,ノートン,,,,,確認済
1960,500cc,giuseppe-dardanello,,,ノートン,,,,,確認済
1960,500cc,giuseppe-mantelli,,,ジレラ,,,,,確認済
1960,500cc,graham-downes,,,ノートン,,,,,確認済
1960,500cc,graham-smith,,,ノートン,,,,,確認済
1960,500cc,hans-gunter-jager,,,BMW,,,,,確認済
1960,500cc,hans-siegfried-glaser,,,ノートン,,,,,確認済
1960,500cc,harold-riley,,,ノートン,,,,,確認済
1960,500cc,harry-grant,,,ノートン,,,,,確認済
1960,500cc,heinz-kauert,,,マッチレス,,,,,確認済
1960,500cc,holger-ekstrom,,,ノートン,,,,,確認済
1960,500cc,hugh-anderson,,,ノートン,,,,,確認済
1960,500cc,jack-brett,,,ノートン,,,,,確認済
1960,500cc,jack-bullock,,,マッチレス,,,,,確認済
1960,500cc,jack-findlay,,,ノートン,,,,,確認済
1960,500cc,jacques-insermini,,,ノートン,,,,,確認済
1960,500cc,james-beckett,,,ノートン,,,,,確認済
1960,500cc,jannie-stander,,,ノートン,,,,,確認済
1960,500cc,jean-pierre-bayle,,,ノートン,,,,,確認済
1960,500cc,joe-glazebrook,,,ノートン,,,,,確認済
1960,500cc,joe-wright,,,ノートン,,,,,確認済
1960,500cc,john-hurlstone,,,ノートン,,,,,確認済
1960,500cc,john-lewis,,,ノートン,,,,,確認済
1960,500cc,john-simmonds,,,マッチレス,,,,,確認済
1960,500cc,karl-recktenwald,,,ノートン,,,,,確認済
1960,500cc,klaus-hamelmann,,,Münch,,,,,確認済
1960,500cc,laurence-povey,,,BSA,,,,,確認済
1960,500cc,llewelyn-ranson,,,ノートン,,,,,確認済
1960,500cc,lothar-john,,,BMW,,,,,確認済
1960,500cc,louis-carr,,,マッチレス,,,,,確認済
1960,500cc,martinus-van-son,,,ノートン,,,,,確認済
1960,500cc,michelle-duff,,,ノートン,,,,,確認済
1960,500cc,monty-buxton,,,ノートン,,,,,確認済
1960,500cc,owen-greenwood,,,トライアンフ,,,,,確認済
1960,500cc,paolo-campanelli,,,ノートン,,,,,確認済
1960,500cc,patrick-manning,,,ノートン,,,,,確認済
1960,500cc,peter-chatterton,,,マッチレス,,,,,確認済
1960,500cc,peter-middleton,,,ノートン,,,,,確認済
1960,500cc,peter-pawson,,,ノートン,,,,,確認済
1960,500cc,ray-fay,,,マッチレス,,,,,確認済
1960,500cc,raymond-bogaerdt,,,ノートン,,,,,確認済
1960,500cc,raymond-hanset,,,ノートン,,,,,確認済
1960,500cc,riccardo-rossi,,,ジレラ,,,,,確認済
1960,500cc,roly-capner,,,BSA,,,,,確認済
1960,500cc,ronald-cousins,,,ノートン,,,,,確認済
1960,500cc,roy-ingram,,,ノートン,,,,,確認済
1960,500cc,sam-cooper,,,ノートン,,,,,確認済
1960,500cc,sid-mizen,,,マッチレス,,,,,確認済
1960,500cc,steve-murray,,,マッチレス,,,,,確認済
1960,500cc,terry-shepherd,,,ノートン,,,,,確認済
1960,500cc,tom-thorp,,,マッチレス,,,,,確認済
1960,500cc,tommy-robinson,,,ノートン,,,,,確認済
1960,500cc,tony-godfrey,,,ノートン,,,,,確認済
1960,500cc,vasco-loro,,,ノートン,,,,,確認済
1960,500cc,vernon-cottle,,,ノートン,,,,,確認済
1960,500cc,walter-scheimann,,,ノートン,,,,,確認済
1960,250cc,carlo-ubbiali,,,MVアグスタ,,,1,32,確認済
1960,250cc,gary-hocking,,,MVアグスタ,,,2,28,確認済
1960,250cc,luigi-taveri,,,MVアグスタ,,,3,11,確認済
1960,250cc,jim-redman,,,ホンダ,,,4,10,確認済
1960,250cc,mike-hailwood,,,モンディアル,,,5,8,確認済
1960,250cc,tom-phillis,,,ホンダ,,,6,6,確認済
1960,250cc,kunimitsu-takahashi,,,ホンダ,,,7,6,確認済
1960,250cc,ernst-degner,,,MZ,,,8,5,確認済
1960,250cc,kenjiro-tanaka,,,ホンダ,,,9,4,確認済
1960,250cc,tarquinio-provini,,,モト・モリーニ,,,10,4,確認済
1960,250cc,dickie-dale,,,MZ,,,11,3,確認済
1960,250cc,john-hempleman,,,MZ,,,12,3,確認済
1960,250cc,clive-brown,,,ホンダ,,,13,3,確認済
1960,250cc,gilberto-milani,,,ホンダ,,,14,2,確認済
1960,250cc,alberto-pagani,,,アエルマッキ,,,15,2,確認済
1960,250cc,moto-kitano,,,ホンダ,,,16,2,確認済
1960,250cc,j-sato,,,ホンダ,,,17,1,確認済
1960,250cc,gunter-beer,,,Adler,,,18,1,確認済
1960,250cc,naomi-taniguchi,,,ホンダ,,,19,1,確認済
1960,250cc,jan-huberts,,,ホンダ,,,,,確認済
1960,350cc,john-surtees,,,MVアグスタ,,,1,22,確認済
1960,350cc,gary-hocking,,,MVアグスタ,,,2,22,確認済
1960,350cc,john-hartle,,,MVアグスタ,,,3,18,確認済
1960,350cc,franta-stastny,,,ヤワ,,,4,12,確認済
1960,350cc,bob-anderson,,,ノートン,,,5,9,確認済
1960,350cc,bob-brown,,,ノートン,,,6,6,確認済
1960,350cc,hugh-anderson,,,AJS,,,7,5,確認済
1960,350cc,dickie-dale,,,ノートン,,,8,5,確認済
1960,350cc,paddy-driver,,,ノートン,,,9,5,確認済
1960,350cc,bob-mcintyre,,,AJS,,,10,4,確認済
1960,350cc,derek-minter,,,ノートン,,,11,3,確認済
1960,350cc,ralph-rensen,,,ノートン,,,12,2,確認済
1960,350cc,john-hempleman,,,ノートン,,,13,1,確認済
1960,350cc,frank-perris,,,ノートン,,,14,1,確認済
1960,125cc,carlo-ubbiali,,,MVアグスタ,,,1,24,確認済
1960,125cc,gary-hocking,,,MVアグスタ,,,2,18,確認済
1960,125cc,ernst-degner,,,MZ,,,3,16,確認済
1960,125cc,bruno-spaggiari,,,MVアグスタ,,,4,12,確認済
1960,125cc,john-hempleman,,,MZ,,,5,10,確認済
1960,125cc,luigi-taveri,,,MVアグスタ,,,6,6,確認済
1960,125cc,jim-redman,,,ホンダ,,,7,6,確認済
1960,125cc,alberto-gandossi,,,MZ,,,8,4,確認済
1960,125cc,bob-anderson,,,MZ,,,9,2,確認済
1960,125cc,mike-hailwood,,,ドゥカティ,,,10,1,確認済
1960,125cc,giichi-suzuki,,,ホンダ,,,11,1,確認済
1960,125cc,kunimitsu-takahashi,,,ホンダ,,,12,1,確認済
1960,125cc,naomi-taniguchi,,,ホンダ,,,13,1,確認済
1960,125cc,bob-brown,,,ホンダ,,,,,確認済
1960,125cc,j-sato,,,ホンダ,,,,,確認済
1960,125cc,kenjiro-tanaka,,,ホンダ,,,,,確認済
1960,125cc,moto-kitano,,,ホンダ,,,,,確認済
1960,125cc,sadao-shimazaki,,,ホンダ,,,,,確認済
1960,125cc,tom-phillis,,,ホンダ,,,,,確認済
1961,500cc,gary-hocking,,,MVアグスタ,,,1,48,確認済
1961,500cc,mike-hailwood,,,ノートン,,,2,40,確認済
1961,500cc,frank-perris,,,ノートン,,,3,16,確認済
1961,500cc,bob-mcintyre,,,ノートン,,,4,14,確認済
1961,500cc,alistair-king,,,ノートン,,,5,13,確認済
1961,500cc,bert-schneider,,,ノートン,,,6,9,確認済
1961,500cc,jorge-kissling,,,マッチレス,,,7,8,確認済
1961,500cc,ron-langston,,,マッチレス,,,8,7,確認済
1961,500cc,juan-salatino,,,ノートン,,,9,6,確認済
1961,500cc,paddy-driver,,,ノートン,,,10,5,確認済
1961,500cc,michelle-duff,,,マッチレス,,,11,5,確認済
1961,500cc,tom-phillis,,,ノートン,,,12,4,確認済
1961,500cc,hans-gunter-jager,,,BMW,,,13,4,確認済
1961,500cc,antonie-paba,,,ノートン,,,14,4,確認済
1961,500cc,alberto-pagani,,,ノートン,,,15,3,確認済
1961,500cc,phil-read,,,ノートン,,,16,3,確認済
1961,500cc,gyula-marsovszky,,,ノートン,,,17,3,確認済
1961,500cc,trevor-farnsworth,,,ノートン,,,18,3,確認済
1961,500cc,s-perkins,,,ノートン,,,19,3,確認済
1961,500cc,jack-findlay,,,ノートン,,,20,3,確認済
1961,500cc,eduardo-salatino,,,ノートン,,,21,2,確認済
1961,500cc,fritz-messerli,,,マッチレス,,,22,2,確認済
1961,500cc,peter-chatterton,,,ノートン,,,23,2,確認済
1961,500cc,ernst-hiller,,,BMW,,,24,2,確認済
1961,500cc,g-costa,,,ノートン,,,25,1,確認済
1961,500cc,tony-godfrey,,,ノートン,,,26,1,確認済
1961,500cc,ron-miles,,,ノートン,,,27,1,確認済
1961,500cc,john-lothar,,,BMW,,,28,1,確認済
1961,500cc,roland-foll,,,マッチレス,,,29,1,確認済
1961,500cc,anssi-resko,,,ノートン,,,30,1,確認済
1961,500cc,tom-thorp,,,ノートン,,,31,1,確認済
1961,500cc,peter-pawson,,,マッチレス,,,32,1,確認済
1961,500cc,a-huber,,,BMW,,,,,確認済
1961,500cc,bror-erland-carlsson,,,マッチレス,,,,,確認済
1961,500cc,bruno-hofmann,,,ノートン,,,,,確認済
1961,500cc,edy-lenz,,,ノートン,,,,,確認済
1961,500cc,geoffrey-tanner,,,ノートン,,,,,確認済
1961,500cc,georges-comy,,,ノートン,,,,,確認済
1961,500cc,hans-pesl,,,ノートン,,,,,確認済
1961,500cc,heinz-kauert,,,マッチレス,,,,,確認済
1961,500cc,jacques-insermini,,,ノートン,,,,,確認済
1961,500cc,john-farnsworth,,,マッチレス,,,,,確認済
1961,500cc,joop-vogelzang,,,ノートン,,,,,確認済
1961,500cc,karl-hoppe,,,ノートン,,,,,確認済
1961,500cc,karl-recktenwald,,,ノートン,,,,,確認済
1961,500cc,klaus-hamelmann,,,ノートン,,,,,確認済
1961,500cc,lothar-john,,,BMW,,,,,確認済
1961,500cc,louis-bernagozzi,,,ノートン,,,,,確認済
1961,500cc,peter-horton,,,ノートン,,,,,確認済
1961,500cc,pierre-james,,,ノートン,,,,,確認済
1961,500cc,ralph-rensen,,,ノートン,,,,,確認済
1961,500cc,raphael-orinel,,,ノートン,,,,,確認済
1961,500cc,rene-goetz,,,BSA,,,,,確認済
1961,500cc,rudolf-glaser,,,ノートン,,,,,確認済
1961,500cc,rudolf-thalhammer,,,ノートン,,,,,確認済
1961,500cc,sven-gunnarsson,,,ノートン,,,,,確認済
1961,500cc,tommy-robb,,,マッチレス,,,,,確認済
1961,500cc,tommy-robinson,,,ノートン,,,,,確認済
1961,500cc,toni-schmitz,,,ノートン,,,,,確認済
1961,500cc,vernon-cottle,,,ノートン,,,,,確認済
1961,500cc,wilhelm-van-leeuwen,,,ノートン,,,,,確認済
1961,250cc,mike-hailwood,,,ホンダ,,,1,44,確認済
1961,250cc,tom-phillis,,,ホンダ,,,2,38,確認済
1961,250cc,jim-redman,,,ホンダ,,,3,36,確認済
1961,250cc,kunimitsu-takahashi,,,ホンダ,,,4,29,確認済
1961,250cc,bob-mcintyre,,,ホンダ,,,5,14,確認済
1961,250cc,tarquinio-provini,,,モト・モリーニ,,,6,10,確認済
1961,250cc,silvio-grassetti,,,ベネリ,,,7,10,確認済
1961,250cc,gary-hocking,,,MVアグスタ,,,8,8,確認済
1961,250cc,fumio-ito,,,ヤマハ,,,9,7,確認済
1961,250cc,alan-shepherd,,,MZ,,,10,6,確認済
1961,250cc,franta-stastny,,,ヤワ,,,11,6,確認済
1961,250cc,luigi-taveri,,,ホンダ,,,12,6,確認済
1961,250cc,sadao-shimazaki,,,ホンダ,,,13,3,確認済
1961,250cc,ernst-degner,,,MZ,,,14,3,確認済
1961,250cc,gunter-fischer,,,MZ,,,15,3,確認済
1961,250cc,naomi-taniguchi,,,ホンダ,,,16,2,確認済
1961,250cc,yoshikazu-sunako,,,ヤマハ,,,17,1,確認済
1961,250cc,werner-musiol,,,MZ,,,18,1,確認済
1961,250cc,dan-shorey,,,NSU,,,19,1,確認済
1961,350cc,gary-hocking,,,MVアグスタ,,,1,32,確認済
1961,350cc,franta-stastny,,,ヤワ,,,2,26,確認済
1961,350cc,gustav-havel,,,ヤワ,,,3,19,確認済
1961,350cc,bob-mcintyre,,,Bianchi,,,4,14,確認済
1961,350cc,phil-read,,,ノートン,,,5,13,確認済
1961,350cc,ralph-rensen,,,ノートン,,,6,,確認済
1961,350cc,rudolf-thalhammer,,,ノートン,,,7,7,確認済
1961,350cc,alan-shepherd,,,Bianchi,,,,,確認済
1961,350cc,bert-schneider,,,ノートン,,,,,確認済
1961,350cc,bohumil-stasa,,,ヤワ,,,,,確認済
1961,350cc,ernesto-brambilla,,,Bianchi,,,,,確認済
1961,350cc,frank-perris,,,ノートン,,,,,確認済
1961,350cc,hugh-anderson,,,ノートン,,,,,確認済
1961,350cc,michelle-duff,,,AJS,,,,,確認済
1961,350cc,mike-hailwood,,,MVアグスタ,,,,,確認済
1961,350cc,ron-langston,,,AJS,,,,,確認済
1961,350cc,silvio-grassetti,,,ベネリ,,,,,確認済
1961,125cc,tom-phillis,,,ホンダ,,,1,44,確認済
1961,125cc,ernst-degner,,,MZ,,,2,42,確認済
1961,125cc,luigi-taveri,,,ホンダ,,,3,30,確認済
1961,125cc,jim-redman,,,ホンダ,,,4,28,確認済
1961,125cc,kunimitsu-takahashi,,,ホンダ,,,5,24,確認済
1961,125cc,mike-hailwood,,,ホンダ,,,6,16,確認済
1961,125cc,alan-shepherd,,,MZ,,,7,12,確認済
1961,125cc,walter-brehme,,,MZ,,,8,7,確認済
1961,125cc,kenjiro-tanaka,,,ホンダ,,,9,6,確認済
1961,125cc,werner-musiol,,,MZ,,,10,5,確認済
1961,125cc,sadao-shimazaki,,,ホンダ,,,11,5,確認済
1961,125cc,gunter-fischer,,,MZ,,,12,3,確認済
1961,125cc,janos-szabo,,,MZ,,,13,3,確認済
1961,125cc,phil-read,,,EMC,,,14,3,確認済
1961,125cc,masumitsu-taguchi,,,ホンダ,,,15,2,確認済
1961,125cc,johnny-grace,,,ブルタコ,,,16,2,確認済
1961,125cc,ulf-svensson,,,ドゥカティ,,,17,2,確認済
1961,125cc,rex-avery,,,EMC,,,18,2,確認済
1961,125cc,hugo-pochettino,,,ブルタコ,,,19,1,確認済
1961,125cc,riccardo-quintanilla,,,ブルタコ,,,20,1,確認済
1961,125cc,ralph-rensen,,,ブルタコ,,,21,1,確認済
1961,125cc,hans-fischer,,,MZ,,,,,確認済
1961,125cc,jan-huberts,,,ホンダ,,,,,確認済
1961,125cc,naomi-taniguchi,,,ホンダ,,,,,確認済
1961,125cc,pierre-vervroegen,,,ホンダ,,,,,確認済
1962,500cc,mike-hailwood,,,MVアグスタ,,,1,40,確認済
1962,500cc,alan-shepherd,,,マッチレス,,,2,29,確認済
1962,500cc,phil-read,,,ノートン,,,3,11,確認済
1962,500cc,bert-schneider,,,ノートン,,,4,10,確認済
1962,500cc,gary-hocking,,,MVアグスタ,,,5,8,確認済
1962,500cc,benedicto-caldarella,,,マッチレス,,,6,8,確認済
1962,500cc,franta-stastny,,,ヤワ,,,7,7,確認済
1962,500cc,tony-godfrey,,,ノートン,,,8,7,確認済
1962,500cc,paddy-driver,,,ノートン,,,9,7,確認済
1962,500cc,juan-salatino,,,ノートン,,,10,6,確認済
1962,500cc,ellis-boyce,,,ノートン,,,11,6,確認済
1962,500cc,remo-venturi,,,MVアグスタ,,,12,6,確認済
1962,500cc,sven-gunnarsson,,,ノートン,,,13,6,確認済
1962,500cc,derek-minter,,,ノートン,,,14,6,確認済
1962,500cc,fred-stevens,,,ノートン,,,15,5,確認済
1962,500cc,silvio-grassetti,,,Bianchi,,,16,4,確認済
1962,500cc,eduardo-salatino,,,ノートン,,,17,4,確認済
1962,500cc,pablo-gamberini,,,マッチレス,,,18,3,確認済
1962,500cc,ron-langston,,,ノートン,,,19,3,確認済
1962,500cc,anssi-resko,,,マッチレス,,,20,3,確認済
1962,500cc,roy-ingram,,,ノートン,,,21,2,確認済
1962,500cc,jack-findlay,,,ノートン,,,22,2,確認済
1962,500cc,h-karlsson,,,ノートン,,,23,2,確認済
1962,500cc,s-pomesano,,,ノートン,,,24,2,確認済
1962,500cc,roland-foll,,,マッチレス,,,25,2,確認済
1962,500cc,f-soler,,,ノートン,,,26,1,確認済
1962,500cc,brian-setchell,,,ノートン,,,27,1,確認済
1962,500cc,ray-spence,,,ノートン,,,28,1,確認済
1962,500cc,alf-shaw,,,ノートン,,,,,確認済
1962,500cc,alistair-king,,,マッチレス,,,,,確認済
1962,500cc,bo-granath,,,ノートン,,,,,確認済
1962,500cc,bob-coulter,,,AJS,,,,,確認済
1962,500cc,brian-taggart,,,AJS,,,,,確認済
1962,500cc,chris-anderson,,,BSA,,,,,確認済
1962,500cc,colin-lyster,,,ノートン,,,,,確認済
1962,500cc,dan-shorey,,,ノートン,,,,,確認済
1962,500cc,dennis-fry,,,ノートン,,,,,確認済
1962,500cc,derek-woodman,,,マッチレス,,,,,確認済
1962,500cc,dick-creith,,,ノートン,,,,,確認済
1962,500cc,eric-oliver,,,AJS,,,,,確認済
1962,500cc,ernesto-brambilla,,,Bianchi,,,,,確認済
1962,500cc,ernst-hiller,,,マッチレス,,,,,確認済
1962,500cc,george-purvis,,,マッチレス,,,,,確認済
1962,500cc,gustav-havel,,,ヤワ,,,,,確認済
1962,500cc,harry-grant,,,BSA,,,,,確認済
1962,500cc,hugh-anderson,,,マッチレス,,,,,確認済
1962,500cc,jack-ahearn,,,ノートン,,,,,確認済
1962,500cc,jack-shannon,,,マッチレス,,,,,確認済
1962,500cc,jacques-insermini,,,ノートン,,,,,確認済
1962,500cc,jimmy-jones,,,ノートン,,,,,確認済
1962,500cc,jimmy-morton,,,マッチレス,,,,,確認済
1962,500cc,john-brown,,,ノートン,,,,,確認済
1962,500cc,john-gabites,,,ノートン,,,,,確認済
1962,500cc,joop-vogelzang,,,ノートン,,,,,確認済
1962,500cc,karl-hoppe,,,ノートン,,,,,確認済
1962,500cc,karl-recktenwald,,,ノートン,,,,,確認済
1962,500cc,ladi-richter,,,ノートン,,,,,確認済
1962,500cc,len-ireland,,,ノートン,,,,,確認済
1962,500cc,mark-mccausland,,,マッチレス,,,,,確認済
1962,500cc,michelle-duff,,,マッチレス,,,,,確認済
1962,500cc,morgan-radberg,,,ノートン,,,,,確認済
1962,500cc,patrick-plunkett,,,マッチレス,,,,,確認済
1962,500cc,peter-middleton,,,ノートン,,,,,確認済
1962,500cc,ralph-bryans,,,ノートン,,,,,確認済
1962,500cc,raymond-bogaerdt,,,ノートン,,,,,確認済
1962,500cc,rob-fitton,,,ノートン,,,,,確認済
1962,500cc,robert-mccracken,,,ノートン,,,,,確認済
1962,500cc,sid-mizen,,,マッチレス,,,,,確認済
1962,500cc,steve-murray,,,マッチレス,,,,,確認済
1962,500cc,terry-dennehy,,,ノートン,,,,,確認済
1962,500cc,tom-thorp,,,ノートン,,,,,確認済
1962,500cc,tommy-holmes,,,マッチレス,,,,,確認済
1962,500cc,vernon-cottle,,,ノートン,,,,,確認済
1962,500cc,walter-scheimann,,,ノートン,,,,,確認済
1962,500cc,wilhelm-van-leeuwen,,,ノートン,,,,,確認済
1962,250cc,jim-redman,,,ホンダ,,,1,48,確認済
1962,250cc,bob-mcintyre,,,ホンダ,,,2,32,確認済
1962,250cc,arthur-wheeler,,,モトグッツィ,,,3,19,確認済
1962,250cc,tom-phillis,,,ホンダ,,,4,12,確認済
1962,250cc,tarquinio-provini,,,モト・モリーニ,,,5,10,確認済
1962,250cc,tommy-robb,,,ホンダ,,,6,8,確認済
1962,250cc,derek-minter,,,ホンダ,,,7,8,確認済
1962,250cc,luigi-taveri,,,ホンダ,,,8,8,確認済
1962,250cc,alberto-pagani,,,ホンダ,,,9,8,確認済
1962,250cc,dan-shorey,,,ブルタコ,,,10,8,確認済
1962,250cc,mike-hailwood,,,MZ,,,11,6,確認済
1962,250cc,umberto-masetti,,,モト・モリーニ,,,12,6,確認済
1962,250cc,moto-kitano,,,ホンダ,,,13,6,確認済
1962,250cc,gunter-beer,,,Adler,,,14,6,確認済
1962,250cc,werner-musiol,,,MZ,,,15,4,確認済
1962,250cc,kenjiro-tanaka,,,ホンダ,,,16,4,確認済
1962,250cc,rudolph-kaiser,,,NSU,,,17,4,確認済
1962,250cc,cas-swart,,,ホンダ,,,18,3,確認済
1962,250cc,jorge-terengo,,,ドゥカティ,,,19,3,確認済
1962,250cc,campbell-donaghy,,,ドゥカティ,,,20,2,確認済
1962,250cc,carlo-marfetan,,,パリラ,,,21,2,確認済
1962,250cc,nikolai-sevostianov,,,S250,,,22,2,確認済
1962,250cc,alfredo-milani,,,アエルマッキ,,,23,2,確認済
1962,250cc,jean-pierre-beltoise,,,モト・モリーニ,,,24,2,確認済
1962,250cc,frank-perris,,,スズキ,,,25,2,確認済
1962,250cc,bert-schneider,,,NSU,,,26,1,確認済
1962,250cc,leslie-graham,,,アエルマッキ,,,27,1,確認済
1962,250cc,paolo-campanelli,,,ベネリ,,,28,1,確認済
1962,250cc,m-dietrich,,,アエルマッキ,,,29,1,確認済
1962,250cc,benjamin-savoye,,,モンディアル,,,30,1,確認済
1962,250cc,marcel-toussaint,,,ベネリ,,,31,1,確認済
1962,250cc,pierre-vervroegen,,,アエルマッキ,,,32,1,確認済
1962,250cc,michael-schneider,,,NSU,,,,,確認済
1962,350cc,jim-redman,,,ホンダ,,,1,32,確認済
1962,350cc,tommy-robb,,,ホンダ,,,2,22,確認済
1962,350cc,mike-hailwood,,,MVアグスタ,,,3,20,確認済
1962,350cc,franta-stastny,,,ヤワ,,,4,16,確認済
1962,350cc,gastone-grassetti,,,Bianchi,,,5,8,確認済
1962,350cc,alan-shepherd,,,AJS,,,6,7,確認済
1962,350cc,gustav-havel,,,ヤワ,,,7,7,確認済
1962,350cc,gary-hocking,,,MVアグスタ,,,8,6,確認済
1962,350cc,michelle-duff,,,AJS,,,9,5,確認済
1962,350cc,roy-ingram,,,ノートン,,,10,3,確認済
1962,350cc,sven-gunnarsson,,,ノートン,,,11,3,確認済
1962,350cc,derek-minter,,,ノートン,,,12,2,確認済
1962,350cc,t-lego,,,AJS,,,13,2,確認済
1962,350cc,hugh-anderson,,,AJS,,,14,1,確認済
1962,350cc,phil-read,,,ノートン,,,15,1,確認済
1962,350cc,nikolai-sevostianov,,,S350,,,16,1,確認済
1962,350cc,arthur-wheeler,,,モトグッツィ,,,17,1,確認済
1962,350cc,moto-kitano,,,ホンダ,,,18,1,確認済
1962,350cc,bob-mcintyre,,,ホンダ,,,,,確認済
1962,350cc,silvio-grassetti,,,Bianchi,,,,,確認済
1962,125cc,luigi-taveri,,,ホンダ,,,1,48,確認済
1962,125cc,jim-redman,,,ホンダ,,,2,38,確認済
1962,125cc,tommy-robb,,,ホンダ,,,3,30,確認済
1962,125cc,kunimitsu-takahashi,,,ホンダ,,,4,16,確認済
1962,125cc,mike-hailwood,,,EMC,,,5,12,確認済
1962,125cc,kenjiro-tanaka,,,ホンダ,,,6,11,確認済
1962,125cc,bob-anderson,,,スズキ,,,7,11,確認済
1962,125cc,jorge-kissling,,,ブルタコ,,,8,7,確認済
1962,125cc,gunter-fischer,,,MZ,,,9,7,確認済
1962,125cc,paddy-driver,,,EMC,,,10,6,確認済
1962,125cc,ernst-degner,,,スズキ,,,11,5,確認済
1962,125cc,rex-avery,,,EMC,,,12,5,確認済
1962,125cc,tom-phillis,,,ホンダ,,,13,4,確認済
1962,125cc,alan-shepherd,,,MZ,,,14,4,確認済
1962,125cc,mitsuo-itoh,,,スズキ,,,15,4,確認済
1962,125cc,bob-mcintyre,,,ホンダ,,,16,3,確認済
1962,125cc,frederic-moreira,,,ブルタコ,,,17,3,確認済
1962,125cc,derek-minter,,,ホンダ,,,18,3,確認済
1962,125cc,alberto-pagani,,,ホンダ,,,19,2,確認済
1962,125cc,frank-perris,,,スズキ,,,20,2,確認済
1962,125cc,marzilio-chizzini,,,ブルタコ,,,21,2,確認済
1962,125cc,klaus-enderlein,,,MZ,,,22,2,確認済
1962,125cc,johnny-grace,,,ブルタコ,,,23,2,確認済
1962,125cc,stanislav-malina,,,CZ,,,24,1,確認済
1962,125cc,werner-musiol,,,MZ,,,25,1,確認済
1962,125cc,jukka-petaja,,,MZ,,,26,1,確認済
1962,125cc,pedro-rosenthal,,,トーハツ,,,27,1,確認済
1962,125cc,francesco-villa,,,モンディアル,,,28,1,確認済
1962,125cc,giuseppe-visenzi,,,ドゥカティ,,,29,1,確認済
1962,125cc,hans-fischer,,,MZ,,,,,確認済
1962,125cc,hugh-anderson,,,スズキ,,,,,確認済
1962,125cc,limberg-moreira,,,ブルタコ,,,,,確認済
1962,125cc,peter-eser,,,ホンダ,,,,,確認済
1962,125cc,sadao-shimazaki,,,ホンダ,,,,,確認済
1962,50cc,ernst-degner,,,スズキ,,,1,47,確認済
1962,50cc,hans-georg-anscheidt,,,クライドラー,,,2,36,確認済
1962,50cc,jan-huberts,,,クライドラー,,,3,29,確認済
1962,50cc,luigi-taveri,,,ホンダ,,,4,29,確認済
1962,50cc,mitsuo-itoh,,,スズキ,,,5,23,確認済
1962,50cc,tommy-robb,,,ホンダ,,,6,17,確認済
1962,50cc,hugh-anderson,,,スズキ,,,7,16,確認済
1962,50cc,seichi-suzuki,,,スズキ,,,8,10,確認済
1962,50cc,h-takahashi,,,ホンダ,,,9,7,確認済
1962,50cc,d-gedlich,,,クライドラー,,,10,6,確認済
1962,50cc,josep-maria-busquets,,,デルビ,,,11,6,確認済
1962,50cc,isao-morishita,,,スズキ,,,12,2,確認済
1962,50cc,kenjiro-tanaka,,,ホンダ,,,13,2,確認済
1962,50cc,michio-ichino,,,スズキ,,,14,2,確認済
1962,50cc,h-beer,,,クライドラー,,,15,1,確認済
1962,50cc,dan-shorey,,,クライドラー,,,16,1,確認済
1962,50cc,cees-van-dongen,,,ホンダ,,,,,確認済
1962,50cc,derek-minter,,,ホンダ,,,,,確認済
1962,50cc,kunimitsu-takahashi,,,ホンダ,,,,,確認済
1962,50cc,sadao-shimazaki,,,ホンダ,,,,,確認済
1962,50cc,tom-phillis,,,ホンダ,,,,,確認済
1962,50cc,wolfgang-gedlich,,,クライドラー,,,,,確認済
1963,500cc,mike-hailwood,,,MVアグスタ,,,1,40,確認済
1963,500cc,alan-shepherd,,,マッチレス,,,2,21,確認済
1963,500cc,john-hartle,,,ジレラ,,,3,20,確認済
1963,500cc,phil-read,,,ジレラ,,,4,16,確認済
1963,500cc,fred-stevens,,,ノートン,,,5,13,確認済
1963,500cc,michelle-duff,,,マッチレス,,,6,11,確認済
1963,500cc,derek-minter,,,ジレラ,,,7,10,確認済
1963,500cc,jack-findlay,,,マッチレス,,,8,8,確認済
1963,500cc,jorge-kissling,,,ノートン,,,9,6,確認済
1963,500cc,jack-ahearn,,,ノートン,,,10,5,確認済
1963,500cc,benedicto-caldarella,,,マッチレス,,,11,4,確認済
1963,500cc,bill-smith,,,ノートン,,,12,3,確認済
1963,500cc,victorio-minguzzi,,,マッチレス,,,13,3,確認済
1963,500cc,f-villavelran,,,ノートン,,,14,2,確認済
1963,500cc,ladi-richter,,,ノートン,,,15,2,確認済
1963,500cc,sid-mizen,,,ノートン,,,16,2,確認済
1963,500cc,joe-dunphy,,,ノートン,,,17,2,確認済
1963,500cc,ralph-bryans,,,ノートン,,,18,2,確認済
1963,500cc,nikolai-sevostianov,,,CKB,,,19,1,確認済
1963,500cc,j-acosta,,,ノートン,,,20,1,確認済
1963,500cc,vernon-cottle,,,ノートン,,,21,1,確認済
1963,500cc,vasco-loro,,,ノートン,,,22,1,確認済
1963,500cc,sven-gunnarsson,,,ノートン,,,23,1,確認済
1963,500cc,gyula-marsovszky,,,マッチレス,,,24,1,確認済
1963,500cc,alan-dugdale,,,マッチレス,,,,,確認済
1963,500cc,alan-harris,,,ヴェロセット,,,,,確認済
1963,500cc,albert-moule,,,ノートン,,,,,確認済
1963,500cc,alberto-picca,,,ジレラ,,,,,確認済
1963,500cc,alf-shaw,,,ノートン,,,,,確認済
1963,500cc,angelo-tenconi,,,不明,,,,,確認済
1963,500cc,anssi-resko,,,マッチレス,,,,,確認済
1963,500cc,antero-ventoniemi,,,ノートン,,,,,確認済
1963,500cc,anthony-fisher,,,ノートン,,,,,確認済
1963,500cc,antonio-de-simone,,,Rudge,,,,,確認済
1963,500cc,barry-smith,,,マッチレス,,,,,確認済
1963,500cc,benedetto-zambotti,,,ノートン,,,,,確認済
1963,500cc,bernie-marrier,,,ノートン,,,,,確認済
1963,500cc,bill-wetzel,,,マッチレス,,,,,確認済
1963,500cc,billie-nelson,,,ノートン,,,,,確認済
1963,500cc,billy-andersson,,,ノートン,,,,,確認済
1963,500cc,billy-mccosh,,,マッチレス,,,,,確認済
1963,500cc,bo-granath,,,マッチレス,,,,,確認済
1963,500cc,bob-ritchie,,,ノートン,,,,,確認済
1963,500cc,brian-carr,,,ノートン,,,,,確認済
1963,500cc,brian-dennis,,,BSA,,,,,確認済
1963,500cc,brian-setchell,,,ノートン,,,,,確認済
1963,500cc,brian-walmsley,,,ノートン,,,,,確認済
1963,500cc,colin-cross,,,ノートン,,,,,確認済
1963,500cc,colin-lyster,,,ノートン,,,,,確認済
1963,500cc,dan-shorey,,,マッチレス,,,,,確認済
1963,500cc,dennis-ainsworth,,,マッチレス,,,,,確認済
1963,500cc,dennis-fry,,,ノートン,,,,,確認済
1963,500cc,derek-llee,,,マッチレス,,,,,確認済
1963,500cc,derek-woodman,,,マッチレス,,,,,確認済
1963,500cc,don-ellis,,,マッチレス,,,,,確認済
1963,500cc,don-haddow,,,マッチレス,,,,,確認済
1963,500cc,edy-lenz,,,ノートン,,,,,確認済
1963,500cc,ellis-boyce,,,ノートン,,,,,確認済
1963,500cc,emanuele-maugliani,,,ジレラ,,,,,確認済
1963,500cc,endel-kiisa,,,CKB,,,,,確認済
1963,500cc,ernst-weiss,,,ノートン,,,,,確認済
1963,500cc,frank-reynolds,,,ノートン,,,,,確認済
1963,500cc,franta-stastny,,,ヤワ,,,,,確認済
1963,500cc,ginger-molloy,,,マッチレス,,,,,確認済
1963,500cc,giuseppe-dardanello,,,ノートン,,,,,確認済
1963,500cc,graham-dickson,,,マッチレス,,,,,確認済
1963,500cc,gyorgy-kurucz,,,ノートン,,,,,確認済
1963,500cc,hannu-kuparinen,,,ノートン,,,,,確認済
1963,500cc,ian-burne,,,ノートン,,,,,確認済
1963,500cc,jack-gow,,,Triton,,,,,確認済
1963,500cc,jack-simpson,,,マッチレス,,,,,確認済
1963,500cc,jimmy-morton,,,マッチレス,,,,,確認済
1963,500cc,john-simmonds,,,マッチレス,,,,,確認済
1963,500cc,john-somers,,,ノートン,,,,,確認済
1963,500cc,johnnie-rae,,,ノートン,,,,,確認済
1963,500cc,joop-vogelzang,,,ノートン,,,,,確認済
1963,500cc,juri-randla,,,CKB,,,,,確認済
1963,500cc,karl-recktenwald,,,ノートン,,,,,確認済
1963,500cc,lothar-john,,,ノートン,,,,,確認済
1963,500cc,louis-carr,,,マッチレス,,,,,確認済
1963,500cc,martyn-hayward,,,マッチレス,,,,,確認済
1963,500cc,michael-mcstay,,,ノートン,,,,,確認済
1963,500cc,monty-buxton,,,ノートン,,,,,確認済
1963,500cc,morry-low,,,マッチレス,,,,,確認済
1963,500cc,othmar-drixl,,,ノートン,,,,,確認済
1963,500cc,paddy-driver,,,マッチレス,,,,,確認済
1963,500cc,pentti-lehtela,,,ノートン,,,,,確認済
1963,500cc,pete-bettison,,,ノートン,,,,,確認済
1963,500cc,peter-evans,,,ノートン,,,,,確認済
1963,500cc,peter-preston,,,ノートン,,,,,確認済
1963,500cc,philippe-canoui,,,ノートン,,,,,確認済
1963,500cc,pietro-mencaglia,,,ノートン,,,,,確認済
1963,500cc,raphael-orinel,,,ノートン,,,,,確認済
1963,500cc,raymond-bogaerdt,,,ノートン,,,,,確認済
1963,500cc,raymond-shaw,,,マッチレス,,,,,確認済
1963,500cc,remo-venturi,,,Bianchi,,,,,確認済
1963,500cc,riccardo-rossi,,,ノートン,,,,,確認済
1963,500cc,robert-knott,,,ノートン,,,,,確認済
1963,500cc,roland-foll,,,マッチレス,,,,,確認済
1963,500cc,roly-capner,,,BSA,,,,,確認済
1963,500cc,ron-robinson,,,ノートン,,,,,確認済
1963,500cc,roy-ingram,,,ノートン,,,,,確認済
1963,500cc,roy-robinson,,,ノートン,,,,,確認済
1963,500cc,rudolf-thalhammer,,,ノートン,,,,,確認済
1963,500cc,stan-brassley,,,ノートン,,,,,確認済
1963,500cc,tauno-nurmi,,,ノートン,,,,,確認済
1963,500cc,tom-walker,,,ノートン,,,,,確認済
1963,500cc,tony-heaton,,,ノートン,,,,,確認済
1963,500cc,vagn-stevnhoved,,,マッチレス,,,,,確認済
1963,500cc,veikko-sulasaari,,,ノートン,,,,,確認済
1963,500cc,walter-scheimann,,,ノートン,,,,,確認済
1963,500cc,william-sharp,,,BSA,,,,,確認済
1963,250cc,jim-redman,,,ホンダ,,,1,44,確認済
1963,250cc,tarquinio-provini,,,モト・モリーニ,,,2,42,確認済
1963,250cc,fumio-ito,,,ヤマハ,,,3,26,確認済
1963,250cc,tommy-robb,,,ホンダ,,,4,20,確認済
1963,250cc,luigi-taveri,,,ホンダ,,,5,13,確認済
1963,250cc,alan-shepherd,,,MZ,,,6,11,確認済
1963,250cc,yoshikazu-sunako,,,ヤマハ,,,7,9,確認済
1963,250cc,mike-hailwood,,,MZ,,,8,8,確認済
1963,250cc,kunimitsu-takahashi,,,ホンダ,,,9,7,確認済
1963,250cc,phil-read,,,ヤマハ,,,10,4,確認済
1963,250cc,umberto-masetti,,,モト・モリーニ,,,11,4,確認済
1963,250cc,a-j-smith,,,ホンダ,,,12,4,確認済
1963,250cc,stanislav-malina,,,CZ,,,13,4,確認済
1963,250cc,silvio-grassetti,,,ベネリ,,,14,3,確認済
1963,250cc,janos-szabo,,,MZ,,,15,3,確認済
1963,250cc,jorge-kissling,,,NSU,,,16,3,確認済
1963,250cc,hiroshi-hasegawa,,,ヤマハ,,,17,3,確認済
1963,250cc,jack-findlay,,,モンディアル,,,18,2,確認済
1963,250cc,ivan-schuman,,,NSU,,,19,2,確認済
1963,250cc,cas-swart,,,ホンダ,,,20,1,確認済
1963,250cc,isamu-kasuya,,,ホンダ,,,21,1,確認済
1963,250cc,john-kidson,,,モトグッツィ,,,22,1,確認済
1963,250cc,carlo-marfetan,,,パリラ,,,23,1,確認済
1963,250cc,gilberto-milani,,,アエルマッキ,,,24,1,確認済
1963,250cc,bob-anderson,,,アエルマッキ,,,25,1,確認済
1963,250cc,bill-smith,,,ホンダ,,,,,確認済
1963,250cc,carl-ward,,,ホンダ,,,,,確認済
1963,250cc,chris-anderson,,,アエルマッキ,,,,,確認済
1963,250cc,lazlo-szabo,,,MZ,,,,,確認済
1963,350cc,jim-redman,,,ホンダ,,,1,32,確認済
1963,350cc,mike-hailwood,,,MVアグスタ,,,2,28,確認済
1963,350cc,luigi-taveri,,,ホンダ,,,3,16,確認済
1963,350cc,gustav-havel,,,ヤワ,,,4,7,確認済
1963,350cc,franta-stastny,,,ヤワ,,,5,7,確認済
1963,350cc,alan-shepherd,,,MZ,,,6,6,確認済
1963,350cc,remo-venturi,,,Bianchi,,,7,6,確認済
1963,350cc,john-hartle,,,ジレラ,,,8,6,確認済
1963,350cc,michelle-duff,,,AJS,,,9,5,確認済
1963,350cc,nikolai-sevostianov,,,Ckb,,,10,5,確認済
1963,350cc,sid-mizen,,,AJS,,,11,4,確認済
1963,350cc,jack-ahearn,,,ノートン,,,12,4,確認済
1963,350cc,tommy-robb,,,ホンダ,,,13,4,確認済
1963,350cc,phil-read,,,ジレラ,,,14,4,確認済
1963,350cc,fred-stevens,,,ノートン,,,15,4,確認済
1963,350cc,sven-gunnarsson,,,ノートン,,,16,4,確認済
1963,350cc,pavel-stavicek,,,ヤワ,,,17,3,確認済
1963,350cc,dan-shorey,,,AJS,,,18,2,確認済
1963,350cc,gilberto-milani,,,アエルマッキ,,,19,2,確認済
1963,350cc,len-ireland,,,ノートン,,,20,1,確認済
1963,125cc,hugh-anderson,,,スズキ,,,1,54,確認済
1963,125cc,luigi-taveri,,,ホンダ,,,2,38,確認済
1963,125cc,jim-redman,,,ホンダ,,,3,35,確認済
1963,125cc,frank-perris,,,スズキ,,,4,24,確認済
1963,125cc,bert-schneider,,,スズキ,,,5,23,確認済
1963,125cc,ernst-degner,,,スズキ,,,6,17,確認済
1963,125cc,kunimitsu-takahashi,,,ホンダ,,,7,14,確認済
1963,125cc,alan-shepherd,,,MZ,,,8,11,確認済
1963,125cc,tommy-robb,,,ホンダ,,,9,11,確認済
1963,125cc,janos-szabo,,,MZ,,,10,7,確認済
1963,125cc,hugo-pochettino,,,ブルタコ,,,11,6,確認済
1963,125cc,giuseppe-visenzi,,,ホンダ,,,12,6,確認済
1963,125cc,benedicto-caldarella,,,ブルタコ,,,13,4,確認済
1963,125cc,p-g-inchley,,,EMC,,,14,3,確認済
1963,125cc,alberto-gomez,,,Zanella,,,15,3,確認済
1963,125cc,michelle-duff,,,ブルタコ,,,16,3,確認済
1963,125cc,eduardo-salatino,,,Zanella,,,17,2,確認済
1963,125cc,fernando-gonzalez-de-nicolas,,,ブルタコ,,,18,2,確認済
1963,125cc,johnny-grace,,,ブルタコ,,,19,2,確認済
1963,125cc,jean-pierre-beltoise,,,ブルタコ,,,20,1,確認済
1963,125cc,mitsuo-itoh,,,スズキ,,,21,1,確認済
1963,125cc,horacio-maffia,,,ドゥカティ,,,22,1,確認済
1963,125cc,stanislav-malina,,,CZ,,,23,1,確認済
1963,125cc,werner-musiol,,,MZ,,,24,1,確認済
1963,125cc,lee-dickinson,,,ホンダ,,,25,1,確認済
1963,125cc,carl-ward,,,ホンダ,,,,,確認済
1963,125cc,cees-van-dongen,,,ホンダ,,,,,確認済
1963,125cc,fabian-gonzales,,,ブルタコ,,,,,確認済
1963,125cc,kuniomi-magamatsu,,,ホンダ,,,,,確認済
1963,125cc,lazlo-szabo,,,MZ,,,,,確認済
1963,125cc,r-dickinson,,,ホンダ,,,,,確認済
1963,125cc,ralph-bryans,,,ホンダ,,,,,確認済
1963,125cc,sven-gunnarsson,,,ホンダ,,,,,確認済
1963,125cc,walter-scheimann,,,ホンダ,,,,,確認済
1963,50cc,hugh-anderson,,,スズキ,,,1,34,確認済
1963,50cc,hans-georg-anscheidt,,,クライドラー,,,2,32,確認済
1963,50cc,ernst-degner,,,スズキ,,,3,30,確認済
1963,50cc,isao-morishita,,,スズキ,,,4,23,確認済
1963,50cc,mitsuo-itoh,,,スズキ,,,5,20,確認済
1963,50cc,michio-ichino,,,スズキ,,,6,14,確認済
1963,50cc,alberto-pagani,,,クライドラー,,,7,9,確認済
1963,50cc,luigi-taveri,,,ホンダ,,,8,8,確認済
1963,50cc,josep-maria-busquets,,,デルビ,,,9,7,確認済
1963,50cc,shunkichi-masuda,,,スズキ,,,10,4,確認済
1963,50cc,jean-pierre-beltoise,,,クライドラー,,,11,3,確認済
1963,50cc,raoul-kissling,,,クライドラー,,,12,3,確認済
1963,50cc,sadao-shimazaki,,,ホンダ,,,13,2,確認済
1963,50cc,karaber-samardjian,,,スズキ,,,14,2,確認済
1963,50cc,cesar-gracia,,,Ducson,,,15,1,確認済
1963,50cc,ian-plumridge,,,ホンダ,,,16,1,確認済
1963,50cc,s-matti,,,Pyrkijca,,,17,1,確認済
1963,50cc,gaston-biscia,,,スズキ,,,18,1,確認済
1963,50cc,matti-salonen,,,Pyrkijca,,,,,確認済
1964,500cc,mike-hailwood,,,MVアグスタ,,,1,40,確認済
1964,500cc,jack-ahearn,,,ノートン,,,2,25,確認済
1964,500cc,phil-read,,,マッチレス,,,3,25,確認済
1964,500cc,michelle-duff,,,ノートン,,,4,18,確認済
1964,500cc,paddy-driver,,,マッチレス,,,5,16,確認済
1964,500cc,fred-stevens,,,マッチレス,,,6,8,確認済
1964,500cc,gyula-marsovszky,,,マッチレス,,,7,7,確認済
1964,500cc,derek-minter,,,ノートン,,,8,6,確認済
1964,500cc,benedicto-caldarella,,,ジレラ,,,9,6,確認済
1964,500cc,remo-venturi,,,Bianchi,,,10,6,確認済
1964,500cc,r-creith,,,ノートン,,,11,6,確認済
1964,500cc,nikolai-sevostianov,,,Ckeb,,,12,6,確認済
1964,500cc,derek-woodman,,,マッチレス,,,13,6,確認済
1964,500cc,john-hartle,,,ノートン,,,14,4,確認済
1964,500cc,jack-findlay,,,マッチレス,,,15,4,確認済
1964,500cc,rob-fitton,,,ノートン,,,16,3,確認済
1964,500cc,morry-low,,,ノートン,,,17,2,確認済
1964,500cc,eriff-jenkins,,,ノートン,,,18,2,確認済
1964,500cc,chris-conn,,,ノートン,,,19,2,確認済
1964,500cc,buddy-parriott,,,ノートン,,,20,1,確認済
1964,500cc,walter-scheimann,,,ノートン,,,21,1,確認済
1964,500cc,billy-mccosh,,,マッチレス,,,22,1,確認済
1964,500cc,lewis-young,,,マッチレス,,,23,1,確認済
1964,500cc,aart-van-kooij,,,ノートン,,,,,確認済
1964,500cc,agne-carlsson,,,マッチレス,,,,,確認済
1964,500cc,alan-hunter,,,マッチレス,,,,,確認済
1964,500cc,alberto-pagani,,,Bianchi,,,,,確認済
1964,500cc,alberto-picca,,,ジレラ,,,,,確認済
1964,500cc,anssi-resko,,,マッチレス,,,,,確認済
1964,500cc,antero-ventoniemi,,,ノートン,,,,,確認済
1964,500cc,benedetto-zambotti,,,ノートン,,,,,確認済
1964,500cc,bo-granath,,,マッチレス,,,,,確認済
1964,500cc,bror-erland-carlsson,,,マッチレス,,,,,確認済
1964,500cc,dan-shorey,,,ノートン,,,,,確認済
1964,500cc,dennis-fry,,,ノートン,,,,,確認済
1964,500cc,emanuele-maugliani,,,ジレラ,,,,,確認済
1964,500cc,endel-kiisa,,,CKEB,,,,,確認済
1964,500cc,ginger-molloy,,,ノートン,,,,,確認済
1964,500cc,giuseppe-dardanello,,,ノートン,,,,,確認済
1964,500cc,gustav-havel,,,ヤワ,,,,,確認済
1964,500cc,hannu-kuparinen,,,マッチレス,,,,,確認済
1964,500cc,hansjorg-butz,,,ノートン,,,,,確認済
1964,500cc,ian-burne,,,ノートン,,,,,確認済
1964,500cc,john-somers,,,ノートン,,,,,確認済
1964,500cc,jouko-ryhanen,,,マッチレス,,,,,確認済
1964,500cc,maurice-hawthorne,,,ノートン,,,,,確認済
1964,500cc,paolo-campanelli,,,マッチレス,,,,,確認済
1964,500cc,pentti-lehtela,,,ノートン,,,,,確認済
1964,500cc,philippe-canoui,,,ノートン,,,,,確認済
1964,500cc,pietro-mencaglia,,,ジレラ,,,,,確認済
1964,500cc,raymond-bogaerdt,,,ノートン,,,,,確認済
1964,500cc,roy-robinson,,,ノートン,,,,,確認済
1964,500cc,silvio-grassetti,,,Bianchi,,,,,確認済
1964,500cc,sven-gunnarsson,,,ノートン,,,,,確認済
1964,500cc,teuvo-laakso,,,マッチレス,,,,,確認済
1964,500cc,thomas-gill,,,マッチレス,,,,,確認済
1964,500cc,vasco-loro,,,ノートン,,,,,確認済
1964,500cc,veikko-sulasaari,,,ノートン,,,,,確認済
1964,500cc,vernon-cottle,,,ノートン,,,,,確認済
1964,250cc,phil-read,,,ヤマハ,,,1,46,確認済
1964,250cc,jim-redman,,,ホンダ,,,2,42,確認済
1964,250cc,alan-shepherd,,,MZ,,,3,23,確認済
1964,250cc,michelle-duff,,,ヤマハ,,,4,20,確認済
1964,250cc,tarquinio-provini,,,ベネリ,,,5,15,確認済
1964,250cc,luigi-taveri,,,ホンダ,,,6,11,確認済
1964,250cc,isamu-kasuya,,,ホンダ,,,7,10,確認済
1964,250cc,bruce-beale,,,ホンダ,,,8,9,確認済
1964,250cc,tommy-robb,,,ヤマハ,,,9,7,確認済
1964,250cc,eddie-grant,,,パリラ,,,10,6,確認済
1964,250cc,alberto-pagani,,,パトン,,,11,6,確認済
1964,250cc,giacomo-agostini,,,モト・モリーニ,,,12,6,確認済
1964,250cc,bert-schneider,,,スズキ,,,13,5,確認済
1964,250cc,ralph-bryans,,,ホンダ,,,14,4,確認済
1964,250cc,bob-gehring,,,ブルタコ,,,15,4,確認済
1964,250cc,hiroshi-hasegawa,,,ヤマハ,,,16,4,確認済
1964,250cc,alfredo-milani,,,アエルマッキ,,,17,4,確認済
1964,250cc,stanislav-malina,,,CZ,,,18,3,確認済
1964,250cc,george-rockett,,,ドゥカティ,,,19,3,確認済
1964,250cc,a-weiss,,,ホンダ,,,20,2,確認済
1964,250cc,roy-boughey,,,ヤマハ,,,21,2,確認済
1964,250cc,bob-anderson,,,スズキ,,,22,2,確認済
1964,250cc,joe-dunphy,,,Greeves,,,23,2,確認済
1964,250cc,mike-hailwood,,,MZ,,,24,2,確認済
1964,250cc,alex-sirera,,,モンテサ,,,25,1,確認済
1964,250cc,wolfgang-gast,,,MZ,,,26,1,確認済
1964,250cc,clive-hunt,,,アエルマッキ,,,27,1,確認済
1964,250cc,roger-mailes,,,モト・モリーニ,,,28,1,確認済
1964,250cc,clive-brown,,,ドゥカティ,,,29,1,確認済
1964,250cc,floyd-brown,,,ドゥカティ,,,,,確認済
1964,250cc,gilberto-milani,,,アエルマッキ,,,,,確認済
1964,250cc,gosta-jensen,,,ホンダ,,,,,確認済
1964,250cc,gunter-beer,,,ホンダ,,,,,確認済
1964,250cc,ron-grant,,,パリラ,,,,,確認済
1964,350cc,jim-redman,,,ホンダ,,,1,40,確認済
1964,350cc,bruce-beale,,,ホンダ,,,2,24,確認済
1964,350cc,michelle-duff,,,AJS,,,3,30,確認済
1964,350cc,mike-hailwood,,,MVアグスタ,,,4,12,確認済
1964,350cc,gustav-havel,,,ヤワ,,,5,10,確認済
1964,350cc,phil-read,,,AJS,,,6,6,確認済
1964,350cc,paddy-driver,,,AJS,,,7,5,確認済
1964,350cc,remo-venturi,,,Bianchi,,,8,4,確認済
1964,350cc,stanislav-malina,,,CZ,,,9,4,確認済
1964,350cc,isamu-kasuya,,,ホンダ,,,10,4,確認済
1964,350cc,derek-minter,,,ノートン,,,11,4,確認済
1964,350cc,e-kyisa,,,Unknown,,,12,4,確認済
1964,350cc,morisuka-yamashita,,,ホンダ,,,13,3,確認済
1964,350cc,vernon-cottle,,,AJS,,,14,3,確認済
1964,350cc,derek-woodman,,,AJS,,,15,3,確認済
1964,350cc,renzo-pasolini,,,アエルマッキ,,,16,3,確認済
1964,350cc,gilberto-milani,,,Unknown,,,17,3,確認済
1964,350cc,alan-shepherd,,,MZ,,,18,3,確認済
1964,350cc,fred-stevens,,,AJS,,,19,2,確認済
1964,350cc,chris-conn,,,ノートン,,,20,2,確認済
1964,350cc,kuniomi-magamatsu,,,ホンダ,,,21,2,確認済
1964,350cc,jack-ahearn,,,ノートン,,,22,1,確認済
1964,350cc,joe-dunphy,,,ノートン,,,23,1,確認済
1964,350cc,p-kiisa,,,Ckeb,,,,,確認済
1964,125cc,luigi-taveri,,,ホンダ,,,1,46,確認済
1964,125cc,jim-redman,,,ホンダ,,,2,36,確認済
1964,125cc,bob-anderson,,,スズキ,,,3,34,確認済
1964,125cc,bert-schneider,,,スズキ,,,4,22,確認済
1964,125cc,ralph-bryans,,,ホンダ,,,5,21,確認済
1964,125cc,ernst-degner,,,スズキ,,,6,12,確認済
1964,125cc,frank-perris,,,スズキ,,,7,10,確認済
1964,125cc,phil-read,,,ヤマハ,,,8,6,確認済
1964,125cc,mitsuo-itoh,,,スズキ,,,9,6,確認済
1964,125cc,walter-scheimann,,,ホンダ,,,10,6,確認済
1964,125cc,rex-avery,,,EMC,,,11,4,確認済
1964,125cc,yoshimi-katayama,,,スズキ,,,12,4,確認済
1964,125cc,jean-pierre-beltoise,,,ブルタコ,,,13,4,確認済
1964,125cc,stanislav-malina,,,CZ,,,14,3,確認済
1964,125cc,isao-morishita,,,スズキ,,,15,3,確認済
1964,125cc,heinz-rosner,,,MZ,,,16,3,確認済
1964,125cc,kunimitsu-takahashi,,,ホンダ,,,17,3,確認済
1964,125cc,kenjiro-tanaka,,,スズキ,,,18,3,確認済
1964,125cc,richard-thomas,,,ホンダ,,,19,2,確認済
1964,125cc,k-matsushima,,,ヤマハ,,,20,2,確認済
1964,125cc,friedhelm-kohlar,,,MZ,,,21,2,確認済
1964,125cc,klaus-enderlein,,,MZ,,,22,2,確認済
1964,125cc,bruce-beale,,,ホンダ,,,23,2,確認済
1964,125cc,peter-eser,,,ホンダ,,,24,1,確認済
1964,125cc,r-ftll,,,ホンダ,,,25,1,確認済
1964,125cc,dieter-krumpholz,,,MZ,,,26,1,確認済
1964,125cc,ramon-torras,,,ブルタコ,,,27,1,確認済
1964,125cc,chris-vincent,,,ホンダ,,,28,1,確認済
1964,125cc,lee-dickinson,,,ホンダ,,,29,1,確認済
1964,125cc,akihiko-motohashi,,,ヤマハ,,,30,1,確認済
1964,125cc,arthur-fegbli,,,ホンダ,,,,,確認済
1964,125cc,bill-smith,,,ホンダ,,,,,確認済
1964,125cc,giuseppe-visenzi,,,ホンダ,,,,,確認済
1964,125cc,hugh-anderson,,,スズキ,,,,,確認済
1964,125cc,isamu-kasuya,,,ホンダ,,,,,確認済
1964,125cc,jack-ahearn,,,ホンダ,,,,,確認済
1964,125cc,jan-kostwinder,,,ホンダ,,,,,確認済
1964,125cc,jim-curry,,,ホンダ,,,,,確認済
1964,125cc,joe-dunphy,,,ホンダ,,,,,確認済
1964,125cc,kevin-webster,,,ホンダ,,,,,確認済
1964,125cc,r-dickinson,,,ホンダ,,,,,確認済
1964,125cc,roland-foll,,,ホンダ,,,,,確認済
1964,125cc,steve-murray,,,ホンダ,,,,,確認済
1964,125cc,ulf-svensson,,,ホンダ,,,,,確認済
1964,50cc,hugh-anderson,,,スズキ,,,1,38,確認済
1964,50cc,ralph-bryans,,,ホンダ,,,2,30,確認済
1964,50cc,hans-georg-anscheidt,,,クライドラー,,,3,29,確認済
1964,50cc,isao-morishita,,,スズキ,,,4,25,確認済
1964,50cc,mitsuo-itoh,,,スズキ,,,5,19,確認済
1964,50cc,jean-pierre-beltoise,,,クライドラー,,,6,6,確認済
1964,50cc,luigi-taveri,,,クライドラー,,,7,5,確認済
1964,50cc,rudolf-kunz,,,クライドラー,,,8,3,確認済
1964,50cc,josep-maria-busquets,,,デルビ,,,9,3,確認済
1964,50cc,peter-eser,,,ホンダ,,,10,2,確認済
1964,50cc,angel-nieto,,,デルビ,,,11,2,確認済
1964,50cc,cees-van-dongen,,,Unknown,,,12,2,確認済
1964,50cc,charlie-mates,,,ホンダ,,,13,1,確認済
1964,50cc,albert-beirle,,,クライドラー,,,14,1,確認済
1964,50cc,lee-allen,,,Unknown,,,15,1,確認済
1964,50cc,tarquinio-provini,,,クライドラー,,,16,1,確認済
1964,50cc,naomi-taniguchi,,,ホンダ,,,17,1,確認済
1964,50cc,ian-plumridge,,,ホンダ,,,,,確認済
1964,50cc,jim-pink,,,ホンダ,,,,,確認済
1964,50cc,kunimitsu-takahashi,,,ホンダ,,,,,確認済
1964,50cc,pierre-viura,,,デルビ,,,,,確認済
1964,50cc,tommy-robb,,,ホンダ,,,,,確認済
1965,500cc,mike-hailwood,,,MVアグスタ,,,1,48,確認済
1965,500cc,giacomo-agostini,,,MVアグスタ,,,2,38,確認済
1965,500cc,paddy-driver,,,マッチレス,,,3,26,確認済
1965,500cc,fred-stevens,,,マッチレス,,,4,15,確認済
1965,500cc,jack-ahearn,,,ノートン,,,5,9,確認済
1965,500cc,r-creith,,,ノートン,,,6,8,確認済
1965,500cc,jack-findlay,,,マッチレス,,,7,8,確認済
1965,500cc,buddy-parriott,,,ノートン,,,8,6,確認済
1965,500cc,joe-dunphy,,,ノートン,,,9,6,確認済
1965,500cc,franta-stastny,,,ヤワ,,,10,5,確認済
1965,500cc,michelle-duff,,,マッチレス,,,11,4,確認済
1965,500cc,derek-minter,,,ノートン,,,12,4,確認済
1965,500cc,chris-conn,,,ノートン,,,13,4,確認済
1965,500cc,ray-beaumont,,,ノートン,,,14,4,確認済
1965,500cc,walter-scheimann,,,ノートン,,,15,4,確認済
1965,500cc,ian-burne,,,ノートン,,,16,4,確認済
1965,500cc,jouko-ryhanen,,,マッチレス,,,17,3,確認済
1965,500cc,john-cooper,,,RD,,,18,3,確認済
1965,500cc,alistair-king,,,ノートン,,,19,3,確認済
1965,500cc,giuseppe-mandolini,,,モトグッツィ,,,20,2,確認済
1965,500cc,gyula-marsovszky,,,マッチレス,,,21,2,確認済
1965,500cc,ed-labelle,,,ノートン,,,22,2,確認済
1965,500cc,edy-lenz,,,ノートン,,,23,2,確認済
1965,500cc,selwyn-griffiths,,,マッチレス,,,24,2,確認済
1965,500cc,billy-mccosh,,,マッチレス,,,25,1,確認済
1965,500cc,lewis-young,,,マッチレス,,,26,1,確認済
1965,500cc,david-lloyd,,,ノートン,,,27,1,確認済
1965,500cc,billie-nelson,,,ノートン,,,28,1,確認済
1965,500cc,dan-shorey,,,ノートン,,,29,1,確認済
1965,500cc,rob-fitton,,,ノートン,,,30,1,確認済
1965,500cc,abbey-de-kock,,,ノートン,,,,,確認済
1965,500cc,alf-shaw,,,ノートン,,,,,確認済
1965,500cc,bo-granath,,,マッチレス,,,,,確認済
1965,500cc,bob-ritchie,,,ノートン,,,,,確認済
1965,500cc,d-loyd,,,ノートン,,,,,確認済
1965,500cc,davy-crawford,,,ノートン,,,,,確認済
1965,500cc,derek-lee,,,マッチレス,,,,,確認済
1965,500cc,dick-creith,,,ノートン,,,,,確認済
1965,500cc,eric-hinton,,,ノートン,,,,,確認済
1965,500cc,ernst-weiss,,,ノートン,,,,,確認済
1965,500cc,giuseppe-dardanello,,,ノートン,,,,,確認済
1965,500cc,gordon-keith,,,ノートン,,,,,確認済
1965,500cc,griff-jenkins,,,Lancefield,,,,,確認済
1965,500cc,gustav-havel,,,ヤワ,,,,,確認済
1965,500cc,gyorgy-kurucz,,,ノートン,,,,,確認済
1965,500cc,ian-mcgregor,,,ノートン,,,,,確認済
1965,500cc,jack-saunders,,,マッチレス,,,,,確認済
1965,500cc,jan-hennek,,,ノートン,,,,,確認済
1965,500cc,jimmy-jones,,,ノートン,,,,,確認済
1965,500cc,john-brown,,,ノートン,,,,,確認済
1965,500cc,ken-king,,,ノートン,,,,,確認済
1965,500cc,malcom-stanton,,,ノートン,,,,,確認済
1965,500cc,maurice-hawtorne,,,ノートン,,,,,確認済
1965,500cc,philippe-canoui,,,ノートン,,,,,確認済
1965,500cc,robert-haldane,,,マッチレス,,,,,確認済
1965,500cc,ron-wilson,,,ノートン,,,,,確認済
1965,500cc,roy-robinson,,,ノートン,,,,,確認済
1965,500cc,rudolf-thalhammer,,,ノートン,,,,,確認済
1965,500cc,sid-mizen,,,マッチレス,,,,,確認済
1965,500cc,stuart-graham,,,マッチレス,,,,,確認済
1965,250cc,phil-read,,,ヤマハ,,,1,56,確認済
1965,250cc,michelle-duff,,,ヤマハ,,,2,42,確認済
1965,250cc,jim-redman,,,ホンダ,,,3,34,確認済
1965,250cc,heinz-rosner,,,MZ,,,4,18,確認済
1965,250cc,derek-woodman,,,MZ,,,5,15,確認済
1965,250cc,bruce-beale,,,ホンダ,,,6,14,確認済
1965,250cc,tarquinio-provini,,,ベネリ,,,7,11,確認済
1965,250cc,ramon-torras,,,ブルタコ,,,8,10,確認済
1965,250cc,frank-perris,,,スズキ,,,9,9,確認済
1965,250cc,mike-hailwood,,,ホンダ,,,10,8,確認済
1965,250cc,franta-stastny,,,Jawa-CZ,,,11,8,確認済
1965,250cc,isamu-kasuya,,,ホンダ,,,12,6,確認済
1965,250cc,ralph-bryans,,,ホンダ,,,13,6,確認済
1965,250cc,yoshimi-katayama,,,スズキ,,,14,6,確認済
1965,250cc,giuseppe-visenzi,,,アエルマッキ,,,15,5,確認済
1965,250cc,bill-ivy,,,ヤマハ,,,16,4,確認済
1965,250cc,silvio-grassetti,,,モト・モリーニ,,,17,4,確認済
1965,250cc,remo-venturi,,,ベネリ,,,18,4,確認済
1965,250cc,barry-smith,,,ブルタコ,,,19,4,確認済
1965,250cc,ginger-molloy,,,ブルタコ,,,20,4,確認済
1965,250cc,i-yamashita,,,ホンダ,,,21,3,確認済
1965,250cc,jean-claude-guenard,,,ブルタコ,,,22,3,確認済
1965,250cc,gunter-beer,,,ホンダ,,,23,3,確認済
1965,250cc,hiroshi-hasegawa,,,ヤマハ,,,24,2,確認済
1965,250cc,josep-maria-busquets,,,モンテサ,,,25,2,確認済
1965,250cc,kevin-cass,,,Cotton,,,26,2,確認済
1965,250cc,rex-avery,,,ブルタコ,,,27,2,確認済
1965,250cc,bob-coulter,,,ベネリ,,,28,1,確認済
1965,250cc,alberto-pagani,,,アエルマッキ,,,29,1,確認済
1965,250cc,alfredo-milani,,,ホンダ,,,30,1,確認済
1965,250cc,don-williams,,,モンディアル,,,31,1,確認済
1965,250cc,john-buckner,,,ヤマハ,,,32,1,確認済
1965,250cc,alain-barbaroux,,,アエルマッキ,,,33,1,確認済
1965,250cc,dave-simmonds,,,ホンダ,,,,,確認済
1965,250cc,gosta-jensen,,,ホンダ,,,,,確認済
1965,250cc,ken-king,,,ホンダ,,,,,確認済
1965,350cc,jim-redman,,,ホンダ,,,1,38,確認済
1965,350cc,giacomo-agostini,,,MVアグスタ,,,2,32,確認済
1965,350cc,mike-hailwood,,,MVアグスタ,,,3,20,確認済
1965,350cc,bruce-beale,,,ホンダ,,,4,15,確認済
1965,350cc,derek-woodman,,,MZ,,,5,14,確認済
1965,350cc,franta-stastny,,,Jawa-CZ,,,6,14,確認済
1965,350cc,gustav-havel,,,Jawa-CZ,,,7,12,確認済
1965,350cc,renzo-pasolini,,,アエルマッキ,,,8,9,確認済
1965,350cc,gilberto-milani,,,アエルマッキ,,,9,6,確認済
1965,350cc,silvio-grassetti,,,Bianchi,,,10,6,確認済
1965,350cc,franziseh-bocek,,,Jawa-CZ,,,11,6,確認済
1965,350cc,phil-read,,,ヤマハ,,,12,6,確認済
1965,350cc,tarquinio-provini,,,ベネリ,,,13,4,確認済
1965,350cc,isamu-kasuya,,,ホンダ,,,14,4,確認済
1965,350cc,nikolai-sevostianov,,,Vostok,,,15,4,確認済
1965,350cc,chris-conn,,,ノートン,,,16,3,確認済
1965,350cc,h-yamashita,,,ホンダ,,,17,3,確認済
1965,350cc,h-karlsson,,,AJS,,,18,3,確認済
1965,350cc,eriff-jenkins,,,ノートン,,,19,3,確認済
1965,350cc,lewis-young,,,AJS,,,20,2,確認済
1965,350cc,p-kiisa,,,Vostok,,,21,2,確認済
1965,350cc,john-cooper,,,ノートン,,,22,2,確認済
1965,350cc,dan-shorey,,,ノートン,,,23,2,確認済
1965,350cc,paddy-driver,,,AJS,,,24,1,確認済
1965,350cc,eric-hinton,,,ノートン,,,25,1,確認済
1965,350cc,barry-smith,,,ホンダ,,,26,1,確認済
1965,350cc,bill-smith,,,ホンダ,,,,,確認済
1965,350cc,i-yamashita,,,ホンダ,,,,,確認済
1965,125cc,hugh-anderson,,,スズキ,,,1,56,確認済
1965,125cc,frank-perris,,,スズキ,,,2,44,確認済
1965,125cc,derek-woodman,,,MZ,,,3,28,確認済
1965,125cc,ernst-degner,,,スズキ,,,4,23,確認済
1965,125cc,luigi-taveri,,,ホンダ,,,5,14,確認済
1965,125cc,michelle-duff,,,ヤマハ,,,6,12,確認済
1965,125cc,klaus-enderlein,,,MZ,,,7,11,確認済
1965,125cc,ralph-bryans,,,ホンダ,,,8,11,確認済
1965,125cc,joachim-leitert,,,MZ,,,9,10,確認済
1965,125cc,phil-read,,,ヤマハ,,,10,8,確認済
1965,125cc,yoshimi-katayama,,,スズキ,,,11,6,確認済
1965,125cc,bill-ivy,,,ヤマハ,,,13,6,確認済
1965,125cc,bruce-beale,,,ホンダ,,,14,6,確認済
1965,125cc,ramon-torras,,,ブルタコ,,,15,4,確認済
1965,125cc,roland-rentzsch,,,MZ,,,17,4,確認済
1965,125cc,rick-schell,,,ホンダ,,,18,3,確認済
1965,125cc,giuseppe-visenzi,,,ホンダ,,,20,3,確認済
1965,125cc,joe-tate,,,ホンダ,,,21,2,確認済
1965,125cc,bob-gehring,,,ブルタコ,,,24,1,確認済
1965,125cc,arthur-fegbli,,,ホンダ,,,,,確認済
1965,125cc,bob-coulter,,,ホンダ,,,,,確認済
1965,125cc,bruno-spaggiari,,,ドゥカティ,,,,,確認済
1965,125cc,franziseh-bocek,,,CZ,,,,,確認済
1965,125cc,ginger-molloy,,,ブルタコ,,,,,確認済
1965,125cc,hans-georg-anscheidt,,,クライドラー,,,,,確認済
1965,125cc,heinz-rosner,,,MZ,,,,,確認済
1965,125cc,jack-findlay,,,ホンダ,,,,,確認済
1965,125cc,jan-kostwinder,,,ホンダ,,,,,確認済
1965,125cc,peter-eser,,,ホンダ,,,,,確認済
1965,125cc,richard-thomas,,,ホンダ,,,,,確認済
1965,125cc,tommy-robb,,,ブルタコ,,,,,確認済
1965,125cc,walter-scheimann,,,クライドラー,,,,,確認済
1965,50cc,ralph-bryans,,,ホンダ,,,1,36,確認済
1965,50cc,luigi-taveri,,,ホンダ,,,2,32,確認済
1965,50cc,hugh-anderson,,,スズキ,,,3,32,確認済
1965,50cc,ernst-degner,,,スズキ,,,4,26,確認済
1965,50cc,mitsuo-itoh,,,スズキ,,,5,16,確認済
1965,50cc,michio-ichino,,,スズキ,,,6,6,確認済
1965,50cc,hans-georg-anscheidt,,,スズキ,,,7,6,確認済
1965,50cc,josep-maria-busquets,,,デルビ,,,8,4,確認済
1965,50cc,jacques-roca,,,デルビ,,,9,4,確認済
1965,50cc,charlie-mates,,,ホンダ,,,10,3,確認済
1965,50cc,haruo-koshino,,,スズキ,,,11,3,確認済
1965,50cc,ian-plumridge,,,デルビ,,,12,2,確認済
1965,50cc,angel-nieto,,,デルビ,,,13,2,確認済
1965,50cc,cees-van-dongen,,,クライドラー,,,14,2,確認済
1965,50cc,a-itoh,,,ホンダ,,,15,1,確認済
1965,50cc,gaston-biscia,,,スズキ,,,16,1,確認済
1965,50cc,selwyn-griffiths,,,ホンダ,,,17,1,確認済
1965,50cc,barry-smith,,,デルビ,,,18,1,確認済
1965,50cc,jim-pink,,,ホンダ,,,,,確認済
1965,50cc,les-griffiths,,,ホンダ,,,,,確認済
1965,50cc,naomi-taniguchi,,,ホンダ,,,,,確認済
1965,50cc,peter-eser,,,ホンダ,,,,,確認済
1966,500cc,giacomo-agostini,,,MVアグスタ,,,1,36,確認済
1966,500cc,mike-hailwood,,,ホンダ,,,2,30,確認済
1966,500cc,jack-findlay,,,マッチレス,,,3,20,確認済
1966,500cc,franta-stastny,,,Jawa-CZ,,,4,17,確認済
1966,500cc,jim-redman,,,ホンダ,,,5,16,確認済
1966,500cc,jack-ahearn,,,ノートン,,,6,13,確認済
1966,500cc,gyula-marsovszky,,,マッチレス,,,7,13,確認済
1966,500cc,stuart-graham,,,マッチレス,,,8,11,確認済
1966,500cc,peter-williams,,,マッチレス,,,9,7,確認済
1966,500cc,chris-conn,,,ノートン,,,10,6,確認済
1966,500cc,ron-chandler,,,マッチレス,,,11,6,確認済
1966,500cc,fred-stevens,,,パトン,,,12,3,確認済
1966,500cc,john-cooper,,,ノートン,,,13,3,確認済
1966,500cc,john-blanchard,,,Seeley,,,14,3,確認済
1966,500cc,lewis-young,,,マッチレス,,,15,3,確認済
1966,500cc,jeff-mawby,,,ノートン,,,16,2,確認済
1966,500cc,malcom-stanton,,,ノートン,,,17,2,確認済
1966,500cc,walter-scheimann,,,ノートン,,,18,2,確認済
1966,500cc,edy-lenz,,,マッチレス,,,19,2,確認済
1966,500cc,eric-hinton,,,ノートン,,,20,1,確認済
1966,500cc,john-dodds,,,ノートン,,,21,1,確認済
1966,500cc,agne-carlsson,,,マッチレス,,,,,確認済
1966,500cc,billie-nelson,,,ノートン,,,,,確認済
1966,500cc,billy-andersson,,,マッチレス,,,,,確認済
1966,500cc,billy-mccosh,,,マッチレス,,,,,確認済
1966,500cc,bo-granath,,,マッチレス,,,,,確認済
1966,500cc,byron-black,,,マッチレス,,,,,確認済
1966,500cc,carl-ward,,,ノートン,,,,,確認済
1966,500cc,charlie-sanby,,,ノートン,,,,,確認済
1966,500cc,dan-shorey,,,ノートン,,,,,確認済
1966,500cc,dave-duncan,,,マッチレス,,,,,確認済
1966,500cc,david-lloyd,,,ノートン,,,,,確認済
1966,500cc,dennis-gallagher,,,マッチレス,,,,,確認済
1966,500cc,derek-lee,,,マッチレス,,,,,確認済
1966,500cc,don-williams,,,ノートン,,,,,確認済
1966,500cc,ernst-weiss,,,マッチレス,,,,,確認済
1966,500cc,george-fogarty,,,マッチレス,,,,,確認済
1966,500cc,griff-jenkins,,,ノートン,,,,,確認済
1966,500cc,gustav-havel,,,Jawa-CZ,,,,,確認済
1966,500cc,gyorgy-kurucz,,,ノートン,,,,,確認済
1966,500cc,harry-reynolds,,,マッチレス,,,,,確認済
1966,500cc,ian-burne,,,ノートン,,,,,確認済
1966,500cc,jack-saunders,,,マッチレス,,,,,確認済
1966,500cc,jim-ashton,,,マッチレス,,,,,確認済
1966,500cc,joe-dunphy,,,ノートン,,,,,確認済
1966,500cc,karl-hoppe,,,マッチレス,,,,,確認済
1966,500cc,kel-carruthers,,,ノートン,,,,,確認済
1966,500cc,laurence-povey,,,ノートン,,,,,確認済
1966,500cc,leonard-atlee,,,ノートン,,,,,確認済
1966,500cc,les-kempster,,,ノートン,,,,,確認済
1966,500cc,maurice-hawthorne,,,ノートン,,,,,確認済
1966,500cc,neville-landrebe,,,マッチレス,,,,,確認済
1966,500cc,pentti-lehtela,,,ノートン,,,,,確認済
1966,500cc,peter-darvill,,,マッチレス,,,,,確認済
1966,500cc,philippe-canoui,,,マッチレス,,,,,確認済
1966,500cc,ray-beaumont,,,ノートン,,,,,確認済
1966,500cc,ray-breingan,,,ノートン,,,,,確認済
1966,500cc,roly-capner,,,マッチレス,,,,,確認済
1966,500cc,rudolf-thalhammer,,,Seeley,,,,,確認済
1966,500cc,selwyn-griffiths,,,マッチレス,,,,,確認済
1966,500cc,steve-jolly,,,ノートン,,,,,確認済
1966,500cc,stuart-morin,,,ノートン,,,,,確認済
1966,500cc,tom-gill,,,マッチレス,,,,,確認済
1966,250cc,mike-hailwood,,,ホンダ,,,1,56,確認済
1966,250cc,phil-read,,,ヤマハ,,,2,34,確認済
1966,250cc,jim-redman,,,ホンダ,,,3,20,確認済
1966,250cc,derek-woodman,,,MZ,,,4,18,確認済
1966,250cc,stuart-graham,,,ホンダ,,,5,15,確認済
1966,250cc,heinz-rosner,,,MZ,,,6,15,確認済
1966,250cc,jack-findlay,,,ブルタコ,,,7,14,確認済
1966,250cc,franta-stastny,,,Jawa-CZ,,,8,11,確認済
1966,250cc,michelle-duff,,,ヤマハ,,,9,9,確認済
1966,250cc,ginger-molloy,,,ブルタコ,,,10,8,確認済
1966,250cc,hiroshi-hasegawa,,,ヤマハ,,,11,8,確認済
1966,250cc,gyula-marsovszky,,,ブルタコ,,,12,8,確認済
1966,250cc,bill-ivy,,,ヤマハ,,,13,5,確認済
1966,250cc,akihiko-motohashi,,,ヤマハ,,,14,4,確認済
1966,250cc,p-g-inchley,,,Villiers,,,15,4,確認済
1966,250cc,alberto-pagani,,,アエルマッキ,,,16,4,確認済
1966,250cc,renzo-pasolini,,,アエルマッキ,,,17,4,確認済
1966,250cc,kevin-cass,,,ブルタコ,,,18,4,確認済
1966,250cc,bruce-beale,,,ホンダ,,,19,4,確認済
1966,250cc,kent-andersson,,,ハスクバーナ,,,20,4,確認済
1966,250cc,selwyn-griffiths,,,Royal Enfield,,,21,3,確認済
1966,250cc,tommy-robb,,,ブルタコ,,,22,3,確認済
1966,250cc,jim-curry,,,ホンダ,,,23,2,確認済
1966,250cc,bob-anderson,,,ヤマハ,,,24,2,確認済
1966,250cc,barry-smith,,,ブルタコ,,,25,1,確認済
1966,250cc,daniel-lheraud,,,ヤマハ,,,26,1,確認済
1966,250cc,giuseppe-visenzi,,,アエルマッキ,,,27,1,確認済
1966,250cc,leonard-atlee,,,Cotton,,,28,1,確認済
1966,250cc,gunter-beer,,,ホンダ,,,29,1,確認済
1966,250cc,bill-smith,,,ブルタコ,,,,,確認済
1966,250cc,dave-simmonds,,,ホンダ,,,,,確認済
1966,250cc,walter-sommer,,,ホンダ,,,,,確認済
1966,350cc,mike-hailwood,,,ホンダ,,,1,48,確認済
1966,350cc,giacomo-agostini,,,MVアグスタ,,,2,42,確認済
1966,350cc,renzo-pasolini,,,アエルマッキ,,,3,17,確認済
1966,350cc,franta-stastny,,,ヤワ,,,4,13,確認済
1966,350cc,gustav-havel,,,Jawa-CZ,,,5,12,確認済
1966,350cc,alberto-pagani,,,アエルマッキ,,,6,11,確認済
1966,350cc,heinz-rosner,,,MZ,,,7,10,確認済
1966,350cc,phil-read,,,ヤマハ,,,8,8,確認済
1966,350cc,jack-ahearn,,,ノートン,,,9,8,確認済
1966,350cc,bruce-beale,,,ホンダ,,,10,7,確認済
1966,350cc,bill-ivy,,,ヤマハ,,,11,6,確認済
1966,350cc,tarquinio-provini,,,ベネリ,,,12,6,確認済
1966,350cc,peter-williams,,,AJS,,,13,6,確認済
1966,350cc,silvio-grassetti,,,Bianchi,,,14,6,確認済
1966,350cc,tommy-robb,,,ブルタコ,,,15,4,確認済
1966,350cc,chris-conn,,,ノートン,,,16,4,確認済
1966,350cc,jim-redman,,,ホンダ,,,17,4,確認済
1966,350cc,stuart-graham,,,AJS,,,18,3,確認済
1966,350cc,gilberto-milani,,,アエルマッキ,,,19,3,確認済
1966,350cc,franziseh-bocek,,,Jawa-CZ,,,20,3,確認済
1966,350cc,kel-carruthers,,,ノートン,,,21,3,確認済
1966,350cc,byron-black,,,ホンダ,,,22,3,確認済
1966,350cc,k-muromachi,,,ホンダ,,,23,2,確認済
1966,350cc,dave-simmonds,,,ホンダ,,,24,2,確認済
1966,350cc,joe-dunphy,,,ノートン,,,25,1,確認済
1966,350cc,kent-andersson,,,ハスクバーナ,,,26,1,確認済
1966,350cc,john-blanchard,,,AJS,,,27,1,確認済
1966,350cc,walter-sommer,,,ホンダ,,,,,確認済
1966,125cc,luigi-taveri,,,ホンダ,,,1,46,確認済
1966,125cc,bill-ivy,,,ヤマハ,,,2,40,確認済
1966,125cc,ralph-bryans,,,ホンダ,,,3,32,確認済
1966,125cc,phil-read,,,ヤマハ,,,4,29,確認済
1966,125cc,bob-anderson,,,スズキ,,,5,15,確認済
1966,125cc,yoshimi-katayama,,,スズキ,,,6,14,確認済
1966,125cc,frank-perris,,,スズキ,,,7,10,確認済
1966,125cc,akihiko-motohashi,,,ヤマハ,,,8,5,確認済
1966,125cc,mitsuo-itoh,,,スズキ,,,9,4,確認済
1966,125cc,michelle-duff,,,ヤマハ,,,10,4,確認済
1966,125cc,tommy-robb,,,ヤマハ,,,11,3,確認済
1966,125cc,charlie-williams,,,EMC,,,12,2,確認済
1966,125cc,hans-georg-anscheidt,,,スズキ,,,13,2,確認済
1966,125cc,francesco-villa,,,モンテサ,,,14,2,確認済
1966,125cc,yasuharu-yuzawa,,,ヤマハ,,,15,1,確認済
1966,125cc,walter-scheimann,,,ホンダ,,,16,1,確認済
1966,125cc,mike-hailwood,,,ホンダ,,,17,1,確認済
1966,125cc,evren-bischoff,,,MZ,,,18,1,確認済
1966,125cc,friedhelm-kohlar,,,MZ,,,19,1,確認済
1966,125cc,herbert-mann,,,MZ,,,20,1,確認済
1966,125cc,jose-medrano,,,ブルタコ,,,21,1,確認済
1966,125cc,arthur-fegbli,,,ホンダ,,,,,確認済
1966,125cc,barry-smith,,,ホンダ,,,,,確認済
1966,125cc,bill-smith,,,ホンダ,,,,,確認済
1966,125cc,bruce-beale,,,ホンダ,,,,,確認済
1966,125cc,fred-stevens,,,ホンダ,,,,,確認済
1966,125cc,giuseppe-visenzi,,,ホンダ,,,,,確認済
1966,125cc,hans-bischoff,,,MZ,,,,,確認済
1966,125cc,hugh-anderson,,,スズキ,,,,,確認済
1966,125cc,jim-curry,,,ホンダ,,,,,確認済
1966,125cc,jim-pink,,,ホンダ,,,,,確認済
1966,125cc,john-kiddie,,,ホンダ,,,,,確認済
1966,125cc,kel-carruthers,,,ホンダ,,,,,確認済
1966,125cc,lothar-john,,,ホンダ,,,,,確認済
1966,125cc,peter-williams,,,EMC,,,,,確認済
1966,125cc,r-dickinson,,,ホンダ,,,,,確認済
1966,125cc,roy-boughey,,,ホンダ,,,,,確認済
1966,125cc,seppo-kangasniemi,,,ホンダ,,,,,確認済
1966,125cc,steve-murray,,,ホンダ,,,,,確認済
1966,125cc,terry-grotefeld,,,ホンダ,,,,,確認済
1966,50cc,hans-georg-anscheidt,,,スズキ,,,1,28,確認済
1966,50cc,luigi-taveri,,,ホンダ,,,2,26,確認済
1966,50cc,ralph-bryans,,,ホンダ,,,3,26,確認済
1966,50cc,hugh-anderson,,,スズキ,,,4,16,確認済
1966,50cc,yoshimi-katayama,,,スズキ,,,5,10,確認済
1966,50cc,ernst-degner,,,スズキ,,,6,3,確認済
1966,50cc,angel-nieto,,,デルビ,,,7,3,確認済
1966,50cc,barry-smith,,,デルビ,,,8,3,確認済
1966,50cc,tommy-robb,,,ブリヂストン,,,9,2,確認済
1966,50cc,oswald-dittrich,,,クライドラー,,,10,2,確認済
1966,50cc,z-gleed,,,ホンダ,,,11,2,確認済
1966,50cc,g-a-simmonds,,,ホンダ,,,12,1,確認済
1966,50cc,l-roth,,,クライドラー,,,13,1,確認済
1966,50cc,cees-van-dongen,,,クライドラー,,,14,1,確認済
1966,50cc,jack-findlay,,,ブリヂストン,,,15,1,確認済
1966,50cc,isao-morishita,,,ブリヂストン,,,16,1,確認済
1966,50cc,charlie-mates,,,ホンダ,,,,,確認済
1967,500cc,giacomo-agostini,,,MVアグスタ,,,1,46,確認済
1967,500cc,mike-hailwood,,,ホンダ,,,2,46,確認済
1967,500cc,john-hartle,,,マッチレス,,,3,22,確認済
1967,500cc,peter-williams,,,マッチレス,,,4,16,確認済
1967,500cc,jack-findlay,,,マッチレス,,,5,15,確認済
1967,500cc,fred-stevens,,,パトン,,,6,11,確認済
1967,500cc,john-cooper,,,ノートン,,,7,8,確認済
1967,500cc,gyula-marsovszky,,,マッチレス,,,8,7,確認済
1967,500cc,billie-nelson,,,ノートン,,,9,6,確認済
1967,500cc,steve-spencer,,,ノートン,,,10,6,確認済
1967,500cc,michelle-duff,,,マッチレス,,,11,4,確認済
1967,500cc,angelo-bergamonti,,,パトン,,,12,4,確認済
1967,500cc,john-dodds,,,ノートン,,,13,4,確認済
1967,500cc,dan-shorey,,,ノートン,,,14,4,確認済
1967,500cc,rob-fitton,,,ノートン,,,15,3,確認済
1967,500cc,bo-granath,,,マッチレス,,,16,3,確認済
1967,500cc,john-blanchard,,,マッチレス,,,17,3,確認済
1967,500cc,david-lloyd,,,マッチレス,,,18,3,確認済
1967,500cc,andrea-georgeades,,,ヴェロセット,,,19,2,確認済
1967,500cc,rodney-gould,,,ノートン,,,20,2,確認済
1967,500cc,giuseppe-mandolini,,,モトグッツィ,,,21,2,確認済
1967,500cc,maurice-hawthorne,,,ノートン,,,22,1,確認済
1967,500cc,george-rockett,,,ノートン,,,23,1,確認済
1967,500cc,chris-conn,,,ノートン,,,24,1,確認済
1967,500cc,derek-minter,,,ノートン,,,25,1,確認済
1967,500cc,eriff-jenkins,,,ノートン,,,26,1,確認済
1967,500cc,derek-lee,,,マッチレス,,,,,確認済
1967,500cc,edy-lenz,,,マッチレス,,,,,確認済
1967,500cc,eric-hinton,,,ノートン,,,,,確認済
1967,500cc,guy-cooremans,,,ノートン,,,,,確認済
1967,500cc,hannu-kuparinen,,,マッチレス,,,,,確認済
1967,500cc,ian-burne,,,ノートン,,,,,確認済
1967,500cc,jack-saunders,,,マッチレス,,,,,確認済
1967,500cc,karl-hoppe,,,マッチレス,,,,,確認済
1967,500cc,keith-turner,,,マッチレス,,,,,確認済
1967,500cc,kel-carruthers,,,Metisse,,,,,確認済
1967,500cc,leonard-atlee,,,ノートン,,,,,確認済
1967,500cc,lewis-young,,,Metisse,,,,,確認済
1967,500cc,malcom-stanton,,,ノートン,,,,,確認済
1967,500cc,oliver-howe,,,ノートン,,,,,確認済
1967,500cc,ron-chandler,,,マッチレス,,,,,確認済
1967,500cc,walter-scheimann,,,ノートン,,,,,確認済
1967,250cc,mike-hailwood,,,ホンダ,,,1,50,確認済
1967,250cc,phil-read,,,ヤマハ,,,2,50,確認済
1967,250cc,bill-ivy,,,ヤマハ,,,3,46,確認済
1967,250cc,ralph-bryans,,,ホンダ,,,4,40,確認済
1967,250cc,derek-woodman,,,MZ,,,5,18,確認済
1967,250cc,heinz-rosner,,,MZ,,,6,13,確認済
1967,250cc,ginger-molloy,,,ブルタコ,,,7,9,確認済
1967,250cc,gyula-marsovszky,,,ブルタコ,,,8,8,確認済
1967,250cc,akihiko-motohashi,,,ヤマハ,,,9,6,確認済
1967,250cc,tommy-robb,,,ブルタコ,,,10,5,確認済
1967,250cc,dave-simmonds,,,カワサキ,,,11,5,確認済
1967,250cc,jose-medrano,,,ブルタコ,,,12,4,確認済
1967,250cc,jyun-hamano,,,ヤマハ,,,13,4,確認済
1967,250cc,jack-findlay,,,ブルタコ,,,14,3,確認済
1967,250cc,miguel-duhamel,,,ヤマハ,,,15,3,確認済
1967,250cc,barry-smith,,,カワサキ,,,16,2,確認済
1967,250cc,fred-stevens,,,パトン,,,17,2,確認済
1967,250cc,alfredo-milani,,,アエルマッキ,,,18,2,確認済
1967,250cc,f-camillieri,,,ヤマハ,,,19,2,確認済
1967,250cc,brian-steenson,,,アエルマッキ,,,20,2,確認済
1967,250cc,rolf-schmid,,,ブルタコ,,,21,1,確認済
1967,250cc,malcom-stanton,,,アエルマッキ,,,22,1,確認済
1967,250cc,derek-chatterton,,,ヤマハ,,,23,1,確認済
1967,250cc,ron-grant,,,スズキ,,,24,1,確認済
1967,250cc,carlos-giro,,,オッサ,,,25,1,確認済
1967,250cc,bill-smith,,,カワサキ,,,,,確認済
1967,250cc,gilberto-milani,,,アエルマッキ,,,,,確認済
1967,250cc,gosta-jensen,,,ホンダ,,,,,確認済
1967,250cc,jim-curry,,,ホンダ,,,,,確認済
1967,250cc,mick-chatterton,,,ヤマハ,,,,,確認済
1967,250cc,yvon-duhamel,,,ヤマハ,,,,,確認済
1967,350cc,mike-hailwood,,,ホンダ,,,1,40,確認済
1967,350cc,giacomo-agostini,,,MVアグスタ,,,2,32,確認済
1967,350cc,ralph-bryans,,,ホンダ,,,3,20,確認済
1967,350cc,heinz-rosner,,,MZ,,,4,18,確認済
1967,350cc,derek-woodman,,,MZ,,,5,14,確認済
1967,350cc,alberto-pagani,,,アエルマッキ,,,6,11,確認済
1967,350cc,kel-carruthers,,,アエルマッキ,,,7,9,確認済
1967,350cc,renzo-pasolini,,,ベネリ,,,8,8,確認済
1967,350cc,silvio-grassetti,,,ベネリ,,,9,6,確認済
1967,350cc,s-mimuro,,,ヤマハ,,,10,4,確認済
1967,350cc,fred-stevens,,,Hannah Paton,,,11,4,確認済
1967,350cc,gustav-havel,,,Jawa-CZ,,,12,4,確認済
1967,350cc,masahiro-wada,,,カワサキ,,,13,3,確認済
1967,350cc,chris-conn,,,ノートン,,,14,3,確認済
1967,350cc,dan-shorey,,,ノートン,,,15,2,確認済
1967,350cc,brian-steenson,,,アエルマッキ,,,16,2,確認済
1967,350cc,bohumil-stasa,,,ノートン,,,17,1,確認済
1967,350cc,t-yoring,,,ホンダ,,,18,1,確認済
1967,350cc,ian-mcgregor,,,ノートン,,,19,1,確認済
1967,350cc,gilberto-milani,,,アエルマッキ,,,,,確認済
1967,350cc,kenichi-yoshida,,,ホンダ,,,,,確認済
1967,350cc,kinya-wada,,,カワサキ,,,,,確認済
1967,350cc,rex-butcher,,,ノートン,,,,,確認済
1967,125cc,bill-ivy,,,ヤマハ,,,1,56,確認済
1967,125cc,phil-read,,,ヤマハ,,,2,40,確認済
1967,125cc,leslie-graham,,,スズキ,,,3,38,確認済
1967,125cc,yoshimi-katayama,,,スズキ,,,4,19,確認済
1967,125cc,janos-szabo,,,MZ,,,5,13,確認済
1967,125cc,hans-georg-anscheidt,,,スズキ,,,6,12,確認済
1967,125cc,dave-simmonds,,,カワサキ,,,7,9,確認済
1967,125cc,kel-carruthers,,,ホンダ,,,8,7,確認済
1967,125cc,m-coopey,,,ヤマハ,,,9,6,確認済
1967,125cc,walter-scheimann,,,ホンダ,,,10,5,確認済
1967,125cc,thomas-heuschkel,,,MZ,,,11,5,確認済
1967,125cc,akihiko-motohashi,,,ヤマハ,,,12,4,確認済
1967,125cc,robert-lusk,,,ヤマハ,,,13,4,確認済
1967,125cc,hideo-kanaya,,,カワサキ,,,14,4,確認済
1967,125cc,walter-villa,,,モンテサ,,,15,3,確認済
1967,125cc,jurgen-lenk,,,MZ,,,16,3,確認済
1967,125cc,jean-guy-duval,,,ヤマハ,,,17,3,確認済
1967,125cc,klaus-enderlein,,,MZ,,,18,3,確認済
1967,125cc,isao-morishita,,,カワサキ,,,19,3,確認済
1967,125cc,jim-curry,,,ホンダ,,,20,3,確認済
1967,125cc,kevin-cass,,,ブルタコ,,,21,2,確認済
1967,125cc,giovanni-burlando,,,ホンダ,,,22,2,確認済
1967,125cc,josep-maria-busquets,,,モンテサ,,,23,2,確認済
1967,125cc,francesco-villa,,,モンテサ,,,24,2,確認済
1967,125cc,cees-van-dongen,,,ホンダ,,,25,2,確認済
1967,125cc,yasuho-shigeno,,,ブリヂストン,,,26,2,確認済
1967,125cc,ralf-swegan,,,ヤマハ,,,27,2,確認済
1967,125cc,jean-louis-vergnais,,,ブルタコ,,,28,1,確認済
1967,125cc,herbert-mann,,,MZ,,,29,1,確認済
1967,125cc,jose-medrano,,,ブルタコ,,,30,1,確認済
1967,125cc,robert-messina,,,ヤマハ,,,31,1,確認済
1967,125cc,rex-avery,,,EMC,,,32,1,確認済
1967,125cc,barry-smith,,,ホンダ,,,33,1,確認済
1967,125cc,ginger-molloy,,,ブルタコ,,,34,1,確認済
1967,125cc,evren-bischoff,,,MZ,,,35,1,確認済
1967,125cc,hans-bischoff,,,MZ,,,,,確認済
1967,125cc,herbert-denzler,,,ホンダ,,,,,確認済
1967,125cc,john-kiddie,,,ホンダ,,,,,確認済
1967,125cc,lazlo-szabo,,,MZ,,,,,確認済
1967,125cc,r-dickinson,,,ホンダ,,,,,確認済
1967,125cc,roy-boughey,,,ホンダ,,,,,確認済
1967,125cc,seppo-kangasniemi,,,ホンダ,,,,,確認済
1967,125cc,stuart-graham,,,スズキ,,,,,確認済
1967,125cc,tim-coopey,,,不明,,,,,確認済
1967,50cc,hans-georg-anscheidt,,,スズキ,,,1,30,確認済
1967,50cc,yoshimi-katayama,,,スズキ,,,2,28,確認済
1967,50cc,r-a-graham,,,スズキ,,,3,22,確認済
1967,50cc,angel-nieto,,,デルビ,,,4,12,確認済
1967,50cc,barry-smith,,,デルビ,,,5,12,確認済
1967,50cc,rudolf-schmalzle,,,クライドラー,,,6,12,確認済
1967,50cc,tommy-robb,,,スズキ,,,7,4,確認済
1967,50cc,josep-maria-busquets,,,デルビ,,,8,4,確認済
1967,50cc,hiroyuki-kawasaki,,,スズキ,,,9,4,確認済
1967,50cc,benjamin-grau,,,デルビ,,,10,6,確認済
1967,50cc,aalt-toersen,,,クライドラー,,,11,4,確認済
1967,50cc,juan-bordons,,,デルビ,,,12,4,確認済
1967,50cc,c-m-walpole,,,ホンダ,,,13,3,確認済
1967,50cc,daniel-crivello,,,デルビ,,,14,3,確認済
1967,50cc,e-l-griffith,,,ホンダ,,,15,2,確認済
1967,50cc,d-gedlich,,,クライドラー,,,16,2,確認済
1967,50cc,paul-lodewijkx,,,ヤマティ,,,17,2,確認済
1967,50cc,m-akamatsu,,,ブリヂストン,,,18,1,確認済
1967,50cc,s-g-w-lawley,,,ホンダ,,,19,1,確認済
1967,50cc,wolfgang-reinhard,,,Reimo,,,20,1,確認済
1967,50cc,greame-geddes,,,クライドラー,,,,,確認済
1967,50cc,mitsuo-itoh,,,スズキ,,,,,確認済
1967,50cc,stuart-graham,,,スズキ,,,,,確認済
1968,500cc,giacomo-agostini,,,MVアグスタ,,,1,48,確認済
1968,500cc,jack-findlay,,,マッチレス,,,2,34,確認済
1968,500cc,gyula-marsovszky,,,マッチレス,,,3,10,確認済
1968,500cc,alberto-pagani,,,Linto,,,4,9,確認済
1968,500cc,rob-fitton,,,ノートン,,,5,9,確認済
1968,500cc,peter-williams,,,Arter-Matchless,,,6,9,確認済
1968,500cc,derek-woodman,,,Seeley,,,7,8,確認済
1968,500cc,john-cooper,,,Seeley,,,8,8,確認済
1968,500cc,dan-shorey,,,ノートン,,,9,7,確認済
1968,500cc,angelo-bergamonti,,,パトン,,,10,7,確認済
1968,500cc,kel-carruthers,,,ノートン,,,11,7,確認済
1968,500cc,renzo-pasolini,,,ベネリ,,,12,6,確認済
1968,500cc,brian-ball,,,Seeley,,,13,6,確認済
1968,500cc,john-dodds,,,ノートン,,,14,6,確認済
1968,500cc,billie-nelson,,,パトン,,,15,5,確認済
1968,500cc,barry-randle,,,ノートン,,,16,4,確認済
1968,500cc,john-hartle,,,Metisse,,,17,4,確認済
1968,500cc,bill-smith,,,マッチレス,,,18,3,確認済
1968,500cc,percy-tait,,,トライアンフ,,,19,3,確認済
1968,500cc,nikolai-sevostianov,,,Vostok,,,20,3,確認済
1968,500cc,bernard-lund,,,マッチレス,,,21,2,確認済
1968,500cc,silvano-bertarelli,,,パトン,,,22,2,確認済
1968,500cc,bohumil-stasa,,,CZ,,,23,2,確認済
1968,500cc,ron-chandler,,,マッチレス,,,24,1,確認済
1968,500cc,rodney-gould,,,ノートン,,,25,1,確認済
1968,500cc,godfrey-nash,,,ノートン,,,26,1,確認済
1968,500cc,rex-butcher,,,ノートン,,,27,1,確認済
1968,500cc,a-t-lawton,,,ノートン,,,,,確認済
1968,500cc,barry-scully,,,ノートン,,,,,確認済
1968,500cc,barry-smith,,,マッチレス,,,,,確認済
1968,500cc,bert-oosterhuis,,,ノートン,,,,,確認済
1968,500cc,billy-mccosh,,,マッチレス,,,,,確認済
1968,500cc,bo-granath,,,マッチレス,,,,,確認済
1968,500cc,bob-mccurry,,,マッチレス,,,,,確認済
1968,500cc,derek-lee,,,Gazelle,,,,,確認済
1968,500cc,errol-cowan,,,マッチレス,,,,,確認済
1968,500cc,gyorgy-kurucz,,,マッチレス,,,,,確認済
1968,500cc,hannu-kuparinen,,,マッチレス,,,,,確認済
1968,500cc,harris-healey,,,ノートン,,,,,確認済
1968,500cc,jack-lindh,,,Seeley,,,,,確認済
1968,500cc,jim-curry,,,アエルマッキ,,,,,確認済
1968,500cc,john-blanchard,,,Metisse,,,,,確認済
1968,500cc,john-burgess,,,ノートン,,,,,確認済
1968,500cc,karl-hoppe,,,マッチレス,,,,,確認済
1968,500cc,keith-turner,,,マッチレス,,,,,確認済
1968,500cc,malcolm-uphill,,,Manning-Norton,,,,,確認済
1968,500cc,matti-salonen,,,ヤマハ,,,,,確認済
1968,500cc,o-hansen,,,マッチレス,,,,,確認済
1968,500cc,paul-eickelberg,,,ノートン,,,,,確認済
1968,500cc,pentti-lehtela,,,マッチレス,,,,,確認済
1968,500cc,peter-humber,,,Humber-Crescent,,,,,確認済
1968,500cc,ralf-engelhardt,,,ノートン,,,,,確認済
1968,500cc,ron-wilson,,,ノートン,,,,,確認済
1968,500cc,steve-jolly,,,Higley-Matchless,,,,,確認済
1968,500cc,theo-louwes,,,ノートン,,,,,確認済
1968,500cc,walter-scheimann,,,ノートン,,,,,確認済
1968,500cc,wolfgang-stropek,,,ノートン,,,,,確認済
1968,250cc,phil-read,,,ヤマハ,,,1,46,確認済
1968,250cc,bill-ivy,,,ヤマハ,,,2,46,確認済
1968,250cc,heinz-rosner,,,MZ,,,3,32,確認済
1968,250cc,rodney-gould,,,ヤマハ,,,4,21,確認済
1968,250cc,ginger-molloy,,,ブルタコ,,,5,19,確認済
1968,250cc,renzo-pasolini,,,ベネリ,,,6,10,確認済
1968,250cc,santiago-herrero,,,オッサ,,,7,8,確認済
1968,250cc,kent-andersson,,,ヤマハ,,,8,6,確認済
1968,250cc,malcolm-uphill,,,スズキ,,,9,5,確認済
1968,250cc,janos-szabo,,,MZ,,,10,5,確認済
1968,250cc,jack-findlay,,,ブルタコ,,,11,5,確認済
1968,250cc,carlos-giro,,,オッサ,,,12,3,確認済
1968,250cc,gordon-keith,,,ヤマハ,,,13,3,確認済
1968,250cc,carlos-rocamora,,,ブルタコ,,,14,2,確認済
1968,250cc,alfredo-milani,,,アエルマッキ,,,15,2,確認済
1968,250cc,gyula-marsovszky,,,ブルタコ,,,16,1,確認済
1968,250cc,bill-smith,,,ヤマハ,,,17,1,確認済
1968,250cc,paul-eickelberg,,,アエルマッキ,,,18,1,確認済
1968,250cc,rex-butcher,,,スズキ,,,19,1,確認済
1968,250cc,gilberto-milani,,,アエルマッキ,,,,,確認済
1968,250cc,lazlo-szabo,,,MZ,,,,,確認済
1968,350cc,giacomo-agostini,,,MVアグスタ,,,1,32,確認済
1968,350cc,renzo-pasolini,,,ベネリ,,,2,18,確認済
1968,350cc,kel-carruthers,,,アエルマッキ,,,3,17,確認済
1968,350cc,heinz-rosner,,,MZ,,,4,12,確認済
1968,350cc,ginger-molloy,,,ブルタコ,,,5,12,確認済
1968,350cc,derek-woodman,,,アエルマッキ,,,6,9,確認済
1968,350cc,franta-stastny,,,ヤワ,,,7,8,確認済
1968,350cc,bohumil-stasa,,,CZ,,,8,7,確認済
1968,350cc,alfredo-milani,,,アエルマッキ,,,9,4,確認済
1968,350cc,silvio-grassetti,,,ベネリ,,,10,4,確認済
1968,350cc,brian-steenson,,,アエルマッキ,,,12,4,確認済
1968,350cc,w-nelson,,,ノートン,,,13,3,確認済
1968,350cc,bruno-spaggiari,,,ドゥカティ,,,14,2,確認済
1968,350cc,john-cooper,,,Seeley,,,15,2,確認済
1968,350cc,dan-shorey,,,ノートン,,,16,2,確認済
1968,350cc,karl-hoppe,,,アエルマッキ,,,17,2,確認済
1968,350cc,dave-simmonds,,,カワサキ,,,18,1,確認済
1968,350cc,jack-findlay,,,アエルマッキ,,,19,1,確認済
1968,350cc,bill-smith,,,ホンダ,,,,,確認済
1968,350cc,billie-nelson,,,ノートン,,,,,確認済
1968,350cc,gilberto-milani,,,アエルマッキ,,,,,確認済
1968,125cc,phil-read,,,ヤマハ,,,1,40,確認済
1968,125cc,bill-ivy,,,ヤマハ,,,2,34,確認済
1968,125cc,ginger-molloy,,,ブルタコ,,,3,15,確認済
1968,125cc,heinz-rosner,,,MZ,,,4,12,確認済
1968,125cc,salvador-canellas,,,ブルタコ,,,5,11,確認済
1968,125cc,janos-szabo,,,MZ,,,6,11,確認済
1968,125cc,dieter-braun,,,MZ,,,7,11,確認済
1968,125cc,hans-georg-anscheidt,,,スズキ,,,8,10,確認済
1968,125cc,gunter-bartusch,,,MZ,,,9,8,確認済
1968,125cc,kel-carruthers,,,ホンダ,,,10,6,確認済
1968,125cc,tommy-robb,,,ブルタコ,,,11,5,確認済
1968,125cc,jan-huberts,,,MZ,,,12,4,確認済
1968,125cc,siegfried-moehringer,,,MZ,,,13,4,確認済
1968,125cc,friedhelm-kohlar,,,MZ,,,14,3,確認済
1968,125cc,dave-simmonds,,,カワサキ,,,15,3,確認済
1968,125cc,walter-scheimann,,,ホンダ,,,16,3,確認済
1968,125cc,evren-bischoff,,,MZ,,,17,2,確認済
1968,125cc,lothar-john,,,MZ,,,18,2,確認済
1968,125cc,gordon-keith,,,Brown Special,,,19,2,確認済
1968,125cc,kent-andersson,,,MZ,,,20,2,確認済
1968,125cc,jurgen-lenk,,,MZ,,,21,2,確認済
1968,125cc,thomas-heuschkel,,,MZ,,,22,2,確認済
1968,125cc,kevin-murray,,,ホンダ,,,23,1,確認済
1968,125cc,pedro-alvarez,,,ブルタコ,,,24,1,確認済
1968,125cc,janos-reisz,,,MZ,,,25,1,確認済
1968,125cc,giuseppe-visenzi,,,モンテサ,,,26,1,確認済
1968,125cc,hans-bischoff,,,MZ,,,,,確認済
1968,125cc,lazlo-szabo,,,MZ,,,,,確認済
1968,125cc,steve-murray,,,ホンダ,,,,,確認済
1968,50cc,hans-georg-anscheidt,,,スズキ,,,1,24,確認済
1968,50cc,paul-lodewijkx,,,ヤマティ,,,2,17,確認済
1968,50cc,barry-smith,,,デルビ,,,3,15,確認済
1968,50cc,angel-nieto,,,デルビ,,,4,10,確認済
1968,50cc,rudolf-kunz,,,クライドラー,,,5,6,確認済
1968,50cc,c-m-walpole,,,ホンダ,,,6,6,確認済
1968,50cc,rudolf-schmalzle,,,クライドラー,,,7,6,確認済
1968,50cc,e-l-griffith,,,ホンダ,,,8,4,確認済
1968,50cc,aalt-toersen,,,クライドラー,,,9,4,確認済
1968,50cc,ludwig-fassbender,,,クライドラー,,,10,3,確認済
1968,50cc,d-lock,,,ホンダ,,,11,3,確認済
1968,50cc,jeffry-de-vries,,,クライドラー,,,12,3,確認済
1968,50cc,martin-mijwaart,,,ヤマティ,,,13,2,確認済
1968,50cc,jim-pink,,,ホンダ,,,14,2,確認済
1968,50cc,cees-van-dongen,,,クライドラー,,,15,2,確認済
1968,50cc,jos-schurgers,,,クライドラー,,,16,2,確認済
1968,50cc,carlos-giro,,,デルビ,,,17,2,確認済
1968,50cc,f-cufi,,,デルビ,,,18,1,確認済
1968,50cc,r-m-udall,,,ホンダ,,,19,1,確認済
1968,50cc,s-j-florjan,,,Tomos,,,20,1,確認済
1968,50cc,jan-de-vries,,,クライドラー,,,,,確認済
1969,500cc,giacomo-agostini,,,MVアグスタ,,,1,105,確認済
1969,500cc,gyula-marsovszky,,,Linto,,,2,47,確認済
1969,500cc,godfrey-nash,,,ノートン,,,3,45,確認済
1969,500cc,billie-nelson,,,パトン,,,4,42,確認済
1969,500cc,alan-barnett,,,Metisse,,,5,32,確認済
1969,500cc,steve-ellis,,,Linto,,,6,26,確認済
1969,500cc,ron-chandler,,,Seeley,,,7,25,確認済
1969,500cc,gilberto-milani,,,アエルマッキ,,,8,24,確認済
1969,500cc,rob-fitton,,,ノートン,,,9,19,確認済
1969,500cc,brian-steenson,,,Seeley,,,10,18,確認済
1969,500cc,john-dodds,,,Linto,,,11,18,確認済
1969,500cc,terry-dennehy,,,ホンダ,,,12,18,確認済
1969,500cc,alberto-pagani,,,Linto,,,14,15,確認済
1969,500cc,lewis-young,,,マッチレス,,,15,14,確認済
1969,500cc,karl-auer,,,マッチレス,,,16,13,確認済
1969,500cc,pentti-lehtela,,,マッチレス,,,17,13,確認済
1969,500cc,karl-hoppe,,,Metisse,,,18,12,確認済
1969,500cc,franco-trabalzini,,,ノートン,,,19,12,確認済
1969,500cc,angelo-bergamonti,,,パトン,,,20,12,確認済
1969,500cc,peter-williams,,,マッチレス,,,21,12,確認済
1969,500cc,percy-tait,,,トライアンフ,,,22,12,確認済
1969,500cc,bohumil-stasa,,,CZ,,,23,12,確認済
1969,500cc,tom-dickie,,,Seeley,,,24,11,確認済
1969,500cc,dan-shorey,,,マッチレス,,,25,11,確認済
1969,500cc,malcolm-uphill,,,ノートン,,,26,10,確認済
1969,500cc,ginger-molloy,,,ブルタコ,,,27,10,確認済
1969,500cc,albergian-louwes,,,ノートン,,,28,10,確認済
1969,500cc,jack-findlay,,,Linto,,,29,10,確認済
1969,500cc,walter-scheimann,,,ノートン,,,30,10,確認済
1969,500cc,esko-kuparinen,,,マッチレス,,,31,9,確認済
1969,500cc,werner-bergold,,,マッチレス,,,32,9,確認済
1969,500cc,silvano-bertarelli,,,パトン,,,33,8,確認済
1969,500cc,derek-woodman,,,Seeley,,,34,8,確認済
1969,500cc,andre-luc-appietto,,,パトン,,,35,7,確認済
1969,500cc,keith-turner,,,Linto,,,36,6,確認済
1969,500cc,barry-scully,,,ノートン,,,37,6,確認済
1969,500cc,j-obrien,,,マッチレス,,,38,5,確認済
1969,500cc,gunter-fischer,,,マッチレス,,,39,5,確認済
1969,500cc,maurice-hawthorne,,,マッチレス,,,40,5,確認済
1969,500cc,gilbert-argo,,,マッチレス,,,41,4,確認済
1969,500cc,steve-jolly,,,Seeley,,,42,4,確認済
1969,500cc,paul-eickelberg,,,ノートン,,,43,4,確認済
1969,500cc,a-t-lawton,,,ノートン,,,44,1,確認済
1969,500cc,emanuele-maugliani,,,ノートン,,,45,3,確認済
1969,500cc,charlie-williams,,,Metisse,,,46,3,確認済
1969,500cc,selwyn-griffiths,,,マッチレス,,,47,3,確認済
1969,500cc,paolo-campanelli,,,Seeley,,,48,3,確認済
1969,500cc,kel-carruthers,,,アエルマッキ,,,49,3,確認済
1969,500cc,peter-darvill,,,ノートン,,,50,2,確認済
1969,500cc,jack-linah,,,Seeley,,,51,2,確認済
1969,500cc,ross-hannan,,,ノートン,,,52,2,確認済
1969,500cc,o-hansen,,,マッチレス,,,53,2,確認済
1969,500cc,p-kiisa,,,Vostok,,,54,1,確認済
1969,500cc,wolfgang-stropek,,,MVアグスタ,,,55,1,確認済
1969,500cc,steve-spencer,,,Metisse,,,56,1,確認済
1969,500cc,ake-dahli,,,カワサキ,,,,,確認済
1969,500cc,billy-andersson,,,Crescent,,,,,確認済
1969,500cc,bo-granath,,,ハスクバーナ,,,,,確認済
1969,500cc,hannu-kuparinen,,,マッチレス,,,,,確認済
1969,500cc,jack-lindh,,,マッチレス,,,,,確認済
1969,500cc,john-williams,,,Metisse,,,,,確認済
1969,500cc,phil-obrien,,,マッチレス,,,,,確認済
1969,250cc,kel-carruthers,,,ベネリ,,,1,89,確認済
1969,250cc,kent-andersson,,,ヤマハ,,,2,84,確認済
1969,250cc,santiago-herrero,,,オッサ,,,3,83,確認済
1969,250cc,renzo-pasolini,,,ベネリ,,,4,45,確認済
1969,250cc,borje-jansson,,,カワサキ,,,5,45,確認済
1969,250cc,rodney-gould,,,ヤマハ,,,6,44,確認済
1969,250cc,heinz-rosner,,,MZ,,,7,28,確認済
1969,250cc,frank-perris,,,スズキ,,,8,25,確認済
1969,250cc,lothar-john,,,スズキ,,,9,21,確認済
1969,250cc,dieter-braun,,,MZ,,,10,20,確認済
1969,250cc,gunter-bartusch,,,MZ,,,11,18,確認済
1969,250cc,silvio-grassetti,,,ヤマハ,,,12,18,確認済
1969,250cc,phil-read,,,ヤマハ,,,13,15,確認済
1969,250cc,lazlo-szabo,,,MZ,,,14,14,確認済
1969,250cc,gilberto-parlotti,,,ベネリ,,,15,12,確認済
1969,250cc,mick-chatterton,,,ヤマハ,,,16,12,確認済
1969,250cc,martti-pesonen,,,ヤマハ,,,17,11,確認済
1969,250cc,angelo-bergamonti,,,アエルマッキ,,,18,11,確認済
1969,250cc,karl-huber,,,ヤマハ,,,19,10,確認済
1969,250cc,ray-mccullough,,,ヤマハ,,,20,10,確認済
1969,250cc,jean-aureal,,,ヤマハ,,,21,9,確認済
1969,250cc,chas-mortimer,,,Villa,,,22,8,確認済
1969,250cc,billie-guthrie,,,ヤマハ,,,23,8,確認済
1969,250cc,ian-richards,,,ヤマハ,,,24,7,確認済
1969,250cc,toni-gruber,,,ヤマハ,,,25,6,確認済
1969,250cc,giuseppe-visenzi,,,ヤマハ,,,26,6,確認済
1969,250cc,frank-whiteway,,,スズキ,,,27,6,確認済
1969,250cc,francesco-villa,,,Villa,,,28,6,確認済
1969,250cc,eric-hinton,,,ヤマハ,,,29,5,確認済
1969,250cc,derek-chatterton,,,ヤマハ,,,30,5,確認済
1969,250cc,dave-simmonds,,,カワサキ,,,31,5,確認済
1969,250cc,franta-stastny,,,ヤワ,,,32,5,確認済
1969,250cc,pentti-korhonen,,,ヤマハ,,,33,4,確認済
1969,250cc,eugenio-lazzarini,,,ベネリ,,,34,4,確認済
1969,250cc,reinhard-scholtis,,,カワサキ,,,35,4,確認済
1969,250cc,stan-woods,,,ヤマハ,,,36,4,確認済
1969,250cc,jack-findlay,,,ヤマハ,,,37,4,確認済
1969,250cc,dick-pipes,,,ヤマハ,,,38,3,確認済
1969,250cc,carlos-giro,,,オッサ,,,39,3,確認済
1969,250cc,christian-ravel,,,ヤマハ,,,40,3,確認済
1969,250cc,teuvo-lansivuori,,,ヤマハ,,,41,3,確認済
1969,250cc,heinz-kriwanek,,,MZ,,,42,3,確認済
1969,250cc,jerry-lancaster,,,ヤマハ,,,43,3,確認済
1969,250cc,sigfried-lohmann,,,スズキ,,,44,3,確認済
1969,250cc,keith-turner,,,アエルマッキ,,,45,2,確認済
1969,250cc,tony-rutter,,,ヤマハ,,,46,2,確認済
1969,250cc,billie-nelson,,,ヤマハ,,,47,2,確認済
1969,250cc,john-ringwood,,,ヤマハ,,,48,2,確認済
1969,250cc,gyula-marsovszky,,,ヤマハ,,,49,2,確認済
1969,250cc,gordon-keith,,,ヤマハ,,,50,2,確認済
1969,250cc,karel-bojer,,,CZ,,,51,1,確認済
1969,250cc,matti-salonen,,,ヤマハ,,,52,1,確認済
1969,250cc,klaus-huber,,,ヤマハ,,,,,確認済
1969,250cc,walter-villa,,,Villa,,,,,確認済
1969,350cc,giacomo-agostini,,,MVアグスタ,,,1,90,確認済
1969,350cc,silvio-grassetti,,,ヤワ,,,2,47,確認済
1969,350cc,giuseppe-visenzi,,,ヤマハ,,,3,45,確認済
1969,350cc,heinz-rosner,,,MZ,,,4,38,確認済
1969,350cc,rodney-gould,,,ヤマハ,,,5,36,確認済
1969,350cc,kel-carruthers,,,アエルマッキ,,,6,29,確認済
1969,350cc,bohumil-stasa,,,CZ,,,7,27,確認済
1969,350cc,franta-stastny,,,ヤワ,,,8,26,確認済
1969,350cc,bill-ivy,,,ヤワ,,,9,24,確認済
1969,350cc,martti-pesonen,,,ヤマハ,,,10,16,確認済
1969,350cc,adolf-ohligschlaeger,,,ヤマハ,,,11,16,確認済
1969,350cc,phil-read,,,ヤマハ,,,12,15,確認済
1969,350cc,brian-steenson,,,アエルマッキ,,,13,12,確認済
1969,350cc,gilberto-milani,,,アエルマッキ,,,14,12,確認済
1969,350cc,ginger-molloy,,,ブルタコ,,,15,12,確認済
1969,350cc,lewis-young,,,アエルマッキ,,,16,11,確認済
1969,350cc,c-crawford,,,アエルマッキ,,,17,10,確認済
1969,350cc,walter-scheimann,,,ヤマハ,,,18,10,確認済
1969,350cc,karl-hoppe,,,ヤマハ,,,19,8,確認済
1969,350cc,tom-dickie,,,Kuhn Seeley,,,20,8,確認済
1969,350cc,tony-rutter,,,ヤマハ,,,21,8,確認済
1969,350cc,silvano-bertarelli,,,アエルマッキ,,,22,8,確認済
1969,350cc,terry-grotefeld,,,Padgett Yamaha,,,23,6,確認済
1969,350cc,b-spacciari,,,ドゥカティ,,,24,5,確認済
1969,350cc,tommy-robb,,,アエルマッキ,,,25,5,確認済
1969,350cc,herbert-denzler,,,アエルマッキ,,,26,5,確認済
1969,350cc,marty-lunde,,,ヤマハ,,,27,5,確認済
1969,350cc,selwyn-griffiths,,,Cowles Matchless,,,28,5,確認済
1969,350cc,jack-findlay,,,ヤマハ,,,29,4,確認済
1969,350cc,barry-smith,,,アエルマッキ,,,30,4,確認済
1969,350cc,billy-mccosh,,,アエルマッキ,,,31,4,確認済
1969,350cc,cliff-carr,,,ヤマハ,,,32,3,確認済
1969,350cc,w-c-guthrie,,,ヤマハ,,,33,3,確認済
1969,350cc,billie-nelson,,,アエルマッキ,,,34,3,確認済
1969,350cc,maurice-hawthorne,,,マッチレス,,,36,3,確認済
1969,350cc,jerry-lancaster,,,アエルマッキ,,,37,3,確認済
1969,350cc,karel-bojer,,,CZ,,,38,3,確認済
1969,350cc,jim-curry,,,アエルマッキ,,,39,3,確認済
1969,350cc,dave-simmonds,,,カワサキ,,,40,3,確認済
1969,350cc,rob-fitton,,,ノートン,,,41,2,確認済
1969,350cc,janos-drapal,,,アエルマッキ,,,42,2,確認済
1969,350cc,gunter-fischer,,,アエルマッキ,,,43,2,確認済
1969,350cc,gordon-keith,,,Broad-Yamaha,,,44,2,確認済
1969,350cc,jan-kostwinder,,,ヤマハ,,,45,2,確認済
1969,350cc,m-hatherill,,,アエルマッキ,,,46,2,確認済
1969,350cc,i-sauter,,,アエルマッキ,,,47,1,確認済
1969,350cc,dave-degens,,,アエルマッキ,,,48,1,確認済
1969,350cc,r-a-graham,,,アエルマッキ,,,49,1,確認済
1969,350cc,h-kuparinnen,,,ヤマハ,,,50,1,確認済
1969,350cc,leo-commu,,,ヤマハ,,,51,1,確認済
1969,350cc,godfrey-nash,,,ノートン,,,52,1,確認済
1969,350cc,bill-smith,,,アエルマッキ,,,,,確認済
1969,350cc,billie-guthrie,,,ヤマハ,,,,,確認済
1969,350cc,bruno-spaggiari,,,ドゥカティ,,,,,確認済
1969,350cc,esko-kuparinen,,,ヤマハ,,,,,確認済
1969,125cc,dave-simmonds,,,カワサキ,,,1,90,確認済
1969,125cc,dieter-braun,,,スズキ,,,2,59,確認済
1969,125cc,cees-van-dongen,,,スズキ,,,3,51,確認済
1969,125cc,kent-andersson,,,マイコ,,,4,36,確認済
1969,125cc,heinz-kriwanek,,,ロータックス,,,5,33,確認済
1969,125cc,ginger-molloy,,,ブルタコ,,,6,29,確認済
1969,125cc,ryszard-mankiewicz,,,MZ,,,7,27,確認済
1969,125cc,janos-szabo,,,MZ,,,8,26,確認済
1969,125cc,friedhelm-kohlar,,,MZ,,,9,24,確認済
1969,125cc,kel-carruthers,,,アエルマッキ,,,10,20,確認済
1969,125cc,walter-villa,,,モンテサ,,,11,18,確認済
1969,125cc,silvano-bertarelli,,,アエルマッキ,,,12,17,確認済
1969,125cc,thomas-heuschkel,,,MZ,,,13,16,確認済
1969,125cc,jean-aureal,,,ヤマハ,,,14,15,確認済
1969,125cc,lothar-john,,,ヤマハ,,,15,14,確認済
1969,125cc,gunter-bartusch,,,MZ,,,16,12,確認済
1969,125cc,jan-huberts,,,MZ,,,17,11,確認済
1969,125cc,francesco-villa,,,Villa,,,18,10,確認済
1969,125cc,lee-dickinson,,,ホンダ,,,19,10,確認済
1969,125cc,tommy-robb,,,ブルタコ,,,20,9,確認済
1969,125cc,sigfried-lohmann,,,MZ,,,21,9,確認済
1969,125cc,jacques-roca,,,デルビ,,,22,8,確認済
1969,125cc,kevin-murray,,,ホンダ,,,23,8,確認済
1969,125cc,enrique-escuder,,,ブルタコ,,,24,8,確認済
1969,125cc,john-dodds,,,アエルマッキ,,,25,7,確認済
1969,125cc,barry-smith,,,デルビ,,,26,7,確認済
1969,125cc,giuseppe-mandolini,,,Villa,,,27,7,確認済
1969,125cc,john-kiddie,,,ホンダ,,,28,6,確認済
1969,125cc,heinz-rosner,,,MZ,,,29,6,確認済
1969,125cc,jean-francois-chaffin,,,Villa,,,30,6,確認済
1969,125cc,bruno-veigel,,,ホンダ,,,31,6,確認済
1969,125cc,pierre-viura,,,マイコ,,,32,5,確認済
1969,125cc,carl-ward,,,ブルタコ,,,33,5,確認済
1969,125cc,chas-mortimer,,,Villa,,,34,5,確認済
1969,125cc,walter-scheimann,,,Brown,,,35,5,確認済
1969,125cc,jerry-lancaster,,,ホンダ,,,36,5,確認済
1969,125cc,daniel-crivello,,,マイコ,,,37,4,確認済
1969,125cc,bo-granath,,,MZ,,,38,4,確認済
1969,125cc,john-shacklady,,,ブルタコ,,,39,4,確認済
1969,125cc,borje-jansson,,,マイコ,,,40,4,確認済
1969,125cc,herbert-denzler,,,ヤマハ,,,41,3,確認済
1969,125cc,charlie-garner,,,ブルタコ,,,42,3,確認済
1969,125cc,pertti-leinonen,,,ホンダ,,,43,3,確認済
1969,125cc,seppo-kangasniemi,,,MZ,,,44,2,確認済
1969,125cc,ramon-gali,,,ブルタコ,,,45,2,確認済
1969,125cc,bob-coulter,,,ブルタコ,,,46,2,確認済
1969,125cc,jean-campiche,,,ホンダ,,,47,2,確認済
1969,125cc,jean-louis-pasquier,,,ブルタコ,,,48,2,確認済
1969,125cc,janos-reisz,,,MZ,,,49,1,確認済
1969,125cc,tom-loughridge,,,ブルタコ,,,50,1,確認済
1969,125cc,bernard-mahler,,,MZ,,,51,1,確認済
1969,125cc,l-van-rijswijk,,,ヤマハ,,,52,1,確認済
1969,125cc,evren-bischoff,,,MZ,,,53,1,確認済
1969,125cc,jim-curry,,,ホンダ,,,54,1,確認済
1969,125cc,harmunt-bischoff,,,MZ,,,,,確認済
1969,125cc,lazlo-szabo,,,MZ,,,,,確認済
1969,125cc,r-dickinson,,,ホンダ,,,,,確認済
1969,125cc,steve-murray,,,ホンダ,,,,,確認済
1969,50cc,angel-nieto,,,デルビ,,,1,76,確認済
1969,50cc,aalt-toersen,,,クライドラー,,,2,75,確認済
1969,50cc,barry-smith,,,デルビ,,,3,69,確認済
1969,50cc,jan-de-vries,,,クライドラー,,,4,64,確認済
1969,50cc,paul-lodewijkx,,,ヤマティ,,,5,63,確認済
1969,50cc,gilberto-parlotti,,,Tomos,,,6,31,確認済
1969,50cc,santiago-herrero,,,デルビ,,,7,28,確認済
1969,50cc,rudolf-kunz,,,クライドラー,,,8,26,確認済
1969,50cc,ludwig-fassbender,,,クライドラー,,,9,25,確認済
1969,50cc,martin-mijwaart,,,ヤマティ,,,10,18,確認済
1969,50cc,cees-van-dongen,,,クライドラー,,,11,14,確認済
1969,50cc,jan-huberts,,,クライドラー,,,12,12,確認済
1969,50cc,j-stefe,,,Tomos,,,13,11,確認済
1969,50cc,scott-whiteside,,,Crooks Suzuki,,,14,10,確認済
1969,50cc,adrijan-bernetic,,,Tomos,,,15,9,確認済
1969,50cc,steve-aspin,,,ガレリ,,,16,8,確認済
1969,50cc,wolfgang-reinhard,,,Reimo,,,17,8,確認済
1969,50cc,herbert-denzler,,,クライドラー,,,18,7,確認済
1969,50cc,l-lawlor,,,デルビ,,,19,6,確認済
1969,50cc,g-lombardi,,,Guazzoni,,,20,6,確認済
1969,50cc,eugenio-lazzarini,,,モルビデリ,,,21,6,確認済
1969,50cc,silvano-bertarelli,,,Minarelli,,,22,5,確認済
1969,50cc,jos-schurgers,,,クライドラー,,,23,5,確認済
1969,50cc,j-unterladstatter,,,KTM,,,24,5,確認済
1969,50cc,fred-redfern,,,ホンダ,,,25,5,確認済
1969,50cc,f-ringhini,,,モルビデリ,,,26,5,確認済
1969,50cc,a-lawn,,,ホンダ,,,27,4,確認済
1969,50cc,jacques-roca,,,デルビ,,,28,4,確認済
1969,50cc,jean-louis-pasquier,,,Rabassa,,,29,4,確認済
1969,50cc,c-m-walpole,,,ガレリ,,,30,3,確認済
1969,50cc,luigi-rinaudo,,,Tomos,,,31,3,確認済
1969,50cc,j-d-lawley,,,ホンダ,,,32,2,確認済
1969,50cc,andre-millard,,,クライドラー,,,33,2,確認済
1969,50cc,a-kralj,,,Tomos,,,34,2,確認済
1969,50cc,rudolf-schmalzle,,,クライドラー,,,35,2,確認済
1969,50cc,bruno-veigel,,,ホンダ,,,36,2,確認済
1969,50cc,juan-bordons,,,デルビ,,,37,1,確認済
1969,50cc,gerhard-thurow,,,クライドラー,,,38,1,確認済
1969,50cc,c-dubols,,,クライドラー,,,39,1,確認済
1969,50cc,b-dickinson,,,ガレリ,,,40,1,確認済
1969,50cc,frank-whiteway,,,Crooks Suzuki,,,,,確認済
1969,50cc,gary-dickinson,,,ガレリ,,,,,確認済
1970,500cc,giacomo-agostini,,,MVアグスタ,,,1,90,確認済
1970,500cc,ginger-molloy,,,カワサキ,,,2,62,確認済
1970,500cc,angelo-bergamonti,,,アエルマッキ,,,3,59,確認済
1970,500cc,tommy-robb,,,Seeley,,,4,36,確認済
1970,500cc,alberto-pagani,,,リブレンティ,,,5,30,確認済
1970,500cc,alan-barnett,,,マッチレス,,,6,24,確認済
1970,500cc,christian-ravel,,,カワサキ,,,7,24,確認済
1970,500cc,jack-findlay,,,Seeley,,,8,24,確認済
1970,500cc,martti-pesonen,,,ヤマハ,,,9,24,確認済
1970,500cc,peter-williams,,,マッチレス,,,10,22,確認済
1970,500cc,roberto-gallina,,,パトン,,,11,20,確認済
1970,500cc,martin-carney,,,カワサキ,,,12,20,確認済
1970,500cc,gyula-marsovszky,,,Linto,,,13,18,確認済
1970,500cc,erick-offenstadt,,,カワサキ,,,14,14,確認済
1970,500cc,john-dodds,,,Linto,,,15,12,確認済
1970,500cc,bill-smith,,,カワサキ,,,16,10,確認済
1970,500cc,percy-tait,,,トライアンフ,,,17,10,確認済
1970,500cc,silvano-bertarelli,,,カワサキ,,,18,10,確認済
1970,500cc,giuseppe-mandolini,,,モトグッツィ,,,19,10,確認済
1970,500cc,dave-simmonds,,,カワサキ,,,20,10,確認済
1970,500cc,karl-hoppe,,,Münch-URS,,,21,8,確認済
1970,500cc,karl-auer,,,マッチレス,,,22,8,確認済
1970,500cc,giampiero-zubani,,,カワサキ,,,23,8,確認済
1970,500cc,john-williams,,,マッチレス,,,24,8,確認済
1970,500cc,billie-nelson,,,パトン,,,25,7,確認済
1970,500cc,godfrey-nash,,,ノートン,,,26,7,確認済
1970,500cc,ernst-hiller,,,カワサキ,,,27,7,確認済
1970,500cc,paul-smart,,,Seeley,,,28,6,確認済
1970,500cc,brian-steenson,,,マッチレス,,,29,6,確認済
1970,500cc,lewis-young,,,ホンダ,,,30,6,確認済
1970,500cc,terry-dennehy,,,ホンダ,,,31,6,確認済
1970,500cc,tony-jefferies,,,マッチレス,,,32,5,確認済
1970,500cc,walter-rungg,,,アエルマッキ,,,33,5,確認済
1970,500cc,rob-bron,,,スズキ,,,34,5,確認済
1970,500cc,steve-ellis,,,Linto,,,35,5,確認済
1970,500cc,ron-chandler,,,マッチレス,,,36,5,確認済
1970,500cc,selwyn-griffiths,,,マッチレス,,,37,4,確認済
1970,500cc,gerry-mateer,,,ノートン,,,38,3,確認済
1970,500cc,giovanni-perrone,,,カワサキ,,,39,3,確認済
1970,500cc,brian-adams,,,ノートン,,,40,3,確認済
1970,500cc,hans-otto-butenuth,,,BMW,,,41,2,確認済
1970,500cc,vincent-duckett,,,Seeley,,,42,2,確認済
1970,500cc,paolo-campanelli,,,カワサキ,,,43,2,確認済
1970,500cc,jean-campiche,,,ホンダ,,,44,2,確認済
1970,500cc,gordon-keith,,,ヴェロセット,,,45,1,確認済
1970,500cc,andre-luc-appietto,,,パトン,,,46,1,確認済
1970,500cc,steve-spencer,,,ノートン,,,47,1,確認済
1970,500cc,vasco-loro,,,カワサキ,,,48,1,確認済
1970,500cc,charlie-dobson,,,マッチレス,,,49,1,確認済
1970,500cc,barry-smith,,,カワサキ,,,,,確認済
1970,250cc,rodney-gould,,,ヤマハ,,,1,102,確認済
1970,250cc,kel-carruthers,,,ヤマハ,,,2,84,確認済
1970,250cc,kent-andersson,,,ヤマハ,,,3,67,確認済
1970,250cc,jarno-saarinen,,,ヤマハ,,,4,57,確認済
1970,250cc,borje-jansson,,,ヤマハ,,,5,34,確認済
1970,250cc,chas-mortimer,,,ヤマハ,,,6,30,確認済
1970,250cc,gyula-marsovszky,,,ヤマハ,,,7,28,確認済
1970,250cc,santiago-herrero,,,オッサ,,,8,27,確認済
1970,250cc,bo-granath,,,ヤマハ,,,9,25,確認済
1970,250cc,silvio-grassetti,,,ヤマハ,,,10,24,確認済
1970,250cc,janos-szabo,,,MZ,,,11,23,確認済
1970,250cc,phil-read,,,ヤマハ,,,12,22,確認済
1970,250cc,paul-smart,,,ヤマハ,,,13,20,確認済
1970,250cc,dieter-braun,,,MZ,,,14,19,確認済
1970,250cc,gunter-bartusch,,,MZ,,,15,16,確認済
1970,250cc,theo-bult,,,ヤマハ,,,16,15,確認済
1970,250cc,karl-huber,,,ヤマハ,,,17,14,確認済
1970,250cc,tony-rutter,,,ヤマハ,,,18,14,確認済
1970,250cc,ginger-molloy,,,ヤマハ,,,19,12,確認済
1970,250cc,alex-george,,,ヤマハ,,,20,11,確認済
1970,250cc,lothar-john,,,ヤマハ,,,21,11,確認済
1970,250cc,cees-van-dongen,,,ヤマハ,,,22,10,確認済
1970,250cc,walter-sommer,,,ヤマハ,,,23,8,確認済
1970,250cc,peter-berwick,,,スズキ,,,24,8,確認済
1970,250cc,hanz-rosenbusch,,,ヤマハ,,,25,7,確認済
1970,250cc,oronzo-memola,,,ヤマハ,,,26,7,確認済
1970,250cc,teuvo-lansivuori,,,ヤマハ,,,27,7,確認済
1970,250cc,angelo-bergamonti,,,アエルマッキ,,,28,6,確認済
1970,250cc,keith-turner,,,ヤマハ,,,29,6,確認済
1970,250cc,hakan-olsson,,,ヤマハ,,,30,5,確認済
1970,250cc,giuseppe-visenzi,,,ヤマハ,,,31,5,確認済
1970,250cc,luigi-anelli,,,ヤマハ,,,32,4,確認済
1970,250cc,derek-chatterton,,,ヤマハ,,,33,4,確認済
1970,250cc,leo-commu,,,ヤマハ,,,34,4,確認済
1970,250cc,alberto-pagani,,,アエルマッキ,,,35,4,確認済
1970,250cc,ian-richards,,,ヤマハ,,,36,4,確認済
1970,250cc,pentti-korhonen,,,ヤマハ,,,37,4,確認済
1970,250cc,maurice-hawthorne,,,ヤマハ,,,38,3,確認済
1970,250cc,malcolm-uphill,,,スズキ,,,39,3,確認済
1970,250cc,marty-lunde,,,ヤマハ,,,40,3,確認済
1970,250cc,a-j-smith,,,ヤマハ,,,41,2,確認済
1970,250cc,seppo-kangasniemi,,,ヤマハ,,,42,2,確認済
1970,250cc,bob-coulter,,,ヤマハ,,,43,2,確認済
1970,250cc,toni-gruber,,,ヤマハ,,,44,2,確認済
1970,250cc,mick-chatterton,,,ヤマハ,,,45,1,確認済
1970,250cc,christian-bourgeois,,,ヤマハ,,,46,1,確認済
1970,250cc,adolf-ohligschlaeger,,,ヤマハ,,,48,1,確認済
1970,250cc,gosta-jensen,,,ヤマハ,,,49,1,確認済
1970,250cc,klaus-huber,,,ヤマハ,,,,,確認済
1970,250cc,lazlo-szabo,,,MZ,,,,,確認済
1970,250cc,roland-olsson,,,ヤマハ,,,,,確認済
1970,350cc,giacomo-agostini,,,MVアグスタ,,,1,9,確認済
1970,350cc,kel-carruthers,,,ヤマハ,,,2,28,確認済
1970,350cc,renzo-pasolini,,,ベネリ,,,3,46,確認済
1970,350cc,kent-andersson,,,ヤマハ,,,4,44,確認済
1970,350cc,martti-pesonen,,,ヤマハ,,,5,38,確認済
1970,350cc,rodney-gould,,,ヤマハ,,,6,28,確認済
1970,350cc,angelo-bergamonti,,,MVアグスタ,,,7,27,確認済
1970,350cc,gunter-bartusch,,,MZ,,,8,20,確認済
1970,350cc,alan-barnett,,,アエルマッキ,,,9,20,確認済
1970,350cc,tommy-robb,,,ヤマハ,,,10,18,確認済
1970,350cc,dieter-braun,,,MZ,,,11,17,確認済
1970,350cc,silvio-grassetti,,,ヤワ,,,12,16,確認済
1970,350cc,karl-hoppe,,,ヤマハ,,,13,16,確認済
1970,350cc,billie-nelson,,,ヤマハ,,,14,16,確認済
1970,350cc,chas-mortimer,,,Broad-Yamaha,,,15,15,確認済
1970,350cc,tony-rutter,,,ヤマハ,,,16,14,確認済
1970,350cc,phil-read,,,ヤマハ,,,17,10,確認済
1970,350cc,paul-smart,,,Padgett Yamaha,,,18,10,確認済
1970,350cc,terry-dennehy,,,ヤマハ,,,19,10,確認済
1970,350cc,roberto-gallina,,,アエルマッキ,,,21,9,確認済
1970,350cc,malcolm-uphill,,,Padgett Yamaha,,,22,8,確認済
1970,350cc,bo-granath,,,ヤマハ,,,23,8,確認済
1970,350cc,h-gorgen,,,ヤマハ,,,24,6,確認済
1970,350cc,jim-curry,,,アエルマッキ,,,25,6,確認済
1970,350cc,peter-berwick,,,アエルマッキ,,,26,5,確認済
1970,350cc,karel-bojer,,,CZ,,,27,4,確認済
1970,350cc,giuseppe-visenzi,,,ヤマハ,,,28,4,確認済
1970,350cc,walter-rungg,,,Liengme,,,29,4,確認済
1970,350cc,ray-pickrell,,,アエルマッキ,,,30,4,確認済
1970,350cc,theo-lowes,,,アエルマッキ,,,31,4,確認済
1970,350cc,r-duffty,,,アエルマッキ,,,32,3,確認済
1970,350cc,cliff-carr,,,ヤマハ,,,33,3,確認済
1970,350cc,theo-bult,,,ヤマハ,,,34,3,確認済
1970,350cc,walter-scheimann,,,ヤマハ,,,35,3,確認済
1970,350cc,david-jefferies,,,ヤマハ,,,36,3,確認済
1970,350cc,martin-carney,,,カワサキ,,,37,2,確認済
1970,350cc,mick-chatterton,,,Padgett Yamaha,,,38,2,確認済
1970,350cc,jerry-lancaster,,,ヤマハ,,,39,2,確認済
1970,350cc,l-vasco,,,ヤマハ,,,40,2,確認済
1970,350cc,franz-kroon,,,ヤマハ,,,41,2,確認済
1970,350cc,dennis-gallagner,,,アエルマッキ,,,42,1,確認済
1970,350cc,e-holzeis,,,ヤマハ,,,43,1,確認済
1970,350cc,pentti-lehtela,,,ヤマハ,,,44,1,確認済
1970,350cc,walter-sommer,,,アエルマッキ,,,45,1,確認済
1970,350cc,jack-findlay,,,ヤマハ,,,46,1,確認済
1970,350cc,paul-eickelberg,,,アエルマッキ,,,47,1,確認済
1970,350cc,tony-jefferies,,,ヤマハ,,,,,確認済
1970,125cc,dieter-braun,,,スズキ,,,1,84,確認済
1970,125cc,angel-nieto,,,デルビ,,,2,72,確認済
1970,125cc,borje-jansson,,,マイコ,,,3,62,確認済
1970,125cc,dave-simmonds,,,カワサキ,,,4,57,確認済
1970,125cc,janos-szabo,,,MZ,,,5,34,確認済
1970,125cc,toni-gruber,,,マイコ,,,6,33,確認済
1970,125cc,aalt-toersen,,,スズキ,,,7,31,確認済
1970,125cc,john-dodds,,,アエルマッキ,,,8,24,確認済
1970,125cc,gunter-bartusch,,,MZ,,,9,22,確認済
1970,125cc,heinz-kriwanek,,,ロータックス,,,10,21,確認済
1970,125cc,gilberto-parlotti,,,モルビデリ,,,11,15,確認済
1970,125cc,evren-bischoff,,,MZ-EGB,,,12,1.3,確認済
1970,125cc,barry-sheene,,,スズキ,,,13,12,確認済
1970,125cc,thomas-heuschkel,,,MZ,,,14,12,確認済
1970,125cc,walter-sommer,,,ヤマハ,,,15,12,確認済
1970,125cc,giuseppe-mandolini,,,Villa,,,16,11,確認済
1970,125cc,angelo-bergamonti,,,アエルマッキ,,,17,10,確認済
1970,125cc,cees-van-dongen,,,ヤマハ,,,18,10,確認済
1970,125cc,bernd-kohlar,,,MZ,,,19,10,確認済
1970,125cc,giuseppe-consalvi,,,Villa,,,20,10,確認済
1970,125cc,janos-reisz,,,MZ,,,21,9,確認済
1970,125cc,a-huber,,,マイコ,,,22,8,確認済
1970,125cc,kevin-murray,,,ホンダ,,,23,8,確認済
1970,125cc,jerry-lancaster,,,ヤマハ,,,24,8,確認済
1970,125cc,fred-launchbury,,,ブルタコ,,,25,6,確認済
1970,125cc,otello-buscherini,,,Villa,,,26,6,確認済
1970,125cc,matti-salonen,,,ヤマハ,,,27,6,確認済
1970,125cc,jean-louis-pasquier,,,Cemoto,,,28,6,確認済
1970,125cc,walter-villa,,,Villa,,,29,6,確認済
1970,125cc,ryszard-mankiewicz,,,MZ,,,30,6,確認済
1970,125cc,chas-mortimer,,,Villa,,,31,5,確認済
1970,125cc,eugenio-lazzarini,,,モルビデリ,,,32,5,確認済
1970,125cc,jim-curry,,,ホンダ,,,33,5,確認済
1970,125cc,jurgen-lenk,,,MZ,,,34,5,確認済
1970,125cc,lothar-john,,,ヤマハ,,,35,4,確認済
1970,125cc,jan-de-vries,,,MZ,,,36,4,確認済
1970,125cc,tommy-robb,,,マイコ,,,37,4,確認済
1970,125cc,jose-peon,,,MZ,,,38,4,確認済
1970,125cc,jose-medrano,,,ブルタコ,,,39,4,確認済
1970,125cc,siegfried-moehringer,,,ヤマハ,,,40,4,確認済
1970,125cc,teuvo-lansivuori,,,ヤマハ,,,41,4,確認済
1970,125cc,walter-scheimann,,,Villa,,,42,4,確認済
1970,125cc,john-kiddie,,,ホンダ,,,43,3,確認済
1970,125cc,herbert-mann,,,MZ,,,44,3,確認済
1970,125cc,pierre-viura,,,マイコ,,,45,3,確認済
1970,125cc,roland-rentzsch,,,MZ,,,46,3,確認済
1970,125cc,luigi-rinaudo,,,アエルマッキ,,,47,2,確認済
1970,125cc,jean-aureal,,,ヤマハ,,,48,2,確認済
1970,125cc,ingo-koeppe,,,MZ,,,49,2,確認済
1970,125cc,r-dickinson,,,ホンダ,,,50,2,確認済
1970,125cc,ulrich-graf,,,ホンダ,,,51,2,確認済
1970,125cc,benjamin-grau,,,ブルタコ,,,52,1,確認済
1970,125cc,hans-dittberner,,,ホンダ,,,53,1,確認済
1970,125cc,janos-drapal,,,MZ,,,54,1,確認済
1970,125cc,aad-droog,,,ヤマハ,,,55,1,確認済
1970,125cc,mikko-hamunen,,,ヤマハ,,,56,1,確認済
1970,125cc,keith-armstrong,,,ホンダ,,,57,1,確認済
1970,125cc,w-roesch,,,MZ,,,58,1,確認済
1970,125cc,hans-bischoff,,,MZ,,,,,確認済
1970,125cc,harmunt-bischoff,,,MZ,,,,,確認済
1970,125cc,lazlo-szabo,,,MZ,,,,,確認済
1970,125cc,steve-murray,,,ホンダ,,,,,確認済
1970,50cc,angel-nieto,,,デルビ,,,1,87,確認済
1970,50cc,aalt-toersen,,,ヤマティ,,,2,75,確認済
1970,50cc,rudolf-kunz,,,クライドラー,,,3,66,確認済
1970,50cc,salvador-canellas,,,デルビ,,,4,63,確認済
1970,50cc,jan-de-vries,,,クライドラー,,,5,60,確認済
1970,50cc,jos-schurgers,,,クライドラー,,,6,41,確認済
1970,50cc,martin-mijwaart,,,ヤマティ,,,7,40,確認済
1970,50cc,ludwig-fassbender,,,クライドラー,,,8,17,確認済
1970,50cc,gilberto-parlotti,,,Tomos,,,9,15,確認済
1970,50cc,harald-bartol,,,クライドラー,,,10,11,確認済
1970,50cc,juan-bordons,,,デルビ,,,11,10,確認済
1970,50cc,eugenio-lazzarini,,,モルビデリ,,,12,9,確認済
1970,50cc,luigi-rinaudo,,,Tomos,,,13,9,確認済
1970,50cc,b-cretti,,,Malanca,,,14,8,確認済
1970,50cc,andre-millard,,,クライドラー,,,15,8,確認済
1970,50cc,cees-van-dongen,,,クライドラー,,,16,7,確認済
1970,50cc,m-stripacuk,,,ヤマティ,,,17,5,確認済
1970,50cc,otello-buscherini,,,ホンダ,,,18,5,確認済
1970,50cc,gerhard-thurow,,,クライドラー,,,19,4,確認済
1970,50cc,t-ramaker,,,クライドラー,,,20,4,確認済
1970,50cc,c-geary,,,ホンダ,,,21,4,確認済
1970,50cc,m-bernsee,,,クライドラー,,,22,4,確認済
1970,50cc,ulrich-graf,,,クライドラー,,,23,4,確認済
1970,50cc,f-van-der-hoeven,,,クライドラー,,,24,4,確認済
1970,50cc,lars-johansson,,,マイコ,,,25,3,確認済
1970,50cc,ryszard-mankiewicz,,,クライドラー,,,26,3,確認済
1970,50cc,c-m-walpole,,,ガレリ,,,27,3,確認済
1970,50cc,rob-bron,,,クライドラー,,,28,3,確認済
1970,50cc,h-kroismayr,,,クライドラー,,,29,2,確認済
1970,50cc,f-ringhini,,,モルビデリ,,,30,2,確認済
1970,50cc,t-daleman,,,クライドラー,,,31,2,確認済
1970,50cc,jan-bruins,,,クライドラー,,,32,1,確認済
1970,50cc,g-weser,,,クライドラー,,,33,1,確認済
1970,50cc,r-simpson,,,ホンダ,,,34,1,確認済
1970,50cc,d-clancy,,,ヤマハ,,,35,1,確認済
1970,50cc,m-cannizzaro,,,ガレリ,,,36,1,確認済
1970,50cc,gerhard-schweikardt,,,クライドラー,,,37,1,確認済
1971,500cc,giacomo-agostini,,,MVアグスタ,,,1,90,確認済
1971,500cc,keith-turner,,,スズキ,,,2,58,確認済
1971,500cc,rob-bron,,,スズキ,,,3,57,確認済
1971,500cc,dave-simmonds,,,カワサキ,,,4,52,確認済
1971,500cc,jack-findlay,,,スズキ,,,5,50,確認済
1971,500cc,erick-offenstadt,,,カワサキ,,,6,32,確認済
1971,500cc,tommy-robb,,,Seeley,,,7,31,確認済
1971,500cc,alberto-pagani,,,Linto,,,8,29,確認済
1971,500cc,kaarlo-koivuniemi,,,Seeley,,,9,24,確認済
1971,500cc,ron-chandler,,,カワサキ,,,10,19,確認済
1971,500cc,frank-perris,,,スズキ,,,11,14,確認済
1971,500cc,lothar-john,,,ヤマハ,,,12,13,確認済
1971,500cc,giampiero-zubani,,,カワサキ,,,13,12,確認済
1971,500cc,peter-williams,,,マッチレス,,,14,12,確認済
1971,500cc,bo-granath,,,ハスクバーナ,,,15,12,確認済
1971,500cc,billie-nelson,,,パトン,,,16,11,確認済
1971,500cc,ernst-hiller,,,カワサキ,,,17,10,確認済
1971,500cc,phil-read,,,ドゥカティ,,,18,8,確認済
1971,500cc,percy-tait,,,Seeley,,,19,8,確認済
1971,500cc,benjamin-grau,,,ブルタコ,,,20,8,確認済
1971,500cc,selwyn-griffiths,,,マッチレス,,,21,8,確認済
1971,500cc,maurice-hawthorne,,,カワサキ,,,22,8,確認済
1971,500cc,ulf-nilsson,,,マッチレス,,,23,8,確認済
1971,500cc,ivan-carlsson,,,ヤマハ,,,24,7,確認済
1971,500cc,gerry-mateer,,,ノートン,,,25,6,確認済
1971,500cc,gordon-pantall,,,カワサキ,,,26,6,確認済
1971,500cc,jim-curry,,,Seeley,,,27,6,確認済
1971,500cc,karl-auer,,,マッチレス,,,28,5,確認済
1971,500cc,matti-salonen,,,ヤマハ,,,29,5,確認済
1971,500cc,roger-sutcliffe,,,マッチレス,,,30,5,確認済
1971,500cc,hans-otto-butenuth,,,BMW,,,31,5,確認済
1971,500cc,peter-van-der-wal,,,カワサキ,,,32,5,確認済
1971,500cc,morgan-radberg,,,Monark,,,33,4,確認済
1971,500cc,jean-campiche,,,ホンダ,,,34,4,確認済
1971,500cc,arnold-jones,,,スズキ,,,35,4,確認済
1971,500cc,tom-herron,,,Seeley,,,36,4,確認済
1971,500cc,charlie-sanby,,,Seeley,,,37,3,確認済
1971,500cc,jerry-lancaster,,,ヤマハ,,,38,3,確認済
1971,500cc,juan-bordons,,,ブルタコ,,,39,3,確認済
1971,500cc,k-bertsch,,,BMW,,,40,3,確認済
1971,500cc,paul-eickelberg,,,ヤマハ,,,41,3,確認済
1971,500cc,johnny-bengtsson,,,カワサキ,,,42,2,確認済
1971,500cc,donnie-robinson,,,ヤマハ,,,43,2,確認済
1971,500cc,tom-dickie,,,マッチレス,,,44,2,確認済
1971,500cc,giuseppe-mongardi,,,ドゥカティ,,,45,2,確認済
1971,500cc,horst-dzierzawa,,,ヤマハ,,,46,2,確認済
1971,500cc,pentti-lehtela,,,ヤマハ,,,47,2,確認済
1971,500cc,emanuele-maugliani,,,Seeley,,,48,1,確認済
1971,500cc,rob-noorlander,,,ノートン,,,49,1,確認済
1971,500cc,stan-woods,,,ノートン,,,50,1,確認済
1971,500cc,john-dodds,,,ケーニッヒ,,,51,1,確認済
1971,500cc,hansrudolf-bruengger,,,ブルタコ,,,,,確認済
1971,500cc,peter-jones,,,スズキ,,,,,確認済
1971,250cc,phil-read,,,ヤマハ,,,1,73,確認済
1971,250cc,rodney-gould,,,ヤマハ,,,2,68,確認済
1971,250cc,jarno-saarinen,,,ヤマハ,,,3,64,確認済
1971,250cc,john-dodds,,,ヤマハ,,,4,59,確認済
1971,250cc,dieter-braun,,,ヤマハ,,,5,58,確認済
1971,250cc,gyula-marsovszky,,,ヤマハ,,,6,57,確認済
1971,250cc,silvio-grassetti,,,MZ,,,7,43,確認済
1971,250cc,chas-mortimer,,,ヤマハ,,,8,42,確認済
1971,250cc,janos-drapal,,,ヤマハ,,,9,26,確認済
1971,250cc,theo-bult,,,Yamsel,,,10,22,確認済
1971,250cc,fred-smart,,,ヤマハ,,,11,20,確認済
1971,250cc,janos-szabo,,,ヤマハ,,,12,20,確認済
1971,250cc,ray-mccullough,,,Yamsel,,,13,15,確認済
1971,250cc,kent-andersson,,,ヤマハ,,,14,14,確認済
1971,250cc,gunter-bartusch,,,MZ,,,15,13,確認済
1971,250cc,bo-granath,,,ヤマハ,,,16,13,確認済
1971,250cc,barry-randle,,,ヤマハ,,,17,12,確認済
1971,250cc,a-huber,,,ヤマハ,,,18,12,確認済
1971,250cc,alan-barnett,,,Yamsel,,,19,10,確認済
1971,250cc,werner-pfirter,,,ヤマハ,,,20,9,確認済
1971,250cc,borje-jansson,,,Yamasaki,,,21,9,確認済
1971,250cc,peter-williams,,,MZ,,,22,8,確認済
1971,250cc,teuvo-lansivuori,,,ヤマハ,,,23,8,確認済
1971,250cc,tony-rutter,,,ヤマハ,,,24,8,確認済
1971,250cc,bill-henderson,,,ヤマハ,,,25,8,確認済
1971,250cc,billie-nelson,,,ヤマハ,,,26,7,確認済
1971,250cc,leo-commu,,,ヤマハ,,,27,7,確認済
1971,250cc,renzo-pasolini,,,アエルマッキ,,,28,6,確認済
1971,250cc,frank-perris,,,ヤマハ,,,29,6,確認済
1971,250cc,steve-machin,,,ヤマハ,,,30,6,確認済
1971,250cc,ian-richards,,,ヤマハ,,,31,6,確認済
1971,250cc,jerry-lancaster,,,ヤマハ,,,32,6,確認済
1971,250cc,barry-sheene,,,デルビ,,,33,5,確認済
1971,250cc,heinz-schmid,,,ヤマハ,,,34,5,確認済
1971,250cc,guido-mandracci,,,ヤマハ,,,35,5,確認済
1971,250cc,walter-sommer,,,ヤマハ,,,36,4,確認済
1971,250cc,peter-berwick,,,ヤマハ,,,37,4,確認済
1971,250cc,adolf-ohligschlaeger,,,ヤマハ,,,38,4,確認済
1971,250cc,nico-van-der-zanden,,,ヤマハ,,,39,3,確認済
1971,250cc,juan-bordons,,,ブルタコ,,,40,3,確認済
1971,250cc,karl-auer,,,ヤマハ,,,41,3,確認済
1971,250cc,dave-simmonds,,,Yamasaki,,,42,2,確認済
1971,250cc,fabian-gonzales,,,ブルタコ,,,43,2,確認済
1971,250cc,steve-ellis,,,ヤマハ,,,44,1,確認済
1971,250cc,ramon-gali,,,ブルタコ,,,45,1,確認済
1971,250cc,lennart-lindell,,,ヤマハ,,,46,1,確認済
1971,250cc,gordon-pantall,,,ヤマハ,,,47,1,確認済
1971,250cc,frantisek-srna,,,ヤワ,,,48,1,確認済
1971,250cc,stan-woods,,,ヤマハ,,,49,1,確認済
1971,250cc,lazlo-szabo,,,ヤマハ,,,,,確認済
1971,250cc,paul-smart,,,ヤマハ,,,,,確認済
1971,350cc,giacomo-agostini,,,MVアグスタ,,,1,90,確認済
1971,350cc,jarno-saarinen,,,ヤマハ,,,2,63,確認済
1971,350cc,ivan-carlsson,,,ヤマハ,,,3,39,確認済
1971,350cc,theo-bult,,,Yamsel,,,4,36,確認済
1971,350cc,paul-smart,,,ヤマハ,,,5,34,確認済
1971,350cc,werner-pfirter,,,ヤマハ,,,6,33,確認済
1971,350cc,bo-granath,,,ヤマハ,,,7,30,確認済
1971,350cc,lazlo-szabo,,,ヤマハ,,,8,29,確認済
1971,350cc,tony-jefferies,,,Yamsel,,,9,25,確認済
1971,350cc,teuvo-lansivuori,,,ヤマハ,,,10,25,確認済
1971,350cc,billie-nelson,,,ヤマハ,,,11,21,確認済
1971,350cc,walter-sommer,,,ヤマハ,,,12,19,確認済
1971,350cc,rodney-gould,,,ヤマハ,,,13,16,確認済
1971,350cc,john-williams,,,AJS,,,14,16,確認済
1971,350cc,peter-williams,,,MZ,,,15,15,確認済
1971,350cc,bohumil-stasa,,,CZ,,,16,12,確認済
1971,350cc,dieter-braun,,,ヤマハ,,,17,12,確認済
1971,350cc,phil-read,,,ヤマハ,,,18,12,確認済
1971,350cc,gordon-pantall,,,Padgett Yamaha,,,19,12,確認済
1971,350cc,silvio-grassetti,,,MZ,,,20,12,確認済
1971,350cc,mick-chatterton,,,Chat Yamaha,,,21,11,確認済
1971,350cc,barry-randle,,,ヤマハ,,,22,10,確認済
1971,350cc,steve-ellis,,,ヤマハ,,,23,10,確認済
1971,350cc,barry-smith,,,ホンダ,,,24,10,確認済
1971,350cc,jerry-lancaster,,,Seel Yamaha,,,25,10,確認済
1971,350cc,h-kuparinnen,,,ヤマハ,,,26,9,確認済
1971,350cc,maurice-hawthorne,,,ヤマハ,,,27,9,確認済
1971,350cc,tommy-robb,,,ヤマハ,,,28,8,確認済
1971,350cc,ron-chandler,,,ヤマハ,,,29,6,確認済
1971,350cc,steve-machin,,,Padgett Yamaha,,,30,6,確認済
1971,350cc,janos-reisz,,,アエルマッキ,,,31,6,確認済
1971,350cc,arpad-juhos,,,アエルマッキ,,,32,5,確認済
1971,350cc,gerry-mateer,,,アエルマッキ,,,33,5,確認済
1971,350cc,martti-pesonen,,,ヤマハ,,,34,5,確認済
1971,350cc,jack-findlay,,,ヤマハ,,,35,5,確認済
1971,350cc,giuseppe-mandolini,,,アエルマッキ,,,36,4,確認済
1971,350cc,mick-grant,,,Lee-Yamaha,,,37,4,確認済
1971,350cc,adolf-ohligschlaeger,,,ヤマハ,,,38,4,確認済
1971,350cc,dennis-gallagner,,,ヤマハ,,,39,4,確認済
1971,350cc,t-rotter,,,ヤマハ,,,40,3,確認済
1971,350cc,a-kroon,,,ヤマハ,,,41,3,確認済
1971,350cc,r-duba,,,CZ,,,42,3,確認済
1971,350cc,billy-mccosh,,,Yamsel,,,43,3,確認済
1971,350cc,emanuele-maugliani,,,ヤマハ,,,44,3,確認済
1971,350cc,billie-guthrie,,,Dugdale Yamaha,,,45,4,確認済
1971,350cc,keith-turner,,,ヤマハ,,,46,3,確認済
1971,350cc,erick-offenstadt,,,カワサキ,,,47,3,確認済
1971,350cc,gunter-bartusch,,,MZ,,,48,2,確認済
1971,350cc,r-w-herron,,,ヤマハ,,,49,2,確認済
1971,350cc,j-kral,,,CZ,,,50,2,確認済
1971,350cc,l-habbiche,,,ヤマハ,,,51,2,確認済
1971,350cc,h-gorgen,,,ヤマハ,,,52,2,確認済
1971,350cc,lothar-john,,,ヤマハ,,,53,2,確認済
1971,350cc,peter-berwick,,,スズキ,,,54,2,確認済
1971,350cc,giuseppe-consalvi,,,ヤマハ,,,55,1,確認済
1971,350cc,godfrey-nash,,,ヤマハ,,,56,1,確認済
1971,350cc,e-fagerer,,,ヤマハ,,,57,1,確認済
1971,350cc,peter-van-der-wal,,,カワサキ,,,58,1,確認済
1971,350cc,charlie-dobson,,,Seeley,,,59,1,確認済
1971,350cc,bill-smith,,,ホンダ,,,,,確認済
1971,350cc,esko-kuparinen,,,ヤマハ,,,,,確認済
1971,350cc,franz-kroon,,,ヤマハ,,,,,確認済
1971,350cc,tony-rutter,,,ヤマハ,,,,,確認済
1971,125cc,angel-nieto,,,デルビ,,,1,87,確認済
1971,125cc,barry-sheene,,,スズキ,,,2,79,確認済
1971,125cc,borje-jansson,,,マイコ,,,3,64,確認済
1971,125cc,dieter-braun,,,マイコ,,,4,54,確認済
1971,125cc,chas-mortimer,,,ヤマハ,,,5,48,確認済
1971,125cc,dave-simmonds,,,カワサキ,,,6,48,確認済
1971,125cc,gert-bender,,,マイコ,,,7,41,確認済
1971,125cc,gilberto-parlotti,,,モルビデリ,,,8,39,確認済
1971,125cc,kent-andersson,,,ヤマハ,,,9,30,確認済
1971,125cc,jurgen-lenk,,,MZ,,,10,27,確認済
1971,125cc,toni-gruber,,,マイコ,,,11,21,確認済
1971,125cc,thomas-heuschkel,,,MZ,,,12,20,確認済
1971,125cc,cees-van-dongen,,,ヤマハ,,,13,19,確認済
1971,125cc,john-kiddie,,,ホンダ,,,14,10,確認済
1971,125cc,peter-courtney,,,ヤマハ,,,15,8,確認済
1971,125cc,harald-bartol,,,スズキ,,,16,6,確認済
1971,125cc,alan-watts,,,ホンダ,,,17,6,確認済
1971,125cc,matti-salonen,,,ヤマハ,,,18,6,確認済
1971,125cc,ryszard-mankiewicz,,,MZ,,,19,6,確認済
1971,125cc,evren-bischoff,,,MZ,,,20,5,確認済
1971,125cc,otello-buscherini,,,デルビ,,,21,5,確認済
1971,125cc,carl-ward,,,マイコ,,,22,5,確認済
1971,125cc,bernd-kohlar,,,MZ,,,23,5,確認済
1971,125cc,steve-machin,,,ヤマハ,,,24,4,確認済
1971,125cc,alberto-pagani,,,デルビ,,,25,4,確認済
1971,125cc,rodney-gould,,,ヤマハ,,,26,4,確認済
1971,125cc,janos-drapal,,,MZ,,,27,4,確認済
1971,125cc,fred-smart,,,ホンダ,,,28,4,確認済
1971,125cc,lindsay-porter,,,ホンダ,,,29,3,確認済
1971,125cc,luigi-rinaudo,,,アエルマッキ,,,30,3,確認済
1971,125cc,benjamin-grau,,,ブルタコ,,,31,3,確認済
1971,125cc,friedhelm-kohlar,,,MZ,,,32,3,確認済
1971,125cc,eugenio-lazzarini,,,マイコ,,,33,3,確認済
1971,125cc,aramir-brito,,,MZ,,,34,2,確認済
1971,125cc,jan-huberts,,,MZ,,,35,2,確認済
1971,125cc,seppo-kangasniemi,,,マイコ,,,36,2,確認済
1971,125cc,aldo-pero,,,アエルマッキ,,,37,2,確認済
1971,125cc,leif-rosell,,,マイコ,,,38,2,確認済
1971,125cc,bill-rae,,,マイコ,,,39,2,確認済
1971,125cc,james-pearson,,,ホンダ,,,40,1,確認済
1971,125cc,roland-olsson,,,ヤマハ,,,41,1,確認済
1971,125cc,b-johansson,,,マイコ,,,42,1,確認済
1971,125cc,gunter-fischer,,,マイコ,,,43,1,確認済
1971,125cc,ramon-gali,,,ブルタコ,,,44,1,確認済
1971,125cc,tommy-robb,,,ヤマハ,,,45,1,確認済
1971,50cc,jan-de-vries,,,クライドラー,,,1,75,確認済
1971,50cc,angel-nieto,,,デルビ,,,2,69,確認済
1971,50cc,jos-schurgers,,,クライドラー,,,3,42,確認済
1971,50cc,rudolf-kunz,,,クライドラー,,,4,36,確認済
1971,50cc,hermann-meyer,,,ヤマティ,,,5,35,確認済
1971,50cc,barry-sheene,,,クライドラー,,,6,23,確認済
1971,50cc,aalt-toersen,,,ヤマティ,,,7,24,確認済
1971,50cc,gilberto-parlotti,,,デルビ,,,8,22,確認済
1971,50cc,f-van-der-hoeven,,,デルビ,,,9,22,確認済
1971,50cc,jan-bruins,,,クライドラー,,,10,19,確認済
1971,50cc,juan-pares,,,デルビ,,,11,19,確認済
1971,50cc,jarno-saarinen,,,クライドラー,,,12,17,確認済
1971,50cc,luigi-rinaudo,,,Tomos,,,13,12,確認済
1971,50cc,leo-commu,,,ヤマティ,,,14,12,確認済
1971,50cc,hans-hummel,,,クライドラー,,,15,11,確認済
1971,50cc,h-bartold,,,クライドラー,,,16,11,確認済
1971,50cc,h-heer,,,ヤマティ,,,17,10,確認済
1971,50cc,h-kroismayr,,,クライドラー,,,18,10,確認済
1971,50cc,t-ramaker,,,クライドラー,,,19,10,確認済
1971,50cc,m-kugler,,,クライドラー,,,20,9,確認済
1971,50cc,zbynek-havrda,,,Tomos,,,21,8,確認済
1971,50cc,ryszard-mankiewicz,,,クライドラー,,,22,8,確認済
1971,50cc,n-polane,,,クライドラー,,,23,6,確認済
1971,50cc,cees-van-dongen,,,ヤマティ,,,24,6,確認済
1971,50cc,m-soban,,,クライドラー,,,25,5,確認済
1971,50cc,bedrich-fendrich,,,Tartan Kawasakii,,,26,4,確認済
1971,50cc,g-hilbig,,,MZ-EGB,,,27,4,確認済
1971,50cc,lars-johansson,,,マイコ,,,28,3,確認済
1971,50cc,l-persson,,,Monark,,,29,3,確認済
1971,50cc,ulrich-graf,,,クライドラー,,,30,3,確認済
1971,50cc,alberto-ieva,,,モルビデリ,,,31,2,確認済
1971,50cc,lennart-lindell,,,Tomos,,,32,2,確認済
1971,50cc,a-bertholet,,,クライドラー,,,33,1,確認済
1971,50cc,p-muller,,,Zanella,,,34,1,確認済
1971,50cc,t-kooyman,,,Hemeyla,,,35,1,確認済
1971,50cc,harald-bartol,,,クライドラー,,,,,確認済
1972,500cc,giacomo-agostini,,,MVアグスタ,,,1,105,確認済
1972,500cc,alberto-pagani,,,MVアグスタ,,,2,87,確認済
1972,500cc,bruno-kneubuhler,,,ヤマハ,,,3,54,確認済
1972,500cc,rodney-gould,,,ヤマハ,,,4,52,確認済
1972,500cc,bo-granath,,,ハスクバーナ,,,5,47,確認済
1972,500cc,chas-mortimer,,,ヤマハ,,,6,42,確認済
1972,500cc,dave-simmonds,,,カワサキ,,,7,42,確認済
1972,500cc,jack-findlay,,,Jada,,,8,31,確認済
1972,500cc,billie-nelson,,,ヤマハ,,,9,310,確認済
1972,500cc,kim-newcombe,,,ケーニッヒ,,,10,27,確認済
1972,500cc,guido-mandracci,,,スズキ,,,11,24,確認済
1972,500cc,christian-bourgeois,,,ヤマハ,,,12,20,確認済
1972,500cc,rob-bron,,,スズキ,,,13,18,確認済
1972,500cc,sven-gunnarsson,,,カワサキ,,,14,16,確認済
1972,500cc,jerry-lancaster,,,ヤマハ,,,15,14,確認済
1972,500cc,paul-eickelberg,,,ケーニッヒ,,,16,13,確認済
1972,500cc,bruno-spaggiari,,,ドゥカティ,,,17,10,確認済
1972,500cc,mick-grant,,,カワサキ,,,18,10,確認済
1972,500cc,giampiero-zubani,,,カワサキ,,,19,9,確認済
1972,500cc,sergio-baroncini,,,ドゥカティ,,,20,9,確認済
1972,500cc,lothar-john,,,ヤマハ,,,21,9,確認済
1972,500cc,hideo-kanaya,,,ヤマハ,,,22,8,確認済
1972,500cc,paul-smart,,,ドゥカティ,,,23,8,確認済
1972,500cc,kevin-cowley,,,マッチレス,,,24,8,確認済
1972,500cc,peter-van-der-wal,,,カワサキ,,,25,7,確認済
1972,500cc,andre-pogolotti,,,スズキ,,,26,6,確認済
1972,500cc,derek-chatterton,,,ヤマハ,,,27,6,確認済
1972,500cc,ernst-hiller,,,ケーニッヒ,,,28,6,確認済
1972,500cc,erick-offenstadt,,,カワサキ,,,29,5,確認済
1972,500cc,karl-huber,,,カワサキ,,,30,5,確認済
1972,500cc,pentti-korhonen,,,ヤマハ,,,31,5,確認済
1972,500cc,charlie-williams,,,ヤマハ,,,32,5,確認済
1972,500cc,charlie-dobson,,,カワサキ,,,33,5,確認済
1972,500cc,ivan-carlsson,,,ヤマハ,,,34,5,確認済
1972,500cc,selwyn-griffiths,,,マッチレス,,,35,4,確認済
1972,500cc,hans-maxwald,,,ロータックス,,,36,4,確認済
1972,500cc,silvano-bertarelli,,,カワサキ,,,37,4,確認済
1972,500cc,paul-cott,,,Seeley,,,38,3,確認済
1972,500cc,derek-lee,,,スズキ,,,39,3,確認済
1972,500cc,getulio-marcasini,,,アエルマッキ,,,40,3,確認済
1972,500cc,clive-brown,,,スズキ,,,41,3,確認済
1972,500cc,carlo-marelli,,,パトン,,,42,3,確認済
1972,500cc,johnny-bengtsson,,,ハスクバーナ,,,43,2,確認済
1972,500cc,ken-araoka,,,カワサキ,,,44,2,確認済
1972,500cc,arpad-juhos,,,Metisse-Matchless,,,45,2,確認済
1972,500cc,seppo-kangasniemi,,,ヤマハ,,,46,2,確認済
1972,500cc,maurice-hawthorne,,,カワサキ,,,47,1,確認済
1972,500cc,charlie-sanby,,,スズキ,,,48,1,確認済
1972,500cc,roberto-gallina,,,パトン,,,49,1,確認済
1972,500cc,roland-nilsson,,,スズキ,,,50,1,確認済
1972,500cc,josef-ozelt,,,マッチレス,,,51,1,確認済
1972,500cc,abe-alexander,,,Seeley,,,,,確認済
1972,500cc,alois-maxwald,,,ロータックス,,,,,確認済
1972,500cc,billy-mccosh,,,スズキ,,,,,確認済
1972,500cc,borge-andersson,,,ホンダ,,,,,確認済
1972,500cc,brian-lee,,,アエルマッキ,,,,,確認済
1972,500cc,chris-neve,,,Seeley,,,,,確認済
1972,500cc,cliff-carr,,,カワサキ,,,,,確認済
1972,500cc,ernie-johnson,,,スズキ,,,,,確認済
1972,500cc,fred-walton,,,Velocette-Metisse,,,,,確認済
1972,500cc,geoff-barry,,,Oakley-Seeley,,,,,確認済
1972,500cc,george-fogarty,,,Cunningham-Suzuki,,,,,確認済
1972,500cc,gerry-mateer,,,ノートン,,,,,確認済
1972,500cc,godfrey-nash,,,ホンダ,,,,,確認済
1972,500cc,grahan-penny,,,ホンダ,,,,,確認済
1972,500cc,gyula-marsovszky,,,Linto,,,,,確認済
1972,500cc,hans-jurgen-rothbrust,,,ヤマハ,,,,,確認済
1972,500cc,hans-otto-butenuth,,,BMW,,,,,確認済
1972,500cc,heinz-schmid,,,スズキ,,,,,確認済
1972,500cc,horst-dzierzawa,,,ヤマハ,,,,,確認済
1972,500cc,hugh-evans,,,カワサキ,,,,,確認済
1972,500cc,jean-campiche,,,Linto,,,,,確認済
1972,500cc,jeff-wade,,,ヤマハ,,,,,確認済
1972,500cc,jim-ashton,,,Seeley,,,,,確認済
1972,500cc,kaarlo-koivuniemi,,,カワサキ,,,,,確認済
1972,500cc,kai-kuparinen,,,スズキ,,,,,確認済
1972,500cc,karl-auer,,,カワサキ,,,,,確認済
1972,500cc,keith-turner,,,スズキ,,,,,確認済
1972,500cc,ken-kay,,,Seeley,,,,,確認済
1972,500cc,ken-tilley,,,ノートン,,,,,確認済
1972,500cc,klaus-huber,,,カワサキ,,,,,確認済
1972,500cc,kurt-harald-florin,,,ケーニッヒ,,,,,確認済
1972,500cc,kurt-ivan-carlsson,,,ヤマハ,,,,,確認済
1972,500cc,michael-schmid,,,ヤマハ,,,,,確認済
1972,500cc,otto-labitzke,,,ホンダ,,,,,確認済
1972,500cc,pete-elmore,,,Petty-Norton,,,,,確認済
1972,500cc,raymond-ashcroft,,,ヤマハ,,,,,確認済
1972,500cc,roger-bowler,,,Mularny,,,,,確認済
1972,500cc,roger-nichols,,,スズキ,,,,,確認済
1972,500cc,ron-baylie,,,トライアンフ,,,,,確認済
1972,500cc,stan-woods,,,スズキ,,,,,確認済
1972,500cc,sten-gunnar-jansson,,,カワサキ,,,,,確認済
1972,500cc,steve-ellis,,,ヤマハ,,,,,確認済
1972,500cc,ted-janssen,,,スズキ,,,,,確認済
1972,500cc,tom-dickie,,,Cowles-Matchless,,,,,確認済
1972,500cc,tom-loughridge,,,Crooks-Suzuki,,,,,確認済
1972,500cc,tom-waterer,,,ノートン,,,,,確認済
1972,500cc,udo-kochanski,,,BMW,,,,,確認済
1972,500cc,ulf-nilsson,,,スズキ,,,,,確認済
1972,500cc,walter-dawson,,,ヤマハ,,,,,確認済
1972,500cc,walter-rungg,,,アエルマッキ,,,,,確認済
1972,500cc,werner-giger,,,カワサキ,,,,,確認済
1972,500cc,wil-hartog,,,Riemanoc-Yamaha,,,,,確認済
1972,500cc,willi-bertsch,,,カワサキ,,,,,確認済
1972,250cc,jarno-saarinen,,,ヤマハ,,,1,94,確認済
1972,250cc,renzo-pasolini,,,アエルマッキ,,,2,93,確認済
1972,250cc,rodney-gould,,,ヤマハ,,,3,88,確認済
1972,250cc,phil-read,,,ヤマハ,,,4,58,確認済
1972,250cc,teuvo-lansivuori,,,ヤマハ,,,5,46,確認済
1972,250cc,john-dodds,,,ヤマハ,,,6,42,確認済
1972,250cc,kent-andersson,,,ヤマハ,,,7,39,確認済
1972,250cc,benny-janssen,,,マイコ,,,8,36,確認済
1972,250cc,silvio-grassetti,,,MZ,,,9,30,確認済
1972,250cc,werner-pfirter,,,ヤマハ,,,10,28,確認済
1972,250cc,hideo-kanaya,,,ヤマハ,,,11,26,確認済
1972,250cc,dieter-braun,,,マイコ,,,12,22,確認済
1972,250cc,barry-sheene,,,ヤマハ,,,13,18,確認済
1972,250cc,chas-mortimer,,,ヤマハ,,,14,18,確認済
1972,250cc,oronzo-memola,,,ヤマハ,,,15,17,確認済
1972,250cc,janos-drapal,,,ヤマハ,,,16,16,確認済
1972,250cc,walter-sommer,,,Mitsui,,,17,11,確認済
1972,250cc,john-williams,,,ヤマハ,,,18,10,確認済
1972,250cc,tapio-virtanen,,,ヤマハ,,,19,10,確認済
1972,250cc,charlie-williams,,,ヤマハ,,,20,8,確認済
1972,250cc,guido-mandracci,,,ヤマハ,,,21,6,確認済
1972,250cc,gunter-fischer,,,ヤマハ,,,22,6,確認済
1972,250cc,bill-henderson,,,ヤマハ,,,23,5,確認済
1972,250cc,bernd-tungethal,,,MZ,,,24,5,確認済
1972,250cc,geza-repitz,,,ヤマハ,,,25,5,確認済
1972,250cc,marcel-ankone,,,ヤマハ,,,26,5,確認済
1972,250cc,roland-olsson,,,ヤマハ,,,27,4,確認済
1972,250cc,luigi-anelli,,,ヤマハ,,,28,4,確認済
1972,250cc,derek-chatterton,,,ヤマハ,,,29,4,確認済
1972,250cc,victor-palomo,,,ヤマハ,,,30,4,確認済
1972,250cc,remy-hirschy,,,ヤマハ,,,31,4,確認済
1972,250cc,gert-bender,,,マイコ,,,32,4,確認済
1972,250cc,christian-bourgeois,,,ヤマハ,,,33,3,確認済
1972,250cc,arpad-juhos,,,ヤマハ,,,34,3,確認済
1972,250cc,karl-auer,,,ヤマハ,,,35,3,確認済
1972,250cc,seppo-kangasniemi,,,ヤマハ,,,36,3,確認済
1972,250cc,jerry-lancaster,,,ヤマハ,,,37,3,確認済
1972,250cc,fosco-giansanti,,,ヤマハ,,,38,3,確認済
1972,250cc,donnie-robinson,,,ヤマハ,,,39,3,確認済
1972,250cc,giovanni-proni,,,ヤマハ,,,40,2,確認済
1972,250cc,barry-randle,,,ヤマハ,,,41,2,確認済
1972,250cc,tony-rutter,,,ヤマハ,,,42,2,確認済
1972,250cc,bill-rae,,,ヤマハ,,,43,1,確認済
1972,250cc,olivier-chevallier,,,ヤマハ,,,44,1,確認済
1972,250cc,giovanni-buffarello,,,ヤマハ,,,45,1,確認済
1972,250cc,reiner-richter,,,MZ,,,46,1,確認済
1972,250cc,heinz-schmid,,,ヤマハ,,,47,1,確認済
1972,250cc,peter-stocksiefen,,,ヤマハ,,,48,1,確認済
1972,250cc,borje-jansson,,,デルビ,,,,,確認済
1972,350cc,giacomo-agostini,,,MVアグスタ,,,1,102,確認済
1972,350cc,jarno-saarinen,,,ヤマハ,,,2,89,確認済
1972,350cc,renzo-pasolini,,,アエルマッキ,,,3,78,確認済
1972,350cc,dieter-braun,,,ヤマハ,,,4,54,確認済
1972,350cc,phil-read,,,MVアグスタ,,,5,51,確認済
1972,350cc,bruno-kneubuhler,,,ヤマハ,,,6,45,確認済
1972,350cc,teuvo-lansivuori,,,ヤマハ,,,7,42,確認済
1972,350cc,janos-drapal,,,ヤマハ,,,8,42,確認済
1972,350cc,hideo-kanaya,,,ヤマハ,,,9,41,確認済
1972,350cc,jack-findlay,,,ヤマハ,,,10,41,確認済
1972,350cc,werner-pfirter,,,ヤマハ,,,11,17,確認済
1972,350cc,bo-granath,,,ヤマハ,,,12,16,確認済
1972,350cc,silvio-grassetti,,,MZ,,,13,14,確認済
1972,350cc,tony-rutter,,,ヤマハ,,,14,13,確認済
1972,350cc,adu-celso-santos,,,ヤマハ,,,15,12,確認済
1972,350cc,walter-sommer,,,ヤマハ,,,16,12,確認済
1972,350cc,janos-szabo,,,ヤマハ,,,17,12,確認済
1972,350cc,mick-grant,,,Padgett Yamaha,,,18,11,確認済
1972,350cc,matti-salonen,,,ヤマハ,,,19,10,確認済
1972,350cc,billie-nelson,,,ヤマハ,,,20,9,確認済
1972,350cc,ivan-carlsson,,,ヤマハ,,,21,9,確認済
1972,350cc,frantisek-srna,,,ヤワ,,,22,8,確認済
1972,350cc,john-dodds,,,ヤマハ,,,23,8,確認済
1972,350cc,derek-chatterton,,,Yamsel,,,24,7,確認済
1972,350cc,marcel-ankone,,,Yamsel,,,25,6,確認済
1972,350cc,rodney-gould,,,Cowles-Yamaha,,,26,6,確認済
1972,350cc,mick-chatterton,,,Chat Yamaha,,,27,5,確認済
1972,350cc,selwyn-griffiths,,,Cowles Matchless,,,28,5,確認済
1972,350cc,walter-villa,,,ヤマハ,,,29,4,確認済
1972,350cc,alberto-pagani,,,MVアグスタ,,,30,4,確認済
1972,350cc,michel-rougerie,,,アエルマッキ,,,31,3,確認済
1972,350cc,sven-gunnarsson,,,ヤマハ,,,32,3,確認済
1972,350cc,maurice-hawthorne,,,ヤマハ,,,33,2,確認済
1972,350cc,bill-rae,,,ヤマハ,,,34,2,確認済
1972,350cc,brian-lee,,,ヤマハ,,,35,2,確認済
1972,350cc,ken-redfern,,,Yamsel,,,36,1,確認済
1972,350cc,seppo-kangasniemi,,,ヤマハ,,,37,1,確認済
1972,350cc,jean-campiche,,,ヤマハ,,,38,1,確認済
1972,350cc,peter-stocksiefen,,,ヤマハ,,,39,1,確認済
1972,350cc,horst-dzierzawa,,,ヤマハ,,,40,1,確認済
1972,350cc,christian-bourgeois,,,ヤマハ,,,41,1,確認済
1972,350cc,lazlo-szabo,,,ヤマハ,,,,,確認済
1972,125cc,angel-nieto,,,デルビ,,,1,97,確認済
1972,125cc,kent-andersson,,,ヤマハ,,,2,87,確認済
1972,125cc,chas-mortimer,,,ヤマハ,,,3,87,確認済
1972,125cc,borje-jansson,,,マイコ,,,4,78,確認済
1972,125cc,gilberto-parlotti,,,モルビデリ,,,5,52,確認済
1972,125cc,dave-simmonds,,,カワサキ,,,6,44,確認済
1972,125cc,harald-bartol,,,スズキ,,,7,37,確認済
1972,125cc,dieter-braun,,,マイコ,,,8,25,確認済
1972,125cc,jos-schurgers,,,ブリヂストン,,,9,23,確認済
1972,125cc,bernd-kohlar,,,MZ,,,10,23,確認済
1972,125cc,eugenio-lazzarini,,,マイコ,,,11,22,確認済
1972,125cc,matti-salonen,,,ヤマハ,,,12,18,確認済
1972,125cc,gert-bender,,,マイコ,,,13,13,確認済
1972,125cc,cees-van-dongen,,,ヤマハ,,,14,13,確認済
1972,125cc,charlie-williams,,,ヤマハ,,,15,12,確認済
1972,125cc,bill-rae,,,マイコ,,,16,10,確認済
1972,125cc,benjamin-grau,,,デルビ,,,17,10,確認済
1972,125cc,ryszard-mankiewicz,,,MZ,,,18,10,確認済
1972,125cc,lothar-john,,,ヤマハ,,,19,10,確認済
1972,125cc,lindsay-porter,,,ホンダ,,,20,8,確認済
1972,125cc,tierry-tchernine,,,ヤマハ,,,21,8,確認済
1972,125cc,janos-szabo,,,MZ,,,22,7,確認済
1972,125cc,silvano-bertarelli,,,スズキ,,,23,6,確認済
1972,125cc,robert-hackett,,,ホンダ,,,24,6,確認済
1972,125cc,gunter-fischer,,,マイコ,,,25,5,確認済
1972,125cc,paolo-isnardi,,,モンディアル,,,26,5,確認済
1972,125cc,jurgen-lenk,,,MZ,,,27,5,確認済
1972,125cc,alan-watts,,,ホンダ,,,28,5,確認済
1972,125cc,evren-bischoff,,,MZ,,,29,5,確認済
1972,125cc,pentti-salonen,,,ヤマハ,,,30,5,確認済
1972,125cc,adriano-cocchi,,,ヤマハ,,,31,4,確認済
1972,125cc,steve-machin,,,ヤマハ,,,32,4,確認済
1972,125cc,fred-launchbury,,,マイコ,,,33,4,確認済
1972,125cc,r-jimenez,,,ヤマハ,,,34,4,確認済
1972,125cc,rolf-minhoff,,,マイコ,,,35,4,確認済
1972,125cc,leigh-notman,,,ヤマハ,,,36,3,確認済
1972,125cc,seppo-kangasniemi,,,マイコ,,,37,3,確認済
1972,125cc,bela-godany,,,MZ,,,38,2,確認済
1972,125cc,bert-mijland,,,マイコ,,,39,2,確認済
1972,125cc,benito-jull,,,MZ,,,40,2,確認済
1972,125cc,thomas-heuschkel,,,MZ,,,41,2,確認済
1972,125cc,aramir-brito,,,MZ,,,42,2,確認済
1972,125cc,michel-rougerie,,,アエルマッキ,,,43,2,確認済
1972,125cc,walter-rungg,,,ヤマハ,,,44,2,確認済
1972,125cc,andy-morris,,,ヤマハ,,,45,2,確認済
1972,125cc,luigi-rinaudo,,,アエルマッキ,,,46,2,確認済
1972,125cc,w-roesch,,,MZ,,,47,1,確認済
1972,125cc,leif-rosell,,,マイコ,,,48,1,確認済
1972,125cc,b-rge-nielsen,,,マイコ,,,49,1,確認済
1972,125cc,hakan-olsson,,,ヤマハ,,,50,1,確認済
1972,125cc,mike-evans,,,ヤマハ,,,51,1,確認済
1972,125cc,antonio-garcia,,,MZ,,,52,1,確認済
1972,125cc,harmunt-bischoff,,,MZ,,,,,確認済
1972,125cc,lazlo-szabo,,,MZ,,,,,確認済
1972,125cc,r-watts,,,ホンダ,,,,,確認済
1972,125cc,roland-olsson,,,ヤマハ,,,,,確認済
1972,50cc,angel-nieto,,,デルビ,,,1,69,確認済
1972,50cc,jan-de-vries,,,クライドラー,,,2,69,確認済
1972,50cc,theo-timmer,,,ヤマティ,,,3,50,確認済
1972,50cc,jan-bruins,,,クライドラー,,,4,39,確認済
1972,50cc,otello-buscherini,,,Malanca,,,5,32,確認済
1972,50cc,hans-hummel,,,クライドラー,,,6,26,確認済
1972,50cc,harald-bartol,,,クライドラー,,,7,26,確認済
1972,50cc,jan-huberts,,,クライドラー,,,8,25,確認済
1972,50cc,rudolf-kunz,,,クライドラー,,,9,17,確認済
1972,50cc,benjamin-grau,,,デルビ,,,10,12,確認済
1972,50cc,gerhard-thurow,,,クライドラー,,,11,12,確認済
1972,50cc,borje-jansson,,,ヤマティ,,,12,10,確認済
1972,50cc,juan-pares,,,デルビ,,,13,10,確認済
1972,50cc,kent-andersson,,,クライドラー,,,14,10,確認済
1972,50cc,ivan-carlsson,,,Monark,,,15,8,確認済
1972,50cc,l-persson,,,Monark,,,16,8,確認済
1972,50cc,leif-rosell,,,ヤマティ,,,17,7,確認済
1972,50cc,adrijan-bernetic,,,Tomos,,,18,6,確認済
1972,50cc,t-ramaker,,,クライドラー,,,19,6,確認済
1972,50cc,luigi-rinaudo,,,Tomos,,,20,6,確認済
1972,50cc,aalt-toersen,,,クライドラー,,,21,6,確認済
1972,50cc,alberto-ieva,,,Malanca,,,22,5,確認済
1972,50cc,l-uhlig,,,Eigenbau,,,23,5,確認済
1972,50cc,miklos-bojan,,,Tomos,,,24,5,確認済
1972,50cc,e-borisenko,,,Riga,,,25,4,確認済
1972,50cc,v-haeltert,,,クライドラー,,,26,4,確認済
1972,50cc,ermanno-giuliano,,,Tomos,,,27,3,確認済
1972,50cc,a-bertholet,,,クライドラー,,,28,3,確認済
1972,50cc,g-weser,,,クライドラー,,,29,2,確認済
1972,50cc,r-schuster,,,クライドラー,,,30,2,確認済
1972,50cc,nigel-stone,,,ヤマティ,,,31,2,確認済
1972,50cc,p-seljak,,,Tomos,,,32,2,確認済
1972,50cc,t-daleman,,,Roton,,,33,2,確認済
1972,50cc,cees-van-dongen,,,Roton,,,34,2,確認済
1972,50cc,ludwig-fassbender,,,クライドラー,,,35,2,確認済
1972,50cc,h-kroismayr,,,クライドラー,,,36,1,確認済
1972,50cc,zbynek-havrda,,,Ahra,,,37,1,確認済
1972,50cc,henk-van-kessel,,,クライドラー,,,38,1,確認済
1972,50cc,sigfried-lohmann,,,クライドラー,,,39,1,確認済
1972,50cc,claudio-lusuardi,,,Villa,,,40,1,確認済
1972,50cc,rolf-minhoff,,,マイコ,,,41,1,確認済
1972,50cc,aldo-pero,,,Villa,,,42,1,確認済
1973,500cc,phil-read,,,MVアグスタ,,,1,84,確認済
1973,500cc,kim-newcombe,,,ケーニッヒ,,,2,63,確認済
1973,500cc,giacomo-agostini,,,MVアグスタ,,,3,57,確認済
1973,500cc,werner-giger,,,ヤマハ,,,4,44,確認済
1973,500cc,jack-findlay,,,スズキ,,,5,38,確認済
1973,500cc,bruno-kneubuhler,,,ヤマハ,,,6,34,確認済
1973,500cc,jarno-saarinen,,,ヤマハ,,,7,30,確認済
1973,500cc,hideo-kanaya,,,ヤマハ,,,8,22,確認済
1973,500cc,ernst-hiller,,,ケーニッヒ,,,9,19,確認済
1973,500cc,alex-george,,,ヤマハ,,,10,19,確認済
1973,500cc,billie-nelson,,,ヤマハ,,,11,19,確認済
1973,500cc,christian-bourgeois,,,ヤマハ,,,12,17,確認済
1973,500cc,erick-offenstadt,,,カワサキ,,,13,17,確認済
1973,500cc,guido-mandracci,,,TR500,,,14,13,確認済
1973,500cc,peter-williams,,,マッチレス,,,15,12,確認済
1973,500cc,steve-ellis,,,ヤマハ,,,16,12,確認済
1973,500cc,bo-granath,,,ハスクバーナ,,,17,12,確認済
1973,500cc,paul-eickelberg,,,ケーニッヒ,,,18,11,確認済
1973,500cc,gianfranco-bonera,,,ヤマハ,,,19,10,確認済
1973,500cc,seppo-kangasniemi,,,ヤマハ,,,20,10,確認済
1973,500cc,b-rge-nielsen,,,ヤマハ,,,21,9,確認済
1973,500cc,georg-pohlmann,,,ヤマハ,,,22,9,確認済
1973,500cc,christian-leon,,,カワサキ,,,23,8,確認済
1973,500cc,wil-hartog,,,ヤマハ,,,24,8,確認済
1973,500cc,chas-mortimer,,,ヤマハ,,,25,8,確認済
1973,500cc,marcel-ankone,,,Yamsel,,,26,8,確認済
1973,500cc,roberto-gallina,,,ヤマハ,,,27,6,確認済
1973,500cc,michel-rougerie,,,Harley Davidson,,,28,6,確認済
1973,500cc,roger-nichols,,,スズキ,,,29,6,確認済
1973,500cc,reinhard-hiller,,,ケーニッヒ,,,30,5,確認済
1973,500cc,dave-hughes,,,マッチレス,,,31,5,確認済
1973,500cc,bohumil-stasa,,,ヤマハ,,,32,5,確認済
1973,500cc,mario-lega,,,ヤマハ,,,33,4,確認済
1973,500cc,gyula-marsovszky,,,ヤマハ,,,34,4,確認済
1973,500cc,donnie-robinson,,,スズキ,,,35,4,確認済
1973,500cc,peter-stocksiefen,,,TR500,,,36,4,確認済
1973,500cc,derek-chatterton,,,ヤマハ,,,37,4,確認済
1973,500cc,peter-van-der-wal,,,ヤマハ,,,38,4,確認済
1973,500cc,sven-gunnarsson,,,H1R-RW,,,39,4,確認済
1973,500cc,jean-francois-balde,,,カワサキ,,,40,3,確認済
1973,500cc,derek-lee,,,TR500,,,41,3,確認済
1973,500cc,ivan-carlsson,,,ヤマハ,,,42,3,確認済
1973,500cc,udo-kochanski,,,ケーニッヒ,,,43,3,確認済
1973,500cc,j-taylor,,,スズキ,,,44,3,確認済
1973,500cc,ted-janssen,,,ケーニッヒ,,,45,2,確認済
1973,500cc,selwyn-griffiths,,,マッチレス,,,46,2,確認済
1973,500cc,jean-paul-boinet,,,カワサキ,,,47,2,確認済
1973,500cc,lothar-john,,,TR500,,,48,2,確認済
1973,500cc,graham-bailey,,,カワサキ,,,49,1,確認済
1973,500cc,bo-brolin,,,スズキ,,,50,1,確認済
1973,500cc,hans-maxwald,,,ロータックス,,,51,1,確認済
1973,500cc,jerome-van-halter,,,TR500,,,52,1,確認済
1973,500cc,charlie-sanby,,,スズキ,,,,,確認済
1973,500cc,chris-taylor,,,スズキ,,,,,確認済
1973,250cc,dieter-braun,,,ヤマハ,,,1,80,確認済
1973,250cc,teuvo-lansivuori,,,ヤマハ,,,2,64,確認済
1973,250cc,john-dodds,,,ヤマハ,,,3,58,確認済
1973,250cc,jarno-saarinen,,,ヤマハ,,,4,45,確認済
1973,250cc,michel-rougerie,,,Harley Davidson,,,5,45,確認済
1973,250cc,chas-mortimer,,,ヤマハ,,,6,40,確認済
1973,250cc,hideo-kanaya,,,ヤマハ,,,7,36,確認済
1973,250cc,michele-gallina,,,ヤマハ,,,8,32,確認済
1973,250cc,bruno-kneubuhler,,,ヤマハ,,,9,28,確認済
1973,250cc,silvio-grassetti,,,MZ,,,10,21,確認済
1973,250cc,patrick-pons,,,ヤマハ,,,11,21,確認済
1973,250cc,adu-celso-santos,,,ヤマハ,,,12,20,確認済
1973,250cc,werner-pfirter,,,ヤマハ,,,13,20,確認済
1973,250cc,paolo-pileri,,,ヤマハ,,,14,18,確認済
1973,250cc,christian-bourgeois,,,ヤマハ,,,15,16,確認済
1973,250cc,charlie-williams,,,ヤマハ,,,16,15,確認済
1973,250cc,john-williams,,,ヤマハ,,,17,12,確認済
1973,250cc,borje-jansson,,,ヤマハ,,,18,12,確認済
1973,250cc,bill-rae,,,ヤマハ,,,19,10,確認済
1973,250cc,renzo-pasolini,,,Harley Davidson,,,20,10,確認済
1973,250cc,matti-salonen,,,ヤマハ,,,21,10,確認済
1973,250cc,mario-lega,,,ヤマハ,,,22,9,確認済
1973,250cc,eddie-grant,,,ヤマハ,,,23,9,確認済
1973,250cc,derek-chatterton,,,ヤマハ,,,24,8,確認済
1973,250cc,leif-gustafsson,,,ヤマハ,,,25,8,確認済
1973,250cc,walter-villa,,,ヤマハ,,,26,8,確認済
1973,250cc,werner-giger,,,ヤマハ,,,27,7,確認済
1973,250cc,alex-george,,,ヤマハ,,,28,6,確認済
1973,250cc,hans-hallberg,,,ヤマハ,,,29,6,確認済
1973,250cc,tony-rutter,,,ヤマハ,,,30,5,確認済
1973,250cc,phil-carpenter,,,ヤマハ,,,31,4,確認済
1973,250cc,pentti-korhonen,,,ヤマハ,,,32,4,確認済
1973,250cc,hans-muller,,,ヤマハ,,,33,4,確認済
1973,250cc,victor-palomo,,,ヤマハ,,,34,4,確認済
1973,250cc,andre-luc-appietto,,,ヤマハ,,,35,3,確認済
1973,250cc,helmut-kassner,,,ヤマハ,,,36,3,確認済
1973,250cc,rob-bron,,,ヤマハ,,,37,3,確認済
1973,250cc,ingermar-larssen,,,ヤマハ,,,38,3,確認済
1973,250cc,klaus-leonhardt,,,ヤマハ,,,39,2,確認済
1973,250cc,roland-nilsson,,,ヤマハ,,,40,2,確認済
1973,250cc,pentti-salonen,,,ヤマハ,,,41,2,確認済
1973,250cc,tom-herron,,,ヤマハ,,,42,2,確認済
1973,250cc,bernd-tungethal,,,MZ,,,43,2,確認済
1973,250cc,a-huber,,,ヤマハ,,,44,1,確認済
1973,250cc,tierry-tchernine,,,ヤマハ,,,45,1,確認済
1973,250cc,andre-nuno,,,ヤマハ,,,46,1,確認済
1973,250cc,barry-randle,,,ヤマハ,,,47,1,確認済
1973,250cc,klaus-huber,,,ヤマハ,,,,,確認済
1973,250cc,mick-grant,,,ヤマハ,,,,,確認済
1973,250cc,roberto-gallina,,,ヤマハ,,,,,確認済
1973,350cc,giacomo-agostini,,,MVアグスタ,,,1,84,確認済
1973,350cc,teuvo-lansivuori,,,ヤマハ,,,2,77,確認済
1973,350cc,phil-read,,,MVアグスタ,,,3,56,確認済
1973,350cc,john-dodds,,,ヤマハ,,,4,49,確認済
1973,350cc,billie-nelson,,,ヤマハ,,,5,38,確認済
1973,350cc,kent-andersson,,,ヤマハ,,,6,38,確認済
1973,350cc,adu-celso-santos,,,ヤマハ,,,7,33,確認済
1973,350cc,dieter-braun,,,ヤマハ,,,8,33,確認済
1973,350cc,janos-drapal,,,ヤマハ,,,9,30,確認済
1973,350cc,pentti-korhonen,,,ヤマハ,,,10,25,確認済
1973,350cc,walter-villa,,,カワサキ,,,11,23,確認済
1973,350cc,werner-pfirter,,,ヤマハ,,,12,17,確認済
1973,350cc,j-pons,,,ヤマハ,,,13,16,確認済
1973,350cc,tony-rutter,,,ヤマハ,,,14,15,確認済
1973,350cc,ivan-carlsson,,,ヤマハ,,,15,13,確認済
1973,350cc,k-huggett,,,Dugdale Yamaha,,,16,12,確認済
1973,350cc,victor-palomo,,,ヤマハ,,,17,12,確認済
1973,350cc,gyula-marsovszky,,,ヤマハ,,,18,12,確認済
1973,350cc,marcel-ankone,,,Yamaha-Yamsel,,,19,11,確認済
1973,350cc,john-williams,,,ヤマハ,,,20,10,確認済
1973,350cc,alex-george,,,ヤマハ,,,21,10,確認済
1973,350cc,mick-grant,,,ヤマハ,,,22,9,確認済
1973,350cc,barry-randle,,,ヤマハ,,,23,8,確認済
1973,350cc,gianfranco-bonera,,,Harley Davidson,,,24,8,確認済
1973,350cc,helmut-kassner,,,ヤマハ,,,25,8,確認済
1973,350cc,olivier-chevallier,,,ヤマハ,,,26,7,確認済
1973,350cc,bo-granath,,,ヤマハ,,,27,6,確認済
1973,350cc,phil-carpenter,,,ヤマハ,,,28,6,確認済
1973,350cc,ingermar-larssen,,,ヤマハ,,,29,6,確認済
1973,350cc,janos-reisz,,,Yamaha/TZ,,,30,6,確認済
1973,350cc,derek-chatterton,,,Chat Yamaha,,,31,5,確認済
1973,350cc,philippe-coulon,,,ヤマハ,,,32,5,確認済
1973,350cc,bruno-kneubuhler,,,HD-Yamaha,,,33,5,確認済
1973,350cc,michel-rougerie,,,Harley Davidson,,,34,4,確認済
1973,350cc,walter-kaletsch,,,Yamaha/TZ,,,35,4,確認済
1973,350cc,mario-lega,,,ヤマハ,,,36,3,確認済
1973,350cc,tom-dickie,,,Dugdale Yamaha,,,37,2,確認済
1973,350cc,franz-weidacher,,,ヤマハ,,,38,2,確認済
1973,350cc,silvio-grassetti,,,MZ,,,39,2,確認済
1973,350cc,h-kuparinnen,,,ヤマハ,,,40,2,確認済
1973,350cc,paul-cott,,,ヤマハ,,,41,1,確認済
1973,350cc,h-konschok,,,ヤマハ,,,42,1,確認済
1973,350cc,b-rge-nielsen,,,ヤマハ,,,43,1,確認済
1973,350cc,pekka-nurmi,,,ヤマハ,,,44,1,確認済
1973,350cc,esko-kuparinen,,,ヤマハ,,,,,確認済
1973,350cc,horst-kassner,,,ヤマハ,,,,,確認済
1973,350cc,patrick-pons,,,ヤマハ,,,,,確認済
1973,125cc,kent-andersson,,,ヤマハ,,,1,99,確認済
1973,125cc,chas-mortimer,,,ヤマハ,,,2,75,確認済
1973,125cc,jos-schurgers,,,ブリヂストン,,,3,70,確認済
1973,125cc,borje-jansson,,,マイコ,,,4,64,確認済
1973,125cc,eugenio-lazzarini,,,マイコ,,,5,59,確認済
1973,125cc,otello-buscherini,,,Malanca,,,6,51,確認済
1973,125cc,angel-nieto,,,モルビデリ,,,7,46,確認済
1973,125cc,rolf-minhoff,,,マイコ,,,8,42,確認済
1973,125cc,matti-salonen,,,ヤマハ,,,9,32,確認済
1973,125cc,pentti-salonen,,,ヤマハ,,,10,28,確認済
1973,125cc,horst-seel,,,マイコ,,,11,21,確認済
1973,125cc,tierry-tchernine,,,ヤマハ,,,12,17,確認済
1973,125cc,tommy-robb,,,ヤマハ,,,13,15,確認済
1973,125cc,gert-bender,,,マイコ,,,14,14,確認済
1973,125cc,ryszard-mankiewicz,,,MZ,,,15,13,確認済
1973,125cc,jan-kostwinder,,,ヤマハ,,,16,12,確認済
1973,125cc,harald-bartol,,,スズキ,,,17,11,確認済
1973,125cc,niel-tuxworth,,,ヤマハ,,,18,10,確認済
1973,125cc,ivan-hodgkinson,,,ヤマハ,,,19,8,確認済
1973,125cc,paul-eickelberg,,,マイコ,,,20,8,確認済
1973,125cc,luigi-rinaudo,,,ヤマハ,,,21,7,確認済
1973,125cc,steffan-liebst,,,ヤマハ,,,22,6,確認済
1973,125cc,arnold-jones,,,マイコ,,,23,6,確認済
1973,125cc,pier-paolo-bianchi,,,ヤマハ,,,24,6,確認済
1973,125cc,lindsay-porter,,,ホンダ,,,25,5,確認済
1973,125cc,gianni-ribuffo,,,LGM,,,26,5,確認済
1973,125cc,seppo-kangasniemi,,,マイコ,,,27,4,確認済
1973,125cc,clive-horton,,,ヤマハ,,,28,4,確認済
1973,125cc,hans-hummel,,,ヤマハ,,,29,4,確認済
1973,125cc,walter-rungg,,,マイコ,,,30,4,確認済
1973,125cc,leif-rosell,,,マイコ,,,31,4,確認済
1973,125cc,lothar-mulbert,,,ヤマハ,,,32,3,確認済
1973,125cc,jurgen-lenk,,,MZ,,,33,3,確認済
1973,125cc,fred-stevens,,,マイコ,,,34,3,確認済
1973,125cc,johann-zemsauer,,,ロータックス,,,35,3,確認済
1973,125cc,henk-van-kessel,,,ヤマハ,,,36,3,確認済
1973,125cc,patrick-van-den-goorbergh,,,ヤマハ,,,37,2,確認済
1973,125cc,paolo-pileri,,,DRS,,,38,2,確認済
1973,125cc,janos-reisz,,,MZ,,,39,2,確認済
1973,125cc,geza-repitz,,,MZ,,,40,2,確認済
1973,125cc,herbert-rittberger,,,ヤマハ,,,41,2,確認済
1973,125cc,bob-ware,,,ヤマハ,,,42,2,確認済
1973,125cc,walter-winkler,,,マイコ,,,43,2,確認済
1973,125cc,a-weiss,,,マイコ,,,44,2,確認済
1973,125cc,gerhard-schweikardt,,,マイコ,,,45,1,確認済
1973,125cc,ramon-serrer,,,MZ,,,46,1,確認済
1973,125cc,aldo-pero,,,ヤマハ,,,47,1,確認済
1973,125cc,john-kiddie,,,ホンダ,,,48,1,確認済
1973,125cc,lennart-lundgren,,,マイコ,,,49,1,確認済
1973,125cc,benito-jull,,,MZ,,,50,1,確認済
1973,125cc,piet-van-den-goorbergh,,,ヤマハ,,,,,確認済
1973,125cc,richard-stevens,,,マイコ,,,,,確認済
1973,125cc,rudolf-weiss,,,マイコ,,,,,確認済
1973,50cc,jan-de-vries,,,クライドラー,,,1,60,確認済
1973,50cc,bruno-kneubuhler,,,クライドラー,,,2,51,確認済
1973,50cc,theo-timmer,,,ヤマティ,,,3,47,確認済
1973,50cc,gerhard-thurow,,,クライドラー,,,4,36,確認済
1973,50cc,henk-van-kessel,,,クライドラー,,,5,27,確認済
1973,50cc,herbert-rittberger,,,クライドラー,,,6,22,確認済
1973,50cc,ulrich-graf,,,クライドラー,,,7,21,確認済
1973,50cc,jan-huberts,,,クライドラー,,,8,21,確認済
1973,50cc,rudolf-kunz,,,クライドラー,,,9,14,確認済
1973,50cc,wolfgang-gedlich,,,クライドラー,,,10,13,確認済
1973,50cc,stefan-dorflinger,,,クライドラー,,,11,11,確認済
1973,50cc,l-persson,,,Monark,,,12,11,確認済
1973,50cc,jan-bruins,,,Monark,,,13,8,確認済
1973,50cc,harald-bartol,,,クライドラー,,,14,8,確認済
1973,50cc,j-roller,,,クライドラー,,,15,8,確認済
1973,50cc,r-bratenstein,,,クライドラー,,,16,4,確認済
1973,50cc,adrijan-bernetic,,,Tomos,,,17,4,確認済
1973,50cc,j-alguersari,,,デルビ,,,18,4,確認済
1973,50cc,n-polane,,,Roton,,,19,4,確認済
1973,50cc,leif-rosell,,,ヤマティ,,,20,4,確認済
1973,50cc,juan-bordons,,,デルビ,,,21,4,確認済
1973,50cc,luigi-rinaudo,,,Tomos,,,22,3,確認済
1973,50cc,leif-gustafsson,,,Monark,,,23,3,確認済
1973,50cc,t-kooyman,,,Hemeyla,,,24,3,確認済
1973,50cc,kasimer-rapczynski,,,クライドラー,,,25,3,確認済
1973,50cc,hans-hummel,,,クライドラー,,,26,3,確認済
1973,50cc,claudio-lusuardi,,,Villa,,,27,2,確認済
1973,50cc,cees-van-dongen,,,クライドラー,,,28,1,確認済
1973,50cc,rolf-blatter,,,クライドラー,,,29,1,確認済
1973,50cc,ricardo-tormo,,,デルビ,,,30,1,確認済
1974,500cc,phil-read,,,MVアグスタ,,,1,82,確認済
1974,500cc,gianfranco-bonera,,,MVアグスタ,,,2,69,確認済
1974,500cc,teuvo-lansivuori,,,ヤマハ,,,3,67,確認済
1974,500cc,giacomo-agostini,,,ヤマハ,,,4,47,確認済
1974,500cc,jack-findlay,,,スズキ,,,5,34,確認済
1974,500cc,barry-sheene,,,スズキ,,,6,30,確認済
1974,500cc,dieter-braun,,,ヤマハ,,,7,22,確認済
1974,500cc,pentti-korhonen,,,ヤマハ,,,8,22,確認済
1974,500cc,billie-nelson,,,ヤマハ,,,9,21,確認済
1974,500cc,charlie-williams,,,ヤマハ,,,10,18,確認済
1974,500cc,john-williams,,,ヤマハ,,,11,18,確認済
1974,500cc,helmut-kassner,,,ヤマハ,,,12,17,確認済
1974,500cc,karl-auer,,,ヤマハ,,,13,17,確認済
1974,500cc,phil-carpenter,,,ヤマハ,,,14,15,確認済
1974,500cc,edmund-czihak,,,ヤマハ,,,15,15,確認済
1974,500cc,michel-rougerie,,,Harley Davidson,,,16,14,確認済
1974,500cc,werner-giger,,,ヤマハ,,,17,13,確認済
1974,500cc,tony-rutter,,,ヤマハ,,,18,10,確認済
1974,500cc,walter-kaletsch,,,ヤマハ,,,19,10,確認済
1974,500cc,christian-leon,,,カワサキ,,,20,9,確認済
1974,500cc,udo-kochanski,,,ケーニッヒ,,,21,8,確認済
1974,500cc,billie-guthrie,,,ヤマハ,,,22,8,確認済
1974,500cc,patrick-pons,,,ヤマハ,,,23,8,確認済
1974,500cc,paul-cott,,,ヤマハ,,,24,6,確認済
1974,500cc,roberto-gallina,,,ヤマハ,,,25,6,確認済
1974,500cc,victor-palomo,,,ヤマハ,,,26,6,確認済
1974,500cc,alex-george,,,ヤマハ,,,27,5,確認済
1974,500cc,chas-mortimer,,,ヤマハ,,,28,4,確認済
1974,500cc,paul-eickelberg,,,ケーニッヒ,,,29,4,確認済
1974,500cc,pete-mckinley,,,ヤマハ,,,30,3,確認済
1974,500cc,selwyn-griffiths,,,マッチレス,,,31,2,確認済
1974,500cc,philippe-coulon,,,ヤマハ,,,32,2,確認済
1974,500cc,r-jimenez,,,ヤマハ,,,33,2,確認済
1974,500cc,tom-herron,,,ヤマハ,,,34,2,確認済
1974,500cc,jean-paul-boinet,,,ヤマハ,,,35,1,確認済
1974,500cc,geoff-barry,,,マッチレス,,,36,1,確認済
1974,500cc,philippe-gerard,,,ヤマハ,,,37,1,確認済
1974,500cc,horst-kassner,,,ヤマハ,,,,,確認済
1974,250cc,walter-villa,,,Harley Davidson,,,1,77,確認済
1974,250cc,dieter-braun,,,ヤマハ,,,2,58,確認済
1974,250cc,patrick-pons,,,ヤマハ,,,3,50,確認済
1974,250cc,takazumi-katayama,,,ヤマハ,,,4,43,確認済
1974,250cc,bruno-kneubuhler,,,ヤマハ,,,5,43,確認済
1974,250cc,chas-mortimer,,,ヤマハ,,,6,41,確認済
1974,250cc,john-dodds,,,ヤマハ,,,7,38,確認済
1974,250cc,kent-andersson,,,ヤマハ,,,8,34,確認済
1974,250cc,michel-rougerie,,,Harley Davidson,,,9,21,確認済
1974,250cc,mick-grant,,,ヤマハ,,,10,18,確認済
1974,250cc,pentti-korhonen,,,ヤマハ,,,11,18,確認済
1974,250cc,charlie-williams,,,ヤマハ,,,12,15,確認済
1974,250cc,helmut-kassner,,,ヤマハ,,,13,15,確認済
1974,250cc,tom-herron,,,ヤマハ,,,14,14,確認済
1974,250cc,hans-muhlebach,,,ヤマハ,,,15,13,確認済
1974,250cc,horst-lahfeld,,,ヤマハ,,,16,12,確認済
1974,250cc,rolf-minhoff,,,ヤマハ,,,17,11,確認済
1974,250cc,victor-palomo,,,ヤマハ,,,18,11,確認済
1974,250cc,harry-hoffman,,,ヤマハ,,,19,10,確認済
1974,250cc,kenny-roberts,,,ヤマハ,,,20,10,確認済
1974,250cc,tony-rutter,,,ヤマハ,,,21,10,確認済
1974,250cc,fritz-reitmaier,,,ヤマハ,,,22,8,確認済
1974,250cc,giovanni-proni,,,ヤマハ,,,23,8,確認済
1974,250cc,matti-salonen,,,ヤマハ,,,24,7,確認済
1974,250cc,olivier-chevallier,,,ヤマハ,,,25,7,確認済
1974,250cc,janos-reisz,,,ヤマハ,,,26,6,確認済
1974,250cc,tapio-virtanen,,,ヤマハ,,,27,6,確認済
1974,250cc,pete-mckinley,,,ヤマハ,,,28,5,確認済
1974,250cc,alfred-heck,,,ヤマハ,,,29,5,確認済
1974,250cc,armando-toracca,,,ヤマハ,,,30,5,確認済
1974,250cc,jean-louis-guignabodet,,,ヤマハ,,,31,4,確認済
1974,250cc,ian-richards,,,ヤマハ,,,32,4,確認済
1974,250cc,reinhard-scholtis,,,ヤマハ,,,33,4,確認済
1974,250cc,tierry-tchernine,,,ヤマハ,,,34,4,確認済
1974,250cc,h-kittler,,,ヤマハ,,,35,3,確認済
1974,250cc,gerry-mateer,,,ヤマハ,,,36,3,確認済
1974,250cc,paolo-pileri,,,ヤマハ,,,37,3,確認済
1974,250cc,alex-george,,,ヤマハ,,,38,2,確認済
1974,250cc,g-forderer,,,ヤマハ,,,39,2,確認済
1974,250cc,a-van-den-broecke,,,ヤマハ,,,40,2,確認済
1974,250cc,brian-warburton,,,ヤマハ,,,41,2,確認済
1974,250cc,john-williams,,,ヤマハ,,,42,2,確認済
1974,250cc,leif-gustafsson,,,ヤマハ,,,43,2,確認済
1974,250cc,jean-paul-boinet,,,ヤマハ,,,44,1,確認済
1974,250cc,barry-randle,,,ヤマハ,,,45,1,確認済
1974,250cc,kjell-solberg,,,ヤマハ,,,46,1,確認済
1974,250cc,karl-hoffmann,,,ヤマハ,,,,,確認済
1974,350cc,giacomo-agostini,,,ヤマハ,,,1,75,確認済
1974,350cc,dieter-braun,,,ヤマハ,,,2,62,確認済
1974,350cc,patrick-pons,,,ヤマハ,,,3,47,確認済
1974,350cc,john-dodds,,,ヤマハ,,,4,31,確認済
1974,350cc,chas-mortimer,,,ヤマハ,,,5,29,確認済
1974,350cc,teuvo-lansivuori,,,ヤマハ,,,6,27,確認済
1974,350cc,pentti-korhonen,,,ヤマハ,,,7,25,確認済
1974,350cc,michel-rougerie,,,Harley Davidson,,,8,25,確認済
1974,350cc,victor-palomo,,,ヤマハ,,,9,24,確認済
1974,350cc,billie-nelson,,,ヤマハ,,,10,22,確認済
1974,350cc,eddie-grant,,,ヤマハ,,,11,18,確認済
1974,350cc,bruno-kneubuhler,,,ヤマハ,,,12,17,確認済
1974,350cc,tony-rutter,,,ヤマハ,,,13,16,確認済
1974,350cc,helmut-kassner,,,ヤマハ,,,14,15,確認済
1974,350cc,olivier-chevallier,,,ヤマハ,,,15,15,確認済
1974,350cc,walter-villa,,,Harley Davidson,,,16,15,確認済
1974,350cc,mario-lega,,,ヤマハ,,,17,12,確認済
1974,350cc,w-stephan,,,ヤマハ,,,18,12,確認済
1974,350cc,christian-bourgeois,,,ヤマハ,,,19,11,確認済
1974,350cc,paul-cott,,,ヤマハ,,,20,10,確認済
1974,350cc,franz-weidacher,,,ヤマハ,,,21,10,確認済
1974,350cc,tom-herron,,,ヤマハ,,,22,10,確認済
1974,350cc,kjell-solberg,,,ヤマハ,,,23,9,確認済
1974,350cc,karl-auer,,,ヤマハ,,,24,9,確認済
1974,350cc,alex-george,,,ヤマハ,,,25,8,確認済
1974,350cc,walter-kaletsch,,,ヤマハ,,,26,8,確認済
1974,350cc,werner-giger,,,ヤマハ,,,27,8,確認済
1974,350cc,f-v-henderson,,,ヤマハ,,,28,8,確認済
1974,350cc,john-williams,,,ヤマハ,,,29,7,確認済
1974,350cc,tapio-virtanen,,,ヤマハ,,,30,6,確認済
1974,350cc,alfred-heck,,,ヤマハ,,,31,6,確認済
1974,350cc,hans-muhlebach,,,ヤマハ,,,32,5,確認済
1974,350cc,giovanni-proni,,,ヤマハ,,,33,5,確認済
1974,350cc,billie-guthrie,,,Danfay Yamaha,,,34,5,確認済
1974,350cc,winfried-fries,,,ヤマハ,,,35,5,確認済
1974,350cc,g-elementi,,,ヤマハ,,,36,4,確認済
1974,350cc,tony-rogers,,,ヤマハ,,,37,4,確認済
1974,350cc,udo-kochanski,,,ヤマハ,,,38,4,確認済
1974,350cc,r-jimenez,,,ヤマハ,,,39,4,確認済
1974,350cc,john-newbold,,,ヤマハ,,,40,4,確認済
1974,350cc,wolfgang-rubel,,,ヤマハ,,,41,3,確認済
1974,350cc,ulrich-graf,,,ヤマハ,,,42,3,確認済
1974,350cc,roger-nichols,,,ヤマハ,,,43,3,確認済
1974,350cc,g-debrok,,,ヤマハ,,,44,3,確認済
1974,350cc,phil-gurner,,,ヤマハ,,,45,2,確認済
1974,350cc,nico-van-der-zanden,,,ヤマハ,,,46,2,確認済
1974,350cc,adu-celso-santos,,,ヤマハ,,,47,2,確認済
1974,350cc,hans-dittberner,,,アエルマッキ,,,48,2,確認済
1974,350cc,armando-toracca,,,ビモータ,,,49,1,確認済
1974,350cc,noel-clegg,,,ヤマハ,,,50,1,確認済
1974,350cc,bill-henderson,,,ヤマハ,,,,,確認済
1974,350cc,mick-grant,,,ヤマハ,,,,,確認済
1974,125cc,kent-andersson,,,ヤマハ,,,1,87,確認済
1974,125cc,bruno-kneubuhler,,,ヤマハ,,,2,63,確認済
1974,125cc,angel-nieto,,,デルビ,,,3,60,確認済
1974,125cc,otello-buscherini,,,Malanca,,,4,60,確認済
1974,125cc,henk-van-kessel,,,ブリヂストン,,,5,30,確認済
1974,125cc,tierry-tchernine,,,ヤマハ,,,6,25,確認済
1974,125cc,harald-bartol,,,スズキ,,,7,23,確認済
1974,125cc,leif-gustafsson,,,マイコ,,,8,23,確認済
1974,125cc,benjamin-grau,,,デルビ,,,9,21,確認済
1974,125cc,gert-bender,,,Bender,,,10,20,確認済
1974,125cc,a-weiss,,,Maico-Yamaha,,,11,16,確認済
1974,125cc,pentti-salonen,,,ヤマハ,,,12,16,確認済
1974,125cc,fritz-reitmaier,,,マイコ,,,13,15,確認済
1974,125cc,matti-salonen,,,ヤマハ,,,14,13,確認済
1974,125cc,wolfgang-rubel,,,マイコ,,,15,12,確認済
1974,125cc,paolo-pileri,,,モルビデリ,,,16,12,確認済
1974,125cc,pier-paolo-bianchi,,,Minarelli,,,17,10,確認済
1974,125cc,hans-dittberner,,,マイコ,,,18,10,確認済
1974,125cc,johann-zemsauer,,,ロータックス,,,19,10,確認済
1974,125cc,eugenio-lazzarini,,,Piovaticci,,,20,9,確認済
1974,125cc,rolf-minhoff,,,マイコ,,,21,8,確認済
1974,125cc,jos-schurgers,,,ブリヂストン,,,22,6,確認済
1974,125cc,geza-repitz,,,MZ,,,23,6,確認済
1974,125cc,lorenzo-ghiselli,,,Harley Davidson,,,24,6,確認済
1974,125cc,aldo-pero,,,Carem,,,25,6,確認済
1974,125cc,jurgen-lenk,,,MZ,,,26,5,確認済
1974,125cc,p-ruttjeroth,,,マイコ,,,27,5,確認済
1974,125cc,etienne-delamarre,,,ヤマハ,,,28,5,確認済
1974,125cc,jean-louis-guignabodet,,,ヤマハ,,,29,4,確認済
1974,125cc,lennart-lundgren,,,マイコ,,,30,4,確認済
1974,125cc,arnulf-teuchert,,,マイコ,,,31,4,確認済
1974,125cc,horst-seel,,,マイコ,,,32,3,確認済
1974,125cc,luigi-richetti,,,イタルジェット,,,33,3,確認済
1974,125cc,matti-kinnunen,,,マイコ,,,34,3,確認済
1974,125cc,k-gaber,,,マイコ,,,35,3,確認済
1974,125cc,peter-frohnmeyer,,,マイコ,,,36,3,確認済
1974,125cc,a-valster,,,ヤマハ,,,37,2,確認済
1974,125cc,hakan-olsson,,,ヤマハ,,,38,2,確認済
1974,125cc,maurice-maingret,,,ヤマハ,,,39,2,確認済
1974,125cc,hans-hummel,,,ヤマハ,,,40,2,確認済
1974,125cc,j-kopitar,,,マイコ,,,41,2,確認済
1974,125cc,j-lazo,,,MZ,,,42,1,確認済
1974,125cc,hans-hallberg,,,ヤマハ,,,43,1,確認済
1974,125cc,gianni-ribuffo,,,DRS,,,44,1,確認済
1974,125cc,germano-zanetti,,,DRS,,,45,1,確認済
1974,125cc,johnny-bengtsson,,,Delta,,,46,1,確認済
1974,125cc,rudolf-weiss,,,マイコ,,,,,確認済
1974,50cc,henk-van-kessel,,,クライドラー,,,1,90,確認済
1974,50cc,herbert-rittberger,,,クライドラー,,,2,65,確認済
1974,50cc,julien-van-zeebroeck,,,クライドラー,,,3,59,確認済
1974,50cc,gerhard-thurow,,,クライドラー,,,4,57,確認済
1974,50cc,rudolf-kunz,,,クライドラー,,,5,52,確認済
1974,50cc,ulrich-graf,,,クライドラー,,,6,44,確認済
1974,50cc,jan-bruins,,,ヤマティ,,,7,27,確認済
1974,50cc,otello-buscherini,,,Malanca,,,8,26,確認済
1974,50cc,stefan-dorflinger,,,クライドラー,,,9,25,確認済
1974,50cc,jan-huberts,,,クライドラー,,,10,25,確認済
1974,50cc,theo-timmer,,,ヤマティ,,,11,17,確認済
1974,50cc,ingo-emmerich,,,クライドラー,,,12,15,確認済
1974,50cc,hans-hummel,,,クライドラー,,,13,14,確認済
1974,50cc,arnulf-teuchert,,,クライドラー,,,14,12,確認済
1974,50cc,w-golembeck,,,クライドラー,,,15,11,確認済
1974,50cc,claudio-lusuardi,,,Villa,,,16,10,確認済
1974,50cc,p-ruttjeroth,,,クライドラー,,,17,8,確認済
1974,50cc,winfried-fries,,,クライドラー,,,18,6,確認済
1974,50cc,wolfgang-gedlich,,,クライドラー,,,19,6,確認済
1974,50cc,harald-bartol,,,クライドラー,,,20,6,確認済
1974,50cc,cees-van-dongen,,,クライドラー,,,21,5,確認済
1974,50cc,rolf-blatter,,,クライドラー,,,22,4,確認済
1974,50cc,w-werner,,,クライドラー,,,23,3,確認済
1974,50cc,n-polane,,,Roton,,,24,3,確認済
1974,50cc,c-guerrini,,,Ringhini,,,25,2,確認済
1974,50cc,a-van-der-draay,,,クライドラー,,,26,2,確認済
1974,50cc,robert-laver,,,クライドラー,,,27,2,確認済
1974,50cc,j-a-lopez,,,デルビ,,,28,2,確認済
1974,50cc,gunter-schirnhofer,,,クライドラー,,,29,2,確認済
1974,50cc,norbert-peschke,,,クライドラー,,,30,1,確認済
1974,50cc,b-rossel,,,ヤマティ,,,31,1,確認済
1974,50cc,t-kooyman,,,Hemeyla,,,32,1,確認済
1975,500cc,giacomo-agostini,,Yamaha,ヤマハ,,,1,84,確認済
1975,500cc,phil-read,,MV Agusta,MVアグスタ,,,2,76,確認済
1975,500cc,hideo-kanaya,,Yamaha,ヤマハ,,,3,45,確認済
1975,500cc,teuvo-lansivuori,,Suzuki,スズキ,,,4,40,確認済
1975,500cc,john-williams,,Gerald Brown,ヤマハ,,,5,32,確認済
1975,500cc,barry-sheene,,Suzuki GB,スズキ,,,6,30,確認済
1975,500cc,alex-george,,Hermetite Ltd,ヤマハ,,,7,30,確認済
1975,500cc,john-newbold,,Suzuki GB,スズキ,,,8,24,確認済
1975,500cc,armando-toracca,,MV Agusta,MVアグスタ,,18,9,24,確認済
1975,500cc,jack-findlay,,???,ヤマハ,,,10,23,確認済
1975,500cc,chas-mortimer,,???,ヤマハ,,,11,23,確認済
1975,500cc,karl-auer,,???,ヤマハ,,,12,17,確認済
1975,500cc,dieter-braun,,???,ヤマハ,,,13,16,確認済
1975,500cc,mick-grant,,Kawasaki/GB,H1R-RW,,,14,15,確認済
1975,500cc,gianfranco-bonera,,MV Agusta,MVアグスタ,,,15,13,確認済
1975,500cc,stan-woods,,???,スズキ,,,16,12,確認済
1975,500cc,horst-lahfeld,,???,ケーニッヒ,,,17,11,確認済
1975,500cc,christian-leon,,???,ケーニッヒ,,26,18,9,確認済
1975,500cc,billie-guthrie,,,ヤマハ,,,19,8,確認済
1975,500cc,olivier-chevallier,,Gauloises,ヤマハ,,,20,6,確認済
1975,500cc,patrick-pons,,Gauloises,ヤマハ,,,21,6,確認済
1975,500cc,steve-tonkin,,,ヤマハ,,,22,6,確認済
1975,500cc,steve-ellis,,???,ヤマハ,,,23,6,確認済
1975,500cc,tierry-tchernine,,???,ヤマハ,,93,24,6,確認済
1975,500cc,pentti-korhonen,,Arwidson,ヤマハ,,,25,5,確認済
1975,500cc,pete-mckinley,,???,ヤマハ,,23,26,5,確認済
1975,500cc,geoff-barry,,,Yamsel,,,27,5,確認済
1975,500cc,thierry-van-der-veken,,,ヤマハ,,,28,4,確認済
1975,500cc,charlie-williams,,???,ヤマハ,,6,29,4,確認済
1975,500cc,michel-rougerie,,???,Harley Davidson,,21,30,4,確認済
1975,500cc,gerard-choukroun,,,ヤマハ,,,31,4,確認済
1975,500cc,marcel-ankone,,,スズキ,,,32,4,確認済
1975,500cc,alan-north,,,RR500,,,33,4,確認済
1975,500cc,edmar-ferreira,,,ヤマハ,,,34,3,確認済
1975,500cc,tom-herron,,,ヤマハ,,,35,3,確認済
1975,500cc,tony-rutter,,,ヤマハ,,,36,3,確認済
1975,500cc,francis-holleberg,,,ヤマハ,,,37,3,確認済
1975,500cc,hans-stadelmann,,,ヤマハ,,,38,3,確認済
1975,500cc,johnny-bengtsson,,,ヤマハ,,,39,3,確認済
1975,500cc,hans-braumandl,,,ヤマハ,,,40,3,確認済
1975,500cc,bjorn-hasli,,,ヤマハ,,,41,2,確認済
1975,500cc,helmut-kassner,,,ヤマハ,,,42,2,確認済
1975,500cc,b-rge-nielsen,,,ヤマハ,,,43,2,確認済
1975,500cc,bernard-fau,,,ヤマハ,,,44,2,確認済
1975,500cc,adu-celso-santos,,,ヤマハ,,,45,2,確認済
1975,500cc,seppo-kangasniemi,,,ヤマハ,,,46,1,確認済
1975,500cc,pekka-nurmi,,,ヤマハ,,,47,1,確認済
1975,500cc,kjell-solberg,,,ヤマハ,,,48,1,確認済
1975,500cc,jean-francois-balde,,,ヤマハ,,,49,1,確認済
1975,500cc,anssi-resko,,,ヤマハ,,,50,1,確認済
1975,500cc,peter-van-der-wal,,,ヤマハ,,,51,1,確認済
1975,500cc,rudolph-keller,,,ヤマハ,,,52,1,確認済
1975,500cc,les-kenny,,,ヤマハ,,,53,1,確認済
1975,500cc,edmund-czihak,,,YZ634A,,,,,確認済
1975,250cc,walter-villa,,,Harley Davidson,,,1,85,確認済
1975,250cc,michel-rougerie,,,Harley Davidson,,,2,76,確認済
1975,250cc,dieter-braun,,,ヤマハ,,,3,56,確認済
1975,250cc,johnny-cecotto,,,ヤマハ,,,4,54,確認済
1975,250cc,patrick-pons,,,ヤマハ,,,5,48,確認済
1975,250cc,chas-mortimer,,,ヤマハ,,,6,46,確認済
1975,250cc,otello-buscherini,,,ヤマハ,,,7,40,確認済
1975,250cc,leif-gustafsson,,,ヤマハ,,,8,33,確認済
1975,250cc,bruno-kneubuhler,,,ヤマハ,,,9,22,確認済
1975,250cc,tapio-virtanen,,,MZ,,,10,20,確認済
1975,250cc,victor-palomo,,,ヤマハ,,,11,18,確認済
1975,250cc,harald-bartol,,,ヤマハ,,,12,18,確認済
1975,250cc,tom-herron,,,ヤマハ,,,13,16,確認済
1975,250cc,john-williams,,,ヤマハ,,,14,15,確認済
1975,250cc,derek-chatterton,,,ヤマハ,,,15,12,確認済
1975,250cc,ikujiro-takai,,,ヤマハ,,,16,12,確認済
1975,250cc,benjamin-grau,,,デルビ,,,17,10,確認済
1975,250cc,alex-george,,,ヤマハ,,,18,9,確認済
1975,250cc,john-dodds,,,ヤマハ,,,19,9,確認済
1975,250cc,pentti-korhonen,,,ヤマハ,,,20,9,確認済
1975,250cc,tony-rutter,,,ヤマハ,,,21,8,確認済
1975,250cc,rolf-minhoff,,,ヤマハ,,,22,8,確認済
1975,250cc,edmar-ferreira,,,ヤマハ,,,23,8,確認済
1975,250cc,paolo-pileri,,,ヤマハ,,,24,6,確認済
1975,250cc,miguel-duhamel,,,カワサキ,,,25,6,確認済
1975,250cc,mario-lega,,,ヤマハ,,,26,5,確認済
1975,250cc,gerard-choukroun,,,ヤマハ,,,27,5,確認済
1975,250cc,bill-henderson,,,ヤマハ,,,28,5,確認済
1975,250cc,niel-tuxworth,,,ヤマハ,,,29,4,確認済
1975,250cc,olivier-chevallier,,,ヤマハ,,,30,3,確認済
1975,250cc,duilio-agostini,,,ヤマハ,,,31,3,確認済
1975,250cc,helmut-kassner,,,ヤマハ,,,32,3,確認済
1975,250cc,nico-van-der-zanden,,,ヤマハ,,,33,3,確認済
1975,250cc,pete-mckinley,,,ヤマハ,,,34,3,確認済
1975,250cc,jean-louis-guignabodet,,,ヤマハ,,,35,2,確認済
1975,250cc,eddie-roberts,,,ヤマハ,,,36,2,確認済
1975,250cc,horst-lahfeld,,,ヤマハ,,,37,2,確認済
1975,250cc,v-perez-rubio,,,Harley Davidson,,,38,1,確認済
1975,250cc,philip-bouzanne,,,ヤマハ,,,39,1,確認済
1975,250cc,clive-horton,,,ヤマハ,,,40,1,確認済
1975,250cc,jean-francois-balde,,,ヤマハ,,,41,1,確認済
1975,250cc,felice-agostini,,,ヤマハ,,,,,確認済
1975,250cc,yvon-duhamel,,,カワサキ,,,,,確認済
1975,350cc,johnny-cecotto,,,ヤマハ,,,1,78,確認済
1975,350cc,giacomo-agostini,,,ヤマハ,,,2,59,確認済
1975,350cc,pentti-korhonen,,,ヤマハ,,,3,48,確認済
1975,350cc,dieter-braun,,,ヤマハ,,,4,47,確認済
1975,350cc,patrick-pons,,,ヤマハ,,,5,32,確認済
1975,350cc,chas-mortimer,,,ヤマハ,,,6,31,確認済
1975,350cc,gerard-choukroun,,,ヤマハ,,,7,28,確認済
1975,350cc,otello-buscherini,,,ヤマハ,,,8,27,確認済
1975,350cc,tom-herron,,,ヤマハ,,,9,26,確認済
1975,350cc,hideo-kanaya,,,ヤマハ,,,10,25,確認済
1975,350cc,victor-palomo,,,ヤマハ,,,11,22,確認済
1975,350cc,alex-george,,,ヤマハ,,,12,20,確認済
1975,350cc,philippe-coulon,,,ヤマハ,,,13,16,確認済
1975,350cc,charlie-williams,,,ヤマハ,,,14,15,確認済
1975,350cc,hans-stadelmann,,,ヤマハ,,,15,14,確認済
1975,350cc,jon-ekerold,,,ヤマハ,,,16,13,確認済
1975,350cc,olivier-chevallier,,,ヤマハ,,,17,12,確認済
1975,350cc,adu-celso-santos,,,ヤマハ,,,18,12,確認済
1975,350cc,karl-auer,,,ヤマハ,,,19,12,確認済
1975,350cc,jean-louis-guignabodet,,,ヤマハ,,,20,8,確認済
1975,350cc,bruno-kneubuhler,,,ヤマハ,,,21,8,確認済
1975,350cc,steve-tonkin,,,Mcveigh Yamaha,,,22,8,確認済
1975,350cc,ch-huguet,,,ヤマハ,,,23,6,確認済
1975,350cc,rudolf-kunz,,,ヤマハ,,,24,6,確認済
1975,350cc,derek-chatterton,,,Chat Yamaha,,,25,6,確認済
1975,350cc,billie-guthrie,,,Danfay Maxton yamaha,,,26,5,確認済
1975,350cc,anton-mang,,,SMZ,,,27,5,確認済
1975,350cc,jean-francois-balde,,,ヤマハ,,,28,5,確認済
1975,350cc,wil-hartog,,,ヤマハ,,,29,5,確認済
1975,350cc,bill-henderson,,,ヤマハ,,,30,5,確認済
1975,350cc,giovanni-proni,,,ヤマハ,,,31,5,確認済
1975,350cc,marco-lucchinelli,,,ヤマハ,,,32,4,確認済
1975,350cc,mario-lega,,,ヤマハ,,,33,4,確認済
1975,350cc,gerry-mateer,,,ヤマハ,,,34,4,確認済
1975,350cc,max-wiener,,,ヤマハ,,,35,4,確認済
1975,350cc,tony-rutter,,,ヤマハ,,,36,3,確認済
1975,350cc,philip-bouzanne,,,ヤマハ,,,37,3,確認済
1975,350cc,walter-villa,,,Harley Davidson,,,38,3,確認済
1975,350cc,boet-van-dulmen,,,ヤマハ,,,39,3,確認済
1975,350cc,tapio-virtanen,,,ヤマハ,,,40,3,確認済
1975,350cc,geoff-barry,,,Oakley-Yamaha,,,41,3,確認済
1975,350cc,pete-mckinley,,,ヤマハ,,,42,3,確認済
1975,350cc,les-kenny,,,ヤマハ,,,43,2,確認済
1975,350cc,n-clague,,,ヤマハ,,,44,2,確認済
1975,350cc,guido-mandracci,,,ヤマハ,,,45,2,確認済
1975,350cc,janos-reisz,,,ヤマハ,,,46,2,確認済
1975,350cc,peter-balaz,,,ヤマハ,,,47,1,確認済
1975,350cc,john-dodds,,,ヤマハ,,,48,1,確認済
1975,350cc,martin-sharpe,,,ヤマハ,,,49,1,確認済
1975,350cc,john-williams,,,Dugdale,,,50,1,確認済
1975,350cc,kjell-solberg,,,ヤマハ,,,51,1,確認済
1975,350cc,noel-clegg,,,ヤマハ,,,,,確認済
1975,125cc,paolo-pileri,,,モルビデリ,,,1,90,確認済
1975,125cc,pier-paolo-bianchi,,,モルビデリ,,,2,72,確認済
1975,125cc,kent-andersson,,,ヤマハ,,,3,67,確認済
1975,125cc,leif-gustafsson,,,ヤマハ,,,4,57,確認済
1975,125cc,eugenio-lazzarini,,,Piovaticci,,,5,47,確認済
1975,125cc,bruno-kneubuhler,,,ヤマハ,,,6,43,確認済
1975,125cc,henk-van-kessel,,,Condor AGV,,,7,38,確認済
1975,125cc,harald-bartol,,,スズキ,,,8,21,確認済
1975,125cc,johann-zemsauer,,,ロータックス,,,9,21,確認済
1975,125cc,pier-luigi-conforti,,,Malanca,,,10,18,確認済
1975,125cc,dieter-braun,,,モルビデリ,,,11,15,確認済
1975,125cc,hans-muller,,,ヤマハ,,,12,14,確認済
1975,125cc,cees-van-dongen,,,ヤマハ,,,13,9,確認済
1975,125cc,peter-frohnmeyer,,,マイコ,,,14,8,確認済
1975,125cc,jos-schurgers,,,ブリヂストン,,,15,6,確認済
1975,125cc,horst-seel,,,マイコ,,,16,6,確認済
1975,125cc,maurice-maingret,,,ヤマハ,,,17,5,確認済
1975,125cc,otello-buscherini,,,Malanca,,,18,5,確認済
1975,125cc,matti-kinnunen,,,マイコ,,,19,5,確認済
1975,125cc,oriol-fernandez,,,ヤマハ,,,20,4,確認済
1975,125cc,gert-bender,,,Bender,,,21,4,確認済
1975,125cc,hans-hallberg,,,ヤマハ,,,22,4,確認済
1975,125cc,matti-salonen,,,ヤマハ,,,23,4,確認済
1975,125cc,v-novella,,,ヤマハ,,,24,2,確認済
1975,125cc,r-cornelis,,,ヤマハ,,,25,2,確認済
1975,125cc,alberto-ieva,,,デルビ,,,26,2,確認済
1975,125cc,j-lazo,,,ヤマハ,,,27,2,確認済
1975,125cc,j-svensson,,,Bastard,,,28,2,確認済
1975,125cc,tierry-tchernine,,,ヤマハ,,,29,2,確認済
1975,125cc,r-thiele,,,マイコ,,,30,2,確認済
1975,125cc,xaver-tschannen,,,マイコ,,,31,1,確認済
1975,125cc,peter-van-niel,,,ヤマハ,,,32,1,確認済
1975,125cc,ulrich-graf,,,ヤマハ,,,33,1,確認済
1975,125cc,ivan-carlsson,,,マイコ,,,34,1,確認済
1975,125cc,zbynek-havrda,,,Ahra,,,35,1,確認済
1975,125cc,hans-hummel,,,ヤマハ,,,36,1,確認済
1975,125cc,m-arias,,,MZ,,,37,1,確認済
1975,125cc,patrick-fernandez,,,ヤマハ,,,,,確認済
1975,125cc,pentti-salonen,,,ヤマハ,,,,,確認済
1975,125cc,per-edward-carlsson,,,マイコ,,,,,確認済
1975,50cc,angel-nieto,,,クライドラー,,,1,75,確認済
1975,50cc,eugenio-lazzarini,,,Piovaticci,,,2,61,確認済
1975,50cc,julien-van-zeebroeck,,,クライドラー,,,3,43,確認済
1975,50cc,rudolf-kunz,,,クライドラー,,,4,37,確認済
1975,50cc,herbert-rittberger,,,クライドラー,,,5,31,確認済
1975,50cc,stefan-dorflinger,,,クライドラー,,,6,31,確認済
1975,50cc,n-polane,,,クライドラー,,,7,28,確認済
1975,50cc,gerhard-thurow,,,クライドラー,,,8,21,確認済
1975,50cc,hans-hummel,,,クライドラー,,,9,20,確認済
1975,50cc,claudio-lusuardi,,,デルビ,,,10,16,確認済
1975,50cc,theo-timmer,,,ヤマティ,,,11,13,確認済
1975,50cc,henk-van-kessel,,,クライドラー,,,12,12,確認済
1975,50cc,aldo-pero,,,クライドラー,,,13,10,確認済
1975,50cc,ulrich-graf,,,クライドラー,,,14,10,確認済
1975,50cc,gerrit-strikker,,,クライドラー,,,15,8,確認済
1975,50cc,cees-van-dongen,,,クライドラー,,,16,8,確認済
1975,50cc,jan-huberts,,,ヤマティ,,,17,5,確認済
1975,50cc,rolf-blatter,,,クライドラー,,,18,4,確認済
1975,50cc,ramon-gali,,,デルビ,,,19,4,確認済
1975,50cc,w-werner,,,クライドラー,,,20,4,確認済
1975,50cc,j-alguersari,,,デルビ,,,21,4,確認済
1975,50cc,juup-bosman,,,ヤマティ,,,22,4,確認済
1975,50cc,theo-van-geffen,,,D.R.M.,,,23,3,確認済
1975,50cc,k-gotesson,,,クライドラー,,,24,3,確認済
1975,50cc,jan-bruins,,,クライドラー,,,25,3,確認済
1975,50cc,robert-laver,,,クライドラー,,,26,3,確認済
1975,50cc,c-guerrini,,,Ringhini,,,27,2,確認済
1975,50cc,ingo-emmerich,,,クライドラー,,,28,2,確認済
1975,50cc,joaquim-gali,,,デルビ,,,29,1,確認済
1975,50cc,pierre-audry,,,A.B.F.,,,30,1,確認済
1975,50cc,germano-zanetti,,,クライドラー,,,31,1,確認済
1975,50cc,gunter-schirnhofer,,,クライドラー,,,32,1,確認済
1976,500cc,barry-sheene,,Texaco Heron Team Suzuki,スズキ,,7,1,72,確認済
1976,500cc,teuvo-lansivuori,,Life Racing Team,スズキ,,,2,48,確認済
1976,500cc,pat-hennen,,Colemans,スズキ,,,3,46,確認済
1976,500cc,marco-lucchinelli,,Gallina Corse,スズキ,,,4,40,確認済
1976,500cc,john-newbold,,Texaco Heron Team Suzuki,スズキ,,,5,31,確認済
1976,500cc,philippe-coulon,,Frankonia Suzuki,スズキ,,,6,28,確認済
1976,500cc,giacomo-agostini,,Team Agostini-Marlboro,スズキ,,1,7,26,確認済
1976,500cc,jack-findlay,,Meuaui Racing Team,スズキ,,,8,25,確認済
1976,500cc,charlie-williams,,,スズキ,,,9,24,確認済
1976,500cc,phil-read,,Team Life International,スズキ,,,10,22,確認済
1976,500cc,marcel-ankone,,???,スズキ,,,11,21,確認済
1976,500cc,stuart-avant,,Colemans,スズキ,,,12,2,確認済
1976,500cc,tom-herron,,Texaco Heron Team Suzuki,ヤマハ,,14,13,17,確認済
1976,500cc,chas-mortimer,,Team Sarome,スズキ,,,14,16,確認済
1976,500cc,michel-rougerie,,Ecurie Elf,スズキ,,,15,16,確認済
1976,500cc,karl-auer,,???,ヤマハ,,,16,16,確認済
1976,500cc,dieter-braun,,Boeri Dainese Racing Team,スズキ,,,17,15,確認済
1976,500cc,victor-palomo,,Swaep Motor-Racing,ヤマハ,,,18,13,確認済
1976,500cc,ian-richards,,???,ヤマハ,,25,19,12,確認済
1976,500cc,johnny-cecotto,,Team Venemotos,ヤマハ,,,20,12,確認済
1976,500cc,wil-hartog,,Riemersma,スズキ,,,21,10,確認済
1976,500cc,virginio-ferrari,,Gallina Corse,スズキ,,,22,10,確認済
1976,500cc,billie-guthrie,,Danfay,ヤマハ,,4,23,10,確認済
1976,500cc,alex-george,,Hermetite,ヤマハ,,,24,9,確認済
1976,500cc,boet-van-dulmen,,Laponder,スズキ,,,25,9,確認済
1976,500cc,takazumi-katayama,,Team Sarome,ヤマハ,,,26,8,確認済
1976,500cc,max-wiener,,,ヤマハ,,,27,6,確認済
1976,500cc,roger-nichols,,Beale,ヤマハ,,23,28,6,確認済
1976,500cc,olivier-chevallier,,Esso,ヤマハ,,,29,5,確認済
1976,500cc,jon-ekerold,,Padgett,ヤマハ,,,30,5,確認済
1976,500cc,bernard-fau,,???,ヤマハ,,,31,4,確認済
1976,500cc,bernd-tungethal,,,ヤマハ,,,32,4,確認済
1976,500cc,alan-north,,,スズキ,,,33,4,確認済
1976,500cc,gordon-pantall,,,ヤマハ,,,34,3,確認済
1976,500cc,christian-estrosi,,???,スズキ,,,35,3,確認済
1976,500cc,rob-bron,,,ヤマハ,,,36,3,確認済
1976,500cc,christian-bourgeois,,,ヤマハ,,,37,3,確認済
1976,500cc,helmut-kassner,,???,スズキ,,,38,3,確認済
1976,500cc,pekka-nurmi,,,ヤマハ,,,39,2,確認済
1976,500cc,john-weeden,,,ヤマハ,,,40,2,確認済
1976,500cc,dave-potter,,,ヤマハ,,,41,1,確認済
1976,500cc,g-schwemmer,,,Nava,,,42,1,確認済
1976,500cc,edmar-ferreira,,,ヤマハ,,,44,1,確認済
1976,500cc,b-rge-nielsen,,???,ヤマハ,,,45,1,確認済
1976,500cc,bill-smith,,,ヤマハ,,,,,確認済
1976,500cc,egid-schwemmer,,,スズキ,,,,,確認済
1976,500cc,john-williams,,Texaco Heron Team Suzuki,スズキ,,,,,確認済
1976,500cc,max-weiner,,,ヤマハ,,,,,確認済
1976,250cc,walter-villa,,,Harley Davidson,,,1,90,確認済
1976,250cc,takazumi-katayama,,,ヤマハ,,,2,73,確認済
1976,250cc,gianfranco-bonera,,,Harley Davidson,,,3,61,確認済
1976,250cc,pentti-korhonen,,,ヤマハ,,,4,47,確認済
1976,250cc,r-w-herron,,,ヤマハ,,,5,47,確認済
1976,250cc,dieter-braun,,,ヤマハ,,,6,42,確認済
1976,250cc,chas-mortimer,,,ヤマハ,,,7,31,確認済
1976,250cc,bruno-kneubuhler,,,ヤマハ,,,8,29,確認済
1976,250cc,olivier-chevallier,,,ヤマハ,,,9,25,確認済
1976,250cc,victor-palomo,,,ヤマハ,,,10,25,確認済
1976,250cc,john-dodds,,,ヤマハ,,,11,24,確認済
1976,250cc,patrick-fernandez,,,ヤマハ,,,12,21,確認済
1976,250cc,kork-ballington,,,ヤマハ,,,13,15,確認済
1976,250cc,paolo-pileri,,,モルビデリ,,,14,12,確認済
1976,250cc,jon-ekerold,,,ヤマハ,,,15,10,確認済
1976,250cc,alan-north,,,ヤマハ,,,16,10,確認済
1976,250cc,tony-rutter,,,ヤマハ,,,17,8,確認済
1976,250cc,jean-francois-balde,,,ヤマハ,,,18,8,確認済
1976,250cc,eddie-roberts,,,ヤマハ,,,19,6,確認済
1976,250cc,gerard-choukroun,,,ヤマハ,,,20,6,確認済
1976,250cc,franco-uncini,,,ヤマハ,,,21,6,確認済
1976,250cc,patrick-pons,,,ヤマハ,,,22,6,確認済
1976,250cc,philip-bouzanne,,,ヤマハ,,,23,6,確認済
1976,250cc,pekka-nurmi,,,ヤマハ,,,24,5,確認済
1976,250cc,alex-george,,,ヤマハ,,,25,5,確認済
1976,250cc,boet-van-dulmen,,,ヤマハ,,,26,4,確認済
1976,250cc,john-weeden,,,ヤマハ,,,27,4,確認済
1976,250cc,ian-richards,,,ヤマハ,,,28,3,確認済
1976,250cc,leif-gustafsson,,,ヤマハ,,,29,3,確認済
1976,250cc,dennis-casement,,,ヤマハ,,,30,2,確認済
1976,250cc,jean-claude-hogrel,,,ヤマハ,,,31,2,確認済
1976,250cc,tapio-virtanen,,,MZ,,,32,2,確認済
1976,250cc,janos-drapal,,,ヤマハ,,,33,2,確認済
1976,250cc,henk-van-kessel,,,ヤマハ,,,34,2,確認済
1976,250cc,harald-bartol,,,ヤマハ,,,35,1,確認済
1976,250cc,eero-hyvarinen,,,ヤマハ,,,36,1,確認済
1976,250cc,niel-tuxworth,,,ヤマハ,,,37,1,確認済
1976,250cc,tom-herron,,,ヤマハ,,,,,確認済
1976,350cc,walter-villa,,,ヤマハ,,,1,76,確認済
1976,350cc,johnny-cecotto,,,ヤマハ,,,2,65,確認済
1976,350cc,chas-mortimer,,,ヤマハ,,,3,54,確認済
1976,350cc,tom-herron,,,ヤマハ,,,4,41,確認済
1976,350cc,john-dodds,,,ヤマハ,,,5,34,確認済
1976,350cc,victor-palomo,,,ヤマハ,,,6,29,確認済
1976,350cc,bruno-kneubuhler,,,ヤマハ,,,7,28,確認済
1976,350cc,takazumi-katayama,,,ヤマハ,,,8,28,確認済
1976,350cc,franco-uncini,,,ヤマハ,,,9,27,確認済
1976,350cc,olivier-chevallier,,,ヤマハ,,,10,27,確認済
1976,350cc,dieter-braun,,,モルビデリ,,,11,23,確認済
1976,350cc,kork-ballington,,,ヤマハ,,,12,20,確認済
1976,350cc,pentti-korhonen,,,ヤマハ,,,13,19,確認済
1976,350cc,patrick-pons,,,ヤマハ,,,14,18,確認済
1976,350cc,gianfranco-bonera,,,リエフ,,,15,15,確認済
1976,350cc,giacomo-agostini,,,MVアグスタ,,,16,15,確認済
1976,350cc,tony-rutter,,,ヤマハ,,,17,12,確認済
1976,350cc,billie-guthrie,,,ヤマハ,,,18,10,確認済
1976,350cc,gerard-choukroun,,,ヤマハ,,,19,10,確認済
1976,350cc,alan-north,,,ヤマハ,,,20,10,確認済
1976,350cc,jean-francois-balde,,,ヤマハ,,,21,10,確認済
1976,350cc,martin-sharpe,,,ヤマハ,,,22,8,確認済
1976,350cc,leif-gustafsson,,,ヤマハ,,,23,8,確認済
1976,350cc,boet-van-dulmen,,,ヤマハ,,,24,6,確認済
1976,350cc,john-weeden,,,ヤマハ,,,25,6,確認済
1976,350cc,christian-sarron,,,ヤマハ,,,26,5,確認済
1976,350cc,patrick-fernandez,,,ヤマハ,,,27,5,確認済
1976,350cc,paolo-tordi,,,ヤマハ,,,28,5,確認済
1976,350cc,derek-chatterton,,,ヤマハ,,,29,5,確認済
1976,350cc,jon-ekerold,,,ヤマハ,,,30,4,確認済
1976,350cc,niel-tuxworth,,,ヤマハ,,,31,4,確認済
1976,350cc,philip-bouzanne,,,ヤマハ,,,32,3,確認済
1976,350cc,karl-auer,,,ヤマハ,,,33,3,確認済
1976,350cc,jack-findlay,,,ヤマハ,,,34,3,確認済
1976,350cc,kjell-solberg,,,ヤマハ,,,35,3,確認済
1976,350cc,bo-granath,,,ヤマハ,,,36,2,確認済
1976,350cc,rudolf-kunz,,,ヤマハ,,,37,2,確認済
1976,350cc,claudio-loigo,,,ヤマハ,,,38,1,確認済
1976,350cc,s-mcclements,,,ヤマハ,,,39,1,確認済
1976,350cc,armando-toracca,,,ヤマハ,,,,,確認済
1976,125cc,pier-paolo-bianchi,,,モルビデリ,,,1,90,確認済
1976,125cc,angel-nieto,,,ブルタコ,,,2,67,確認済
1976,125cc,paolo-pileri,,,モルビデリ,,,3,64,確認済
1976,125cc,henk-van-kessel,,,Condor AGV,,,4,46,確認済
1976,125cc,anton-mang,,,モルビデリ,,,5,32,確認済
1976,125cc,jean-louis-guignabodet,,,モルビデリ,,,6,31,確認済
1976,125cc,eugenio-lazzarini,,,モルビデリ,,,7,26,確認済
1976,125cc,gert-bender,,,GB Bender,,,8,25,確認済
1976,125cc,stefan-dorflinger,,,モルビデリ,,,9,23,確認済
1976,125cc,julien-van-zeebroeck,,,モルビデリ,,,10,18,確認済
1976,125cc,xaver-tschannen,,,マイコ,,,11,14,確認済
1976,125cc,walter-koschine,,,マイコ,,,12,12,確認済
1976,125cc,cees-van-dongen,,,モルビデリ,,,13,11,確認済
1976,125cc,otello-buscherini,,,Malanca,,,14,10,確認済
1976,125cc,leif-gustafsson,,,ヤマハ,,,15,10,確認済
1976,125cc,harald-bartol,,,モルビデリ,,,16,9,確認済
1976,125cc,hans-muller,,,ヤマハ,,,17,9,確認済
1976,125cc,horst-seel,,,Seel Special,,,18,8,確認済
1976,125cc,enrico-cereda,,,モルビデリ,,,19,7,確認済
1976,125cc,pier-luigi-conforti,,,モルビデリ,,,20,7,確認済
1976,125cc,lennart-lundgren,,,ヤマハ,,,21,6,確認済
1976,125cc,per-edward-carlsson,,,モルビデリ,,,22,6,確認済
1976,125cc,patrick-plisson,,,モルビデリ,,,23,5,確認済
1976,125cc,johann-zemsauer,,,ロータックス,,,24,5,確認済
1976,125cc,matti-kinnunen,,,マイコ,,,25,5,確認済
1976,125cc,rolf-blatter,,,マイコ,,,26,4,確認済
1976,125cc,luigi-richetti,,,Harley Davidson,,,27,4,確認済
1976,125cc,hans-hummel,,,ヤマハ,,,28,4,確認済
1976,125cc,peter-frohnmeyer,,,Nava DRS,,,29,3,確認済
1976,125cc,ermanno-giuliano,,,LGM Daspa,,,30,2,確認済
1976,125cc,auno-hakala,,,ヤマハ,,,31,2,確認済
1976,125cc,hans-hallberg,,,ヤマハ,,,32,1,確認済
1976,125cc,lennart-lindell,,,モルビデリ,,,33,1,確認済
1976,125cc,heinz-schmid,,,ロータックス,,,34,1,確認済
1976,125cc,p-cecchini,,,マイコ,,,35,1,確認済
1976,125cc,werner-schmied,,,ロータックス,,,,,確認済
1976,50cc,angel-nieto,,,ブルタコ,,,1,85,確認済
1976,50cc,herbert-rittberger,,,クライドラー,,,2,76,確認済
1976,50cc,ulrich-graf,,,クライドラー,,,3,69,確認済
1976,50cc,eugenio-lazzarini,,,モルビデリ,,,4,53,確認済
1976,50cc,rudolf-kunz,,,クライドラー,,,5,34,確認済
1976,50cc,julien-van-zeebroeck,,,クライドラー,,,6,26,確認済
1976,50cc,stefan-dorflinger,,,クライドラー,,,7,25,確認済
1976,50cc,rolf-blatter,,,クライドラー,,,8,25,確認済
1976,50cc,hans-hummel,,,クライドラー,,,9,20,確認済
1976,50cc,pierre-audry,,,ヤマティ,,,10,15,確認済
1976,50cc,aldo-pero,,,クライドラー,,,11,13,確認済
1976,50cc,theo-timmer,,,クライドラー,,,12,12,確認済
1976,50cc,engelbert-kip,,,クライドラー,,,13,12,確認済
1976,50cc,gerrit-strikker,,,クライドラー,,,14,9,確認済
1976,50cc,cees-van-dongen,,,クライドラー,,,15,9,確認済
1976,50cc,ray-john-laurent,,,リエフ,,,16,8,確認済
1976,50cc,gunter-schirnhofer,,,クライドラー,,,17,7,確認済
1976,50cc,theo-van-geffen,,,クライドラー,,,18,6,確認済
1976,50cc,ricardo-tormo,,,クライドラー,,,19,5,確認済
1976,50cc,robert-laver,,,クライドラー,,,20,5,確認済
1976,50cc,claudio-lusuardi,,,リエフ,,,21,4,確認済
1976,50cc,yves-le-toumelin,,,デルビ,,,22,4,確認済
1976,50cc,e-mischiatti,,,リエフ,,,23,4,確認済
1976,50cc,b-stopp,,,クライドラー,,,24,4,確認済
1976,50cc,wolfgang-muller,,,クライドラー,,,25,3,確認済
1976,50cc,ramon-gali,,,リエフ,,,26,3,確認済
1976,50cc,ermanno-giuliano,,,リエフ,,,27,1,確認済
1977,500cc,barry-sheene,,Texaco Heron Team Suzuki,スズキ,,7,1,107,確認済
1977,500cc,steve-baker,,Yamaha International,ヤマハ,,,2,80,確認済
1977,500cc,pat-hennen,,Texaco Heron Team Suzuki,スズキ,,3,3,67,確認済
1977,500cc,johnny-cecotto,,Venemotos,ヤマハ,,,4,50,確認済
1977,500cc,steve-parrish,,Texaco Heron Team Suzuki,スズキ,,,5,39,確認済
1977,500cc,giacomo-agostini,,Yamoto Marlboro,ヤマハ,,,6,37,確認済
1977,500cc,gianfranco-bonera,,Team Nava-Olio Fiat,スズキ,,,7,37,確認済
1977,500cc,philippe-coulon,,???,スズキ,,6,8,36,確認済
1977,500cc,teuvo-lansivuori,,Life Racing Team,スズキ,,2,9,35,確認済
1977,500cc,wil-hartog,,Riemersma,スズキ,,22,10,30,確認済
1977,500cc,marco-lucchinelli,,Life Racing Team,スズキ,,,11,25,確認済
1977,500cc,virginio-ferrari,,Team Nava-Olio Fiat,スズキ,,,12,21,確認済
1977,500cc,michel-rougerie,,Elf,スズキ,,,13,21,確認済
1977,500cc,armando-toracca,,Ceramiche Della Robbia,スズキ,,15,14,21,確認済
1977,500cc,max-wiener,,MSC Rottenegg,スズキ,,46,15,20,確認済
1977,500cc,jack-findlay,,Hermetite Racing International,スズキ,,8,16,17,確認済
1977,500cc,alex-george,,Hermetite Racing International,スズキ,,24,17,15,確認済
1977,500cc,helmut-kassner,,Boeri Dainese Guidici Racing Team,スズキ,,37,18,9,確認済
1977,500cc,steve-wright,,,スズキ,,,19,6,確認済
1977,500cc,franz-heller,,,スズキ,,,20,6,確認済
1977,500cc,christian-estrosi,,,スズキ,,,21,6,確認済
1977,500cc,michael-schmid,,,スズキ,,,22,5,確認済
1977,500cc,john-newbold,,,スズキ,,,23,4,確認済
1977,500cc,derek-chatterton,,,スズキ,,,24,4,確認済
1977,500cc,anton-mang,,,スズキ,,,25,4,確認済
1977,500cc,charlie-williams,,,スズキ,,,26,4,確認済
1977,500cc,boet-van-dulmen,,,スズキ,,,27,3,確認済
1977,500cc,jean-philippe-orban,,,スズキ,,,28,2,確認済
1977,500cc,franz-rau,,,スズキ,,,29,2,確認済
1977,500cc,kevin-wrettom,,,スズキ,,,30,1,確認済
1977,500cc,alan-north,,,ヤマハ,,,31,1,確認済
1977,500cc,karl-auer,,,スズキ,,,32,1,確認済
1977,500cc,franco-bonera,,,スズキ,,,,,確認済
1977,500cc,john-williams,,,スズキ,,,,,確認済
1977,250cc,mario-lega,,,モルビデリ,,,1,85,確認済
1977,250cc,franco-uncini,,,Harley Davidson,,,2,72,確認済
1977,250cc,francesco-villa,,,Harley Davidson,,,3,67,確認済
1977,250cc,takazumi-katayama,,,ヤマハ,,,4,58,確認済
1977,250cc,tom-herron,,,ヤマハ,,,5,54,確認済
1977,250cc,kork-ballington,,,ヤマハ,,,6,49,確認済
1977,250cc,alan-north,,,ヤマハ,,,7,43,確認済
1977,250cc,mick-grant,,,カワサキ,,,8,42,確認済
1977,250cc,jon-ekerold,,,ヤマハ,,,9,42,確認済
1977,250cc,patrick-fernandez,,,ヤマハ,,,10,28,確認済
1977,250cc,barry-ditchburn,,,カワサキ,,,11,27,確認済
1977,250cc,victor-soussan,,,ヤマハ,,,12,25,確認済
1977,250cc,olivier-chevallier,,,ヤマハ,,,13,25,確認済
1977,250cc,christian-sarron,,,ヤマハ,,,14,23,確認済
1977,250cc,aldo-nannini,,,ヤマハ,,,15,19,確認済
1977,250cc,pentti-korhonen,,,ヤマハ,,,16,15,確認済
1977,250cc,akihiko-kiyohara,,,カワサキ,,,17,14,確認済
1977,250cc,guy-bertin,,,ヤマハ,,,18,11,確認済
1977,250cc,pekka-nurmi,,,ヤマハ,,,19,11,確認済
1977,250cc,victor-palomo,,,ヤマハ,,,20,10,確認済
1977,250cc,eric-saul,,,ヤマハ,,,21,10,確認済
1977,250cc,john-dodds,,,ヤマハ,,,22,9,確認済
1977,250cc,vinicio-salmi,,,ヤマハ,,,23,8,確認済
1977,250cc,masahiro-wada,,,カワサキ,,,24,8,確認済
1977,250cc,pier-luigi-conforti,,,ヤマハ,,,25,6,確認済
1977,250cc,bruno-kneubuhler,,,ヤマハ,,,26,6,確認済
1977,250cc,michel-rougerie,,,ヤマハ,,,27,5,確認済
1977,250cc,chas-mortimer,,,ヤマハ,,,28,5,確認済
1977,250cc,jean-francois-balde,,,カワサキ,,,29,4,確認済
1977,250cc,eero-hyvarinen,,,ヤマハ,,,30,3,確認済
1977,250cc,philip-bouzanne,,,ヤマハ,,,31,2,確認済
1977,250cc,paolo-pileri,,,モルビデリ,,,32,2,確認済
1977,250cc,patrick-pons,,,ヤマハ,,,33,2,確認済
1977,250cc,m-corradini,,,ヤマハ,,,34,1,確認済
1977,250cc,vanes-francini,,,ヤマハ,,,35,1,確認済
1977,250cc,walter-villa,,,Harley Davidson,,,,,確認済
1977,350cc,takazumi-katayama,,,ヤマハ,,,1,95,確認済
1977,350cc,tom-herron,,,ヤマハ,,,2,56,確認済
1977,350cc,jon-ekerold,,,ヤマハ,,,3,54,確認済
1977,350cc,michel-rougerie,,,ヤマハ,,,4,50,確認済
1977,350cc,kork-ballington,,,ヤマハ,,,5,46,確認済
1977,350cc,olivier-chevallier,,,ヤマハ,,,6,39,確認済
1977,350cc,christian-sarron,,,ヤマハ,,,7,38,確認済
1977,350cc,patrick-fernandez,,,ヤマハ,,,8,34,確認済
1977,350cc,johnny-cecotto,,,ヤマハ,,,9,30,確認済
1977,350cc,alan-north,,,ヤマハ,,,10,30,確認済
1977,350cc,bruno-kneubuhler,,,ヤマハ,,,11,24,確認済
1977,350cc,victor-soussan,,,ヤマハ,,,12,21,確認済
1977,350cc,pentti-korhonen,,,ヤマハ,,,13,20,確認済
1977,350cc,pekka-nurmi,,,ヤマハ,,,14,18,確認済
1977,350cc,victor-palomo,,,ヤマハ,,,15,18,確認済
1977,350cc,giacomo-agostini,,,ヤマハ,,,16,16,確認済
1977,350cc,patrick-pons,,,ヤマハ,,,17,15,確認済
1977,350cc,walter-villa,,,リエフ,,,18,14,確認済
1977,350cc,mario-lega,,,モルビデリ,,,19,12,確認済
1977,350cc,franco-uncini,,,Unknown,,,20,11,確認済
1977,350cc,john-dodds,,,ヤマハ,,,21,11,確認済
1977,350cc,john-williams,,,ヤマハ,,,22,10,確認済
1977,350cc,eero-hyvarinen,,,ヤマハ,,,23,10,確認済
1977,350cc,eddie-roberts,,,ヤマハ,,,24,8,確認済
1977,350cc,philip-bouzanne,,,ヤマハ,,,25,6,確認済
1977,350cc,alan-stewart,,,ヤマハ,,,26,6,確認済
1977,350cc,p-mezerhane,,,ヤマハ,,,27,4,確認済
1977,350cc,seppo-rossi,,,ヤマハ,,,28,4,確認済
1977,350cc,helmut-kassner,,,ヤマハ,,,29,4,確認済
1977,350cc,michel-frutschi,,,ヤマハ,,,30,4,確認済
1977,350cc,jean-claude-hogrel,,,ヤマハ,,,31,3,確認済
1977,350cc,c-bellon,,,ヤマハ,,,32,3,確認済
1977,350cc,tapio-virtanen,,,ヤマハ,,,33,3,確認済
1977,350cc,eduardo-aleman,,,ヤマハ,,,34,2,確認済
1977,350cc,d-boulom,,,ヤマハ,,,35,2,確認済
1977,350cc,a-hockley,,,ヤマハ,,,36,1,確認済
1977,350cc,r-tausani,,,ヤマハ,,,37,1,確認済
1977,350cc,john-newbold,,,ヤマハ,,,38,1,確認済
1977,350cc,karl-auer,,,ヤマハ,,,39,1,確認済
1977,350cc,chas-mortimer,,,ヤマハ,,,40,1,確認済
1977,125cc,pier-paolo-bianchi,,,モルビデリ,,,1,131,確認済
1977,125cc,eugenio-lazzarini,,,モルビデリ,,,2,105,確認済
1977,125cc,angel-nieto,,,ブルタコ,,,3,80,確認済
1977,125cc,jean-louis-guignabodet,,,モルビデリ,,,4,62,確認済
1977,125cc,anton-mang,,,モルビデリ,,,5,55,確認済
1977,125cc,gert-bender,,,GB Bender,,,6,38,確認済
1977,125cc,harald-bartol,,,モルビデリ,,,7,32,確認済
1977,125cc,hans-muller,,,モルビデリ,,,8,32,確認済
1977,125cc,stefan-dorflinger,,,モルビデリ,,,9,32,確認済
1977,125cc,pier-luigi-conforti,,,モルビデリ,,,10,30,確認済
1977,125cc,maurizio-massimiani,,,モルビデリ,,,11,22,確認済
1977,125cc,giuseppe-zigiotto,,,モルビデリ,,,12,21,確認済
1977,125cc,julien-van-zeebroeck,,,モルビデリ,,,13,20,確認済
1977,125cc,ivan-carlsson,,,モルビデリ,,,14,14,確認済
1977,125cc,ermanno-giuliano,,,モルビデリ,,,15,11,確認済
1977,125cc,ivan-palazzese,,,モルビデリ,,,16,10,確認済
1977,125cc,sauro-pazzaglia,,,モルビデリ,,,17,9,確認済
1977,125cc,rino-pretelli,,,モルビデリ,,,18,8,確認済
1977,125cc,claudio-lusuardi,,,モルビデリ,,,19,8,確認済
1977,125cc,matti-kinnunen,,,モルビデリ,,,20,7,確認済
1977,125cc,thierry-noblesse,,,モルビデリ,,,21,6,確認済
1977,125cc,willy-perez,,,ヤマハ,,,22,5,確認済
1977,125cc,johann-parzer,,,モルビデリ,,,23,5,確認済
1977,125cc,rolf-blatter,,,モルビデリ,,,24,5,確認済
1977,125cc,b-johansson,,,モルビデリ,,,25,5,確認済
1977,125cc,cees-van-dongen,,,モルビデリ,,,26,5,確認済
1977,125cc,horst-seel,,,セール,,,27,4,確認済
1977,125cc,rafael-olavarria,,,ヤマハ,,,28,4,確認済
1977,125cc,janos-drapal,,,モルビデリ,,,29,4,確認済
1977,125cc,thierry-espie,,,Motobecane,,,30,4,確認済
1977,125cc,werner-schmied,,,ロータックス,,,31,3,確認済
1977,125cc,g-willi,,,モルビデリ,,,32,2,確認済
1977,125cc,jan-huberts,,,モルビデリ,,,33,2,確認済
1977,125cc,patrick-plisson,,,モルビデリ,,,34,2,確認済
1977,125cc,enrico-cereda,,,モルビデリ,,,35,1,確認済
1977,125cc,paolo-cipriani,,,モルビデリ,,,36,1,確認済
1977,125cc,j-novarrete,,,Ringhini,,,37,1,確認済
1977,125cc,per-edward-carlsson,,,モルビデリ,,,,,確認済
1977,50cc,angel-nieto,,,ブルタコ,,,1,87,確認済
1977,50cc,eugenio-lazzarini,,,クライドラー,,,2,72,確認済
1977,50cc,ricardo-tormo,,,ブルタコ,,,3,69,確認済
1977,50cc,herbert-rittberger,,,クライドラー,,,4,53,確認済
1977,50cc,patrick-plisson,,,リエフ,,,5,26,確認済
1977,50cc,stefan-dorflinger,,,クライドラー,,,6,24,確認済
1977,50cc,jean-louis-guignabodet,,,モルビデリ,,,7,14,確認済
1977,50cc,hans-hummel,,,リエフ,,,8,11,確認済
1977,50cc,ramon-gali,,,デルビ,,,9,10,確認済
1977,50cc,julien-van-zeebroeck,,,クライドラー,,,10,10,確認済
1977,50cc,ulrich-graf,,,クライドラー,,,11,9,確認済
1977,50cc,hagen-klein,,,リエフ,,,12,9,確認済
1977,50cc,cees-van-dongen,,,クライドラー,,,13,8,確認済
1977,50cc,theo-timmer,,,リエフ,,,14,8,確認済
1977,50cc,aldo-pero,,,クライドラー,,,15,7,確認済
1977,50cc,gunter-schirnhofer,,,リエフ,,,16,7,確認済
1977,50cc,rolf-blatter,,,クライドラー,,,17,6,確認済
1977,50cc,rudolf-kunz,,,クライドラー,,,18,5,確認済
1977,50cc,claudio-lusuardi,,,クライドラー,,,19,5,確認済
1977,50cc,wolfgang-muller,,,リエフ,,,20,4,確認済
1977,50cc,engelbert-kip,,,リエフ,,,21,3,確認済
1977,50cc,adrijan-bernetic,,,リエフ,,,22,3,確認済
1977,50cc,lennart-lundgren,,,リエフ,,,23,2,確認済
1977,50cc,ingo-emmerich,,,リエフ,,,24,2,確認済
1977,50cc,c-dumont,,,リエフ,,,25,2,確認済
1977,50cc,e-mischiatti,,,デルビ,,,26,2,確認済
1977,50cc,juup-bosman,,,リエフ,,,27,1,確認済
1977,50cc,j-novarrete,,,リエフ,,,28,1,確認済
1977,50cc,peter-looijesteijn,,,リエフ,,,29,1,確認済
1977,50cc,jacques-hutteau,,,リエフ,,,30,1,確認済
1978,500cc,kenny-roberts,,,ヤマハ,,,1,110,確認済
1978,500cc,barry-sheene,,,スズキ,,,2,100,確認済
1978,500cc,johnny-cecotto,,,ヤマハ,,,3,66,確認済
1978,500cc,wil-hartog,,,スズキ,,,4,65,確認済
1978,500cc,takazumi-katayama,,,ヤマハ,,,5,53,確認済
1978,500cc,pat-hennen,,,スズキ,,,6,51,確認済
1978,500cc,steve-baker,,,スズキ,,,7,42,確認済
1978,500cc,teuvo-lansivuori,,,スズキ,,,8,39,確認済
1978,500cc,marco-lucchinelli,,,スズキ,,,9,30,確認済
1978,500cc,michel-rougerie,,,スズキ,,,10,23,確認済
1978,500cc,virginio-ferrari,,,スズキ,,,11,22,確認済
1978,500cc,steve-parrish,,,スズキ,,,12,20,確認済
1978,500cc,boet-van-dulmen,,,スズキ,,,13,15,確認済
1978,500cc,steve-manship,,,スズキ,,,14,12,確認済
1978,500cc,christian-estrosi,,,スズキ,,,15,11,確認済
1978,500cc,graziano-rossi,,,スズキ,,,16,7,確認済
1978,500cc,john-newbold,,,スズキ,,,17,7,確認済
1978,500cc,roberto-pietri,,,ヤマハ,,,18,6,確認済
1978,500cc,gianni-rolando,,,スズキ,,,19,6,確認済
1978,500cc,gerhard-vogt,,,ヤマハ,,,20,5,確認済
1978,500cc,philippe-coulon,,,スズキ,,,21,5,確認済
1978,500cc,leandro-becheroni,,,スズキ,,,22,4,確認済
1978,500cc,alex-george,,,スズキ,,,23,4,確認済
1978,500cc,jurgen-steiner,,,スズキ,,,24,4,確認済
1978,500cc,jean-philippe-orban,,,スズキ,,,25,3,確認済
1978,500cc,carlo-perugini,,,スズキ,,,26,2,確認済
1978,500cc,tom-herron,,,スズキ,,,27,2,確認済
1978,500cc,gianfranco-bonera,,,スズキ,,,28,2,確認済
1978,500cc,bruno-kneubuhler,,,スズキ,,,29,2,確認済
1978,500cc,dennis-ireland,,,スズキ,,,30,1,確認済
1978,500cc,kenny-blake,,,ヤマハ,,,31,1,確認済
1978,500cc,b-rge-nielsen,,,スズキ,,,,,確認済
1978,500cc,clive-padgett,,,スズキ,,,,,確認済
1978,500cc,dick-alblas,,,スズキ,,,,,確認済
1978,500cc,jack-findlay,,,スズキ,,,,,確認済
1978,500cc,jack-middelburg,,,スズキ,,,,,確認済
1978,500cc,max-wiener,,,スズキ,,,,,確認済
1978,250cc,kork-ballington,,,カワサキ,,,1,124,確認済
1978,250cc,greg-hansford,,,カワサキ,,,2,118,確認済
1978,250cc,patrick-fernandez,,,ヤマハ,,,3,55,確認済
1978,250cc,kenny-roberts,,,ヤマハ,,,4,54,確認済
1978,250cc,anton-mang,,,カワサキ,,,5,52,確認済
1978,250cc,tom-herron,,,ヤマハ,,,6,48,確認済
1978,250cc,mario-lega,,,モルビデリ,,,7,44,確認済
1978,250cc,franco-uncini,,,ヤマハ,,,8,42,確認済
1978,250cc,jon-ekerold,,,ヤマハ,,,9,4,確認済
1978,250cc,paolo-pileri,,,モルビデリ,,,10,35,確認済
1978,250cc,raymond-roche,,,ヤマハ,,,11,26,確認済
1978,250cc,olivier-chevallier,,,ヤマハ,,,12,25,確認済
1978,250cc,jean-francois-balde,,,カワサキ,,,13,19,確認済
1978,250cc,mick-grant,,,カワサキ,,,14,17,確認済
1978,250cc,victor-soussan,,,ヤマハ,,,15,14,確認済
1978,250cc,walter-villa,,,Harley Davidson,,,16,13,確認済
1978,250cc,carlos-lavado,,,ヤマハ,,,17,12,確認済
1978,250cc,chas-mortimer,,,ヤマハ,,,18,12,確認済
1978,250cc,pentti-korhonen,,,ヤマハ,,,19,10,確認済
1978,250cc,clive-padgett,,,ヤマハ,,,20,5,確認済
1978,250cc,hans-muller,,,ヤマハ,,,21,5,確認済
1978,250cc,roland-freymond,,,ヤマハ,,,22,4,確認済
1978,250cc,t-henter,,,ヤマハ,,,23,3,確認済
1978,250cc,pekka-nurmi,,,ヤマハ,,,24,2,確認済
1978,250cc,ray-quincey,,,ヤマハ,,,25,2,確認済
1978,250cc,alejandro-aleman,,,ヤマハ,,,26,2,確認済
1978,250cc,john-dodds,,,ヤマハ,,,27,2,確認済
1978,250cc,leif-gustafsson,,,ヤマハ,,,28,1,確認済
1978,250cc,sadao-asami,,,ヤマハ,,,29,1,確認済
1978,250cc,eero-hyvarinen,,,ヤマハ,,,30,1,確認済
1978,250cc,marc-fontan,,,ヤマハ,,,31,1,確認済
1978,250cc,hervi-moineau,,,ヤマハ,,,32,1,確認済
1978,250cc,guy-bertin,,,ヤマハ,,,33,1,確認済
1978,250cc,thierry-espie,,,ヤマハ,,,34,1,確認済
1978,250cc,eduardo-aleman,,,ヤマハ,,,,,確認済
1978,350cc,kork-ballington,,,カワサキ,,,1,134,確認済
1978,350cc,takazumi-katayama,,,ヤマハ,,,2,77,確認済
1978,350cc,greg-hansford,,,カワサキ,,,3,76,確認済
1978,350cc,jon-ekerold,,,ヤマハ,,,4,64,確認済
1978,350cc,tom-herron,,,ヤマハ,,,5,50,確認済
1978,350cc,michel-rougerie,,,ヤマハ,,,6,47,確認済
1978,350cc,gianfranco-bonera,,,ヤマハ,,,7,37,確認済
1978,350cc,patrick-fernandez,,,ヤマハ,,,8,36,確認済
1978,350cc,victor-soussan,,,ヤマハ,,,9,34,確認済
1978,350cc,olivier-chevallier,,,ヤマハ,,,10,27,確認済
1978,350cc,pentti-korhonen,,,ヤマハ,,,11,20,確認済
1978,350cc,franco-uncini,,,ヤマハ,,,12,19,確認済
1978,350cc,paolo-pileri,,,モルビデリ,,,13,18,確認済
1978,350cc,mick-grant,,,カワサキ,,,14,16,確認済
1978,350cc,christian-sarron,,,ヤマハ,,,15,15,確認済
1978,350cc,anton-mang,,,カワサキ,,,16,14,確認済
1978,350cc,patrick-pons,,,ヤマハ,,,17,9,確認済
1978,350cc,marco-lucchinelli,,,ヤマハ,,,18,5,確認済
1978,350cc,guy-bertin,,,ヤマハ,,,19,5,確認済
1978,350cc,eric-saul,,,ヤマハ,,,20,4,確認済
1978,350cc,vanes-francini,,,ヤマハ,,,21,3,確認済
1978,350cc,raymond-roche,,,ヤマハ,,,22,3,確認済
1978,350cc,alejandro-aleman,,,ヤマハ,,,23,2,確認済
1978,350cc,leif-gustafsson,,,ヤマハ,,,24,2,確認済
1978,350cc,peter-van-der-wal,,,ヤマハ,,,25,2,確認済
1978,350cc,gianni-pelletier,,,ヤマハ,,,26,2,確認済
1978,350cc,a-piccioni,,,ヤマハ,,,27,1,確認済
1978,350cc,eero-hyvarinen,,,ヤマハ,,,28,1,確認済
1978,350cc,hervi-moineau,,,ヤマハ,,,29,1,確認済
1978,350cc,roland-freymond,,,ヤマハ,,,30,1,確認済
1978,350cc,mario-lega,,,リエフ,,,31,1,確認済
1978,350cc,eduardo-aleman,,,ヤマハ,,,,,確認済
1978,350cc,franco-bonera,,,不明,,,,,確認済
1978,125cc,eugenio-lazzarini,,,MBA,,,1,114,確認済
1978,125cc,angel-nieto,,,Minarelli,,,2,88,確認済
1978,125cc,pier-paolo-bianchi,,,Minarelli,,,3,70,確認済
1978,125cc,harald-bartol,,,モルビデリ,,,4,68,確認済
1978,125cc,thierry-espie,,,Motobecane,,,5,62,確認済
1978,125cc,maurizio-massimiani,,,モルビデリ,,,6,56,確認済
1978,125cc,hans-muller,,,モルビデリ,,,7,48,確認済
1978,125cc,per-edward-carlsson,,,モルビデリ,,,8,46,確認済
1978,125cc,jean-louis-guignabodet,,,モルビデリ,,,9,42,確認済
1978,125cc,clive-horton,,,MBA,,,10,25,確認済
1978,125cc,patrick-plisson,,,モルビデリ,,,11,20,確認済
1978,125cc,matti-kinnunen,,,モルビデリ,,,12,18,確認済
1978,125cc,stefan-dorflinger,,,モルビデリ,,,13,17,確認済
1978,125cc,pier-luigi-conforti,,,MBA,,,14,16,確認済
1978,125cc,august-auinger,,,モルビデリ,,,15,14,確認済
1978,125cc,christian-leon,,,モルビデリ,,,16,10,確認済
1978,125cc,thierry-noblesse,,,モルビデリ,,,17,9,確認済
1978,125cc,alejandro-aleman,,,ヤマハ,,,18,8,確認済
1978,125cc,felice-agostini,,,モルビデリ,,,19,7,確認済
1978,125cc,ricardo-russo,,,モルビデリ,,,20,6,確認済
1978,125cc,cees-van-dongen,,,モルビデリ,,,21,6,確認済
1978,125cc,claudio-granata,,,モルビデリ,,,22,5,確認済
1978,125cc,gert-bender,,,GB Bender,,,23,5,確認済
1978,125cc,walter-koschine,,,GB Bender,,,24,5,確認済
1978,125cc,miguel-cortes,,,モルビデリ,,,25,4,確認済
1978,125cc,luciano-schiavone,,,モルビデリ,,,26,4,確認済
1978,125cc,y-dupont,,,モルビデリ,,,27,3,確認済
1978,125cc,rolf-blatter,,,モルビデリ,,,28,3,確認済
1978,125cc,henk-van-kessel,,,Condor AGV,,,29,2,確認済
1978,125cc,alois-meyer,,,モルビデリ,,,30,1,確認済
1978,125cc,benny-janssen,,,モルビデリ,,,31,1,確認済
1978,125cc,ricardo-tormo,,,ブルタコ,,,32,1,確認済
1978,125cc,enrico-cereda,,,モルビデリ,,,33,1,確認済
1978,125cc,b-wilbers,,,MBA,,,34,1,確認済
1978,125cc,victor-leon,,,モルビデリ,,,,,確認済
1978,50cc,ricardo-tormo,,,ブルタコ,,,1,99,確認済
1978,50cc,eugenio-lazzarini,,,クライドラー,,,2,64,確認済
1978,50cc,patrick-plisson,,,リエフ,,,3,48,確認済
1978,50cc,hans-muller,,,Unknown,,,4,28,確認済
1978,50cc,rolf-blatter,,,リエフ,,,5,25,確認済
1978,50cc,stefan-dorflinger,,,クライドラー,,,6,24,確認済
1978,50cc,claudio-lusuardi,,,ブルタコ,,,7,20,確認済
1978,50cc,peter-looijesteijn,,,クライドラー,,,8,14,確認済
1978,50cc,ingo-emmerich,,,クライドラー,,,9,14,確認済
1978,50cc,aldo-pero,,,リエフ,,,10,13,確認済
1978,50cc,angel-nieto,,,ブルタコ,,,11,12,確認済
1978,50cc,henk-van-kessel,,,リエフ,,,12,11,確認済
1978,50cc,enrico-cereda,,,DRS,,,13,11,確認済
1978,50cc,julien-van-zeebroeck,,,Unknown,,,14,10,確認済
1978,50cc,cees-van-dongen,,,リエフ,,,15,10,確認済
1978,50cc,willi-scheidhauer,,,Unknown,,,16,10,確認済
1978,50cc,hagen-klein,,,リエフ,,,17,9,確認済
1978,50cc,theo-timmer,,,リエフ,,,18,9,確認済
1978,50cc,c-dumont,,,クライドラー,,,19,6,確認済
1978,50cc,daniel-corvi,,,クライドラー,,,20,5,確認済
1978,50cc,gerrit-strikker,,,リエフ,,,21,4,確認済
1978,50cc,luigi-rinaudo,,,リエフ,,,22,4,確認済
1978,50cc,ramon-gali,,,ブルタコ,,,23,3,確認済
1978,50cc,a-jeva,,,Unknown,,,24,3,確認済
1978,50cc,s-monreale,,,Unknown,,,25,2,確認済
1978,50cc,zbynek-havrda,,,リエフ,,,26,2,確認済
1978,50cc,j-mira,,,リエフ,,,27,1,確認済
1978,50cc,jacques-hutteau,,,リエフ,,,28,1,確認済
1978,50cc,rainer-scheidhauer,,,クライドラー,,,,,確認済
1978,50cc,wolfgang-muller,,,クライドラー,,,,,確認済
1979,500cc,kenny-roberts,,,ヤマハ,,,1,113,確認済
1979,500cc,virginio-ferrari,,,スズキ,,,2,89,確認済
1979,500cc,barry-sheene,,,スズキ,,,3,87,確認済
1979,500cc,wil-hartog,,,スズキ,,,4,66,確認済
1979,500cc,franco-uncini,,,スズキ,,,5,51,確認済
1979,500cc,boet-van-dulmen,,,スズキ,,,6,50,確認済
1979,500cc,jack-middelburg,,,スズキ,,,7,36,確認済
1979,500cc,randy-mamola,,,スズキ,,,8,29,確認済
1979,500cc,philippe-coulon,,,スズキ,,,9,29,確認済
1979,500cc,tom-herron,,,スズキ,,,10,28,確認済
1979,500cc,christian-sarron,,,ヤマハ,,,11,26,確認済
1979,500cc,steve-parrish,,,スズキ,,,12,19,確認済
1979,500cc,mike-baldwin,,,スズキ,,,13,17,確認済
1979,500cc,dennis-ireland,,,スズキ,,,14,16,確認済
1979,500cc,michel-rougerie,,,スズキ,,,15,16,確認済
1979,500cc,bernard-fau,,,スズキ,,,16,13,確認済
1979,500cc,kenny-blake,,,ヤマハ,,,17,12,確認済
1979,500cc,marco-lucchinelli,,,スズキ,,,18,11,確認済
1979,500cc,gary-lingham,,,スズキ,,,19,10,確認済
1979,500cc,johnny-cecotto,,,ヤマハ,,,20,10,確認済
1979,500cc,gustav-reiner,,,スズキ,,,21,8,確認済
1979,500cc,hiroyuki-kawasaki,,,スズキ,,,22,6,確認済
1979,500cc,henk-de-vries,,,スズキ,,,23,6,確認済
1979,500cc,gerhard-vogt,,,スズキ,,,24,6,確認済
1979,500cc,roberto-pietri,,,スズキ,,,25,5,確認済
1979,500cc,josef-hage,,,スズキ,,,26,5,確認済
1979,500cc,jacky-matagne,,,スズキ,,,27,4,確認済
1979,500cc,max-wiener,,,スズキ,,,28,4,確認済
1979,500cc,ikujiro-takai,,,ヤマハ,,,29,3,確認済
1979,500cc,carlo-perugini,,,スズキ,,,30,3,確認済
1979,500cc,sergio-pellandini,,,スズキ,,,31,2,確認済
1979,500cc,guy-cooremans,,,スズキ,,,32,2,確認済
1979,500cc,graziano-rossi,,,モルビデリ,,,33,2,確認済
1979,500cc,john-woodley,,,スズキ,,,34,2,確認済
1979,500cc,peter-sjostrom,,,スズキ,,,35,1,確認済
1979,500cc,seppo-rossi,,,スズキ,,,36,1,確認済
1979,500cc,dieter-heinen,,,スズキ,,,37,1,確認済
1979,500cc,mick-grant,,,スズキ,,,38,1,確認済
1979,500cc,john-newbold,,,スズキ,,,39,1,確認済
1979,500cc,gianni-pelletier,,,スズキ,,,40,1,確認済
1979,500cc,alan-north,,,スズキ,,,,,確認済
1979,500cc,alex-george,,,スズキ,,,,,確認済
1979,500cc,gianni-rolando,,,スズキ,,,,,確認済
1979,500cc,hans-otto-butenuth,,,スズキ,,,,,確認済
1979,500cc,herve-guilleux,,,リエフ,,,,,確認済
1979,500cc,lennart-backstrom,,,スズキ,,,,,確認済
1979,500cc,willem-zoet,,,スズキ,,,,,確認済
1979,250cc,kork-ballington,,,カワサキ,,,1,141,確認済
1979,250cc,greg-hansford,,,カワサキ,,,2,81,確認済
1979,250cc,graziano-rossi,,,モルビデリ,,,3,67,確認済
1979,250cc,randy-mamola,,,ヤマハ,,,4,64,確認済
1979,250cc,patrick-fernandez,,,ヤマハ,,,5,63,確認済
1979,250cc,anton-mang,,,カワサキ,,,6,56,確認済
1979,250cc,walter-villa,,,ヤマハ,,,7,39,確認済
1979,250cc,jean-francois-balde,,,カワサキ,,,8,29,確認済
1979,250cc,edi-stoellinger,,,カワサキ,,,9,28,確認済
1979,250cc,roland-freymond,,,ヤマハ,,,10,22,確認済
1979,250cc,olivier-chevallier,,,ヤマハ,,,11,22,確認済
1979,250cc,christian-estrosi,,,カワサキ,,,12,19,確認済
1979,250cc,chas-mortimer,,,ヤマハ,,,13,14,確認済
1979,250cc,paolo-pileri,,,ヤマハ,,,14,14,確認済
1979,250cc,graeme-mcgregor,,,ヤマハ,,,15,14,確認済
1979,250cc,barry-ditchburn,,,カワサキ,,,16,13,確認済
1979,250cc,victor-soussan,,,ヤマハ,,,17,11,確認済
1979,250cc,eric-saul,,,ヤマハ,,,18,11,確認済
1979,250cc,m-sayle,,,ヤマハ,,,19,10,確認済
1979,250cc,fernando-gonzalez-de-nicolas,,,ヤマハ,,,20,9,確認済
1979,250cc,pentti-korhonen,,,ヤマハ,,,21,9,確認済
1979,250cc,jon-ekerold,,,ヤマハ,,,22,8,確認済
1979,250cc,richard-hubin,,,ヤマハ,,,23,7,確認済
1979,250cc,guy-bertin,,,ヤマハ,,,24,6,確認済
1979,250cc,michel-simeon,,,ヤマハ,,,25,5,確認済
1979,250cc,jeffrey-sayle,,,ヤマハ,,,26,4,確認済
1979,250cc,hans-muller,,,ヤマハ,,,27,4,確認済
1979,250cc,massimo-matteoni,,,ヤマハ,,,28,3,確認済
1979,250cc,maurizio-massimiani,,,MBA,,,29,3,確認済
1979,250cc,pekka-nurmi,,,ヤマハ,,,30,3,確認済
1979,250cc,j-lazo,,,ヤマハ,,,31,3,確認済
1979,250cc,b-elgh,,,ヤマハ,,,32,2,確認済
1979,250cc,y-matsumoto,,,ヤマハ,,,33,2,確認済
1979,250cc,eero-hyvarinen,,,ヤマハ,,,34,1,確認済
1979,250cc,tony-head,,,ヤマハ,,,35,1,確認済
1979,250cc,sadao-asami,,,ヤマハ,,,36,1,確認済
1979,250cc,thierry-espie,,,ヤマハ,,,37,1,確認済
1979,250cc,alan-north,,,ヤマハ,,,38,1,確認済
1979,250cc,rinus-van-kasteren,,,ヤマハ,,,39,1,確認済
1979,350cc,kork-ballington,,,カワサキ,,,1,99,確認済
1979,350cc,oriol-fernandez,,,ヤマハ,,,2,90,確認済
1979,350cc,greg-hansford,,,カワサキ,,,3,77,確認済
1979,350cc,anton-mang,,,カワサキ,,,4,63,確認済
1979,350cc,michel-frutschi,,,ヤマハ,,,5,47,確認済
1979,350cc,roland-freymond,,,ヤマハ,,,6,60,確認済
1979,350cc,walter-villa,,,ヤマハ,,,7,38,確認済
1979,350cc,jon-ekerold,,,ヤマハ,,,8,34,確認済
1979,350cc,sadao-asami,,,ヤマハ,,,9,27,確認済
1979,350cc,jeffrey-sayle,,,ヤマハ,,,10,24,確認済
1979,350cc,pekka-nurmi,,,ヤマハ,,,11,23,確認済
1979,350cc,pentti-korhonen,,,ヤマハ,,,12,17,確認済
1979,350cc,christian-estrosi,,,カワサキ,,,13,16,確認済
1979,350cc,carlos-lavado,,,ヤマハ,,,14,15,確認済
1979,350cc,patrick-pons,,,ヤマハ,,,15,12,確認済
1979,350cc,eric-saul,,,ヤマハ,,,16,10,確認済
1979,350cc,michel-rougerie,,,リエフ,,,17,10,確認済
1979,350cc,richard-hubin,,,リエフ,,,18,9,確認済
1979,350cc,herve-guilleux,,,XX,,,19,8,確認済
1979,350cc,olivier-chevallier,,,ヤマハ,,,20,8,確認済
1979,350cc,victor-soussan,,,ヤマハ,,,21,8,確認済
1979,350cc,graeme-mcgregor,,,ヤマハ,,,22,5,確認済
1979,350cc,m-sayle,,,ヤマハ,,,23,5,確認済
1979,350cc,e-elias,,,ヤマハ,,,24,4,確認済
1979,350cc,b-elgh,,,ヤマハ,,,25,4,確認済
1979,350cc,paolo-pileri,,,XX,,,26,4,確認済
1979,350cc,edi-stoellinger,,,カワサキ,,,27,4,確認済
1979,350cc,reinhold-roth,,,ヤマハ,,,28,3,確認済
1979,350cc,tony-head,,,ヤマハ,,,29,3,確認済
1979,350cc,k-hernamdt,,,ヤマハ,,,30,3,確認済
1979,350cc,victor-palomo,,,ヤマハ,,,31,3,確認済
1979,350cc,eero-hyvarinen,,,ヤマハ,,,32,3,確認済
1979,350cc,alan-north,,,ヤマハ,,,33,3,確認済
1979,350cc,adelio-faccioli,,,ヤマハ,,,34,2,確認済
1979,350cc,joey-dunlop,,,ヤマハ,,,35,2,確認済
1979,350cc,y-matsumoto,,,ヤマハ,,,36,2,確認済
1979,350cc,gianfranco-bonera,,,ヤマハ,,,37,2,確認済
1979,350cc,max-wiener,,,ヤマハ,,,38,1,確認済
1979,350cc,patrick-fernandez,,,ヤマハ,,,,,確認済
1979,125cc,angel-nieto,,,Minarelli,,,1,120,確認済
1979,125cc,maurizio-massimiani,,,MBA,,,2,53,確認済
1979,125cc,hans-muller,,,MBA,,,3,50,確認済
1979,125cc,thierry-espie,,,Motobecane,,,4,48,確認済
1979,125cc,gert-bender,,,GB Bender,,,5,47,確認済
1979,125cc,guy-bertin,,,Motobecane,,,6,40,確認済
1979,125cc,ricardo-tormo,,,ブルタコ,,,7,39,確認済
1979,125cc,harald-bartol,,,モルビデリ,,,8,36,確認済
1979,125cc,bruno-kneubuhler,,,MBA,,,9,36,確認済
1979,125cc,pier-paolo-bianchi,,,Minarelli,,,10,35,確認済
1979,125cc,stefan-dorflinger,,,モルビデリ,,,11,35,確認済
1979,125cc,walter-koschine,,,Delta Fantic,,,13,25,確認済
1979,125cc,august-auinger,,,モルビデリ,,,14,25,確認済
1979,125cc,eugenio-lazzarini,,,MBA,,,15,22,確認済
1979,125cc,jean-louis-guignabodet,,,モルビデリ,,,16,20,確認済
1979,125cc,matti-kinnunen,,,MBA,,,17,19,確認済
1979,125cc,p-herouard,,,モルビデリ,,,18,18,確認済
1979,125cc,marcelino-garcia,,,不明,,,19,17,確認済
1979,125cc,thierry-noblesse,,,モルビデリ,,,20,16,確認済
1979,125cc,per-edward-carlsson,,,MBA,,,21,14,確認済
1979,125cc,jean-francois-lecureux,,,モルビデリ,,,22,12,確認済
1979,125cc,patrick-plisson,,,Motoshop,,,23,12,確認済
1979,125cc,martin-van-soest,,,モルビデリ,,,24,10,確認済
1979,125cc,gianpaolo-marchetti,,,MBA,,,25,10,確認済
1979,125cc,rolf-blatter,,,モルビデリ,,,26,8,確認済
1979,125cc,peter-looijesteijn,,,MBA,,,27,8,確認済
1979,125cc,clive-horton,,,モルビデリ,,,28,7,確認済
1979,125cc,francois-granon,,,モルビデリ,,,29,7,確認済
1979,125cc,s-janssen,,,モルビデリ,,,30,7,確認済
1979,125cc,ivan-troisi,,,不明,,,31,5,確認済
1979,125cc,paul-bordes,,,モルビデリ,,,32,5,確認済
1979,125cc,pier-luigi-conforti,,,MBA,,,33,4,確認済
1979,125cc,anton-straver,,,モルビデリ,,,34,4,確認済
1979,125cc,peter-balaz,,,モルビデリ,,,35,3,確認済
1979,125cc,jean-paul-magnoni,,,不明,,,36,2,確認済
1979,125cc,alfred-waibel,,,MBA,,,37,2,確認済
1979,125cc,stefano-ferretti,,,不明,,,38,2,確認済
1979,125cc,henk-van-kessel,,,不明,,,39,2,確認済
1979,125cc,jan-huberts,,,MBA,,,40,2,確認済
1979,125cc,marc-antoine-constantin,,,不明,,,41,2,確認済
1979,125cc,miguel-cortes,,,ブルタコ,,,42,1,確認済
1979,125cc,fernando-gonzalez-de-nicolas,,,モルビデリ,,,43,1,確認済
1979,125cc,rene-renier,,,不明,,,44,1,確認済
1979,125cc,johnny-wickstrom,,,モルビデリ,,,45,1,確認済
1979,125cc,barry-smith,,,モルビデリ,,,,,確認済
1979,125cc,dario-marchetti,,,MBA,,,,,確認済
1979,125cc,m-garcia,,,モルビデリ,,,,,確認済
1979,125cc,paolo-ferretti,,,モルビデリ,,,,,確認済
1979,125cc,r-reneir,,,モルビデリ,,,,,確認済
1979,50cc,eugenio-lazzarini,,,クライドラー,,,1,75,確認済
1979,50cc,rolf-blatter,,,クライドラー,,,2,62,確認済
1979,50cc,patrick-plisson,,,リエフ,,,3,32,確認済
1979,50cc,gerhard-waibel,,,クライドラー,,,4,31,確認済
1979,50cc,peter-looijesteijn,,,クライドラー,,,5,30,確認済
1979,50cc,hagen-klein,,,リエフ,,,6,26,確認済
1979,50cc,henk-van-kessel,,,クライドラー,,,7,23,確認済
1979,50cc,jacques-hutteau,,,リエフ,,,8,22,確認済
1979,50cc,ingo-emmerich,,,クライドラー,,,9,19,確認済
1979,50cc,stefan-dorflinger,,,クライドラー,,,10,18,確認済
1979,50cc,rainer-scheidhauer,,,クライドラー,,,11,17,確認済
1979,50cc,theo-timmer,,,ブルタコ,,,12,16,確認済
1979,50cc,aldo-pero,,,クライドラー,,,13,16,確認済
1979,50cc,rudolf-kunz,,,クライドラー,,,14,13,確認済
1979,50cc,e-saffioti,,,リエフ,,,15,10,確認済
1979,50cc,wolfgang-muller,,,クライドラー,,,16,9,確認済
1979,50cc,ricardo-tormo,,,ブルタコ,,,17,6,確認済
1979,50cc,enrico-cereda,,,クライドラー,,,18,5,確認済
1979,50cc,joaquim-gali,,,XX,,,19,5,確認済
1979,50cc,daniel-mateos,,,リエフ,,,20,4,確認済
1979,50cc,m-servadio,,,XX,,,21,4,確認済
1979,50cc,gerhard-singer,,,クライドラー,,,22,4,確認済
1979,50cc,p-verbic,,,クライドラー,,,23,3,確認済
1979,50cc,theo-van-geffen,,,リエフ,,,24,3,確認済
1979,50cc,r-oosting,,,リエフ,,,25,2,確認済
1979,50cc,claudio-granata,,,XX,,,26,2,確認済
1979,50cc,hans-hummel,,,クライドラー,,,27,2,確認済
1979,50cc,cees-van-dongen,,,リエフ,,,28,1,確認済
1979,50cc,d-priori,,,XX,,,29,1,確認済
1979,50cc,gerrit-strikker,,,クライドラー,,,30,1,確認済
1980,500cc,kenny-roberts,,Yamaha Motor Japan,ヤマハ,,1,1,87,確認済
1980,500cc,randy-mamola,,Texaco Heron Team Suzuki,スズキ,,,2,72,確認済
1980,500cc,marco-lucchinelli,,Team Nava Olio Fiat,スズキ,,,3,59,確認済
1980,500cc,franco-uncini,,Jen Organs,スズキ,,,4,50,確認済
1980,500cc,graziano-rossi,,Team Nava Olio Fiat,スズキ,,,5,38,確認済
1980,500cc,wil-hartog,,Riemersma Racing,スズキ,,,6,31,確認済
1980,500cc,johnny-cecotto,,Venemotos Racing Team,ヤマハ,,4,7,31,確認済
1980,500cc,graeme-crosby,,Texaco Heron Team Suzuki,スズキ,,,8,29,確認済
1980,500cc,jack-middelburg,,Yamaha I.M.N.,ヤマハ,,,9,20,確認済
1980,500cc,takazumi-katayama,,Honda International,スズキ,,,10,18,確認済
1980,500cc,carlo-perugini,,Team Gattino,スズキ,,,11,17,確認済
1980,500cc,kork-ballington,,Team Kawasaki,カワサキ,,,12,13,確認済
1980,500cc,philippe-coulon,,Marlboro Frankonia Nava,スズキ,,,13,11,確認済
1980,500cc,boet-van-dulmen,,Yamaha I.M.N.,ヤマハ,,6,14,10,確認済
1980,500cc,barry-sheene,,Team Akai with Texaco,ヤマハ,,7,15,10,確認済
1980,500cc,sito-pons,,,ヤマハ,,,16,10,確認済
1980,500cc,patrick-fernandez,,Ecurie Sté Pernod/Sonauto,ヤマハ,,,17,4,確認済
1980,500cc,michel-rougerie,,Ecurie Sté Pernod,スズキ,,,18,4,確認済
1980,500cc,christian-estrosi,,???,スズキ,,,19,3,確認済
1980,500cc,henk-de-vries,,,スズキ,,,20,2,確認済
1980,500cc,sadao-asami,,???,ヤマハ,,,21,2,確認済
1980,500cc,michel-frutschi,,Elf Moto Racing Team,ヤマハ,,,22,2,確認済
1980,500cc,raymond-roche,,Team Sonauto Gauloises GPA,ヤマハ,,34,23,1,確認済
1980,500cc,gustav-reiner,,,スズキ,,,24,1,確認済
1980,500cc,bernard-fau,,GME Motul GPA,スズキ,,,25,1,確認済
1980,500cc,dave-potter,,,ヤマハ,,,26,1,確認済
1980,500cc,sergio-pellandini,,???,スズキ,,,27,1,確認済
1980,500cc,adelio-faccioli,,,スズキ,,,,,確認済
1980,500cc,anton-mang,,,カワサキ,,,,,確認済
1980,500cc,frank-gross,,,スズキ,,,,,確認済
1980,500cc,freddie-spencer,,,ヤマハ,,,,,確認済
1980,500cc,gianfranco-bonera,,,ヤマハ,,,,,確認済
1980,500cc,greg-hansford,,Team Kawasaki,カワサキ,,,,,確認済
1980,500cc,guido-paci,,,スズキ,,,,,確認済
1980,500cc,hubert-rigal,,,ヤマハ,,,,,確認済
1980,500cc,jeffrey-sayle,,,ヤマハ,,,,,確認済
1980,500cc,john-newbold,,,スズキ,,,,,確認済
1980,500cc,kimmo-kopra,,,ヤマハ,,,,,確認済
1980,500cc,lennart-backstrom,,,スズキ,,,,,確認済
1980,500cc,markku-matikainen,,,ヤマハ,,,,,確認済
1980,500cc,maurizio-massimiani,,Team Naldoni,ヤマハ,,36,,,確認済
1980,500cc,max-wiener,,,スズキ,,,,,確認済
1980,500cc,mick-grant,,Honda International,スズキ,,,,,確認済
1980,500cc,patrick-pons,,Team Sonauto Gauloises GPA,ヤマハ,,,,,確認済
1980,500cc,peter-sjostrom,,,スズキ,,,,,確認済
1980,500cc,peter-skold,,,スズキ,,,,,確認済
1980,500cc,richard-hubin,,,ヤマハ,,,,,確認済
1980,500cc,seppo-rossi,,MAN 2000,スズキ,,,,,確認済
1980,500cc,stuart-avant,,,スズキ,,,,,確認済
1980,500cc,werner-nenning,,,スズキ,,,,,確認済
1980,500cc,willem-zoet,,Stimorol,スズキ,,,,,確認済
1980,250cc,anton-mang,,,カワサキ,,,1,128,確認済
1980,250cc,kork-ballington,,,カワサキ,,,2,87,確認済
1980,250cc,jean-francois-balde,,,カワサキ,,,3,59,確認済
1980,250cc,thierry-espie,,,ヤマハ,,,4,53,確認済
1980,250cc,roland-freymond,,,モルビデリ,,,5,46,確認済
1980,250cc,carlos-lavado,,,ヤマハ,,,6,29,確認済
1980,250cc,gianpaolo-marchetti,,,ヤマハ,,,7,28,確認済
1980,250cc,jacques-cornu,,,ヤマハ,,,8,26,確認済
1980,250cc,eric-saul,,,ヤマハ,,,9,24,確認済
1980,250cc,patrick-fernandez,,,ヤマハ,,,10,16,確認済
1980,250cc,edi-stoellinger,,,カワサキ,,,11,16,確認済
1980,250cc,hans-muller,,,ヤマハ,,,12,16,確認済
1980,250cc,sauro-pazzaglia,,,Ad Majora,,,13,12,確認済
1980,250cc,graeme-mcgregor,,,Cotton,,,14,12,確認済
1980,250cc,pier-luigi-conforti,,,ヤマハ,,,15,10,確認済
1980,250cc,jean-louis-guignabodet,,,カワサキ,,,16,9,確認済
1980,250cc,didier-de-radigues,,,ヤマハ,,,17,8,確認済
1980,250cc,eero-hyvarinen,,,ヤマハ,,,18,8,確認済
1980,250cc,clive-horton,,,Cotton,,,19,7,確認済
1980,250cc,paolo-ferretti,,,ヤマハ,,,20,7,確認済
1980,250cc,greame-geddes,,,ヤマハ,,,21,6,確認済
1980,250cc,r-sibille,,,ヤマハ,,,22,6,確認済
1980,250cc,steve-tonkin,,,Cotton,,,23,5,確認済
1980,250cc,jacques-bolle,,,ヤマハ,,,24,5,確認済
1980,250cc,herbert-hauf,,,ヤマハ,,,25,4,確認済
1980,250cc,a-gouin,,,ヤマハ,,,26,4,確認済
1980,250cc,reinhold-roth,,,ヤマハ,,,27,4,確認済
1980,250cc,walter-villa,,,ヤマハ,,,28,4,確認済
1980,250cc,charlie-williams,,,ヤマハ,,,29,2,確認済
1980,250cc,martin-wimmer,,,ヤマハ,,,30,2,確認済
1980,250cc,marco-papa,,,ヤマハ,,,31,1,確認済
1980,250cc,jean-louis-tournadre,,,ヤマハ,,,32,1,確認済
1980,250cc,rene-delaby,,,ヤマハ,,,33,1,確認済
1980,250cc,f-marcheggiani,,,ヤマハ,,,34,1,確認済
1980,250cc,tony-rogers,,,ヤマハ,,,35,1,確認済
1980,250cc,h-tomic,,,ヤマハ,,,36,1,確認済
1980,250cc,jean-marc-toffolo,,,ヤマハ,,,,,確認済
1980,250cc,peter-balaz,,,カワサキ,,,,,確認済
1980,350cc,jon-ekerold,,,ヤマハ,,,1,63,確認済
1980,350cc,anton-mang,,,カワサキ,,,2,60,確認済
1980,350cc,jean-francois-balde,,,カワサキ,,,3,38,確認済
1980,350cc,johnny-cecotto,,,ヤマハ,,,4,37,確認済
1980,350cc,jeffrey-sayle,,,ヤマハ,,,5,25,確認済
1980,350cc,eric-saul,,,ヤマハ,,,6,24,確認済
1980,350cc,jacques-cornu,,,ヤマハ,,,7,21,確認済
1980,350cc,massimo-matteoni,,,ビモータ,,,8,19,確認済
1980,350cc,walter-villa,,,ヤマハ,,,9,16,確認済
1980,350cc,patrick-fernandez,,,ヤマハ,,,10,12,確認済
1980,350cc,carlo-perugini,,,XX,,,11,10,確認済
1980,350cc,tony-head,,,ヤマハ,,,12,9,確認済
1980,350cc,carlos-lavado,,,ヤマハ,,,13,8,確認済
1980,350cc,roland-freymond,,,ヤマハ,,,14,7,確認済
1980,350cc,greg-hansford,,,カワサキ,,,15,6,確認済
1980,350cc,tony-rogers,,,ヤマハ,,,16,6,確認済
1980,350cc,jacques-bolle,,,ヤマハ,,,17,6,確認済
1980,350cc,keith-huewen,,,ヤマハ,,,18,6,確認済
1980,350cc,thierry-espie,,,ヤマハ,,,19,6,確認済
1980,350cc,jean-louis-tournadre,,,リエフ,,,20,5,確認済
1980,350cc,loris-reggiani,,,ビモータ,,,21,4,確認済
1980,350cc,graeme-mcgregor,,,ヤマハ,,,22,4,確認済
1980,350cc,alan-north,,,ヤマハ,,,23,2,確認済
1980,350cc,pekka-nurmi,,,ヤマハ,,,24,1,確認済
1980,350cc,edi-stoellinger,,,カワサキ,,,25,1,確認済
1980,125cc,pier-paolo-bianchi,,,MBA,,,1,90,確認済
1980,125cc,guy-bertin,,,Motobecane,,,2,81,確認済
1980,125cc,angel-nieto,,,Minarelli,,,3,78,確認済
1980,125cc,bruno-kneubuhler,,,MBA,,,4,68,確認済
1980,125cc,hans-muller,,,MBA,,,5,64,確認済
1980,125cc,loris-reggiani,,,Minarelli,,,6,63,確認済
1980,125cc,ivan-palazzese,,,MBA,,,7,28,確認済
1980,125cc,maurizio-massimiani,,,Minarelli,,,8,20,確認済
1980,125cc,peter-looijesteijn,,,MBA,,,9,18,確認済
1980,125cc,barry-smith,,,MBA,,,10,17,確認済
1980,125cc,harald-bartol,,,MBA,,,11,15,確認済
1980,125cc,ricardo-tormo,,,MBA,,,12,13,確認済
1980,125cc,stefan-dorflinger,,,MBA,,,13,13,確認済
1980,125cc,gianpaolo-marchetti,,,MBA,,,14,10,確認済
1980,125cc,august-auinger,,,MBA,,,15,9,確認済
1980,125cc,jose-dubon,,,MBA,,,16,8,確認済
1980,125cc,eugenio-lazzarini,,,Iprem,,,17,8,確認済
1980,125cc,rolf-blatter,,,MBA,,,18,8,確認済
1980,125cc,henk-van-kessel,,,Condor,,,19,8,確認済
1980,125cc,gert-bender,,,GB Bender,,,20,6,確認済
1980,125cc,michel-galbit,,,MBA,,,21,6,確認済
1980,125cc,p-herouard,,,MBA,,,22,6,確認済
1980,125cc,janos-drapal,,,MBA,,,23,5,確認済
1980,125cc,thierry-noblesse,,,MBA,,,24,4,確認済
1980,125cc,matti-kinnunen,,,MBA,,,25,4,確認済
1980,125cc,jhonni-baeckstroem,,,MBA,,,26,2,確認済
1980,125cc,s-janssen,,,MBA,,,27,2,確認済
1980,125cc,jean-claude-selini,,,MBA,,,28,2,確認済
1980,125cc,johnny-wickstrom,,,MBA,,,29,1,確認済
1980,125cc,hugo-vignetti,,,MBA,,,30,1,確認済
1980,125cc,z-ljeljak,,,MBA,,,31,1,確認済
1980,125cc,anton-straver,,,MBA,,,32,1,確認済
1980,125cc,y-dupont,,,MBA,,,,,確認済
1980,50cc,eugenio-lazzarini,,,クライドラー,,,1,74,確認済
1980,50cc,stefan-dorflinger,,,クライドラー,,,2,72,確認済
1980,50cc,hans-hummel,,,クライドラー,,,3,37,確認済
1980,50cc,ricardo-tormo,,,クライドラー,,,4,36,確認済
1980,50cc,henk-van-kessel,,,リエフ,,,5,31,確認済
1980,50cc,hans-spaan,,,クライドラー,,,6,24,確認済
1980,50cc,theo-timmer,,,リエフ,,,7,19,確認済
1980,50cc,y-dupont,,,リエフ,,,8,18,確認済
1980,50cc,jacques-hutteau,,,リエフ,,,9,18,確認済
1980,50cc,wolfgang-muller,,,クライドラー,,,10,15,確認済
1980,50cc,rolf-blatter,,,クライドラー,,,11,14,確認済
1980,50cc,gerhard-waibel,,,クライドラー,,,12,7,確認済
1980,50cc,otto-machinek,,,クライドラー,,,13,7,確認済
1980,50cc,ingo-emmerich,,,XX,,,14,6,確認済
1980,50cc,giuseppe-ascareggi,,,Minarelli,,,15,4,確認済
1980,50cc,gunter-schirnhofer,,,クライドラー,,,16,4,確認済
1980,50cc,daniel-mateos,,,リエフ,,,17,3,確認済
1980,50cc,claudio-lusuardi,,,リエフ,,,18,3,確認済
1980,50cc,enrico-cereda,,,リエフ,,,19,2,確認済
1980,50cc,aldo-pero,,,クライドラー,,,20,1,確認済
1980,50cc,g-boehl,,,クライドラー,,,21,1,確認済
1981,500cc,marco-lucchinelli,,,スズキ,,,1,105,確認済
1981,500cc,randy-mamola,,,スズキ,,,2,94,確認済
1981,500cc,kenny-roberts,,,ヤマハ,,,3,74,確認済
1981,500cc,barry-sheene,,,ヤマハ,,,4,72,確認済
1981,500cc,graeme-crosby,,,スズキ,,,5,68,確認済
1981,500cc,boet-van-dulmen,,,ヤマハ,,,6,64,確認済
1981,500cc,jack-middelburg,,,スズキ,,,7,60,確認済
1981,500cc,kork-ballington,,,カワサキ,,,8,43,確認済
1981,500cc,marc-fontan,,,ヤマハ,,,9,25,確認済
1981,500cc,hiroyuki-kawasaki,,,スズキ,,,10,19,確認済
1981,500cc,bernard-fau,,,スズキ,,,11,14,確認済
1981,500cc,guido-paci,,,ヤマハ,,,12,14,確認済
1981,500cc,franco-uncini,,,スズキ,,,13,12,確認済
1981,500cc,willem-zoet,,,スズキ,,,14,10,確認済
1981,500cc,seppo-rossi,,,スズキ,,,15,9,確認済
1981,500cc,gianni-pelletier,,,スズキ,,,16,8,確認済
1981,500cc,michel-frutschi,,,ヤマハ,,,17,6,確認済
1981,500cc,dave-potter,,,ヤマハ,,,18,5,確認済
1981,500cc,stuart-avant,,,スズキ,,,19,4,確認済
1981,500cc,sergio-pellandini,,,スズキ,,,20,4,確認済
1981,500cc,ikujiro-takai,,,ヤマハ,,,21,3,確認済
1981,500cc,steve-parrish,,,ヤマハ,,,22,3,確認済
1981,500cc,frank-gross,,,スズキ,,,23,2,確認済
1981,500cc,wil-hartog,,,スズキ,,,24,2,確認済
1981,500cc,christian-sarron,,,ヤマハ,,,25,2,確認済
1981,500cc,sadao-asami,,,ヤマハ,,,26,1,確認済
1981,500cc,chris-guy,,,スズキ,,,27,1,確認済
1981,500cc,keith-huewen,,,スズキ,,,28,1,確認済
1981,500cc,kimmo-kopra,,,スズキ,,,29,1,確認済
1981,500cc,ake-grahn,,,ヤマハ,,,,,確認済
1981,500cc,alain-roethlisberger,,,スズキ,,,,,確認済
1981,500cc,alex-george,,,ヤマハ,,,,,確認済
1981,500cc,andreas-hofmann,,,スズキ,,,,,確認済
1981,500cc,b-rge-nielsen,,,スズキ,,,,,確認済
1981,500cc,barry-woodland,,,スズキ,,,,,確認済
1981,500cc,bengt-slydal,,,スズキ,,,,,確認済
1981,500cc,carlo-perugini,,,Sanvenero,,,,,確認済
1981,500cc,christian-estrosi,,,ヤマハ,,,,,確認済
1981,500cc,dick-alblas,,,スズキ,,,,,確認済
1981,500cc,dominique-pernet,,,ヤマハ,,,,,確認済
1981,500cc,fabio-biliotti,,,スズキ,,,,,確認済
1981,500cc,fritz-kerschbaumer,,,ヤマハ,,,,,確認済
1981,500cc,gianni-rolando,,,スズキ,,,,,確認済
1981,500cc,gina-bovaird,,,ヤマハ,,,,,確認済
1981,500cc,graziano-rossi,,,モルビデリ,,,,,確認済
1981,500cc,greame-geddes,,,ヤマハ,,,,,確認済
1981,500cc,greg-hansford,,,カワサキ,,,,,確認済
1981,500cc,gustav-reiner,,,Solo,,,,,確認済
1981,500cc,henk-de-vries,,,ヤマハ,,,,,確認済
1981,500cc,herve-guilleux,,,ヤマハ,,,,,確認済
1981,500cc,hubert-rigal,,,ヤマハ,,,,,確認済
1981,500cc,jacques-agopian,,,スズキ,,,,,確認済
1981,500cc,jean-lafond,,,スズキ,,,,,確認済
1981,500cc,jon-ekerold,,,Solo,,,,,確認済
1981,500cc,josef-hage,,,ヤマハ,,,,,確認済
1981,500cc,lars-johansson,,,スズキ,,,,,確認済
1981,500cc,leandro-becheroni,,,スズキ,,,,,確認済
1981,500cc,lennart-backstrom,,,スズキ,,,,,確認済
1981,500cc,marco-greco,,,スズキ,,,,,確認済
1981,500cc,michael-schmid,,,スズキ,,,,,確認済
1981,500cc,mike-baldwin,,,スズキ,,,,,確認済
1981,500cc,patrick-fernandez,,,ヤマハ,,,,,確認済
1981,500cc,peter-sjostrom,,,スズキ,,,,,確認済
1981,500cc,peter-skold,,,スズキ,,,,,確認済
1981,500cc,philippe-coulon,,,スズキ,,,,,確認済
1981,500cc,rafaelle-pasqual,,,ヤマハ,,,,,確認済
1981,500cc,raymond-roche,,,スズキ,,,,,確認済
1981,500cc,roberto-pietri,,,スズキ,,,,,確認済
1981,500cc,seppo-korhonen,,,スズキ,,,,,確認済
1981,500cc,stefan-klabacher,,,ヤマハ,,,,,確認済
1981,500cc,takazumi-katayama,,,ホンダ,,,,,確認済
1981,500cc,timo-pohjola,,,スズキ,,,,,確認済
1981,500cc,virginio-ferrari,,,カジバ,,,,,確認済
1981,500cc,walter-migliorati,,,スズキ,,,,,確認済
1981,250cc,anton-mang,,,カワサキ,,,1,160,確認済
1981,250cc,jean-francois-balde,,,カワサキ,,,2,95,確認済
1981,250cc,roland-freymond,,,Ad Majora,,,3,72,確認済
1981,250cc,carlos-lavado,,,ヤマハ,,,4,56,確認済
1981,250cc,patrick-fernandez,,,ヤマハ,,,5,43,確認済
1981,250cc,jean-louis-guignabodet,,,カワサキ,,,6,36,確認済
1981,250cc,jean-louis-tournadre,,,ヤマハ,,,7,34,確認済
1981,250cc,martin-wimmer,,,ヤマハ,,,8,33,確認済
1981,250cc,didier-de-radigues,,,ヤマハ,,,9,26,確認済
1981,250cc,r-schlachter,,,ヤマハ,,,10,25,確認済
1981,250cc,thierry-espie,,,ヤマハ,,,11,24,確認済
1981,250cc,maurizio-massimiani,,,Ad Majora,,,12,22,確認済
1981,250cc,eric-saul,,,ヤマハ,,,13,19,確認済
1981,250cc,paolo-ferretti,,,ヤマハ,,,14,16,確認済
1981,250cc,greame-geddes,,,ヤマハ,,,15,14,確認済
1981,250cc,jean-marc-toffolo,,,Armstrong,,,16,12,確認済
1981,250cc,christian-estrosi,,,ヤマハ,,,17,12,確認済
1981,250cc,graeme-mcgregor,,,ヤマハ,,,18,11,確認済
1981,250cc,r-sibille,,,ヤマハ,,,19,11,確認済
1981,250cc,herve-guilleux,,,Siroko,,,20,10,確認済
1981,250cc,pier-luigi-conforti,,,カワサキ,,,21,8,確認済
1981,250cc,edi-stoellinger,,,カワサキ,,,22,7,確認済
1981,250cc,eero-hyvarinen,,,ヤマハ,,,23,6,確認済
1981,250cc,jeffrey-sayle,,,ヤマハ,,,24,6,確認済
1981,250cc,angel-nieto,,,Siroko,,,25,6,確認済
1981,250cc,pierre-bolle,,,ヤマハ,,,26,6,確認済
1981,250cc,bruno-kneubuhler,,,ロータックス,,,27,5,確認済
1981,250cc,sito-pons,,,Siroko,,,28,4,確認済
1981,250cc,jacques-bolle,,,ヤマハ,,,29,4,確認済
1981,250cc,loris-reggiani,,,MBA,,,30,3,確認済
1981,250cc,a-gouin,,,ヤマハ,,,31,3,確認済
1981,250cc,steve-tonkin,,,Armstrong,,,32,1,確認済
1981,250cc,b-elgh,,,ヤマハ,,,33,1,確認済
1981,250cc,siegfried-minich,,,Bartol,,,34,1,確認済
1981,250cc,alain-beraud,,,ヤマハ,,,,,確認済
1981,250cc,alan-north,,,ヤマハ,,,,,確認済
1981,250cc,august-auinger,,,ロータックス,,,,,確認済
1981,250cc,carlos-morante,,,ヤマハ,,,,,確認済
1981,250cc,clive-horton,,,Armstrong,,,,,確認済
1981,250cc,etienne-geeraerd,,,ヤマハ,,,,,確認済
1981,250cc,franco-marchegiani,,,ヤマハ,,,,,確認済
1981,250cc,gerhard-waibel,,,ヤマハ,,,,,確認済
1981,250cc,jean-jacques-peyre,,,ヤマハ,,,,,確認済
1981,250cc,karl-thomas-grassel,,,ヤマハ,,,,,確認済
1981,250cc,marc-schouten,,,MBA,,,,,確認済
1981,250cc,michel-rougerie,,,ヤマハ,,,,,確認済
1981,250cc,michel-simeon,,,ヤマハ,,,,,確認済
1981,250cc,mick-grant,,,Armstrong,,,,,確認済
1981,250cc,olivier-liegeois,,,ヤマハ,,,,,確認済
1981,250cc,peter-looijesteijn,,,ヤマハ,,,,,確認済
1981,250cc,pierre-tocco,,,ヤマハ,,,,,確認済
1981,250cc,sauro-pazzaglia,,,MBA,,,,,確認済
1981,250cc,tony-head,,,ヤマハ,,,,,確認済
1981,250cc,tony-rogers,,,ヤマハ,,,,,確認済
1981,350cc,anton-mang,,,カワサキ,,,1,103,確認済
1981,350cc,jon-ekerold,,,ヤマハ,,,2,52,確認済
1981,350cc,jean-francois-balde,,,カワサキ,,,3,49,確認済
1981,350cc,patrick-fernandez,,,リエフ,,,4,46,確認済
1981,350cc,carlos-lavado,,,ヤマハ,,,5,41,確認済
1981,350cc,keith-huewen,,,ヤマハ,,,6,29,確認済
1981,350cc,thierry-espie,,,リエフ,,,7,24,確認済
1981,350cc,jacques-cornu,,,ヤマハ,,,8,20,確認済
1981,350cc,eric-saul,,,ヤマハ,,,9,18,確認済
1981,350cc,graeme-mcgregor,,,ヤマハ,,,10,14,確認済
1981,350cc,greame-geddes,,,リエフ,,,11,11,確認済
1981,350cc,martin-wimmer,,,ヤマハ,,,12,11,確認済
1981,350cc,gustav-reiner,,,ヤマハ,,,13,10,確認済
1981,350cc,massimo-matteoni,,,ヤマハ,,,14,10,確認済
1981,350cc,jeffrey-sayle,,,ヤマハ,,,15,10,確認済
1981,350cc,marc-schouten,,,ヤマハ,,,16,10,確認済
1981,350cc,wolfgang-von-muralt,,,ヤマハ,,,17,8,確認済
1981,350cc,didier-de-radigues,,,ヤマハ,,,18,8,確認済
1981,350cc,peter-looijesteijn,,,ヤマハ,,,19,8,確認済
1981,350cc,charlie-williams,,,ヤマハ,,,20,6,確認済
1981,350cc,pekka-nurmi,,,ヤマハ,,,21,6,確認済
1981,350cc,sauro-pazzaglia,,,ヤマハ,,,22,2,確認済
1981,350cc,r-sibille,,,ヤマハ,,,23,5,確認済
1981,350cc,alan-north,,,ヤマハ,,,24,5,確認済
1981,350cc,r-eskelinen,,,リエフ,,,25,4,確認済
1981,350cc,tony-rogers,,,ヤマハ,,,26,3,確認済
1981,350cc,rene-delaby,,,ヤマハ,,,27,3,確認済
1981,350cc,edi-stoellinger,,,カワサキ,,,28,3,確認済
1981,350cc,donnie-robinson,,,ヤマハ,,,29,2,確認済
1981,350cc,tony-head,,,ヤマハ,,,30,2,確認済
1981,350cc,paolo-ferretti,,,ヤマハ,,,31,2,確認済
1981,350cc,michel-rougerie,,,ヤマハ,,,32,1,確認済
1981,350cc,b-elgh,,,ヤマハ,,,33,1,確認済
1981,350cc,vincenzo-cascino,,,ヤマハ,,,34,1,確認済
1981,125cc,angel-nieto,,,Minarelli,,,1,140,確認済
1981,125cc,loris-reggiani,,,Minarelli,,,2,95,確認済
1981,125cc,pier-paolo-bianchi,,,MBA,,,3,84,確認済
1981,125cc,hans-muller,,,MBA,,,4,58,確認済
1981,125cc,jacques-bolle,,,Motobecane,,,5,55,確認済
1981,125cc,guy-bertin,,,Sanvenero,,,6,40,確認済
1981,125cc,ivan-palazzese,,,MBA,,,7,37,確認済
1981,125cc,ricardo-tormo,,,Sanvenero,,,8,36,確認済
1981,125cc,maurizio-vitali,,,MBA,,,9,36,確認済
1981,125cc,hugo-vignetti,,,MBA,,,10,30,確認済
1981,125cc,stefan-dorflinger,,,MBA,,,11,27,確認済
1981,125cc,jean-claude-selini,,,MBA,,,12,18,確認済
1981,125cc,willy-perez,,,MBA,,,13,15,確認済
1981,125cc,august-auinger,,,MBA,,,14,14,確認済
1981,125cc,gerhard-waibel,,,MBA,,,15,12,確認済
1981,125cc,johnny-wickstrom,,,MBA,,,16,10,確認済
1981,125cc,per-edward-carlsson,,,MBA,,,17,9,確認済
1981,125cc,eugenio-lazzarini,,,Iprem,,,18,8,確認済
1981,125cc,gert-bender,,,GB Bender,,,19,8,確認済
1981,125cc,anton-straver,,,MBA,,,20,8,確認済
1981,125cc,thierry-noblesse,,,MBA,,,21,7,確認済
1981,125cc,henk-van-kessel,,,EGA,,,22,7,確認済
1981,125cc,ivan-troisi,,,MBA,,,23,5,確認済
1981,125cc,michel-galbit,,,MBA,,,24,5,確認済
1981,125cc,r-ruosi,,,MBA,,,25,4,確認済
1981,125cc,janos-drapal,,,MBA,,,26,4,確認済
1981,125cc,fernando-gonzalez-de-nicolas,,,MBA,,,27,3,確認済
1981,125cc,hans-hummel,,,MBA,,,28,2,確認済
1981,125cc,j-genoud,,,MBA,,,29,2,確認済
1981,125cc,m-musco,,,MBA,,,30,2,確認済
1981,125cc,y-dupont,,,MBA,,,31,2,確認済
1981,125cc,jhonni-baeckstroem,,,MBA,,,32,2,確認済
1981,125cc,barry-smith,,,MBA,,,33,2,確認済
1981,125cc,olivier-liegeois,,,MBA,,,34,1,確認済
1981,125cc,alfred-waibel,,,MBA,,,35,1,確認済
1981,125cc,michele-ettore,,,MBA,,,36,1,確認済
1981,125cc,erich-klein,,,MBA,,,37,1,確認済
1981,125cc,n-gatti,,,Minarelli,,,38,1,確認済
1981,125cc,boy-van-erp,,,MBA,,,,,確認済
1981,125cc,fabian-gonzales,,,MBA,,,,,確認済
1981,125cc,francisco-incorvaia,,,MBA,,,,,確認済
1981,125cc,ivan-villini,,,MBA,,,,,確認済
1981,125cc,jan-eggens,,,EGA,,,,,確認済
1981,125cc,jan-huberts,,,Sanvenero,,,,,確認済
1981,125cc,joel-benniza,,,MBA,,,,,確認済
1981,125cc,john-kernan,,,MBA,,,,,確認済
1981,125cc,jose-dubon,,,MBA,,,,,確認済
1981,125cc,libero-piccirillo,,,MBA,,,,,確認済
1981,125cc,lucio-pietroniro,,,MBA,,,,,確認済
1981,125cc,nardone,,,MBA,,,,,確認済
1981,125cc,peter-balaz,,,MBA,,,,,確認済
1981,125cc,peter-hubbard,,,MBA,,,,,確認済
1981,125cc,peter-van-niel,,,MBA,,,,,確認済
1981,125cc,pierluigi-aldrovandi,,,MBA,,,,,確認済
1981,125cc,rino-zuliani,,,MBA,,,,,確認済
1981,125cc,stefan-jannsen,,,MBA,,,,,確認済
1981,125cc,theo-timmer,,,MBA,,,,,確認済
1981,125cc,ton-spek,,,MBA,,,,,確認済
1981,50cc,ricardo-tormo,,,ブルタコ,,,1,90,確認済
1981,50cc,theo-timmer,,,ブルタコ,,,2,65,確認済
1981,50cc,stefan-dorflinger,,,クライドラー,,,3,51,確認済
1981,50cc,hans-hummel,,,リエフ,,,4,43,確認済
1981,50cc,hagen-klein,,,クライドラー,,,5,40,確認済
1981,50cc,rolf-blatter,,,クライドラー,,,6,39,確認済
1981,50cc,henk-van-kessel,,,クライドラー,,,7,36,確認済
1981,50cc,giuseppe-ascareggi,,,Minarelli,,,8,28,確認済
1981,50cc,claudio-lusuardi,,,リエフ,,,9,23,確認済
1981,50cc,peter-looijesteijn,,,クライドラー,,,10,21,確認済
1981,50cc,rudolf-kunz,,,クライドラー,,,11,20,確認済
1981,50cc,y-dupont,,,ABF,,,12,14,確認済
1981,50cc,joaquim-gali,,,ブルタコ,,,13,11,確認済
1981,50cc,ingo-emmerich,,,クライドラー,,,14,10,確認済
1981,50cc,otto-machinek,,,クライドラー,,,15,8,確認済
1981,50cc,kasimer-rapczynski,,,クライドラー,,,16,6,確認済
1981,50cc,p-kambourian,,,クライドラー,,,17,6,確認済
1981,50cc,gerhard-bauer,,,クライドラー,,,18,4,確認済
1981,50cc,gunter-schirnhofer,,,クライドラー,,,19,4,確認済
1981,50cc,cees-van-dongen,,,クライドラー,,,20,3,確認済
1981,50cc,k-kull,,,クライドラー,,,21,2,確認済
1981,50cc,chris-baert,,,クライドラー,,,22,2,確認済
1981,50cc,h-engelhardt,,,クライドラー,,,23,1,確認済
1981,50cc,rainer-scheidhauer,,,クライドラー,,,24,1,確認済
1981,50cc,bruno-di-carlo,,,MDC,,,,,確認済
1981,50cc,darko-keletic,,,クライドラー,,,,,確認済
1981,50cc,dieter-goppner,,,クライドラー,,,,,確認済
1981,50cc,george-looijesteijn,,,クライドラー,,,,,確認済
1981,50cc,gerhard-singer,,,クライドラー,,,,,確認済
1981,50cc,hans-spaan,,,クライドラー,,,,,確認済
1981,50cc,henry-nagel,,,クライドラー,,,,,確認済
1981,50cc,j-genoud,,,RYB,,,,,確認済
1981,50cc,jos-van-dongen,,,クライドラー,,,,,確認済
1981,50cc,michel-de-poligny,,,クライドラー,,,,,確認済
1981,50cc,miklos-bojan,,,クライドラー,,,,,確認済
1981,50cc,p-verbic,,,クライドラー,,,,,確認済
1981,50cc,ramon-gali,,,ブルタコ,,,,,確認済
1981,50cc,reiner-koster,,,Malanca,,,,,確認済
1981,50cc,spencer-crabbe,,,MBA,,,,,確認済
1981,50cc,uli-merz,,,クライドラー,,,,,確認済
1981,50cc,yves-le-toumelin,,,TYL,,,,,確認済
1981,50cc,zbynek-havrda,,,クライドラー,,,,,確認済
1981,50cc,zdravko-matulja,,,Tomos,,,,,確認済
1981,50cc,zlatko-adamovic,,,クライドラー,,,,,確認済
1982,500cc,franco-uncini,,,スズキ,,,1,103,確認済
1982,500cc,graeme-crosby,,,ヤマハ,,,2,76,確認済
1982,500cc,freddie-spencer,,,ホンダ,,,3,72,確認済
1982,500cc,kenny-roberts,,,ヤマハ,,,4,68,確認済
1982,500cc,barry-sheene,,,ヤマハ,,,5,68,確認済
1982,500cc,randy-mamola,,,スズキ,,,6,65,確認済
1982,500cc,takazumi-katayama,,,ホンダ,,,7,48,確認済
1982,500cc,marco-lucchinelli,,,ホンダ,,,8,43,確認済
1982,500cc,kork-ballington,,,カワサキ,,,9,31,確認済
1982,500cc,marc-fontan,,,ヤマハ,,,10,29,確認済
1982,500cc,virginio-ferrari,,,スズキ,,,11,25,確認済
1982,500cc,boet-van-dulmen,,,ヤマハ,,,12,23,確認済
1982,500cc,loris-reggiani,,,スズキ,,,13,21,確認済
1982,500cc,michel-frutschi,,,Sanvenero,,,14,17,確認済
1982,500cc,sergio-pellandini,,,スズキ,,,15,15,確認済
1982,500cc,jack-middelburg,,,スズキ,,,16,13,確認済
1982,500cc,frank-gross,,,スズキ,,,17,12,確認済
1982,500cc,steve-parrish,,,ヤマハ,,,18,11,確認済
1982,500cc,leandro-becheroni,,,スズキ,,,19,11,確認済
1982,500cc,guido-paci,,,ヤマハ,,,20,7,確認済
1982,500cc,stuart-avant,,,スズキ,,,21,6,確認済
1982,500cc,philippe-coulon,,,スズキ,,,22,6,確認済
1982,500cc,seppo-rossi,,,スズキ,,,23,5,確認済
1982,500cc,philippe-robinet,,,スズキ,,,24,4,確認済
1982,500cc,chris-guy,,,スズキ,,,25,4,確認済
1982,500cc,victor-palomo,,,スズキ,,,26,3,確認済
1982,500cc,andreas-hofmann,,,スズキ,,,27,3,確認済
1982,500cc,peter-sjostrom,,,スズキ,,,28,1,確認済
1982,500cc,jon-ekerold,,,スズキ,,,29,1,確認済
1982,500cc,raymond-roche,,,スズキ,,,30,1,確認済
1982,500cc,ake-grahn,,,ヤマハ,,,,,確認済
1982,500cc,alf-graarud,,,ヤマハ,,,,,確認済
1982,500cc,alfons-ammerschlager,,,スズキ,,,,,確認済
1982,500cc,b-rge-nielsen,,,スズキ,,,,,確認済
1982,500cc,bengt-slydal,,,スズキ,,,,,確認済
1982,500cc,benny-mortensen,,,スズキ,,,,,確認済
1982,500cc,bernard-fau,,,スズキ,,,,,確認済
1982,500cc,cai-hedstrom,,,スズキ,,,,,確認済
1982,500cc,chris-fisker,,,スズキ,,,,,確認済
1982,500cc,ernst-gschwender,,,スズキ,,,,,確認済
1982,500cc,esko-kuparinen,,,スズキ,,,,,確認済
1982,500cc,fabio-biliotti,,,スズキ,,,,,確認済
1982,500cc,gary-lingham,,,スズキ,,,,,確認済
1982,500cc,gerhard-treusch,,,スズキ,,,,,確認済
1982,500cc,gianni-pelletier,,,モルビデリ,,,,,確認済
1982,500cc,graziano-rossi,,,ヤマハ,,,,,確認済
1982,500cc,gustav-reiner,,,スズキ,,,,,確認済
1982,500cc,guy-bertin,,,Sanvenero,,,,,確認済
1982,500cc,henk-de-vries,,,スズキ,,,,,確認済
1982,500cc,hiroyuki-kawasaki,,,スズキ,,,,,確認済
1982,500cc,jan-olof-odeholm,,,スズキ,,,,,確認済
1982,500cc,jean-lafond,,,スズキ,,,,,確認済
1982,500cc,josef-hage,,,ヤマハ,,,,,確認済
1982,500cc,kjeil-warz,,,ヤマハ,,,,,確認済
1982,500cc,kjeld-sorensen,,,スズキ,,,,,確認済
1982,500cc,klaus-klein,,,スズキ,,,,,確認済
1982,500cc,lorenzo-ghiselli,,,スズキ,,,,,確認済
1982,500cc,pauli-freudenlund,,,スズキ,,,,,確認済
1982,500cc,peter-huber,,,スズキ,,,,,確認済
1982,500cc,peter-looijesteijn,,,スズキ,,,,,確認済
1982,500cc,peter-skold,,,スズキ,,,,,確認済
1982,500cc,reinhold-roth,,,リエフ,,,,,確認済
1982,500cc,risto-korhonen,,,スズキ,,,,,確認済
1982,500cc,roberto-pietri,,,スズキ,,,,,確認済
1982,500cc,ron-haslam,,,ホンダ,,,,,確認済
1982,500cc,steve-williams,,,スズキ,,,,,確認済
1982,500cc,ulrich-lang,,,Sebe,,,,,確認済
1982,500cc,walter-migliorati,,,スズキ,,,,,確認済
1982,500cc,wolfgang-von-muralt,,,スズキ,,,,,確認済
1982,250cc,jean-louis-tournadre,,,ヤマハ,,,1,118,確認済
1982,250cc,anton-mang,,,カワサキ,,,2,117,確認済
1982,250cc,roland-freymond,,,MBA,,,3,72,確認済
1982,250cc,martin-wimmer,,,ヤマハ,,,4,48,確認済
1982,250cc,carlos-lavado,,,ヤマハ,,,5,39,確認済
1982,250cc,didier-de-radigues,,,ヤマハ,,,6,38,確認済
1982,250cc,paolo-ferretti,,,MBA,,,7,34,確認済
1982,250cc,jean-louis-guignabodet,,,カワサキ,,,8,30,確認済
1982,250cc,jeffrey-sayle,,,Armstrong,,,9,27,確認済
1982,250cc,christian-sarron,,,ヤマハ,,,10,26,確認済
1982,250cc,christian-estrosi,,,Pernod,,,11,23,確認済
1982,250cc,jean-francois-balde,,,カワサキ,,,12,22,確認済
1982,250cc,thierry-espie,,,Pernod,,,13,22,確認済
1982,250cc,patrick-fernandez,,,Bartol,,,14,21,確認済
1982,250cc,sito-pons,,,JJコバス,,,15,18,確認済
1982,250cc,graeme-mcgregor,,,ヤマハ,,,16,17,確認済
1982,250cc,jacques-cornu,,,ヤマハ,,,17,17,確認済
1982,250cc,antonio-neto,,,ヤマハ,,,18,12,確認済
1982,250cc,jacques-bolle,,,ヤマハ,,,19,11,確認済
1982,250cc,massimo-matteoni,,,ヤマハ,,,20,11,確認済
1982,250cc,massimo-broccoli,,,MBA,,,21,11,確認済
1982,250cc,jean-michel-mattioli,,,ヤマハ,,,22,10,確認済
1982,250cc,donnie-robinson,,,ヤマハ,,,23,10,確認済
1982,250cc,marcellino-lucchi,,,ヤマハ,,,24,9,確認済
1982,250cc,gabriel-grabia,,,ヤマハ,,,25,5,確認済
1982,250cc,reinhold-roth,,,ヤマハ,,,26,4,確認済
1982,250cc,manfred-herweh,,,ヤマハ,,,27,4,確認済
1982,250cc,tony-head,,,Armstrong,,,28,4,確認済
1982,250cc,r-schlachter,,,ヤマハ,,,29,4,確認済
1982,250cc,marc-schouten,,,MBA,,,30,3,確認済
1982,250cc,b-elgh,,,ヤマハ,,,31,2,確認済
1982,250cc,a-gouin,,,ヤマハ,,,32,1,確認済
1982,250cc,jean-marc-toffolo,,,ロータックス,,,33,1,確認済
1982,250cc,pier-luigi-conforti,,,カワサキ,,,34,1,確認済
1982,250cc,alan-north,,,ヤマハ,,,,,確認済
1982,250cc,anton-straver,,,ヤマハ,,,,,確認済
1982,250cc,bruno-luscher,,,ヤマハ,,,,,確認済
1982,250cc,clive-horton,,,Armstrong,,,,,確認済
1982,250cc,constant-pittet,,,ヤマハ,,,,,確認済
1982,250cc,dick-van-logchem,,,ヤマハ,,,,,確認済
1982,250cc,eero-hyvarinen,,,ヤマハ,,,,,確認済
1982,250cc,eilert-lundstedt,,,ヤマハ,,,,,確認済
1982,250cc,eric-saul,,,シュヴァリエ,,,,,確認済
1982,250cc,erich-klein,,,MBA,,,,,確認済
1982,250cc,etienne-geeraerd,,,Armstrong,,,,,確認済
1982,250cc,fabrizio-fantini,,,ロータックス,,,,,確認済
1982,250cc,franco-marchegiani,,,ヤマハ,,,,,確認済
1982,250cc,hans-muller,,,MBA,,,,,確認済
1982,250cc,henk-van-schijndel,,,ヤマハ,,,,,確認済
1982,250cc,herbert-hauf,,,ヤマハ,,,,,確認済
1982,250cc,herve-guilleux,,,Siroko,,,,,確認済
1982,250cc,jarmo-liitia,,,ロータックス,,,,,確認済
1982,250cc,johnny-scott,,,ヤマハ,,,,,確認済
1982,250cc,jose-moreno,,,ヤマハ,,,,,確認済
1982,250cc,jussi-hautaniemi,,,ヤマハ,,,,,確認済
1982,250cc,karl-thomas-grassel,,,ヤマハ,,,,,確認済
1982,250cc,leif-nielsen,,,ロータックス,,,,,確認済
1982,250cc,luis-miguel-reyes,,,ロータックス,,,,,確認済
1982,250cc,maurizio-vitali,,,MBA,,,,,確認済
1982,250cc,michel-galbit,,,ヤマハ,,,,,確認済
1982,250cc,michel-simeon,,,ヤマハ,,,,,確認済
1982,250cc,patrick-chatelet,,,ヤマハ,,,,,確認済
1982,250cc,patrick-igoa,,,ヤマハ,,,,,確認済
1982,250cc,paul-harris,,,ヤマハ,,,,,確認済
1982,250cc,pekka-nurmi,,,ヤマハ,,,,,確認済
1982,250cc,pierluigi-aldrovandi,,,ヤマハ,,,,,確認済
1982,250cc,pierre-bolle,,,ヤマハ,,,,,確認済
1982,250cc,pierre-tocco,,,ヤマハ,,,,,確認済
1982,250cc,reinhard-scholtis,,,MBA,,,,,確認済
1982,250cc,rene-delaby,,,ヤマハ,,,,,確認済
1982,250cc,roel-toornstra,,,ロータックス,,,,,確認済
1982,250cc,siegfried-minich,,,ロータックス,,,,,確認済
1982,250cc,thierry-rapicault,,,ヤマハ,,,,,確認済
1982,250cc,tony-rogers,,,Armstrong,,,,,確認済
1982,350cc,anton-mang,,,カワサキ,,,1,81,確認済
1982,350cc,didier-de-radigues,,,シュヴァリエ,,,2,64,確認済
1982,350cc,jean-francois-balde,,,カワサキ,,,3,59,確認済
1982,350cc,eric-saul,,,ELF,,,4,52,確認済
1982,350cc,carlos-lavado,,,ヤマハ,,,5,36,確認済
1982,350cc,alan-north,,,ヤマハ,,,6,31,確認済
1982,350cc,jacques-cornu,,,ヤマハ,,,7,31,確認済
1982,350cc,christian-sarron,,,ヤマハ,,,8,28,確認済
1982,350cc,patrick-fernandez,,,ヤマハ,,,9,21,確認済
1982,350cc,gustav-reiner,,,ビモータ,,,10,19,確認済
1982,350cc,wolfgang-von-muralt,,,ヤマハ,,,11,16,確認済
1982,350cc,tony-head,,,ヤマハ,,,12,16,確認済
1982,350cc,manfred-herweh,,,ヤマハ,,,13,15,確認済
1982,350cc,donnie-robinson,,,ヤマハ,,,14,15,確認済
1982,350cc,jeffrey-sayle,,,Armstrong,,,15,12,確認済
1982,350cc,martin-wimmer,,,ヤマハ,,,16,12,確認済
1982,350cc,siegfried-minich,,,ロータックス,,,17,11,確認済
1982,350cc,massimo-matteoni,,,ヤマハ,,,18,10,確認済
1982,350cc,thierry-espie,,,リエフ,,,19,8,確認済
1982,350cc,eero-hyvarinen,,,ヤマハ,,,20,8,確認済
1982,350cc,herbert-hauf,,,カワサキ,,,21,8,確認済
1982,350cc,pekka-nurmi,,,ヤマハ,,,22,7,確認済
1982,350cc,pierre-bolle,,,ヤマハ,,,23,7,確認済
1982,350cc,alan-watts,,,ヤマハ,,,24,5,確認済
1982,350cc,alejandro-aleman,,,ヤマハ,,,25,4,確認済
1982,350cc,r-sibille,,,ヤマハ,,,26,4,確認済
1982,350cc,tony-rogers,,,Armstrong,,,27,3,確認済
1982,350cc,victorio-minguzzi,,,ヤマハ,,,28,3,確認済
1982,350cc,fernando-cerdera,,,カワサキ,,,29,2,確認済
1982,350cc,attilio-riondato,,,ビモータ,,,30,1,確認済
1982,350cc,franz-kaserer,,,ヤマハ,,,31,1,確認済
1982,350cc,r-eskelinen,,,ヤマハ,,,32,1,確認済
1982,350cc,steve-tonkin,,,Armstrong,,,33,1,確認済
1982,350cc,marc-schouten,,,ヤマハ,,,34,1,確認済
1982,350cc,harald-eckl,,,ヤマハ,,,35,1,確認済
1982,350cc,andreas-berger,,,ヤマハ,,,,,確認済
1982,350cc,b-elgh,,,ヤマハ,,,,,確認済
1982,350cc,bruno-luscher,,,ヤマハ,,,,,確認済
1982,350cc,christer-eliasson,,,ヤマハ,,,,,確認済
1982,350cc,clive-horton,,,Armstrong,,,,,確認済
1982,350cc,dave-griffiths,,,ヤマハ,,,,,確認済
1982,350cc,donnie-mcleod,,,ヤマハ,,,,,確認済
1982,350cc,eduardo-aleman,,,ヤマハ,,,,,確認済
1982,350cc,edwin-weibel,,,ヤマハ,,,,,確認済
1982,350cc,gary-padgett,,,ヤマハ,,,,,確認済
1982,350cc,graeme-mcgregor,,,ヤマハ,,,,,確認済
1982,350cc,graham-young,,,ヤマハ,,,,,確認済
1982,350cc,hans-hansebraten,,,HGH,,,,,確認済
1982,350cc,jacques-bolle,,,ヤマハ,,,,,確認済
1982,350cc,jakob-manser,,,ヤマハ,,,,,確認済
1982,350cc,jose-de-faveri,,,ヤマハ,,,,,確認済
1982,350cc,josef-hutter,,,ヤマハ,,,,,確認済
1982,350cc,karl-thomas-grassel,,,ヤマハ,,,,,確認済
1982,350cc,marcello-iannetta,,,ヤマハ,,,,,確認済
1982,350cc,michel-simeon,,,ヤマハ,,,,,確認済
1982,350cc,paul-tinkler,,,ヤマハ,,,,,確認済
1982,350cc,peter-looijesteijn,,,ヤマハ,,,,,確認済
1982,350cc,phil-mellor,,,ヤマハ,,,,,確認済
1982,350cc,r-cornelis,,,ヤマハ,,,,,確認済
1982,350cc,rene-delaby,,,ヤマハ,,,,,確認済
1982,350cc,rob-mcelnea,,,ヤマハ,,,,,確認済
1982,350cc,simon-buckmaster,,,ヤマハ,,,,,確認済
1982,350cc,steve-wright,,,ヤマハ,,,,,確認済
1982,350cc,stewart-cole,,,ヤマハ,,,,,確認済
1982,350cc,svend-andersen,,,ヤマハ,,,,,確認済
1982,350cc,tom-drury,,,ヤマハ,,,,,確認済
1982,125cc,angel-nieto,,,ガレリ,,,1,111,確認済
1982,125cc,eugenio-lazzarini,,,ガレリ,,,2,95,確認済
1982,125cc,ivan-palazzese,,,MBA,,,3,75,確認済
1982,125cc,pier-paolo-bianchi,,,Sanvenero,,,4,59,確認済
1982,125cc,ricardo-tormo,,,Sanvenero,,,5,58,確認済
1982,125cc,august-auinger,,,MBA,,,6,55,確認済
1982,125cc,pierluigi-aldrovandi,,,MBA,,,7,52,確認済
1982,125cc,hans-muller,,,MBA,,,8,49,確認済
1982,125cc,jean-claude-selini,,,MBA,,,9,39,確認済
1982,125cc,johnny-wickstrom,,,MBA,,,10,33,確認済
1982,125cc,hugo-vignetti,,,Sanvenero,,,11,26,確認済
1982,125cc,willy-perez,,,MBA,,,12,20,確認済
1982,125cc,maurizio-vitali,,,MBA,,,13,19,確認済
1982,125cc,gerhard-waibel,,,MBA,,,14,19,確認済
1982,125cc,bruno-kneubuhler,,,MBA,,,15,18,確認済
1982,125cc,domenico-brigaglia,,,MBA,,,16,14,確認済
1982,125cc,alfred-waibel,,,MBA,,,17,7,確認済
1982,125cc,matti-kinnunen,,,MBA,,,18,6,確認済
1982,125cc,hans-hummel,,,MBA,,,19,5,確認済
1982,125cc,r-ruosi,,,MBA,,,20,5,確認済
1982,125cc,anton-straver,,,MBA,,,21,4,確認済
1982,125cc,erich-klein,,,MBA,,,22,4,確認済
1982,125cc,ilkka-jaakkola,,,MBA,,,23,4,確認済
1982,125cc,h-lichtenberg,,,MBA,,,24,3,確認済
1982,125cc,olivier-liegeois,,,Sanvenero,,,25,3,確認済
1982,125cc,stefan-dorflinger,,,MBA,,,26,3,確認済
1982,125cc,alex-bedford,,,MBA,,,27,2,確認済
1982,125cc,esa-kytola,,,MBA,,,28,1,確認済
1982,125cc,henk-van-kessel,,,MBA,,,29,1,確認済
1982,125cc,per-edward-carlsson,,,MBA,,,30,1,確認済
1982,125cc,libero-piccirillo,,,MBA,,,31,1,確認済
1982,125cc,andreas-sanches-marin,,,Sanvenero,,,,,確認済
1982,125cc,antonio-barbosa,,,ホンダ,,,,,確認済
1982,125cc,bady-hassaine,,,MBA,,,,,確認済
1982,125cc,bedrich-fendrich,,,Juventa,,,,,確認済
1982,125cc,carlo-succi,,,MBA,,,,,確認済
1982,125cc,chris-baert,,,MBA,,,,,確認済
1982,125cc,dario-casais,,,MBA,,,,,確認済
1982,125cc,drago-josipovic,,,MBA,,,,,確認済
1982,125cc,fabian-gonzales,,,MBA,,,,,確認済
1982,125cc,franco-incorvaia,,,MBA,,,,,確認済
1982,125cc,freddy-blaise,,,MBA,,,,,確認済
1982,125cc,frederic-michel,,,MBA,,,,,確認済
1982,125cc,george-looijesteijn,,,EGA,,,,,確認済
1982,125cc,giuseppe-ascareggi,,,MBA,,,,,確認済
1982,125cc,hagen-klein,,,Sanvenero,,,,,確認済
1982,125cc,ivan-troisi,,,MBA,,,,,確認済
1982,125cc,jacques-hutteau,,,MBA,,,,,確認済
1982,125cc,jaime-bustamante,,,MBA,,,,,確認済
1982,125cc,jan-backstrom,,,MBA,,,,,確認済
1982,125cc,janez-pintar,,,MBA,,,,,確認済
1982,125cc,janos-drapal,,,Bartol,,,,,確認済
1982,125cc,jose-luis-sosa,,,MBA,,,,,確認済
1982,125cc,juan-bocoy,,,MBA,,,,,確認済
1982,125cc,kees-van-der-ven,,,MBA,,,,,確認済
1982,125cc,ladislav-polak,,,MBA,,,,,確認済
1982,125cc,luc-beugnier,,,ホンダ,,,,,確認済
1982,125cc,lucio-pietroniro,,,MBA,,,,,確認済
1982,125cc,marijan-kosic,,,MBA,,,,,確認済
1982,125cc,miguel-gonzales,,,MBA,,,,,確認済
1982,125cc,miguel-gugliara,,,MBA,,,,,確認済
1982,125cc,n-gatti,,,MBA,,,,,確認済
1982,125cc,oscar-recouso,,,MBA,,,,,確認済
1982,125cc,patrick-gross,,,Condor,,,,,確認済
1982,125cc,paul-bordes,,,MBA,,,,,確認済
1982,125cc,per-larsen,,,MBA,,,,,確認済
1982,125cc,peter-balaz,,,MBA,,,,,確認済
1982,125cc,peter-sommer,,,MBA,,,,,確認済
1982,125cc,reiner-koster,,,MBA,,,,,確認済
1982,125cc,rene-renier,,,MBA,,,,,確認済
1982,125cc,rino-zuliani,,,MBA,,,,,確認済
1982,125cc,serge-julin,,,MBA,,,,,確認済
1982,125cc,theo-timmer,,,MBA,,,,,確認済
1982,125cc,tore-alexandersson,,,MBA,,,,,確認済
1982,125cc,werner-schmied,,,MBA,,,,,確認済
1982,125cc,willem-heykoop,,,Sanvenero,,,,,確認済
1982,125cc,wolfgang-glawaty,,,MBA,,,,,確認済
1982,125cc,z-ljeljak,,,MBA,,,,,確認済
1982,125cc,zbynek-havrda,,,MBA,,,,,確認済
1982,50cc,stefan-dorflinger,,,クライドラー,,,1,81,確認済
1982,50cc,eugenio-lazzarini,,,ガレリ,,,2,69,確認済
1982,50cc,claudio-lusuardi,,,リエフ,,,3,43,確認済
1982,50cc,ricardo-tormo,,,Motul,,,4,40,確認済
1982,50cc,giuseppe-ascareggi,,,リエフ,,,5,38,確認済
1982,50cc,hans-hummel,,,リエフ,,,6,19,確認済
1982,50cc,theo-timmer,,,ブルタコ,,,7,15,確認済
1982,50cc,massimo-de-lorenzi,,,Minarelli,,,8,14,確認済
1982,50cc,hans-spaan,,,リエフ,,,9,12,確認済
1982,50cc,hagen-klein,,,リアル,,,10,10,確認済
1982,50cc,jorge-martinez,,,ブルタコ,,,11,10,確認済
1982,50cc,rainer-scheidhauer,,,リエフ,,,12,10,確認済
1982,50cc,peter-looijesteijn,,,リエフ,,,13,9,確認済
1982,50cc,otto-machinek,,,クライドラー,,,14,5,確認済
1982,50cc,gerhard-bauer,,,リエフ,,,15,5,確認済
1982,50cc,ingo-emmerich,,,クライドラー,,,16,5,確認済
1982,50cc,gerhard-singer,,,Hess,,,17,2,確認済
1982,50cc,p-verbic,,,リエフ,,,18,2,確認済
1982,50cc,paolo-priori,,,Paolucci,,,19,2,確認済
1982,50cc,rolf-blatter,,,クライドラー,,,20,2,確認済
1982,50cc,henk-van-kessel,,,クライドラー,,,21,1,確認済
1982,50cc,paul-rimmelzwaan,,,リエフ,,,22,1,確認済
1982,50cc,m-mordenti,,,Rossi,,,23,1,確認済
1982,50cc,chris-baert,,,H.H.,,,,,確認済
1982,50cc,claudio-granata,,,クライドラー,,,,,確認済
1982,50cc,daniel-mateos,,,ブルタコ,,,,,確認済
1982,50cc,george-looijesteijn,,,クライドラー,,,,,確認済
1982,50cc,gerhard-waibel,,,Schuster,,,,,確認済
1982,50cc,giuliano-gerani,,,BBFT,,,,,確認済
1982,50cc,gunter-schirnhofer,,,クライドラー,,,,,確認済
1982,50cc,henrique-sande,,,クライドラー,,,,,確認済
1982,50cc,hubert-genoud,,,Engl,,,,,確認済
1982,50cc,j-genoud,,,クライドラー,,,,,確認済
1982,50cc,joaquim-gali,,,ブルタコ,,,,,確認済
1982,50cc,john-kernan,,,MBA,,,,,確認済
1982,50cc,jos-van-dongen,,,ブルタコ,,,,,確認済
1982,50cc,nicola-casadei,,,Tomos,,,,,確認済
1982,50cc,p-kambourian,,,ブルタコ,,,,,確認済
1982,50cc,ramon-gali,,,ブルタコ,,,,,確認済
1982,50cc,reiner-koster,,,クライドラー,,,,,確認済
1982,50cc,richard-bay,,,マイコ,,,,,確認済
1982,50cc,rudolf-kunz,,,FKN,,,,,確認済
1982,50cc,salvatore-milano,,,UFO,,,,,確認済
1982,50cc,thomas-engl,,,Engl,,,,,確認済
1982,50cc,y-dupont,,,クライドラー,,,,,確認済
1982,50cc,yves-le-toumelin,,,クライドラー,,,,,確認済
1983,500cc,freddie-spencer,,Honda Racing Company,ホンダ,,3,1,144,確認済
1983,500cc,kenny-roberts,,Yamaha Marlboro,ヤマハ,,4,2,142,確認済
1983,500cc,randy-mamola,,Team HB Suzuki,スズキ,,6,3,89,確認済
1983,500cc,eddie-lawson,,Yamaha Marlboro,ヤマハ,,27,4,78,確認済
1983,500cc,takazumi-katayama,,Honda Racing Company,ホンダ,,8,5,77,確認済
1983,500cc,marc-fontan,,Team Sonauto Gauloises,ヤマハ,,10,6,64,確認済
1983,500cc,marco-lucchinelli,,Honda Racing Company,ホンダ,,5,7,48,確認済
1983,500cc,ron-haslam,,Honda Racing Company,ホンダ,,,8,31,確認済
1983,500cc,franco-uncini,,Team HB Suzuki,スズキ,,1,9,31,確認済
1983,500cc,raymond-roche,,???,ホンダ,,35,10,22,確認済
1983,500cc,boet-van-dulmen,,Team HB Suzuki,スズキ,,12,11,17,確認済
1983,500cc,jack-middelburg,,Stichting Ned.,ホンダ,,,12,12,確認済
1983,500cc,sergio-pellandini,,Marlboro-Tissot,スズキ,,15,13,11,確認済
1983,500cc,barry-sheene,,Heron Team Suzuki,スズキ,,7,14,9,確認済
1983,500cc,keith-huewen,,Heron Team Suzuki,スズキ,,,15,7,確認済
1983,500cc,gianni-pelletier,,HIRT Giapauto,ホンダ,,28,16,3,確認済
1983,500cc,guido-paci,,???,ホンダ,,39,17,3,確認済
1983,500cc,anton-mang,,Team HB Suzuki,スズキ,,16,18,2,確認済
1983,500cc,paul-lewis,,,スズキ,,,19,1,確認済
1983,500cc,mark-salle,,,スズキ,,,20,1,確認済
1983,500cc,ake-grahn,,,ヤマハ,,,,,確認済
1983,500cc,alf-graarud,,,ヤマハ,,,,,確認済
1983,500cc,alfons-ammerschlager,,,スズキ,,,,,確認済
1983,500cc,andreas-hofmann,,,スズキ,,,,,確認済
1983,500cc,attilio-riondato,,,スズキ,,,,,確認済
1983,500cc,b-rge-nielsen,,???,スズキ,,,,,確認済
1983,500cc,bengt-slydal,,,スズキ,,,,,確認済
1983,500cc,chris-fisker,,,スズキ,,,,,確認済
1983,500cc,chris-guy,,???,スズキ,,,,,確認済
1983,500cc,corrado-tuzii,,,ホンダ,,,,,確認済
1983,500cc,dennis-ireland,,,スズキ,,,,,確認済
1983,500cc,didier-de-radigues,,Team Johnson Elf,ホンダ,,18,,,確認済
1983,500cc,eero-hyvarinen,,,スズキ,,,,,確認済
1983,500cc,ernst-gschwender,,???,スズキ,,51,,,確認済
1983,500cc,esko-kuparinen,,,スズキ,,,,,確認済
1983,500cc,fabio-biliotti,,???,ホンダ,,23,,,確認済
1983,500cc,frank-gross,,,ホンダ,,,,,確認済
1983,500cc,franz-kaserer,,???,スズキ,,,,,確認済
1983,500cc,gary-lingham,,,スズキ,,,,,確認済
1983,500cc,gustav-reiner,,Krauter-Vertrieb Racing,スズキ,,17,,,確認済
1983,500cc,henk-de-vries,,,スズキ,,,,,確認済
1983,500cc,jan-olof-odeholm,,,スズキ,,,,,確認済
1983,500cc,jean-francois-balde,,,ホンダ,,,,,確認済
1983,500cc,jean-lafond,,,フィオール,,,,,確認済
1983,500cc,jon-ekerold,,Cagiva Motor Italia,カジバ,,20,,,確認済
1983,500cc,kevin-wrettom,,,スズキ,,,,,確認済
1983,500cc,kjeld-sorensen,,,スズキ,,,,,確認済
1983,500cc,lars-johansson,,,スズキ,,,,,確認済
1983,500cc,leandro-becheroni,,???,スズキ,,,,,確認済
1983,500cc,lorenzo-ghiselli,,,スズキ,,,,,確認済
1983,500cc,loris-reggiani,,Team HB Suzuki,スズキ,,12,,,確認済
1983,500cc,marco-greco,,,スズキ,,,,,確認済
1983,500cc,marco-papa,,,スズキ,,,,,確認済
1983,500cc,massimo-broccoli,,,スズキ,,,,,確認済
1983,500cc,maurizio-massimiani,,Honda Italia,ホンダ,,,,,確認済
1983,500cc,michel-frutschi,,Honda Switzerland,ホンダ,,14,,,確認済
1983,500cc,paolo-ferretti,,,スズキ,,,,,確認済
1983,500cc,peter-karlsson,,,ヤマハ,,,,,確認済
1983,500cc,peter-linden,,,スズキ,,,,,確認済
1983,500cc,peter-sjostrom,,Jeb's Helmet Sweden,スズキ,,,,,確認済
1983,500cc,peter-skold,,,スズキ,,,,,確認済
1983,500cc,philippe-coulon,,Marlboro,スズキ,,,,,確認済
1983,500cc,risto-korhonen,,,スズキ,,,,,確認済
1983,500cc,rob-mcelnea,,Heron Team Suzuki,スズキ,,25,,,確認済
1983,500cc,rob-punt,,,スズキ,,,,,確認済
1983,500cc,roger-marshall,,Honda Britain Racing,ホンダ,,47,,,確認済
1983,500cc,simon-buckmaster,,,スズキ,,,,,確認済
1983,500cc,steve-parrish,,Mitsui Yamaha,ヤマハ,,,,,確認済
1983,500cc,steve-williams,,,ヤマハ,,,,,確認済
1983,500cc,stuart-avant,,,スズキ,,,,,確認済
1983,500cc,timo-pohjola,,,ヤマハ,,,,,確認済
1983,500cc,virginio-ferrari,,Cagiva Motor Italia,カジバ,,11,,,確認済
1983,500cc,walter-migliorati,,,スズキ,,,,,確認済
1983,500cc,wayne-gardner,,Honda Britain Racing,ホンダ,,51,,,確認済
1983,500cc,wolfgang-schwarz,,,スズキ,,,,,確認済
1983,500cc,wolfgang-von-muralt,,???,スズキ,,19,,,確認済
1983,250cc,carlos-lavado,,Venemotos Racing Team,ヤマハ,,5,1,100,確認済
1983,250cc,christian-sarron,,Team Sonauto Gauloises,ヤマハ,,10,2,73,確認済
1983,250cc,didier-de-radigues,,Team Johnson Elf,シュヴァリエ,,6,3,68,確認済
1983,250cc,herve-guilleux,,Kawasaki,カワサキ,,,4,63,確認済
1983,250cc,thierry-espie,,Chevallier Elf,シュヴァリエ,,,5,55,確認済
1983,250cc,martin-wimmer,,Team Mitsui Yamaha,ヤマハ,,4,6,45,確認済
1983,250cc,manfred-herweh,,Massa Real Racing Team,リアル,,19,7,40,確認済
1983,250cc,jean-francois-balde,,TopCard Krauser,シュヴァリエ,,12,8,32,確認済
1983,250cc,jacques-cornu,,Höstettler,ヤマハ,,2,9,32,確認済
1983,250cc,jacques-bolle,,Pernod,ヤマハ,,32,10,26,確認済
1983,250cc,patrick-fernandez,,???,Bartol,,14,11,26,確認済
1983,250cc,alan-carter,,Team Mitsui Yamaha,ヤマハ,,,12,21,確認済
1983,250cc,ivan-palazzese,,Venemotos Racing Team,ヤマハ,,23,13,20,確認済
1983,250cc,thierry-rapicault,,Team Sonauto Gauloises,ヤマハ,,26,14,19,確認済
1983,250cc,jean-louis-guignabodet,,Team Green,ヤマハ,,8,15,18,確認済
1983,250cc,tony-head,,???,Armstrong,,20,16,14,確認済
1983,250cc,reinhold-roth,,Römer Racing Team,ヤマハ,,25,17,14,確認済
1983,250cc,sito-pons,,Cobas Motorcycles,JJコバス,,15,18,10,確認済
1983,250cc,bruno-luscher,,???,ヤマハ,,,19,8,確認済
1983,250cc,guy-bertin,,???,MBA,,42,20,7,確認済
1983,250cc,jean-michel-mattioli,,???,ヤマハ,,,21,5,確認済
1983,250cc,roland-freymond,,Elf Moto Racing Team,Armstrong,,3,22,5,確認済
1983,250cc,jean-marc-toffolo,,RK,Morena,,,23,5,確認済
1983,250cc,teruo-fukuda,,???,ヤマハ,,46,24,4,確認済
1983,250cc,christian-estrosi,,Pernod,Pernod,,11,25,3,確認済
1983,250cc,donnie-robinson,,Team Mitsui Yamaha,ヤマハ,,21,26,3,確認済
1983,250cc,harald-eckl,,???,ヤマハ,,,27,3,確認済
1983,250cc,carlos-cardus,,J.J. Moto Club,JJコバス,,,28,2,確認済
1983,250cc,massimo-matteoni,,Team Forever,ヤマハ,,34,29,2,確認済
1983,250cc,donnie-mcleod,,Dalmac Racing,ヤマハ,,,30,1,確認済
1983,250cc,bernard-fau,,TopCard Krauser,ヤマハ,,,31,1,確認済
1983,250cc,graeme-mcgregor,,,Bartol,,,32,1,確認済
1983,250cc,alan-labrosse,,,ヤマハ,,,,,確認済
1983,250cc,alan-north,,,ヤマハ,,,,,確認済
1983,250cc,alan-watts,,,EMC,,,,,確認済
1983,250cc,angel-nieto,,???,ヤマハ,,16,,,確認済
1983,250cc,b-elgh,,,MBA,,,,,確認済
1983,250cc,chris-oldfield,,,CF250,,,,,確認済
1983,250cc,con-law,,,EMC,,,,,確認済
1983,250cc,constant-pittet,,,ヤマハ,,,,,確認済
1983,250cc,dave-petersen,,,ロータックス,,,,,確認済
1983,250cc,edwin-weibel,,???,ヤマハ,,,,,確認済
1983,250cc,eilert-lundstedt,,,ヤマハ,,,,,確認済
1983,250cc,eric-saul,,,ヤマハ,,,,,確認済
1983,250cc,gabriel-grabia,,,ヤマハ,,,,,確認済
1983,250cc,graham-young,,,EMC,,,,,確認済
1983,250cc,herbert-besendorfer,,,ヤマハ,,,,,確認済
1983,250cc,herbert-hauf,,,ヤマハ,,,,,確認済
1983,250cc,jean-foray,,,ヤマハ,,,,,確認済
1983,250cc,jean-louis-tournadre,,Team Sonauto Gauloises,ヤマハ,,1,,,確認済
1983,250cc,jeffrey-sayle,,Team Emco,ヤマハ,,9,,,確認済
1983,250cc,jochen-schmid,,,ヤマハ,,,,,確認済
1983,250cc,karl-thomas-grassel,,,ヤマハ,,,,,確認済
1983,250cc,kiyotaka-sakai,,,ヤマハ,,,,,確認済
1983,250cc,luis-miguel-reyes,,,ロータックス,,,,,確認済
1983,250cc,marc-schouten,,,MBA,,,,,確認済
1983,250cc,marcellino-lucchi,,,リエフ,,,,,確認済
1983,250cc,mario-rademeyer,,,ヤマハ,,,,,確認済
1983,250cc,massimo-broccoli,,,ヤマハ,,,,,確認済
1983,250cc,maurizio-vitali,,,MBA,,,,,確認済
1983,250cc,michel-simeon,,,ヤマハ,,,,,確認済
1983,250cc,paolo-ferretti,,Lumaca,ヤマハ,,7,,,確認済
1983,250cc,patrick-igoa,,,ヤマハ,,,,,確認済
1983,250cc,paul-ramon,,,ヤマハ,,,,,確認済
1983,250cc,paul-tinkler,,Team Mitsui Yamaha,ヤマハ,,62,,,確認済
1983,250cc,pete-wild,,,ヤマハ,,,,,確認済
1983,250cc,peter-looijesteijn,,,Waddon,,,,,確認済
1983,250cc,pierre-bolle,,,ヤマハ,,,,,確認済
1983,250cc,r-sibille,,,ヤマハ,,,,,確認済
1983,250cc,rene-delaby,,,CF250,,,,,確認済
1983,250cc,robbie-petersen,,,ヤマハ,,,,,確認済
1983,250cc,siegfried-minich,,,ロータックス,,,,,確認済
1983,250cc,stefan-fortsch,,,ヤマハ,,,,,確認済
1983,250cc,stefan-klabacher,,,ロータックス,,,,,確認済
1983,250cc,stefano-caracchi,,,MBA,,,,,確認済
1983,250cc,stephane-mertens,,,ヤマハ,,,,,確認済
1983,250cc,steve-tonkin,,,CF250,,,,,確認済
1983,250cc,steve-williams,,,ヤマハ,,,,,確認済
1983,250cc,steve-wright,,,ヤマハ,,,,,確認済
1983,250cc,svend-andersen,,,ヤマハ,,,,,確認済
1983,250cc,tadasu-ikeda,,,ヤマハ,,,,,確認済
1983,250cc,toni-garcia,,,ヤマハ,,,,,確認済
1983,125cc,angel-nieto,,,ガレリ,,,1,102,確認済
1983,125cc,bruno-kneubuhler,,,MBA,,,2,76,確認済
1983,125cc,eugenio-lazzarini,,,ガレリ,,,3,67,確認済
1983,125cc,maurizio-vitali,,,MBA,,,4,59,確認済
1983,125cc,ricardo-tormo,,,MBA,,,5,52,確認済
1983,125cc,hans-muller,,,MBA,,,6,43,確認済
1983,125cc,johnny-wickstrom,,,MBA,,,7,42,確認済
1983,125cc,pier-paolo-bianchi,,,Sanvenero,,,8,40,確認済
1983,125cc,fausto-gresini,,,MBA,,,9,37,確認済
1983,125cc,august-auinger,,,MBA,,,10,30,確認済
1983,125cc,pierluigi-aldrovandi,,,MBA,,,11,30,確認済
1983,125cc,gerhard-waibel,,,MBA,,,12,22,確認済
1983,125cc,jean-claude-selini,,,MBA,,,13,20,確認済
1983,125cc,stefano-caracchi,,,MBA,,,14,19,確認済
1983,125cc,willy-perez,,,MBA,,,15,16,確認済
1983,125cc,lucio-pietroniro,,,MBA,,,16,16,確認済
1983,125cc,henk-van-kessel,,,MBA,,,17,12,確認済
1983,125cc,ezio-gianola,,,MBA,,,18,10,確認済
1983,125cc,thomas-m-ller-pedersen,,,MBA,,,19,6,確認済
1983,125cc,erich-klein,,,MBA,,,20,6,確認済
1983,125cc,ilkka-jaakkola,,,MBA,,,21,5,確認済
1983,125cc,libero-piccirillo,,,MBA,,,22,5,確認済
1983,125cc,giuseppe-ascareggi,,,MBA,,,23,3,確認済
1983,125cc,stefan-dorflinger,,,MBA,,,24,3,確認済
1983,125cc,hugo-vignetti,,,MBA,,,25,2,確認済
1983,125cc,patrick-lagrive,,,MBA,,,26,1,確認済
1983,125cc,jacques-hutteau,,,MBA,,,27,1,確認済
1983,125cc,anton-straver,,,MBA,,,28,1,確認済
1983,125cc,alfred-waibel,,,リアル,,,,,確認済
1983,125cc,alojz-pavlic,,,Bartol,,,,,確認済
1983,125cc,andreas-sanches-marin,,,MBA,,,,,確認済
1983,125cc,andres-sanchez,,,Autisa,,,,,確認済
1983,125cc,angel-del-pozo,,,MBA,,,,,確認済
1983,125cc,antonio-boronat,,,MBA,,,,,確認済
1983,125cc,antonio-sanchez,,,Autisa,,,,,確認済
1983,125cc,bady-hassaine,,,MBA,,,,,確認済
1983,125cc,bernd-lauermann,,,MBA,,,,,確認済
1983,125cc,carlo-succi,,,MBA,,,,,確認済
1983,125cc,chris-baert,,,MBA,,,,,確認済
1983,125cc,chris-leah,,,MBA,,,,,確認済
1983,125cc,domenico-brigaglia,,,MBA,,,,,確認済
1983,125cc,esa-kytola,,,MBA,,,,,確認済
1983,125cc,hakan-olsson,,,Starol,,,,,確認済
1983,125cc,hans-hummel,,,MBA,,,,,確認済
1983,125cc,hans-spaan,,,MBA,,,,,確認済
1983,125cc,helmut-lichtenburg,,,MBA,,,,,確認済
1983,125cc,ivan-troisi,,,MBA,,,,,確認済
1983,125cc,jan-backstrom,,,MBA,,,,,確認済
1983,125cc,janez-pintar,,,MBA,,,,,確認済
1983,125cc,jussi-hautaniemi,,,MBA,,,,,確認済
1983,125cc,marino-neri,,,MBA,,,,,確認済
1983,125cc,massimo-de-lorenzi,,,Minarelli,,,,,確認済
1983,125cc,olivier-liegeois,,,Sanvenero,,,,,確認済
1983,125cc,paul-bordes,,,MBA,,,,,確認済
1983,125cc,per-edward-carlsson,,,MBA,,,,,確認済
1983,125cc,peter-balaz,,,MBA,,,,,確認済
1983,125cc,peter-sommer,,,MBA,,,,,確認済
1983,125cc,robin-appleyard,,,MBA,,,,,確認済
1983,125cc,rolf-ruttimann,,,MBA,,,,,確認済
1983,125cc,thomas-pedersen,,,MBA,,,,,確認済
1983,125cc,tony-smith,,,MBA,,,,,確認済
1983,125cc,werner-schmied,,,MBA,,,,,確認済
1983,125cc,zdravko-matulja,,,MBA,,,,,確認済
1983,50cc,stefan-dorflinger,,,クラウザー,,,1,81,確認済
1983,50cc,eugenio-lazzarini,,,ガレリ,,,2,69,確認済
1983,50cc,claudio-lusuardi,,,Villa,,,3,38,確認済
1983,50cc,hans-spaan,,,クライドラー,,,4,34,確認済
1983,50cc,peter-looijesteijn,,,リエフ,,,5,34,確認済
1983,50cc,hagen-klein,,,リエフ,,,6,33,確認済
1983,50cc,ricardo-tormo,,,ガレリ,,,7,25,確認済
1983,50cc,rudolf-kunz,,,FKN,,,8,21,確認済
1983,50cc,gerhard-bauer,,,Ziegler,,,9,20,確認済
1983,50cc,theo-timmer,,,カザル,,,10,17,確認済
1983,50cc,rainer-scheidhauer,,,クライドラー,,,11,17,確認済
1983,50cc,ingo-emmerich,,,クライドラー,,,12,14,確認済
1983,50cc,jorge-martinez,,,ブルタコ,,,13,10,確認済
1983,50cc,zdravko-matulja,,,Tomos,,,14,8,確認済
1983,50cc,paul-rimmelzwaan,,,クライドラー,,,15,6,確認済
1983,50cc,gerhard-singer,,,クライドラー,,,16,6,確認済
1983,50cc,otto-machinek,,,クライドラー,,,17,6,確認済
1983,50cc,paul-bordes,,,Unknown,,,18,5,確認済
1983,50cc,giuseppe-ascareggi,,,Minarelli,,,19,4,確認済
1983,50cc,cees-van-dongen,,,Unknown,,,20,4,確認済
1983,50cc,daniel-mateos,,,ブルタコ,,,21,3,確認済
1983,50cc,paolo-priori,,,Paolucci,,,22,2,確認済
1983,50cc,hans-koopman,,,クライドラー,,,23,2,確認済
1983,50cc,maurizio-stocco,,,クライドラー,,,24,2,確認済
1983,50cc,massimo-de-lorenzi,,,Minarelli,,,25,1,確認済
1983,50cc,antoon-gevers,,,クライドラー,,,,,確認済
1983,50cc,bert-smit,,,PRS,,,,,確認済
1983,50cc,bertus-grinwis,,,クライドラー,,,,,確認済
1983,50cc,chris-baert,,,クライドラー,,,,,確認済
1983,50cc,claude-delarbre,,,ABF,,,,,確認済
1983,50cc,claudio-granata,,,クライドラー,,,,,確認済
1983,50cc,enrico-cereda,,,クライドラー,,,,,確認済
1983,50cc,ezio-saffiotti,,,UFO,,,,,確認済
1983,50cc,george-looijesteijn,,,クライドラー,,,,,確認済
1983,50cc,gerard-velay,,,クライドラー,,,,,確認済
1983,50cc,giuliano-tabanelli,,,クライドラー,,,,,確認済
1983,50cc,guido-sala,,,MTK,,,,,確認済
1983,50cc,gunter-schirnhofer,,,クライドラー,,,,,確認済
1983,50cc,hans-hummel,,,Sachs,,,,,確認済
1983,50cc,hans-joachim-ritter,,,クライドラー,,,,,確認済
1983,50cc,henri-laporte,,,不明,,,,,確認済
1983,50cc,henrique-sande,,,Moda,,,,,確認済
1983,50cc,ian-mcconnachie,,,Rudge,,,,,確認済
1983,50cc,inge-arends,,,Schuster,,,,,確認済
1983,50cc,j-genoud,,,クライドラー,,,,,確認済
1983,50cc,jean-francois-verdier,,,デルビ,,,,,確認済
1983,50cc,jean-marc-velay,,,クライドラー,,,,,確認済
1983,50cc,joaquim-gali,,,ブルタコ,,,,,確認済
1983,50cc,jos-van-dongen,,,クライドラー,,,,,確認済
1983,50cc,k-kull,,,Kawadrom,,,,,確認済
1983,50cc,kasimer-rapczynski,,,クライドラー,,,,,確認済
1983,50cc,lajos-horti,,,クライドラー,,,,,確認済
1983,50cc,m-mordenti,,,Rossi,,,,,確認済
1983,50cc,massimo-fargeri,,,クライドラー,,,,,確認済
1983,50cc,mijo-lijsak,,,クライドラー,,,,,確認済
1983,50cc,mika-sakari-komu,,,クライドラー,,,,,確認済
1983,50cc,miklos-bojan,,,クライドラー,,,,,確認済
1983,50cc,nicola-casadei,,,Minarelli,,,,,確認済
1983,50cc,p-verbic,,,クライドラー,,,,,確認済
1983,50cc,philippe-linares,,,SBM,,,,,確認済
1983,50cc,radovan-stanojevic,,,Sever,,,,,確認済
1983,50cc,rajko-mitrovic,,,Sever,,,,,確認済
1983,50cc,ramon-gali,,,ブルタコ,,,,,確認済
1983,50cc,reiner-koster,,,M1,,,,,確認済
1983,50cc,rini-vrijdag,,,クライドラー,,,,,確認済
1983,50cc,roberto-rosso,,,Minarelli,,,,,確認済
1983,50cc,sandro-de-rosa,,,Villa,,,,,確認済
1983,50cc,stefan-danielsson,,,クライドラー,,,,,確認済
1983,50cc,stefan-kurfiss,,,クライドラー,,,,,確認済
1983,50cc,t-persic,,,Sever,,,,,確認済
1983,50cc,thomas-engl,,,M1,,,,,確認済
1983,50cc,uros-tomanovic,,,クライドラー,,,,,確認済
1983,50cc,wim-de-jong,,,クライドラー,,,,,確認済
1983,50cc,yves-le-toumelin,,,TYL,,,,,確認済
1984,500cc,eddie-lawson,,Marlboro Team Agostini,ヤマハ,,4,1,142,確認済
1984,500cc,randy-mamola,,R.M. Promotions Inc.,ホンダ,,3,2,111,確認済
1984,500cc,raymond-roche,,Honda Total,ホンダ,,11,3,99,確認済
1984,500cc,freddie-spencer,,Honda Racing Corporation,ホンダ,,1,4,87,確認済
1984,500cc,ron-haslam,,Honda Racing Corporation,ホンダ,,9,5,77,確認済
1984,500cc,barry-sheene,,Heron Team Suzuki,スズキ,,7,6,34,確認済
1984,500cc,wayne-gardner,,Honda Britain Racing Team,ホンダ,,,7,33,確認済
1984,500cc,boet-van-dulmen,,Toshiba,スズキ,,12,8,25,確認済
1984,500cc,didier-de-radigues,,Team Elf/Chevallier Johnson,シュヴァリエ,,17,9,24,確認済
1984,500cc,virginio-ferrari,,Marlboro Team Agostini,ヤマハ,,,10,22,確認済
1984,500cc,rob-mcelnea,,Heron Team Suzuki,スズキ,,,11,21,確認済
1984,500cc,sergio-pellandini,,H.B. Suzuki G.P. Team,スズキ,,15,12,16,確認済
1984,500cc,takazumi-katayama,,Honda Racing Corporation,ホンダ,,5,13,14,確認済
1984,500cc,franco-uncini,,H.B. Suzuki G.P. Team,スズキ,,10,14,14,確認済
1984,500cc,reinhold-roth,,Römer Racing Team,ホンダ,,26,15,14,確認済
1984,500cc,tadahiko-taira,,Marlboro,ヤマハ,,28,16,10,確認済
1984,500cc,massimo-broccoli,,???,ホンダ,,30,17,10,確認済
1984,500cc,gustav-reiner,,Olymp-Hemden Racing,ホンダ,,34,18,10,確認済
1984,500cc,keith-huewen,,David Attwood,ホンダ,,16,19,6,確認済
1984,500cc,leandro-becheroni,,RG500,スズキ,,38,20,4,確認済
1984,500cc,christian-le-liard,,Team Elf/Chevallier Johnson,シュヴァリエ,,,21,4,確認済
1984,500cc,wolfgang-von-muralt,,Frankonia-Suzuki,スズキ,,25,22,4,確認済
1984,500cc,fabio-biliotti,,???,ホンダ,,35,23,2,確認済
1984,500cc,roger-marshall,,Honda Britain Racing Team,ホンダ,,51,24,2,確認済
1984,500cc,chris-guy,,Bill Smith Racing,ホンダ,,,25,2,確認済
1984,500cc,eero-hyvarinen,,,スズキ,,,26,2,確認済
1984,500cc,armando-errico,,,スズキ,,,27,1,確認済
1984,500cc,brett-hudson,,Yashica/Contax,スズキ,,32,28,1,確認済
1984,500cc,hervi-moineau,,Cagiva Motor Italia S.p.A.,カジバ,,23,29,1,確認済
1984,500cc,alessandro-valesi,,,スズキ,,,,,確認済
1984,500cc,anders-anderson,,,スズキ,,,,,確認済
1984,500cc,attilio-riondato,,,スズキ,,,,,確認済
1984,500cc,b-rge-nielsen,,,スズキ,,,,,確認済
1984,500cc,bohumil-stasa,,,スズキ,,,,,確認済
1984,500cc,claude-arciero,,,ホンダ,,,,,確認済
1984,500cc,dave-petersen,,,スズキ,,,,,確認済
1984,500cc,dimitrios-papandreou,,,ヤマハ,,,,,確認済
1984,500cc,esko-kuparinen,,,スズキ,,,,,確認済
1984,500cc,frank-gross,,,ホンダ,,,,,確認済
1984,500cc,gary-lingham,,,スズキ,,,,,確認済
1984,500cc,henk-de-vries,,,スズキ,,,,,確認済
1984,500cc,henk-van-der-mark,,,ホンダ,,,,,確認済
1984,500cc,joey-dunlop,,,ホンダ,,,,,確認済
1984,500cc,josef-doppler,,,スズキ,,,,,確認済
1984,500cc,josef-ragginger,,,スズキ,,,,,確認済
1984,500cc,karl-truchsess,,,スズキ,,,,,確認済
1984,500cc,klaus-klein,,Dieter Braun Team,スズキ,,21,,,確認済
1984,500cc,lorenzo-ghiselli,,???,スズキ,,22,,,確認済
1984,500cc,louis-luc-maisto,,RG500,ホンダ,,56,,,確認済
1984,500cc,maarten-duyzers,,,スズキ,,,,,確認済
1984,500cc,manfred-fischer,,,Juchem,,,,,確認済
1984,500cc,marco-gentile,,,ヤマハ,,,,,確認済
1984,500cc,marco-lucchinelli,,Cagiva Motor Italia S.p.A.,カジバ,,8,,,確認済
1984,500cc,marco-papa,,,ホンダ,,,,,確認済
1984,500cc,mark-salle,,,スズキ,,,,,確認済
1984,500cc,massimo-messere,,,スズキ,,,,,確認済
1984,500cc,maurice-coq,,,スズキ,,,,,確認済
1984,500cc,mick-grant,,Heron Team Suzuki,スズキ,,57,,,確認済
1984,500cc,mile-pajic,,,ホンダ,,,,,確認済
1984,500cc,oscar-la-ferla,,,スズキ,,,,,確認済
1984,500cc,paolo-ferretti,,RG500,スズキ,,53,,,確認済
1984,500cc,paul-lewis,,,スズキ,,,,,確認済
1984,500cc,peter-linden,,,スズキ,,,,,確認済
1984,500cc,peter-sjostrom,,,スズキ,,,,,確認済
1984,500cc,peter-skold,,,スズキ,,,,,確認済
1984,500cc,rob-punt,,Toshiba,スズキ,,45,,,確認済
1984,500cc,roger-burnett,,,スズキ,,,,,確認済
1984,500cc,simon-buckmaster,,,スズキ,,,,,確認済
1984,500cc,steve-parrish,,Mitsui Yamaha,ヤマハ,,37,,,確認済
1984,500cc,walter-migliorati,,,スズキ,,,,,確認済
1984,500cc,yashuhiko-gomibuchi,,,スズキ,,,,,確認済
1984,250cc,christian-sarron,,Team Sonauto Gauloises,ヤマハ,,2,1,109,確認済
1984,250cc,manfred-herweh,,Massa Real GmbH,リアル,,7,2,100,確認済
1984,250cc,carlos-lavado,,Venemotos Racing Team,ヤマハ,,1,3,77,確認済
1984,250cc,sito-pons,,Cobas Motorcycles,JJコバス,,30,4,66,確認済
1984,250cc,anton-mang,,HB Team 250,ヤマハ,,3,5,61,確認済
1984,250cc,jacques-cornu,,Team Parisienne-Elf,ヤマハ,,9,6,60,確認済
1984,250cc,martin-wimmer,,Mitsui-Yamaha Racing Team,ヤマハ,,6,7,47,確認済
1984,250cc,wayne-rainey,,Marlboro Team Roberts,ヤマハ,,,8,29,確認済
1984,250cc,alan-carter,,Marlboro Team Roberts,ヤマハ,,14,9,25,確認済
1984,250cc,jean-francois-balde,,Pernod,Pernod,,8,10,25,確認済
1984,250cc,guy-bertin,,???,MBA,,,11,23,確認済
1984,250cc,thierry-espie,,???,シュヴァリエ,,5,12,20,確認済
1984,250cc,jean-michel-mattioli,,Team Sonauto Gauloises,シュヴァリエ,,32,13,190,確認済
1984,250cc,patrick-fernandez,,???,ヤマハ,,12,14,16,確認済
1984,250cc,ivan-palazzese,,Venemotos Racing Team,ヤマハ,,18,15,16,確認済
1984,250cc,fausto-ricci,,???,ヤマハ,,22,16,15,確認済
1984,250cc,alan-watts,,???,EMC,,53,17,14,確認済
1984,250cc,donnie-mcleod,,Dalmac Racing,ヤマハ,,,18,11,確認済
1984,250cc,harald-eckl,,???,ロータックス,,24,19,10,確認済
1984,250cc,jacques-bolle,,Pernod,ヤマハ,,10,20,9,確認済
1984,250cc,teruo-fukuda,,???,ヤマハ,,28,21,8,確認済
1984,250cc,karl-thomas-grassel,,Römer Racing Team,ヤマハ,,31,22,6,確認済
1984,250cc,loris-reggiani,,???,カワサキ,,36,23,6,確認済
1984,250cc,siegfried-minich,,???,ヤマハ,,37,24,5,確認済
1984,250cc,maurizio-vitali,,???,MBA,,,25,4,確認済
1984,250cc,carlos-cardus,,JJ Cobas,JJコバス,,20,26,4,確認済
1984,250cc,stephane-mertens,,Team Hugin-Total,ヤマハ,,21,27,3,確認済
1984,250cc,mario-rademeyer,,???,ヤマハ,,34,28,3,確認済
1984,250cc,thierry-rapicault,,Team Sonauto Gauloises,ヤマハ,,,29,1,確認済
1984,250cc,andrew-stroud,,,ヤマハ,,,,,確認済
1984,250cc,angel-nieto,,,JJコバス,,,,,確認済
1984,250cc,antoine-longo,,,Ducombs,,,,,確認済
1984,250cc,antonio-garcia,,,JJコバス,,,,,確認済
1984,250cc,august-auinger,,,Monnet,,,,,確認済
1984,250cc,august-weissner,,,ヤマハ,,,,,確認済
1984,250cc,barry-kerr,,,ヤマハ,,,,,確認済
1984,250cc,bruno-luscher,,,ヤマハ,,,,,確認済
1984,250cc,cees-doorakkers,,,ヤマハ,,,,,確認済
1984,250cc,chas-mortimer,,,CF250,,,,,確認済
1984,250cc,danny-bristol,,,ヤマハ,,,,,確認済
1984,250cc,dave-emond,,,ヤマハ,,,,,確認済
1984,250cc,dave-estment,,,ホンダ,,,,,確認済
1984,250cc,david-floyd-busby,,,ロータックス,,,,,確認済
1984,250cc,davide-tardozzi,,,ヤマハ,,,,,確認済
1984,250cc,donald-shaw,,,ロータックス,,,,,確認済
1984,250cc,donnie-robinson,,,ヤマハ,,,,,確認済
1984,250cc,edwin-weibel,,,ヤマハ,,,,,確認済
1984,250cc,eilert-lundstedt,,,ヤマハ,,,,,確認済
1984,250cc,erich-klein,,,ロータックス,,,,,確認済
1984,250cc,erich-neumair,,,ヤマハ,,,,,確認済
1984,250cc,gabriel-grabia,,,ヤマハ,,,,,確認済
1984,250cc,gary-noel,,,不明,,,,,確認済
1984,250cc,graeme-mcgregor,,,不明,,,,,確認済
1984,250cc,graham-young,,,ロータックス,,,,,確認済
1984,250cc,hans-becker,,,ヤマハ,,,,,確認済
1984,250cc,herbert-besendorfer,,,ヤマハ,,,,,確認済
1984,250cc,herve-guilleux,,???,シュヴァリエ,,4,,,確認済
1984,250cc,jacky-onda,,,ヤマハ,,,,,確認済
1984,250cc,jean-foray,,,ヤマハ,,,,,確認済
1984,250cc,jean-louis-guignabodet,,???,ヤマハ,,17,,,確認済
1984,250cc,jean-luc-guillemet,,,ヤマハ,,,,,確認済
1984,250cc,jimmy-rodger,,,ヤマハ,,,,,確認済
1984,250cc,joey-dunlop,,,ホンダ,,,,,確認済
1984,250cc,josef-hutter,,,ヤマハ,,,,,確認済
1984,250cc,juan-garriga,,,ヤマハ,,,,,確認済
1984,250cc,karl-heinz-riegl,,,Moam,,,,,確認済
1984,250cc,kevin-hellyer,,,ヤマハ,,,,,確認済
1984,250cc,klaus-peter-baller,,,ヤマハ,,,,,確認済
1984,250cc,leonard-dibon,,,ヤマハ,,,,,確認済
1984,250cc,luis-miguel-reyes,,,JJコバス,,,,,確認済
1984,250cc,manfred-obinger,,Römer Racing Team,ヤマハ,,39,,,確認済
1984,250cc,marc-schouten,,,ヤマハ,,,,,確認済
1984,250cc,marcellino-lucchi,,,ロータックス,,,,,確認済
1984,250cc,marino-neri,,,ヤマハ,,,,,確認済
1984,250cc,massimo-matteoni,,,ヤマハ,,,,,確認済
1984,250cc,michael-lederer,,,ヤマハ,,,,,確認済
1984,250cc,michel-augizeau,,,ヤマハ,,,,,確認済
1984,250cc,michel-galbit,,,ヤマハ,,,,,確認済
1984,250cc,michel-simeon,,,ホンダ,,,,,確認済
1984,250cc,neil-robinson,,,MBA,,,,,確認済
1984,250cc,niall-mackenzie,,,CF250,,,,,確認済
1984,250cc,patrick-schmalz,,,ヤマハ,,,,,確認済
1984,250cc,paul-tinkler,,,ヤマハ,,,,,確認済
1984,250cc,peter-hubbard,,,ロータックス,,,,,確認済
1984,250cc,peter-looijesteijn,,,ロータックス,,,,,確認済
1984,250cc,philippe-pagano,,,ヤマハ,,,,,確認済
1984,250cc,philippe-robles,,,ヤマハ,,,,,確認済
1984,250cc,rene-delaby,,???,ヤマハ,,49,,,確認済
1984,250cc,richard-hubin,,Team Hugin-Total,ヤマハ,,23,,,確認済
1984,250cc,roland-freymond,,Team Parisienne-Elf,ヤマハ,,15,,,確認済
1984,250cc,ronan-schulz,,,ヤマハ,,,,,確認済
1984,250cc,russell-wood,,,ヤマハ,,,,,確認済
1984,250cc,stefan-klabacher,,,ロータックス,,,,,確認済
1984,250cc,steve-williams,,,ヤマハ,,,,,確認済
1984,250cc,thomas-bacher,,,ヤマハ,,,,,確認済
1984,250cc,tony-head,,,Armstrong,,,,,確認済
1984,250cc,tony-rogers,,,Armstrong,,,,,確認済
1984,250cc,vincenzo-cascino,,,ヤマハ,,,,,確認済
1984,250cc,warren-bristol,,,ヤマハ,,,,,確認済
1984,125cc,angel-nieto,,,ガレリ,,,1,90,確認済
1984,125cc,eugenio-lazzarini,,,ガレリ,,,2,78,確認済
1984,125cc,fausto-gresini,,,MBA,,,3,51,確認済
1984,125cc,maurizio-vitali,,,MBA,,,4,45,確認済
1984,125cc,august-auinger,,,MBA,,,5,41,確認済
1984,125cc,jean-claude-selini,,,MBA,,,6,33,確認済
1984,125cc,stefano-caracchi,,,MBA,,,7,29,確認済
1984,125cc,luca-cadalora,,,MBA,,,8,27,確認済
1984,125cc,hans-muller,,,MBA,,,9,27,確認済
1984,125cc,bruno-kneubuhler,,,MBA,,,10,27,確認済
1984,125cc,johnny-wickstrom,,,MBA,,,11,20,確認済
1984,125cc,giuseppe-ascareggi,,,MBA,,,12,8,確認済
1984,125cc,olivier-liegeois,,,MBA,,,13,8,確認済
1984,125cc,ezio-gianola,,,MBA,,,14,7,確認済
1984,125cc,manuel-herreros,,,MBA,,,15,6,確認済
1984,125cc,lucio-pietroniro,,,MBA,,,16,6,確認済
1984,125cc,alex-bedford,,,MBA,,,17,5,確認済
1984,125cc,domenico-brigaglia,,,MBA,,,18,5,確認済
1984,125cc,henk-van-kessel,,,MBA,,,19,4,確認済
1984,125cc,hubert-abold,,,MBA,,,20,3,確認済
1984,125cc,hakan-olsson,,,Starol,,,21,3,確認済
1984,125cc,neil-robinson,,,MBA,,,22,2,確認済
1984,125cc,gerhard-waibel,,,リアル,,,23,1,確認済
1984,125cc,anton-straver,,,MBA,,,24,1,確認済
1984,125cc,jacques-hutteau,,,MBA,,,25,1,確認済
1984,125cc,alfred-waibel,,,Waibel,,,,,確認済
1984,125cc,alojz-pavlic,,,MBA,,,,,確認済
1984,125cc,andreas-sanches-marin,,,MBA,,,,,確認済
1984,125cc,bady-hassaine,,,MBA,,,,,確認済
1984,125cc,beat-sidler,,,MBA,,,,,確認済
1984,125cc,boy-van-erp,,,MBA,,,,,確認済
1984,125cc,chris-baert,,,MBA,,,,,確認済
1984,125cc,dirk-hafeneger,,,MBA,,,,,確認済
1984,125cc,erich-klein,,,MBA,,,,,確認済
1984,125cc,esa-kytola,,,MBA,,,,,確認済
1984,125cc,fabio-meozzi,,,MBA,,,,,確認済
1984,125cc,flemming-kistrup,,,MBA,,,,,確認済
1984,125cc,flemming-sorensen,,,MBA,,,,,確認済
1984,125cc,hannu-kallio,,,MBA,,,,,確認済
1984,125cc,hans-hummel,,,MBA,,,,,確認済
1984,125cc,helmut-lichtenburg,,,MBA,,,,,確認済
1984,125cc,henrik-rasmussen,,,MBA,,,,,確認済
1984,125cc,horst-elsenheimer,,,MBA,,,,,確認済
1984,125cc,ian-mcconnachie,,,MBA,,,,,確認済
1984,125cc,ilkka-jaakkola,,,MBA,,,,,確認済
1984,125cc,j-genoud,,,MBA,,,,,確認済
1984,125cc,jacques-grandjean,,,MBA,,,,,確認済
1984,125cc,jan-eggens,,,EGA,,,,,確認済
1984,125cc,janez-pintar,,,MBA,,,,,確認済
1984,125cc,jorgen-ask,,,MBA,,,,,確認済
1984,125cc,juha-pakkanen,,,MBA,,,,,確認済
1984,125cc,jussi-hautaniemi,,,MBA,,,,,確認済
1984,125cc,karl-dauer,,,MBA,,,,,確認済
1984,125cc,lars-erik-kalleso,,,Laserelli,,,,,確認済
1984,125cc,martin-van-soest,,,MBA,,,,,確認済
1984,125cc,massimo-de-lorenzi,,,LGM,,,,,確認済
1984,125cc,mickel-nielsen,,,MBA,,,,,確認済
1984,125cc,mike-leitner,,,MBA,,,,,確認済
1984,125cc,pablo-gamberini,,,MBA,,,,,確認済
1984,125cc,paolo-casoli,,,MBA,,,,,確認済
1984,125cc,paul-bordes,,,MBA,,,,,確認済
1984,125cc,peter-balaz,,,MBA,,,,,確認済
1984,125cc,peter-sommer,,,MBA,,,,,確認済
1984,125cc,pier-paolo-bianchi,,,MBA,,,,,確認済
1984,125cc,pierfrancesco-chili,,,MBA,,,,,確認済
1984,125cc,robert-hmeljak,,,MBA,,,,,確認済
1984,125cc,robin-appleyard,,,MBA,,,,,確認済
1984,125cc,rune-zalle,,,MBA,,,,,確認済
1984,125cc,stefan-schmitt,,,MBA,,,,,確認済
1984,125cc,thomas-m-ller-pedersen,,,MBA,,,,,確認済
1984,125cc,thomas-weickardt,,,MBA,,,,,確認済
1984,125cc,ton-spek,,,MBA,,,,,確認済
1984,125cc,tony-head,,,MBA,,,,,確認済
1984,125cc,tony-smith,,,MBA,,,,,確認済
1984,125cc,wilhelm-lucke,,,MBA,,,,,確認済
1984,125cc,willem-heykoop,,,Sanvenero,,,,,確認済
1984,125cc,willi-hupperich,,,MBA,,,,,確認済
1984,125cc,willy-perez,,,MBA,,,,,確認済
1984,80cc,stefan-dorflinger,,,ツェンダップ,,,1,82,確認済
1984,80cc,hubert-abold,,,ツェンダップ,,,2,75,確認済
1984,80cc,pier-paolo-bianchi,,,カザル,,,3,68,確認済
1984,80cc,jorge-martinez,,,デルビ,,,4,62,確認済
1984,80cc,alfred-waibel,,,リアル,,,5,61,確認済
1984,80cc,hans-spaan,,,カザル,,,6,47,確認済
1984,80cc,wim-heykamp,,,リエフ,,,7,29,確認済
1984,80cc,hans-muller,,,Sachs,,,8,18,確認済
1984,80cc,peter-looijesteijn,,,リエフ,,,9,16,確認済
1984,80cc,theo-timmer,,,カザル,,,10,13,確認済
1984,80cc,henk-van-kessel,,,リエフ,,,11,12,確認済
1984,80cc,zdravko-matulja,,,Tomos,,,12,9,確認済
1984,80cc,serge-julin,,,カザル,,,13,7,確認済
1984,80cc,paul-rimmelzwaan,,,Harmsen,,,14,7,確認済
1984,80cc,rainer-scheidhauer,,,セール,,,15,5,確認済
1984,80cc,reinhard-koberstein,,,セール,,,16,5,確認済
1984,80cc,gerd-kafka,,,Sachs,,,17,4,確認済
1984,80cc,maurizio-stocco,,,Lusuardi,,,18,3,確認済
1984,80cc,otto-machinek,,,クライドラー,,,19,2,確認済
1984,80cc,claudio-granata,,,ガレリ,,,20,1,確認済
1984,80cc,thomas-engl,,,Sachs,,,21,1,確認済
1984,80cc,bernd-rossbach,,,カザル,,,22,1,確認済
1984,80cc,aad-wijsman,,,Harmsen,,,,,確認済
1984,80cc,bert-smit,,,BZ,,,,,確認済
1984,80cc,bertus-grinwis,,,カザル,,,,,確認済
1984,80cc,bruno-casanova,,,カザル,,,,,確認済
1984,80cc,chris-baert,,,Eberhardt,,,,,確認済
1984,80cc,edward-rees,,,クライドラー,,,,,確認済
1984,80cc,eico-rispens,,,Rispens,,,,,確認済
1984,80cc,ezio-saffiotti,,,UFO,,,,,確認済
1984,80cc,george-looijesteijn,,,カザル,,,,,確認済
1984,80cc,gerhard-bauer,,,Ziegler,,,,,確認済
1984,80cc,gerhard-waibel,,,リアル,,,,,確認済
1984,80cc,giuliano-tabanelli,,,BBFT,,,,,確認済
1984,80cc,gunter-schirnhofer,,,ホンダ,,,,,確認済
1984,80cc,hans-hummel,,,Hummel,,,,,確認済
1984,80cc,hans-koopman,,,クライドラー,,,,,確認済
1984,80cc,ian-mcconnachie,,,カザル,,,,,確認済
1984,80cc,inge-arends,,,Jas,,,,,確認済
1984,80cc,joaquim-gali,,,クライドラー,,,,,確認済
1984,80cc,johann-auer,,,Eberhardt,,,,,確認済
1984,80cc,jos-van-dongen,,,Sachs,,,,,確認済
1984,80cc,kasimer-rapczynski,,,クライドラー,,,,,確認済
1984,80cc,lajos-horti,,,クライドラー,,,,,確認済
1984,80cc,m-mordenti,,,クライドラー,,,,,確認済
1984,80cc,manuel-herreros,,,デルビ,,,,,確認済
1984,80cc,massimo-de-lorenzi,,,RB,,,,,確認済
1984,80cc,massimo-fargeri,,,カザル,,,,,確認済
1984,80cc,mika-sakari-komu,,,Eberhardt,,,,,確認済
1984,80cc,miljenko-nervo,,,Sever,,,,,確認済
1984,80cc,nicola-casadei,,,カザル,,,,,確認済
1984,80cc,paolo-priori,,,Lusuardi,,,,,確認済
1984,80cc,pasquale-buonfante,,,クライドラー,,,,,確認済
1984,80cc,ramon-gali,,,ブルタコ,,,,,確認済
1984,80cc,reiner-koster,,,カザル,,,,,確認済
1984,80cc,ricardo-tormo,,,デルビ,,,,,確認済
1984,80cc,robert-hmeljak,,,MBA,,,,,確認済
1984,80cc,rudolf-kunz,,,FKN,,,,,確認済
1984,80cc,salvatore-milano,,,カザル,,,,,確認済
1984,80cc,simone-crespi,,,Minarelli,,,,,確認済
1984,80cc,stefan-kurfiss,,,クライドラー,,,,,確認済
1984,80cc,steve-mason,,,MBA,,,,,確認済
1984,80cc,tony-smith,,,カザル,,,,,確認済
1984,80cc,willem-heykoop,,,カザル,,,,,確認済
1985,500cc,freddie-spencer,,Rothmans Honda/HRC,ホンダ,,4,1,141,確認済
1985,500cc,eddie-lawson,,Marlboro Team Agostini,ヤマハ,,1,2,133,確認済
1985,500cc,christian-sarron,,Team Gauloises Yamaha,ヤマハ,,6,3,80,確認済
1985,500cc,wayne-gardner,,Rothmans Honda Britain,ホンダ,,7,4,73,確認済
1985,500cc,ron-haslam,,Rothmans Honda Britain,ホンダ,,5,5,73,確認済
1985,500cc,randy-mamola,,Rothmans Honda/Mamola,ホンダ,,2,6,72,確認済
1985,500cc,raymond-roche,,Marlboro Team Agostini,ヤマハ,,3,7,50,確認済
1985,500cc,didier-de-radigues,,Team Honda Benelux-Elf,ホンダ,,9,8,47,確認済
1985,500cc,rob-mcelnea,,Skoal Bandit Heron Suzuki,スズキ,,,9,20,確認済
1985,500cc,boet-van-dulmen,,Shell-Toshiba Racing Team,ホンダ,,8,10,18,確認済
1985,500cc,mike-baldwin,,Michael Baldwin Racing,ホンダ,,,11,18,確認済
1985,500cc,pierre-etienne-samin,,Team Honda Benelux-Elf,ホンダ,,,12,11,確認済
1985,500cc,sito-pons,,HB Suzuki GP Team,スズキ,,30,13,11,確認済
1985,500cc,gustav-reiner,,Zwafink + Wilbers Racing,ホンダ,,28,14,10,確認済
1985,500cc,franco-uncini,,HB Suzuki GP Team,スズキ,,13,15,8,確認済
1985,500cc,fabio-biliotti,,Team Italia,ホンダ,,,16,5,確認済
1985,500cc,mile-pajic,,Stichting Nederlands Racing Team,ホンダ,,54,17,3,確認済
1985,500cc,roger-burnett,,Rothmans Honda Britain,ホンダ,,22,18,3,確認済
1985,500cc,takazumi-katayama,,Racing Team Katayama,ホンダ,,14,19,,確認済
1985,500cc,thierry-espie,,Chevallier,シュヴァリエ,,12,20,3,確認済
1985,500cc,neil-robinson,,Jim Finlay Racing,スズキ,,,21,2,確認済
1985,500cc,henk-van-der-mark,,Stichting Nederlands Racing Team,ホンダ,,,22,2,確認済
1985,500cc,tadahiko-taira,,Marlboro Team Agostini,ヤマハ,,26,23,2,確認済
1985,500cc,dave-petersen,,Kreepy Krauly Racing Team,ホンダ,,,24,1,確認済
1985,500cc,paul-lewis,,Skoal Bandit Heron Suzuki,スズキ,,,25,1,確認済
1985,500cc,massimo-messere,,Team Italia,ホンダ,,,26,1,確認済
1985,500cc,rob-punt,,Nimag/Oud Bier,スズキ,,,27,1,確認済
1985,500cc,alan-jeffrey,,,スズキ,,,,,確認済
1985,500cc,alessandro-valesi,,,ホンダ,,,,,確認済
1985,500cc,andreas-woditsch,,,ヤマハ,,,,,確認済
1985,500cc,andy-leuthe,,??,スズキ,,,,,確認済
1985,500cc,antonio-boronat,,,スズキ,,,,,確認済
1985,500cc,antonio-perez,,,スズキ,,,,,確認済
1985,500cc,armando-errico,,Team Italia,ホンダ,,,,,確認済
1985,500cc,barry-woodland,,,スズキ,,,,,確認済
1985,500cc,bohumil-stasa,,,不明,,,,,確認済
1985,500cc,carlos-morante,,,スズキ,,,,,確認済
1985,500cc,chris-martin,,,スズキ,,,,,確認済
1985,500cc,christian-le-liard,,Team Elf c/o ROC,ホンダ,,,,,確認済
1985,500cc,claus-wulff,,,スズキ,,,,,確認済
1985,500cc,david-griffith,,,スズキ,,,,,確認済
1985,500cc,des-barry,,,ヤマハ,,,,,確認済
1985,500cc,dietmar-mayer,,,ホンダ,,,,,確認済
1985,500cc,dimitrios-papandreou,,,ヤマハ,,,,,確認済
1985,500cc,eero-hyvarinen,,??,ホンダ,,20,,,確認済
1985,500cc,erich-sanders,,,スズキ,,,,,確認済
1985,500cc,esko-kuparinen,,,不明,,,,,確認済
1985,500cc,gary-lingham,,Myers Motorcycles,スズキ,,21,,,確認済
1985,500cc,geir-hestman,,,ホンダ,,,,,確認済
1985,500cc,georg-robert-jung,,,スズキ,,,,,確認済
1985,500cc,gerold-fischer,,,不明,,,,,確認済
1985,500cc,gunnar-bruhn,,,スズキ,,,,,確認済
1985,500cc,harrie-heutmekers,,,スズキ,,,,,確認済
1985,500cc,helmut-schutz,,,スズキ,,,,,確認済
1985,500cc,josef-doppler,,,スズキ,,,,,確認済
1985,500cc,josef-ragginger,,,スズキ,,,,,確認済
1985,500cc,karl-truchsess,,DAF Trucks,ホンダ,,,,,確認済
1985,500cc,keith-huewen,,SDC Builders,ホンダ,,29,,,確認済
1985,500cc,kjeld-sorensen,,,スズキ,,,,,確認済
1985,500cc,klaus-klein,,,スズキ,,,,,確認済
1985,500cc,lars-johansson,,,スズキ,,,,,確認済
1985,500cc,leandro-becheroni,,,スズキ,,,,,確認済
1985,500cc,lothar-spiegler,,,スズキ,,,,,確認済
1985,500cc,louis-luc-maisto,,,スズキ,,,,,確認済
1985,500cc,maarten-duyzers,,,スズキ,,,,,確認済
1985,500cc,manfred-fischer,,,ホンダ,,,,,確認済
1985,500cc,marco-gentile,,,ヤマハ,,,,,確認済
1985,500cc,marco-greco,,,ホンダ,,,,,確認済
1985,500cc,marco-lucchinelli,,Cagiva,カジバ,,,,,確認済
1985,500cc,marco-papa,,Team Arnetoli,スズキ,,,,,確認済
1985,500cc,mark-ordridge,,,スズキ,,,,,確認済
1985,500cc,mark-salle,,,スズキ,,,,,確認済
1985,500cc,massimo-broccoli,,??,スズキ,,27,,,確認済
1985,500cc,maurice-coq,,,スズキ,,,,,確認済
1985,500cc,michael-jansberg,,,スズキ,,,,,確認済
1985,500cc,paolo-cipriani,,,スズキ,,,,,確認済
1985,500cc,paolo-ferretti,,,ホンダ,,,,,確認済
1985,500cc,paul-iddon,,,スズキ,,,,,確認済
1985,500cc,pavol-dekanek,,,スズキ,,,,,確認済
1985,500cc,peter-lemstra,,,スズキ,,,,,確認済
1985,500cc,peter-linden,,,ホンダ,,,,,確認済
1985,500cc,peter-skold,,,ホンダ,,,,,確認済
1985,500cc,rainer-sautter,,,スズキ,,,,,確認済
1985,500cc,ray-swann,,,スズキ,,,,,確認済
1985,500cc,roger-marshall,,Rothmans Honda Britain,ホンダ,,51,,,確認済
1985,500cc,romolo-balbi,,,スズキ,,,,,確認済
1985,500cc,simon-buckmaster,,Sid Griffiths Racing/Duckhams,スズキ,,,,,確認済
1985,500cc,steve-parrish,,,ヤマハ,,,,,確認済
1985,500cc,toni-moran,,,スズキ,,,,,確認済
1985,500cc,trevor-nation,,,スズキ,,,,,確認済
1985,500cc,virginio-ferrari,,Cagiva,カジバ,,10,,,確認済
1985,500cc,wolfgang-von-muralt,,Frankonia Suzuki,スズキ,,,,,確認済
1985,250cc,freddie-spencer,,Rothmans Honda/HRC,ホンダ,,19,1,127,確認済
1985,250cc,anton-mang,,Marlboro Team Toni Mang,ホンダ,,5,2,124,確認済
1985,250cc,carlos-lavado,,Venemotos Racing Team,ヤマハ,,3,3,94,確認済
1985,250cc,martin-wimmer,,Lui-Yamaha Racing Team,ヤマハ,,7,4,69,確認済
1985,250cc,fausto-ricci,,Rothmans Honda Italia,ホンダ,,,5,50,確認済
1985,250cc,loris-reggiani,,Aprilia Racing Team,Aprilia-Rotax,,41,6,44,確認済
1985,250cc,alan-carter,,Donington Park,ホンダ,,9,7,32,確認済
1985,250cc,manfred-herweh,,Massa Racing Racing Team,リアル,,2,8,31,確認済
1985,250cc,reinhold-roth,,Römer Racing Team,ヤマハ,,13,9,29,確認済
1985,250cc,jacques-cornu,,Team Parisienne-Elf,ホンダ,,6,10,25,確認済
1985,250cc,pierre-bolle,,Team Parisienne-Elf,ホンダ,,,11,22,確認済
1985,250cc,carlos-cardus,,J.J. Cobas,JJコバス,,,12,21,確認済
1985,250cc,jean-michel-mattioli,,E.S.T.,ヤマハ,,14,13,19,確認済
1985,250cc,donnie-mcleod,,Silverstone Armstrong GP Team,CF250,,,14,14,確認済
1985,250cc,mario-rademeyer,,Team Heukerott,ヤマハ,,27,15,10,確認済
1985,250cc,siegfried-minich,,RS Rallye Sport,ヤマハ,,,16,9,確認済
1985,250cc,luis-miguel-reyes,,??,JJコバス,,39,17,9,確認済
1985,250cc,juan-garriga,,J.J. Cobas,JJコバス,,,18,8,確認済
1985,250cc,jean-francois-balde,,Venemotos Racing Team,Pernod,,10,19,8,確認済
1985,250cc,stephane-mertens,,Team Yamaha Total,ヤマハ,,,20,8,確認済
1985,250cc,dominique-sarron,,Rothmans Honda France,ホンダ,,,21,7,確認済
1985,250cc,maurizio-vitali,,Agrati Garelli,ガレリ,,32,22,5,確認済
1985,250cc,harald-eckl,,Römer Racing Team,ヤマハ,,,23,5,確認済
1985,250cc,hans-lindner,,Höstettler/Yamaha,ロータックス,,43,24,5,確認済
1985,250cc,roland-freymond,,Höstettler/Yamaha,ヤマハ,,,25,5,確認済
1985,250cc,jean-foray,,??,シュヴァリエ,,,26,4,確認済
1985,250cc,august-auinger,,Monnet Racing,EBB,,17,27,3,確認済
1985,250cc,patrick-igoa,,Rothmans Honda France,ホンダ,,70,28,1,確認済
1985,250cc,joey-dunlop,,Ernie Coates Racing,ホンダ,,29,29,1,確認済
1985,250cc,jean-louis-guignabodet,,M.I.G,MIG,,,30,1,確認済
1985,250cc,thierry-rapicault,,Segura,ヤマハ,,,31,1,確認済
1985,250cc,niall-mackenzie,,Silverstone Armstrong GP Team,CF250,,,32,1,確認済
1985,250cc,alain-bronec,,,ヤマハ,,,,,確認済
1985,250cc,alan-watts,,Ehrlich Automotive Ltd.,EMC,,50,,,確認済
1985,250cc,andrea-brasini,,,ヤマハ,,,,,確認済
1985,250cc,angel-nieto,,Agrati Garelli,ガレリ,,4,,,確認済
1985,250cc,antonio-garcia,,,JJコバス,,,,,確認済
1985,250cc,antonio-neto,,??,JJコバス,,72,,,確認済
1985,250cc,cees-doorakkers,,,ホンダ,,,,,確認済
1985,250cc,christian-andrieu,,,ヤマハ,,,,,確認済
1985,250cc,christian-boudinot,,,JJコバス,,,,,確認済
1985,250cc,constant-pittet,,,ヤマハ,,,,,確認済
1985,250cc,danny-bristol,,,ヤマハ,,,,,確認済
1985,250cc,dave-emond,,,ヤマハ,,,,,確認済
1985,250cc,dave-estment,,,ホンダ,,,,,確認済
1985,250cc,davide-tardozzi,,,Malanca,,,,,確認済
1985,250cc,edwin-weibel,,??,ヤマハ,,55,,,確認済
1985,250cc,eric-de-donker,,,ホンダ,,,,,確認済
1985,250cc,eric-saul,,,Parenti,,,,,確認済
1985,250cc,erich-klein,,,ロータックス,,,,,確認済
1985,250cc,fabio-marcaccini,,,ヤマハ,,,,,確認済
1985,250cc,franz-lederer,,,ロータックス,,,,,確認済
1985,250cc,franz-wagner,,,ヤマハ,,,,,確認済
1985,250cc,gabriel-grabia,,,ヤマハ,,,,,確認済
1985,250cc,gary-noel,,Exactweld GB Ltd,EMC,,20,,,確認済
1985,250cc,geoff-fowler,,Antonio Gutierrez,ヤマハ,,48,,,確認済
1985,250cc,gerard-vallee,,,ヤマハ,,,,,確認済
1985,250cc,gerhard-singer,,,ロータックス,,,,,確認済
1985,250cc,guy-bertin,,,Malanca,,,,,確認済
1985,250cc,guy-olla,,,ヤマハ,,,,,確認済
1985,250cc,hans-becker,,Dieter Braun PVM Team,ヤマハ,,51,,,確認済
1985,250cc,herbert-besendorfer,,,ヤマハ,,,,,確認済
1985,250cc,herbert-hauf,,,セール,,,,,確認済
1985,250cc,hubert-abold,,,ホンダ,,,,,確認済
1985,250cc,ivan-palazzese,,Venemotos Racing Team,ヤマハ,,16,,,確認済
1985,250cc,jacky-onda,,Venemotos Racing Team,ヤマハ,,62,,,確認済
1985,250cc,jean-dassonville,,,ヤマハ,,,,,確認済
1985,250cc,jean-luc-guillemet,,??,ヤマハ,,22,,,確認済
1985,250cc,josef-hutter,,,Bartol,,,,,確認済
1985,250cc,karl-thomas-grassel,,Römer Racing Team,ホンダ,,61,,,確認済
1985,250cc,kenny-irons,,,ヤマハ,,,,,確認済
1985,250cc,kevin-hellyer,,,ヤマハ,,,,,確認済
1985,250cc,konrad-hefele,,,ヤマハ,,,,,確認済
1985,250cc,leonard-dibon,,,ヤマハ,,,,,確認済
1985,250cc,manfred-obinger,,,ヤマハ,,,,,確認済
1985,250cc,marc-schouten,,,ヤマハ,,,,,確認済
1985,250cc,marcellino-lucchi,,,Malanca,,,,,確認済
1985,250cc,martin-fug,,,ヤマハ,,,,,確認済
1985,250cc,massimo-broccoli,,,アプリリア,,,,,確認済
1985,250cc,massimo-matteoni,,,ホンダ,,,,,確認済
1985,250cc,michel-galbit,,??,ヤマハ,,54,,,確認済
1985,250cc,patrick-fernandez,,Promoto E.S.T.,JJコバス,,15,,,確認済
1985,250cc,peter-hubbard,,,ロータックス,,,,,確認済
1985,250cc,philippe-pagano,,??,ヤマハ,,21,,,確認済
1985,250cc,rene-delaby,,??,ロータックス,,69,,,確認済
1985,250cc,robbie-petersen,,,ホンダ,,,,,確認済
1985,250cc,roland-busch,,,ヤマハ,,,,,確認済
1985,250cc,ronan-schulz,,,ヤマハ,,,,,確認済
1985,250cc,russell-wood,,,ヤマハ,,,,,確認済
1985,250cc,silvio-habat,,,ヤマハ,,,,,確認済
1985,250cc,stefan-klabacher,,,ロータックス,,,,,確認済
1985,250cc,stefano-caracchi,,Team Italia,MBA,,30,,,確認済
1985,250cc,steve-williams,,,ヤマハ,,,,,確認済
1985,250cc,thomas-bacher,,,ロータックス,,,,,確認済
1985,250cc,tony-head,,,Armstrong,,,,,確認済
1985,250cc,tony-rogers,,,Armstrong,,,,,確認済
1985,250cc,vincenzo-cascino,,??,ヤマハ,,25,,,確認済
1985,250cc,warren-bristol,,,ヤマハ,,,,,確認済
1985,125cc,fausto-gresini,,,ガレリ,,,1,109,確認済
1985,125cc,pier-paolo-bianchi,,,MBA,,,2,99,確認済
1985,125cc,august-auinger,,,Monnet,,,3,78,確認済
1985,125cc,ezio-gianola,,,ガレリ,,,4,77,確認済
1985,125cc,bruno-kneubuhler,,,LCR,,,5,58,確認済
1985,125cc,domenico-brigaglia,,,MBA,,,6,45,確認済
1985,125cc,jean-claude-selini,,,MBA,,,7,36,確認済
1985,125cc,jussi-hautaniemi,,,MBA,,,8,26,確認済
1985,125cc,lucio-pietroniro,,,MBA,,,9,25,確認済
1985,125cc,olivier-liegeois,,,KLS,,,10,23,確認済
1985,125cc,johnny-wickstrom,,,MBA,,,11,17,確認済
1985,125cc,maurizio-vitali,,,MBA,,,12,10,確認済
1985,125cc,alfred-waibel,,,MBA,,,13,10,確認済
1985,125cc,willy-perez,,,MBA,,,14,9,確認済
1985,125cc,giuseppe-ascareggi,,,MBA,,,15,6,確認済
1985,125cc,hakan-olsson,,,Starol,,,16,5,確認済
1985,125cc,luca-cadalora,,,MBA,,,17,4,確認済
1985,125cc,andres-sanchez,,,MBA,,,18,4,確認済
1985,125cc,willi-hupperich,,,MBA,,,19,4,確認済
1985,125cc,mike-leitner,,,MBA,,,20,3,確認済
1985,125cc,esa-kytola,,,MBA,,,21,3,確認済
1985,125cc,thierry-feuz,,,MBA,,,22,3,確認済
1985,125cc,gastone-grassetti,,,MBA,,,23,2,確認済
1985,125cc,jacques-hutteau,,,MBA,,,24,2,確認済
1985,125cc,michel-escudier,,,MBA,,,25,1,確認済
1985,125cc,michael-mcgarrity,,,MBA,,,26,1,確認済
1985,125cc,adi-stadler,,,MBA,,,,,確認済
1985,125cc,alain-trippaers,,,MBA,,,,,確認済
1985,125cc,alex-bedford,,,MBA,,,,,確認済
1985,125cc,alfons-breu,,,MBA,,,,,確認済
1985,125cc,angel-del-pozo,,,RB,,,,,確認済
1985,125cc,anton-straver,,,MBA,,,,,確認済
1985,125cc,b-rge-nielsen,,,Hummel,,,,,確認済
1985,125cc,bady-hassaine,,,MBA,,,,,確認済
1985,125cc,beat-sidler,,,MBA,,,,,確認済
1985,125cc,bengt-eliasson,,,MBA,,,,,確認済
1985,125cc,bo-blumenthal,,,MBA,,,,,確認済
1985,125cc,boy-van-erp,,,MBA,,,,,確認済
1985,125cc,chris-baert,,,MBA,,,,,確認済
1985,125cc,christoph-burki,,,MBA,,,,,確認済
1985,125cc,daniel-mateos,,,MBA,,,,,確認済
1985,125cc,dirk-hafeneger,,,MBA,,,,,確認済
1985,125cc,eric-gijsel,,,MBA,,,,,確認済
1985,125cc,fabio-meozzi,,,MBA,,,,,確認済
1985,125cc,fernando-gonzalez,,,MBA,,,,,確認済
1985,125cc,flemming-kistrup,,,MBA,,,,,確認済
1985,125cc,franz-birrer,,,MBA,,,,,確認済
1985,125cc,hans-pristavnik,,,MBA,,,,,確認済
1985,125cc,hein-vink,,,MBA,,,,,確認済
1985,125cc,helmut-lichtenburg,,,MBA,,,,,確認済
1985,125cc,henrik-rasmussen,,,MBA,,,,,確認済
1985,125cc,hubert-abold,,,MBA,,,,,確認済
1985,125cc,hugo-vignetti,,,MBA,,,,,確認済
1985,125cc,ian-mcconnachie,,,MBA,,,,,確認済
1985,125cc,jan-eggens,,,EGA,,,,,確認済
1985,125cc,jean-claude-collard,,,MBA,,,,,確認済
1985,125cc,jorgen-ask,,,MBA,,,,,確認済
1985,125cc,josef-bader,,,MBA,,,,,確認済
1985,125cc,juha-pakkanen,,,MBA,,,,,確認済
1985,125cc,karl-dauer,,,MBA,,,,,確認済
1985,125cc,lars-erik-kalleso,,,MBA,,,,,確認済
1985,125cc,luc-beugnier,,,ホンダ,,,,,確認済
1985,125cc,manfred-braun,,,MBA,,,,,確認済
1985,125cc,manuel-herreros,,,MBA,,,,,確認済
1985,125cc,matti-kinnunen,,,MBA,,,,,確認済
1985,125cc,mickel-nielsen,,,MBA,,,,,確認済
1985,125cc,mogens-johansen,,,MBA,,,,,確認済
1985,125cc,norbert-peschke,,,MBA,,,,,確認済
1985,125cc,paul-bordes,,,MBA,,,,,確認済
1985,125cc,peter-balaz,,,MBA,,,,,確認済
1985,125cc,peter-sommer,,,MBA,,,,,確認済
1985,125cc,petri-vourela,,,MBA,,,,,確認済
1985,125cc,pierfrancesco-chili,,,MBA,,,,,確認済
1985,125cc,ramon-pano,,,ヤワ,,,,,確認済
1985,125cc,rene-dunki,,,MBA,,,,,確認済
1985,125cc,robert-hmeljak,,,MBA,,,,,確認済
1985,125cc,robin-appleyard,,,MBA,,,,,確認済
1985,125cc,rune-zalle,,,MBA,,,,,確認済
1985,125cc,stefan-sand,,,MBA,,,,,確認済
1985,125cc,steve-mason,,,MBA,,,,,確認済
1985,125cc,thomas-m-ller-pedersen,,,MBA,,,,,確認済
1985,125cc,ton-spek,,,MBA,,,,,確認済
1985,125cc,vincenzo-cascino,,,MBA,,,,,確認済
1985,125cc,werner-schmied,,,ロータックス,,,,,確認済
1985,125cc,wilhelm-lucke,,,MBA,,,,,確認済
1985,80cc,stefan-dorflinger,,,クラウザー,,,1,86,確認済
1985,80cc,jorge-martinez,,,デルビ,,,2,67,確認済
1985,80cc,gerd-kafka,,,リエフ,,,3,48,確認済
1985,80cc,manuel-herreros,,,デルビ,,,4,45,確認済
1985,80cc,alfred-waibel,,,リアル,,,5,35,確認済
1985,80cc,ian-mcconnachie,,,クラウザー,,,6,33,確認済
1985,80cc,theo-timmer,,,リエフ,,,7,21,確認済
1985,80cc,henk-van-kessel,,,リエフ,,,8,18,確認済
1985,80cc,angel-nieto,,,デルビ,,,9,15,確認済
1985,80cc,paul-rimmelzwaan,,,リエフ,,,10,15,確認済
1985,80cc,jean-marc-velay,,,リエフ,,,11,14,確認済
1985,80cc,hans-spaan,,,リエフ,,,12,13,確認済
1985,80cc,joan-bolart,,,Autisa,,,13,9,確認済
1985,80cc,stefan-prein,,,リエフ,,,14,6,確認済
1985,80cc,serge-julin,,,リエフ,,,15,6,確認済
1985,80cc,domingo-gil,,,Autisa,,,16,5,確認済
1985,80cc,rudolf-kunz,,,リエフ,,,17,5,確認済
1985,80cc,vincenzo-sblendorio,,,リエフ,,,18,4,確認済
1985,80cc,reinhard-koberstein,,,リエフ,,,19,4,確認済
1985,80cc,richard-bay,,,リエフ,,,20,4,確認済
1985,80cc,giuliano-tabanelli,,,リエフ,,,21,3,確認済
1985,80cc,cees-besseling,,,CJB,,,22,2,確認済
1985,80cc,jamie-lodge,,,クラウザー,,,23,2,確認済
1985,80cc,gunter-schirnhofer,,,クラウザー,,,24,1,確認済
1985,80cc,bernd-rossbach,,,リエフ,,,25,1,確認済
1985,80cc,aad-wijsman,,,Harmsen,,,,,確認済
1985,80cc,alojz-pavlic,,,セール,,,,,確認済
1985,80cc,bert-smit,,,BZ,,,,,確認済
1985,80cc,chris-baert,,,Eberhardt,,,,,確認済
1985,80cc,gerhard-waibel,,,リアル,,,,,確認済
1985,80cc,hans-koopman,,,Ziegler,,,,,確認済
1985,80cc,henri-van-heist,,,カザル,,,,,確認済
1985,80cc,herri-torrontegui,,,JJコバス,,,,,確認済
1985,80cc,jarmo-piepponen,,,カザル,,,,,確認済
1985,80cc,joaquim-gali,,,デルビ,,,,,確認済
1985,80cc,johann-auer,,,Eberhardt,,,,,確認済
1985,80cc,jos-van-dongen,,,カザル,,,,,確認済
1985,80cc,jose-saez,,,デルビ,,,,,確認済
1985,80cc,mika-sakari-komu,,,Eberhardt,,,,,確認済
1985,80cc,otto-machinek,,,Hummel,,,,,確認済
1985,80cc,paolo-priori,,,Lusuardi,,,,,確認済
1985,80cc,raimo-lipponen,,,Imatra,,,,,確認済
1985,80cc,ramon-gali,,,ブルタコ,,,,,確認済
1985,80cc,reiner-koster,,,LCR,,,,,確認済
1985,80cc,rene-dunki,,,クラウザー,,,,,確認済
1985,80cc,ricardo-blanco,,,Minarelli,,,,,確認済
1985,80cc,steve-mason,,,MBA,,,,,確認済
1985,80cc,thomas-engl,,,Esch,,,,,確認済
1985,80cc,wilco-zeelenberg,,,カザル,,,,,確認済
1985,80cc,zdravko-matulja,,,Ziegler,,,,,確認済
1986,500cc,eddie-lawson,,Yamaha Marlboro Team Agostini SRL,ヤマハ,,2,1,139,確認済
1986,500cc,wayne-gardner,,Rothmans Honda/HRC,ホンダ,,4,2,117,確認済
1986,500cc,randy-mamola,,Team Lucky Strike Roberts,ヤマハ,,6,3,105,確認済
1986,500cc,mike-baldwin,,Team Lucky Strike Roberts,ヤマハ,,11,4,78,確認済
1986,500cc,rob-mcelnea,,Yamaha Marlboro Team Agostini SRL,ヤマハ,,9,5,60,確認済
1986,500cc,christian-sarron,,Team Gauloises Blondes Yamaha,ヤマハ,,3,6,58,確認済
1986,500cc,didier-de-radigues,,Rollstar Honda Racing Team,ホンダ,,8,7,42,確認済
1986,500cc,raymond-roche,,Racing Team Katayama,ホンダ,,7,8,35,確認済
1986,500cc,ron-haslam,,Team Elf-ROC,ELF,,5,9,18,確認済
1986,500cc,pierfrancesco-chili,,HB Suzuki,スズキ,,,10,11,確認済
1986,500cc,niall-mackenzie,,Skoal Bandit Heron Suzuki,スズキ,,,11,11,確認済
1986,500cc,boet-van-dulmen,,PDM Chrome Tapes,ホンダ,,10,12,8,確認済
1986,500cc,shunji-yatsushiro,,HRC-Moriwaki,ホンダ,,54,13,7,確認済
1986,500cc,gustav-reiner,,Honda Deutschland,ホンダ,,14,14,5,確認済
1986,500cc,fabio-biliotti,,Team Italia,ホンダ,,23,15,5,確認済
1986,500cc,dave-petersen,,HB Suzuki,スズキ,,26,16,5,確認済
1986,500cc,juan-garriga,,Cagiva,カジバ,,,17,4,確認済
1986,500cc,paul-lewis,,Skoal Bandit Heron Suzuki,スズキ,,33,18,4,確認済
1986,500cc,mile-pajic,,Stichting Netherlands Racing Team,ホンダ,,35,19,3,確認済
1986,500cc,kenny-irons,,Loctite Suzuki,スズキ,,41,20,3,確認済
1986,500cc,roger-burnett,,Rothmans Honda Britain,ホンダ,,,21,3,確認済
1986,500cc,kevin-schwantz,,Rizla Heron Suzuki,スズキ,,34,22,2,確認済
1986,500cc,wolfgang-von-muralt,,Frankonia-Suzuki Schweiz,スズキ,,,23,2,確認済
1986,500cc,marco-papa,,??,ホンダ,,18,24,1,確認済
1986,500cc,alessandro-valesi,,,ホンダ,,,,,確認済
1986,500cc,andy-leuthe,,??,ホンダ,,37,,,確認済
1986,500cc,armando-errico,,,スズキ,,,,,確認済
1986,500cc,bohumil-stasa,,,ホンダ,,,,,確認済
1986,500cc,christian-le-liard,,Team Elf-ROC,ELF,,52,,,確認済
1986,500cc,dennis-ireland,,,スズキ,,,,,確認済
1986,500cc,dietmar-mayer,,??,ホンダ,,45,,,確認済
1986,500cc,eero-hyvarinen,,,ホンダ,,,,,確認済
1986,500cc,esko-kuparinen,,,ホンダ,,,,,確認済
1986,500cc,fabio-barchitta,,,ホンダ,,,,,確認済
1986,500cc,freddie-spencer,,Rothmans Honda/HRC,ホンダ,,1,,,確認済
1986,500cc,gary-lingham,,,スズキ,,,,,確認済
1986,500cc,gerold-fischer,,,ホンダ,,,,,確認済
1986,500cc,helmut-schutz,,RS Rallye Sport Motorsport Handels,ホンダ,,56,,,確認済
1986,500cc,henk-van-der-mark,,PDM Chrome Tapes,ホンダ,,39,,,確認済
1986,500cc,josef-doppler,,,ホンダ,,,,,確認済
1986,500cc,karl-truchsess,,,ホンダ,,,,,確認済
1986,500cc,lars-johansson,,,スズキ,,,,,確認済
1986,500cc,leandro-becheroni,,Ciesse Piumini,スズキ,,55,,,確認済
1986,500cc,maarten-duyzers,,HDJ Sportswear,スズキ,,48,,,確認済
1986,500cc,manfred-fischer,,Hein Gericke Racing,ホンダ,,,,,確認済
1986,500cc,marco-gentile,,Ecurie Fior,フィオール,,20,,,確認済
1986,500cc,marco-lucchinelli,,Cagiva,カジバ,,58,,,確認済
1986,500cc,masaru-mizutani,,Walter Wolf,スズキ,,,,,確認済
1986,500cc,massimo-messere,,,ホンダ,,,,,確認済
1986,500cc,peter-linden,,,ホンダ,,,,,確認済
1986,500cc,philippe-robinet,,,ホンダ,,,,,確認済
1986,500cc,rob-punt,,,ホンダ,,,,,確認済
1986,500cc,roger-marshall,,Rothmans Honda Britain,ホンダ,,43,,,確認済
1986,500cc,simon-buckmaster,,Duckhams Oil,ホンダ,,31,,,確認済
1986,500cc,steve-manley,,,スズキ,,,,,確認済
1986,500cc,vittorio-scatola,,,パトン,,,,,確認済
1986,250cc,carlos-lavado,,HB-Venemotos Racing Team,ヤマハ,,3,1,114,確認済
1986,250cc,sito-pons,,Campsa-Honda,ホンダ,,19,2,108,確認済
1986,250cc,dominique-sarron,,Rothmans Honda,ホンダ,,,3,72,確認済
1986,250cc,anton-mang,,Rothmans Honda,ホンダ,,2,4,65,確認済
1986,250cc,jean-francois-balde,,Racing Team Katayama,ホンダ,,17,5,63,確認済
1986,250cc,martin-wimmer,,Yamaha Marlboro Team Agostini SRL,ヤマハ,,4,6,56,確認済
1986,250cc,jacques-cornu,,Team Parisienne-Elf,ホンダ,,10,7,32,確認済
1986,250cc,fausto-ricci,,MC Bielle Roventi Honda Italy,ホンダ,,5,8,30,確認済
1986,250cc,tadahiko-taira,,Yamaha Marlboro Team Agostini SRL,ヤマハ,,,9,28,確認済
1986,250cc,donnie-mcleod,,Silverstone-Armstrong,Armstrong,,15,10,27,確認済
1986,250cc,pierre-bolle,,Team Parisienne-Elf,Parisienne,,11,11,21,確認済
1986,250cc,carlos-cardus,,Campsa-Honda,ホンダ,,12,12,17,確認済
1986,250cc,stephane-mertens,,Johnson Team Total,ヤマハ,,,13,14,確認済
1986,250cc,virginio-ferrari,,Racing Team Katayama,ホンダ,,,14,14,確認済
1986,250cc,maurizio-vitali,,Team Italia Garelli,ガレリ,,,15,12,確認済
1986,250cc,reinhold-roth,,HB-Römer Racing Team,ホンダ,,9,16,10,確認済
1986,250cc,alan-carter,,Braun Cobas,JJコバス,,7,17,9,確認済
1986,250cc,jean-michel-mattioli,,Team Mattioli,ヤマハ,,14,18,9,確認済
1986,250cc,manfred-herweh,,HB-Aprilia Team 250,アプリリア,,8,19,7,確認済
1986,250cc,jean-foray,,??,シュヴァリエ,,,20,7,確認済
1986,250cc,niall-mackenzie,,Silverstone-Armstrong,Armstrong,,,21,4,確認済
1986,250cc,siegfried-minich,,Honda Racing Team,ホンダ,,23,22,4,確認済
1986,250cc,massimo-matteoni,,Nuovo Moto Club,ホンダ,,20,23,2,確認済
1986,250cc,hans-lindner,,Atomic Road Racing Team,ロータックス,,,24,1,確認済
1986,250cc,alberto-rota,,,ホンダ,,,,,確認済
1986,250cc,andy-preining,,,ヤマハ,,,,,確認済
1986,250cc,antonio-boronat,,,リエフ,,,,,確認済
1986,250cc,antonio-garcia,,,ホンダ,,,,,確認済
1986,250cc,antonio-neto,,,ヤマハ,,,,,確認済
1986,250cc,bruno-bonhuil,,Motor Team Development,ホンダ,,22,,,確認済
1986,250cc,bruno-casanova,,,ホンダ,,,,,確認済
1986,250cc,carl-fogarty,,,ヤマハ,,,,,確認済
1986,250cc,christian-boudinot,,,JJコバス,,,,,確認済
1986,250cc,fernando-gonzalez,,,JJコバス,,,,,確認済
1986,250cc,garry-cowan,,,ホンダ,,,,,確認済
1986,250cc,gary-noel,,Ehrlich Automotive,EMC,,,,,確認済
1986,250cc,guy-bertin,,Team Parisienne-Elf,Parisienne,,59,,,確認済
1986,250cc,hans-becker,,Dieter Braun PVM Levior Team,ヤマハ,,,,,確認済
1986,250cc,harald-eckl,,HB-Römer Racing Team,ホンダ,,25,,,確認済
1986,250cc,herbert-besendorfer,,Werberger Konservenfabrik Koch KG,ヤマハ,,45,,,確認済
1986,250cc,herbert-hauf,,,ホンダ,,,,,確認済
1986,250cc,ian-newton,,Silverstone-Armstrong,Armstrong,,52,,,確認済
1986,250cc,ivan-palazzese,,,ロータックス,,,,,確認済
1986,250cc,jean-louis-guignabodet,,MIG,MIG,,,,,確認済
1986,250cc,jean-louis-tournadre,,??,ヤマハ,,,,,確認済
1986,250cc,jochen-schmid,,,ヤマハ,,,,,確認済
1986,250cc,loris-reggiani,,Team Aprilia,アプリリア,,6,,,確認済
1986,250cc,marc-schouten,,,ホンダ,,,,,確認済
1986,250cc,marcellino-lucchi,,,リエフ,,,,,確認済
1986,250cc,michel-simeon,,,ヤマハ,,,,,確認済
1986,250cc,nigel-bosworth,,,ヤマハ,,,,,確認済
1986,250cc,osamu-hiwatashi,,,ホンダ,,,,,確認済
1986,250cc,oscar-la-ferla,,,ヤマハ,,,,,確認済
1986,250cc,rene-delaby,,RK,ロータックス,,,,,確認済
1986,250cc,roland-freymond,,Hostettler-Yamaha,ヤマハ,,,,,確認済
1986,250cc,stefano-caracchi,,Team Aprilia,アプリリア,,,,,確認済
1986,250cc,urs-luzi,,Wintershall Racing Team,ヤマハ,,,,,確認済
1986,125cc,luca-cadalora,,,ガレリ,,,1,122,確認済
1986,125cc,fausto-gresini,,,ガレリ,,,2,114,確認済
1986,125cc,domenico-brigaglia,,,Ducados,,,3,80,確認済
1986,125cc,august-auinger,,,Bartol,,,4,60,確認済
1986,125cc,ezio-gianola,,,MBA,,,5,57,確認済
1986,125cc,bruno-kneubuhler,,,MBA,,,6,54,確認済
1986,125cc,lucio-pietroniro,,,MBA,,,7,37,確認済
1986,125cc,pier-paolo-bianchi,,,Seel Elit,,,8,34,確認済
1986,125cc,johnny-wickstrom,,,Tunturi,,,9,33,確認済
1986,125cc,willy-perez,,,Zanella,,,10,26,確認済
1986,125cc,olivier-liegeois,,,Assmex,,,11,21,確認済
1986,125cc,thierry-feuz,,,MBA,,,12,19,確認済
1986,125cc,angel-nieto,,,Ducados,,,13,15,確認済
1986,125cc,paolo-casoli,,,MBA,,,14,14,確認済
1986,125cc,gastone-grassetti,,,MBA,,,15,9,確認済
1986,125cc,jussi-hautaniemi,,,MBA,,,16,8,確認済
1986,125cc,adi-stadler,,,MBA,,,17,6,確認済
1986,125cc,alfred-waibel,,,リアル,,,18,5,確認済
1986,125cc,hakan-olsson,,,Starol,,,19,5,確認済
1986,125cc,andres-sanchez,,,MBA,,,20,3,確認済
1986,125cc,mike-leitner,,,MBA,,,21,2,確認済
1986,125cc,esa-kytola,,,MBA,,,22,2,確認済
1986,125cc,alain-kempener,,,不明,,,,,確認済
1986,125cc,anton-straver,,,不明,,,,,確認済
1986,125cc,bady-hassaine,,,MBA,,,,,確認済
1986,125cc,eric-saul,,,LGM,,,,,確認済
1986,125cc,ernst-himmelsbach,,,MBA,,,,,確認済
1986,125cc,fernando-gonzalez,,,MBA,,,,,確認済
1986,125cc,giuseppe-ascareggi,,,セール,,,,,確認済
1986,125cc,ivan-troisi,,,MBA,,,,,確認済
1986,125cc,jamie-whitham,,,MBA,,,,,確認済
1986,125cc,jan-eggens,,,MBA,,,,,確認済
1986,125cc,jean-claude-selini,,,MBA,,,,,確認済
1986,125cc,norbert-peschke,,,MBA,,,,,確認済
1986,125cc,patrick-daudier,,,不明,,,,,確認済
1986,125cc,paul-bordes,,,MBA,,,,,確認済
1986,125cc,peter-balaz,,,MBA,,,,,確認済
1986,125cc,peter-sommer,,,不明,,,,,確認済
1986,125cc,robin-appleyard,,,MBA,,,,,確認済
1986,125cc,robin-milton,,,MBA,,,,,確認済
1986,125cc,ton-spek,,,不明,,,,,確認済
1986,125cc,willi-hupperich,,,不明,,,,,確認済
1986,80cc,jorge-martinez,,,デルビ,,,1,94,確認済
1986,80cc,manuel-herreros,,,デルビ,,,2,85,確認済
1986,80cc,stefan-dorflinger,,,クラウザー,,,3,82,確認済
1986,80cc,hans-spaan,,,カザル,,,4,57,確認済
1986,80cc,gerhard-waibel,,,リアル,,,5,51,確認済
1986,80cc,ian-mcconnachie,,,クラウザー,,,6,50,確認済
1986,80cc,angel-nieto,,,デルビ,,,7,45,確認済
1986,80cc,pier-paolo-bianchi,,,セール,,,8,44,確認済
1986,80cc,josef-fischer,,,クラウザー,,,9,13,確認済
1986,80cc,gerd-kafka,,,クラウザー,,,10,9,確認済
1986,80cc,wilco-zeelenberg,,,カザル,,,11,8,確認済
1986,80cc,hubert-abold,,,リエフ,,,12,8,確認済
1986,80cc,theo-timmer,,,カザル,,,13,6,確認済
1986,80cc,joan-bolart,,,Autisa,,,14,6,確認済
1986,80cc,rudolf-kunz,,,リエフ,,,15,6,確認済
1986,80cc,alex-barros,,,リエフ,,,16,6,確認済
1986,80cc,henk-van-kessel,,,クラウザー,,,17,5,確認済
1986,80cc,domingo-gil,,,Autisa,,,18,5,確認済
1986,80cc,rainer-scheidhauer,,,セール,,,19,4,確認済
1986,80cc,alfred-waibel,,,リアル,,,20,3,確認済
1986,80cc,felix-rodriguez,,,Autisa,,,21,3,確認済
1986,80cc,luis-miguel-reyes,,,Autisa,,,22,2,確認済
1986,80cc,herri-torrontegui,,,JJコバス,,,23,1,確認済
1986,80cc,salvatore-milano,,,クラウザー,,,24,1,確認済
1986,80cc,bert-smit,,,Minarelli,,,,,確認済
1986,80cc,chris-baert,,,セール,,,,,確認済
1986,80cc,gunter-schirnhofer,,,クラウザー,,,,,確認済
1986,80cc,hans-koopman,,,リエフ,,,,,確認済
1986,80cc,jos-van-dongen,,,クラウザー,,,,,確認済
1986,80cc,juan-esteve,,,Autisa,,,,,確認済
1986,80cc,otto-machinek,,,クラウザー,,,,,確認済
1986,80cc,ralf-waldmann,,,リエフ,,,,,確認済
1986,80cc,ramon-gali,,,クラウザー,,,,,確認済
1986,80cc,reiner-koster,,,LCR,,,,,確認済
1986,80cc,rene-dunki,,,クラウザー,,,,,確認済
1986,80cc,xavier-arumi,,,Autisa,,,,,確認済
1987,500cc,wayne-gardner,,Rothmans Honda/HRC,ホンダ,,2,1,178,確認済
1987,500cc,randy-mamola,,Team Lucky Strike Roberts,ヤマハ,,3,2,158,確認済
1987,500cc,eddie-lawson,,Marlboro Yamaha Team Agostini,ヤマハ,,1,3,157,確認済
1987,500cc,ron-haslam,,Team Elf-ROC,ELF,,9,4,72,確認済
1987,500cc,niall-mackenzie,,HB Honda/HRC,ホンダ,,11,5,61,確認済
1987,500cc,tadahiko-taira,,Marlboro Yamaha Team Agostini,ヤマハ,,21,6,56,確認済
1987,500cc,dominique-sarron,,,ヤマハ,,,7,52,確認済
1987,500cc,pierfrancesco-chili,,HB Honda Gallina,ホンダ,,10,8,47,確認済
1987,500cc,shunji-yatsushiro,,Rothmans Honda/HRC,ホンダ,,16,9,40,確認済
1987,500cc,rob-mcelnea,,Marlboro Yamaha Team Agostini,ヤマハ,,5,10,39,確認済
1987,500cc,roger-burnett,,Rothmans Honda Britain,ホンダ,,12,11,25,確認済
1987,500cc,didier-de-radigues,,Team Cagiva - Alstare,カジバ,,7,12,21,確認済
1987,500cc,raymond-roche,,Team Cagiva - Alstare,カジバ,,8,13,15,確認済
1987,500cc,kenny-irons,,Heron Suzuki GB Ltd,スズキ,,18,14,12,確認済
1987,500cc,kevin-magee,,Yamaha Team Roberts,ヤマハ,,,15,11,確認済
1987,500cc,kevin-schwantz,,Heron Suzuki GB Ltd,スズキ,,34,16,11,確認済
1987,500cc,shinichi-ito,,,スズキ,,,17,10,確認済
1987,500cc,mike-baldwin,,Team Lucky Strike Roberts,ヤマハ,,4,18,6,確認済
1987,500cc,gustav-reiner,,Hein Gericke Racing,ホンダ,,14,19,5,確認済
1987,500cc,freddie-spencer,,HRC,ホンダ,,19,20,4,確認済
1987,500cc,hiroyuki-kawasaki,,Team Lucky Strike Roberts,ヤマハ,,33,21,4,確認済
1987,500cc,allan-scott,,,ヤマハ,,,22,3,確認済
1987,500cc,shinji-katayama,,Team Lucky Strike Roberts,ヤマハ,,29,23,2,確認済
1987,500cc,marco-gentile,,Lucky Strike Fior,フィオール,,25,24,1,確認済
1987,500cc,alessandro-valesi,,Team Iberna,ホンダ,,23,,,確認済
1987,500cc,andy-leuthe,,Andy Leuthe World Championship Racing,ホンダ,,40,,,確認済
1987,500cc,bruno-kneubuhler,,Bruno Kneubühler,ホンダ,,,,,確認済
1987,500cc,christian-sarron,,Team Sonauto Gauloises,ヤマハ,,6,,,確認済
1987,500cc,daniel-amatriain,,Daniel Amatriain Grand Prix Racing,ホンダ,,37,,,確認済
1987,500cc,donnie-mcleod,,Heron Suzuki GB Ltd,スズキ,,34,,,確認済
1987,500cc,esko-kuparinen,,,ホンダ,,,,,確認済
1987,500cc,fabio-barchitta,,La Vigile San Marco,ホンダ,,,,,確認済
1987,500cc,fabio-biliotti,,Servisco,ホンダ,,15,,,確認済
1987,500cc,franz-kaserer,,,スズキ,,,,,確認済
1987,500cc,gerhard-vogt,,,スズキ,,,,,確認済
1987,500cc,gerold-fischer,,Rallye Sport,ホンダ,,,,,確認済
1987,500cc,gunter-fischer,,Rallye Sport,ホンダ,,27,,,確認済
1987,500cc,helmut-schutz,,,ホンダ,,,,,確認済
1987,500cc,henk-van-der-mark,,,ホンダ,,,,,確認済
1987,500cc,henry-boerman,,Assmex Docshop,ホンダ,,40,,,確認済
1987,500cc,herve-guilleux,,Fior-SNCF,フィオール,,,,,確認済
1987,500cc,ian-pratt,,,ホンダ,,,,,確認済
1987,500cc,joey-dunlop,,Shell Gemini,ホンダ,,52,,,確認済
1987,500cc,josef-doppler,,,ホンダ,,,,,確認済
1987,500cc,karl-truchsess,,Shell-DAF Trucks,ホンダ,,52,,,確認済
1987,500cc,kenny-roberts-jr,,Team Lucky Strike Roberts,ヤマハ,,51,,,確認済
1987,500cc,larry-moreno-vacondio,,,スズキ,,,,,確認済
1987,500cc,leandro-becheroni,,,ホンダ,,,,,確認済
1987,500cc,maarten-duyzers,,H.D.J. B.Y,ホンダ,,,,,確認済
1987,500cc,manfred-fischer,,Hein Gericke Racing,ホンダ,,,,,確認済
1987,500cc,marco-marchesani,,Motoclub Merate,スズキ,,68,,,確認済
1987,500cc,marco-papa,,,ホンダ,,,,,確認済
1987,500cc,massimo-broccoli,,,ホンダ,,,,,確認済
1987,500cc,michael-rudroff,,,ホンダ,,,,,確認済
1987,500cc,norihiko-fujiwara,,MS Kajigaya,ヤマハ,,35,,,確認済
1987,500cc,peter-linden,,Team Sweden,ホンダ,,32,,,確認済
1987,500cc,rachel-nicotte,,,スズキ,,,,,確認済
1987,500cc,ray-swann,,Aldridge Racing,ホンダ,,,,,確認済
1987,500cc,richard-scott,,Honda Britain,ヤマハ,,33,,,確認済
1987,500cc,rob-punt,,Assmex Docshop,スズキ,,39,,,確認済
1987,500cc,roger-marshall,,Skoal Bandit Heron Suzuki,スズキ,,46,,,確認済
1987,500cc,romolo-balbi,,,ホンダ,,,,,確認済
1987,500cc,simon-buckmaster,,Duckhams NLM - North London Motorcycles,ホンダ,,22,,,確認済
1987,500cc,steve-manley,,,スズキ,,,,,確認済
1987,500cc,takumi-ito,,Heron Suzuki GB Ltd,スズキ,,32,,,確認済
1987,500cc,thierry-rapicault,,Fior-SNCF,フィオール,,,,,確認済
1987,500cc,tony-carey,,,スズキ,,,,,確認済
1987,500cc,vincenzo-cascino,,Vincenzo Cascino,スズキ,,39,,,確認済
1987,500cc,vittorio-gibertini,,Team Greco,スズキ,,38,,,確認済
1987,500cc,vittorio-scatola,,Moto Paton Srl.,パトン,,40,,,確認済
1987,500cc,wolfgang-von-muralt,,Frankonia-Suzuki,スズキ,,24,,,確認済
1987,250cc,anton-mang,,Rothmans Honda,ホンダ,,4,1,136,確認済
1987,250cc,reinhold-roth,,HB Römer Team,ホンダ,,24,2,108,確認済
1987,250cc,sito-pons,,Campsa-Honda,ホンダ,,2,3,108,確認済
1987,250cc,dominique-sarron,,Rothmans Honda France,ホンダ,,3,4,97,確認済
1987,250cc,carlos-cardus,,Team Ducados Angel Nieto,ホンダ,,12,5,70,確認済
1987,250cc,loris-reggiani,,Team Aprilia,アプリリア,,,6,68,確認済
1987,250cc,luca-cadalora,,Marlboro Yamaha Team Agostini,ヤマハ,,22,7,63,確認済
1987,250cc,martin-wimmer,,Marlboro Yamaha Team Agostini,ヤマハ,,6,8,61,確認済
1987,250cc,jacques-cornu,,Team Parisienne-Elf,ホンダ,,7,9,50,確認済
1987,250cc,carlos-lavado,,HB-Venemotos,ヤマハ,,1,10,46,確認済
1987,250cc,juan-garriga,,Ducados-Yamaha Racing,ヤマハ,,31,11,46,確認済
1987,250cc,patrick-igoa,,Sonauto Gauloises,ヤマハ,,17,12,42,確認済
1987,250cc,masao-shimizu,,Ajinomoto,ホンダ,,,13,20,確認済
1987,250cc,masaru-kobayashi,,Ajinomoto,ホンダ,,44,14,15,確認済
1987,250cc,manfred-herweh,,??,ホンダ,,27,15,11,確認済
1987,250cc,ivan-palazzese,,F.M.V.,ヤマハ,,,16,9,確認済
1987,250cc,jean-philippe-ruggia,,Sonauto Gauloises,ヤマハ,,21,17,7,確認済
1987,250cc,jean-francois-balde,,Pole Position/Ville d’Hyeres,Defi,,5,18,6,確認済
1987,250cc,maurizio-vitali,,Team Italia Garelli,ガレリ,,16,19,6,確認済
1987,250cc,hans-lindner,,Atomic Road Racing Team,ホンダ,,20,20,5,確認済
1987,250cc,urs-luzi,,Team Parisienne-Elf,ホンダ,,23,21,5,確認済
1987,250cc,donnie-mcleod,,??,EMC,,10,22,4,確認済
1987,250cc,stephane-mertens,,Racing Team Katayama,Sekitoba,,14,23,2,確認済
1987,250cc,masumitsu-taguchi,,,ホンダ,,,24,2,確認済
1987,250cc,guy-bertin,,Pave d’Affinois,ホンダ,,36,25,1,確認済
1987,250cc,stefano-caracchi,,Gazzaniga Corse,ホンダ,,,26,1,確認済
1987,250cc,takehiro-yamamoto,,,ヤマハ,,,27,1,確認済
1987,250cc,alain-bronec,,??,ホンダ,,,,,確認済
1987,250cc,alberto-puig,,,リエフ,,,,,確認済
1987,250cc,alberto-rota,,??,ホンダ,,,,,確認済
1987,250cc,andy-preining,,,ロータックス,,,,,確認済
1987,250cc,bernard-haenggeli,,,ヤマハ,,,,,確認済
1987,250cc,bruno-bonhuil,,M.T.D,ホンダ,,48,,,確認済
1987,250cc,cees-doorakkers,,,ホンダ,,,,,確認済
1987,250cc,christian-boudinot,,,フィオール,,,,,確認済
1987,250cc,eduardo-aleman,,,ヤマハ,,,,,確認済
1987,250cc,erich-neumair,,,リエフ,,,,,確認済
1987,250cc,ezio-gianola,,,ホンダ,,,,,確認済
1987,250cc,fausto-ricci,,Team Iberna,ホンダ,,8,,,確認済
1987,250cc,garry-cowan,,East West Transport,ホンダ,,41,,,確認済
1987,250cc,harald-eckl,,Römer Racing Team,ホンダ,,,,,確認済
1987,250cc,helmut-bradl,,,ホンダ,,,,,確認済
1987,250cc,hermann-holder,,,Seufert,,,,,確認済
1987,250cc,herve-duffard,,??,ホンダ,,,,,確認済
1987,250cc,jean-foray,,??,シュヴァリエ,,19,,,確認済
1987,250cc,jean-louis-guignabodet,,,MIG,,,,,確認済
1987,250cc,jean-michel-mattioli,,Honda France,ホンダ,,25,,,確認済
1987,250cc,jochen-schmid,,Mitsui-Yamaha,ヤマハ,,45,,,確認済
1987,250cc,juan-lopez-mella,,,ヤマハ,,,,,確認済
1987,250cc,kevin-mitchell,,D Gallacher - Bradgate Containers,ヤマハ,,38,,,確認済
1987,250cc,konrad-hefele,,,ホンダ,,,,,確認済
1987,250cc,luis-lavado,,,ヤマハ,,,,,確認済
1987,250cc,marcellino-lucchi,,,ホンダ,,,,,確認済
1987,250cc,massimo-matteoni,,,ホンダ,,,,,確認済
1987,250cc,patrick-van-den-goorbergh,,,ホンダ,,,,,確認済
1987,250cc,paul-lewis,,,EMC,,,,,確認済
1987,250cc,philippe-pagano,,,ホンダ,,,,,確認済
1987,250cc,renato-colleoni,,,ホンダ,,,,,確認済
1987,250cc,rene-delaby,,??,ヤマハ,,55,,,確認済
1987,250cc,ricardo-blanco,,,ヤマハ,,,,,確認済
1987,250cc,siegfried-minich,,HOMA Racing Team,ホンダ,,43,,,確認済
1987,250cc,xavier-cardelus,,,JJコバス,,,,,確認済
1987,125cc,fausto-gresini,,,ガレリ,,,1,150,確認済
1987,125cc,bruno-casanova,,,ガレリ,,,2,88,確認済
1987,125cc,paolo-casoli,,,AGV,,,3,61,確認済
1987,125cc,domenico-brigaglia,,,AGV,,,4,58,確認済
1987,125cc,august-auinger,,,MBA,,,5,54,確認済
1987,125cc,ezio-gianola,,,ホンダ,,,6,45,確認済
1987,125cc,pier-paolo-bianchi,,,MBA,,,7,43,確認済
1987,125cc,andres-sanchez,,,Ducados,,,8,40,確認済
1987,125cc,lucio-pietroniro,,,MBA,,,9,32,確認済
1987,125cc,mike-leitner,,,MBA,,,10,32,確認済
1987,125cc,johnny-wickstrom,,,Tunturi,,,11,21,確認済
1987,125cc,gastone-grassetti,,,MBA,,,12,17,確認済
1987,125cc,jean-claude-selini,,,MBA,,,13,16,確認済
1987,125cc,thierry-feuz,,,MBA,,,14,13,確認済
1987,125cc,jussi-hautaniemi,,,MBA,,,15,10,確認済
1987,125cc,adi-stadler,,,MBA,,,16,9,確認済
1987,125cc,ivan-troisi,,,MBA,,,17,8,確認済
1987,125cc,claudio-macciotta,,,MBA,,,18,6,確認済
1987,125cc,corrado-catalano,,,MBA,,,19,6,確認済
1987,125cc,esa-kytola,,,MBA,,,20,4,確認済
1987,125cc,olivier-liegeois,,,Assmex,,,21,4,確認済
1987,125cc,hakan-olsson,,,Starol,,,22,2,確認済
1987,125cc,robin-milton,,,MBA,,,23,2,確認済
1987,125cc,bady-hassaine,,,MBA,,,24,2,確認済
1987,125cc,flemming-kistrup,,,MBA,,,25,1,確認済
1987,125cc,norbert-peschke,,,セール,,,26,1,確認済
1987,125cc,willy-perez,,,Zanella,,,27,1,確認済
1987,125cc,allan-scott,,,EMC,,,,,確認済
1987,125cc,antonio-oliveros,,,MBA,,,,,確認済
1987,125cc,claudio-cipriani,,,MBA,,,,,確認済
1987,125cc,emilio-cuppini,,,MBA,,,,,確認済
1987,125cc,fernando-gonzalez,,,JJコバス,,,,,確認済
1987,125cc,heinz-luthi,,,ホンダ,,,,,確認済
1987,125cc,hubert-abold,,,ホンダ,,,,,確認済
1987,125cc,ian-mcconnachie,,,MBA,,,,,確認済
1987,125cc,paul-bordes,,,MBA,,,,,確認済
1987,125cc,peter-balaz,,,MBA,,,,,確認済
1987,125cc,robin-appleyard,,,MBA,,,,,確認済
1987,125cc,taru-rinne,,,MBA,,,,,確認済
1987,80cc,jorge-martinez,,,デルビ,,,1,129,確認済
1987,80cc,manuel-herreros,,,デルビ,,,2,86,確認済
1987,80cc,alfred-waibel,,,クラウザー,,,3,82,確認済
1987,80cc,stefan-dorflinger,,,クラウザー,,,4,75,確認済
1987,80cc,ian-mcconnachie,,,クラウザー,,,5,53,確認済
1987,80cc,jorg-seel,,,リエフ,,,6,38,確認済
1987,80cc,hubert-abold,,,クラウザー,,,7,33,確認済
1987,80cc,luis-miguel-reyes,,,Autisa,,,8,31,確認済
1987,80cc,josef-fischer,,,クラウザー,,,9,19,確認済
1987,80cc,julian-miralles-2,,,デルビ,,,10,18,確認済
1987,80cc,alex-criville,,,リエフ,,,11,12,確認済
1987,80cc,gunter-schirnhofer,,,クラウザー,,,12,12,確認済
1987,80cc,hans-spaan,,,リエフ,,,13,11,確認済
1987,80cc,karoly-juhasz,,,クラウザー,,,14,10,確認済
1987,80cc,joan-bolart,,,クラウザー,,,15,10,確認済
1987,80cc,paolo-priori,,,クラウザー,,,16,9,確認済
1987,80cc,alex-barros,,,リエフ,,,17,8,確認済
1987,80cc,giuseppe-ascareggi,,,リエフ,,,18,5,確認済
1987,80cc,heinz-paschen,,,カザル,,,19,4,確認済
1987,80cc,richard-bay,,,Unknown,,,20,3,確認済
1987,80cc,peter-ottl,,,クラウザー,,,21,3,確認済
1987,80cc,ernst-gschwender,,,Unknown,,,22,2,確認済
1987,80cc,herri-torrontegui,,,カザル,,,23,1,確認済
1987,80cc,theo-timmer,,,カザル,,,24,1,確認済
1987,80cc,jacques-bernard,,,リエフ,,,25,1,確認済
1987,80cc,ralf-waldmann,,,リエフ,,,26,1,確認済
1987,80cc,alojz-pavlic,,,セール,,,,,確認済
1987,80cc,bert-smit,,,Minarelli,,,,,確認済
1987,80cc,brane-rokavec,,,セール,,,,,確認済
1987,80cc,chris-baert,,,セール,,,,,確認済
1987,80cc,claudio-granata,,,Autisa,,,,,確認済
1987,80cc,dennis-batchelor,,,クラウザー,,,,,確認済
1987,80cc,gerhard-waibel,,,クラウザー,,,,,確認済
1987,80cc,gerold-fischer,,,クラウザー,,,,,確認済
1987,80cc,horst-seel,,,リエフ,,,,,確認済
1987,80cc,jos-van-dongen,,,クラウザー,,,,,確認済
1987,80cc,jose-saez,,,Autisa,,,,,確認済
1987,80cc,lionel-robert,,,クラウザー,,,,,確認済
1987,80cc,mathias-ehinger,,,クラウザー,,,,,確認済
1987,80cc,michael-gschwender,,,リエフ,,,,,確認済
1987,80cc,otto-machinek,,,クラウザー,,,,,確認済
1987,80cc,rainer-scheidhauer,,,セール,,,,,確認済
1987,80cc,reiner-koster,,,LCR,,,,,確認済
1987,80cc,rene-dunki,,,LCR,,,,,確認済
1987,80cc,rudolf-kunz,,,LCR,,,,,確認済
1987,80cc,salvatore-milano,,,クラウザー,,,,,確認済
1987,80cc,serge-julin,,,カザル,,,,,確認済
1987,80cc,stefan-bragger,,,カザル,,,,,確認済
1987,80cc,stuart-edwards,,,カザル,,,,,確認済
1987,80cc,wilco-zeelenberg,,,カザル,,,,,確認済
1988,500cc,eddie-lawson,,,ヤマハ,,,1,252,確認済
1988,500cc,wayne-gardner,,,ホンダ,,,2,229,確認済
1988,500cc,wayne-rainey,,,ヤマハ,,,3,189,確認済
1988,500cc,christian-sarron,,,ヤマハ,,,4,149,確認済
1988,500cc,kevin-magee,,,ヤマハ,,,5,138,確認済
1988,500cc,niall-mackenzie,,,ホンダ,,,6,125,確認済
1988,500cc,didier-de-radigues,,,ヤマハ,,,7,120,確認済
1988,500cc,kevin-schwantz,,,スズキ,,,8,119,確認済
1988,500cc,pierfrancesco-chili,,,ホンダ,,,9,110,確認済
1988,500cc,rob-mcelnea,,,スズキ,,,10,83,確認済
1988,500cc,ron-haslam,,,ELF,,,11,68,確認済
1988,500cc,randy-mamola,,,カジバ,,,12,58,確認済
1988,500cc,shunji-yatsushiro,,,ホンダ,,,13,57,確認済
1988,500cc,patrick-igoa,,,ヤマハ,,,14,44,確認済
1988,500cc,tadahiko-taira,,,ヤマハ,,,15,36,確認済
1988,500cc,alessandro-valesi,,,ホンダ,,,16,26,確認済
1988,500cc,marco-papa,,,ホンダ,,,17,17,確認済
1988,500cc,roger-burnett,,,ホンダ,,,18,15,確認済
1988,500cc,mike-baldwin,,,ホンダ,,,19,14,確認済
1988,500cc,raymond-roche,,,カジバ,,,20,13,確認済
1988,500cc,fabio-barchitta,,,ホンダ,,,21,12,確認済
1988,500cc,bruno-kneubuhler,,,ホンダ,,,22,9,確認済
1988,500cc,donnie-mcleod,,,ホンダ,,,23,9,確認済
1988,500cc,marco-gentile,,,フィオール,,,24,8,確認済
1988,500cc,daniel-amatriain,,,ホンダ,,,25,7,確認済
1988,500cc,gustav-reiner,,,ホンダ,,,26,5,確認済
1988,500cc,hikaru-miyagi,,,ホンダ,,,27,5,確認済
1988,500cc,steve-manley,,,スズキ,,,28,4,確認済
1988,500cc,katsuaki-fujiwara,,,ヤマハ,,,29,4,確認済
1988,500cc,fernando-gonzalez-de-nicolas,,,ホンダ,,,30,4,確認済
1988,500cc,keith-campbell,,,ELF,,,31,4,確認済
1988,500cc,fabio-biliotti,,,ホンダ,,,32,4,確認済
1988,500cc,peter-schleef,,,ホンダ,,,33,3,確認済
1988,500cc,rachel-nicotte,,,ホンダ,,,34,3,確認済
1988,500cc,peter-linden,,,ホンダ,,,35,2,確認済
1988,500cc,massimo-broccoli,,,カジバ,,,36,2,確認済
1988,500cc,osamu-hiwatashi,,,スズキ,,,37,1,確認済
1988,500cc,maarten-duyzers,,,ホンダ,,,38,1,確認済
1988,500cc,cees-doorakkers,,,ホンダ,,,39,1,確認済
1988,500cc,michael-rudroff,,,ホンダ,,,40,1,確認済
1988,500cc,manfred-fischer,,,ホンダ,,,41,1,確認済
1988,500cc,alberto-rota,,,ホンダ,,,,,確認済
1988,500cc,andy-leuthe,,,スズキ,,,,,確認済
1988,500cc,chris-buerki,,,ホンダ,,,,,確認済
1988,500cc,claude-albert,,,スズキ,,,,,確認済
1988,500cc,claude-arciero,,,ホンダ,,,,,確認済
1988,500cc,darren-dixon,,,スズキ,,,,,確認済
1988,500cc,dave-leach,,,スズキ,,,,,確認済
1988,500cc,eddie-laycock,,,ホンダ,,,,,確認済
1988,500cc,eric-sabatier,,,ホンダ,,,,,確認済
1988,500cc,fabian-gonzales,,,ホンダ,,,,,確認済
1988,500cc,franz-holzmeier,,,ホンダ,,,,,確認済
1988,500cc,georg-robert-jung,,,ホンダ,,,,,確認済
1988,500cc,hansjorg-butz,,,ホンダ,,,,,確認済
1988,500cc,helmut-schutz,,,ホンダ,,,,,確認済
1988,500cc,hisashi-yamana,,,スズキ,,,,,確認済
1988,500cc,jean-luc-demierre,,,スズキ,,,,,確認済
1988,500cc,johan-ten-napel,,,スズキ,,,,,確認済
1988,500cc,john-long,,,ヤマハ,,,,,確認済
1988,500cc,josef-doppler,,,ホンダ,,,,,確認済
1988,500cc,karl-truchsess,,,ホンダ,,,,,確認済
1988,500cc,katunori-shinozaki,,,スズキ,,,,,確認済
1988,500cc,kees-van-der-endt,,,ホンダ,,,,,確認済
1988,500cc,keiji-kinoshita,,,ホンダ,,,,,確認済
1988,500cc,larry-moreno-vacondio,,,ホンダ,,,,,確認済
1988,500cc,lars-johansson,,,スズキ,,,,,確認済
1988,500cc,malcolm-campbell,,,ELF,,,,,確認済
1988,500cc,masaru-mizutani,,,スズキ,,,,,確認済
1988,500cc,nicholas-schmassmann,,,ホンダ,,,,,確認済
1988,500cc,norihiko-fujiwara,,,ヤマハ,,,,,確認済
1988,500cc,romolo-balbi,,,ホンダ,,,,,確認済
1988,500cc,shinji-katayama,,,ヤマハ,,,,,確認済
1988,500cc,simon-buckmaster,,,ホンダ,,,,,確認済
1988,500cc,steve-spray,,,スズキ,,,,,確認済
1988,500cc,thierry-rapicault,,,フィオール,,,,,確認済
1988,500cc,tony-carey,,,スズキ,,,,,確認済
1988,500cc,vincenzo-cascino,,,ホンダ,,,,,確認済
1988,500cc,vittorio-scatola,,,パトン,,,,,確認済
1988,500cc,wolfgang-von-muralt,,,スズキ,,,,,確認済
1988,250cc,sito-pons,,,ホンダ,,,1,231,確認済
1988,250cc,juan-garriga,,,ヤマハ,,,2,221,確認済
1988,250cc,jacques-cornu,,,ホンダ,,,3,166,確認済
1988,250cc,dominique-sarron,,,ホンダ,,,4,158,確認済
1988,250cc,reinhold-roth,,,ホンダ,,,5,158,確認済
1988,250cc,luca-cadalora,,,ヤマハ,,,6,138,確認済
1988,250cc,jean-philippe-ruggia,,,ヤマハ,,,7,104,確認済
1988,250cc,anton-mang,,,ホンダ,,,8,87,確認済
1988,250cc,carlos-cardus,,,ホンダ,,,9,71,確認済
1988,250cc,masao-shimizu,,,ホンダ,,,10,68,確認済
1988,250cc,carlos-lavado,,,ヤマハ,,,11,55,確認済
1988,250cc,donnie-mcleod,,,EMC,,,12,47,確認済
1988,250cc,loris-reggiani,,,アプリリア,,,13,44,確認済
1988,250cc,martin-wimmer,,,ヤマハ,,,14,40,確認済
1988,250cc,manfred-herweh,,,ヤマハ,,,15,35,確認済
1988,250cc,august-auinger,,,アプリリア,,,16,31,確認済
1988,250cc,helmut-bradl,,,ホンダ,,,17,27,確認済
1988,250cc,ivan-palazzese,,,ヤマハ,,,18,25,確認済
1988,250cc,john-kocinski,,,ヤマハ,,,19,24,確認済
1988,250cc,harald-eckl,,,アプリリア,,,20,22,確認済
1988,250cc,jim-filice,,,ホンダ,,,21,20,確認済
1988,250cc,stefano-caracchi,,,ホンダ,,,22,20,確認済
1988,250cc,bruno-casanova,,,アプリリア,,,23,17,確認済
1988,250cc,masaru-kobayashi,,,ホンダ,,,24,15,確認済
1988,250cc,jean-michel-mattioli,,,ヤマハ,,,25,12,確認済
1988,250cc,maurizio-vitali,,,ガッツァニーガ,,,26,12,確認済
1988,250cc,bubba-shobert,,,ホンダ,,,27,11,確認済
1988,250cc,hans-becker,,,ヤマハ,,,28,11,確認済
1988,250cc,jean-foray,,,ヤマハ,,,29,10,確認済
1988,250cc,alberto-puig,,,ホンダ,,,30,10,確認済
1988,250cc,jean-francois-balde,,,Defi,,,31,10,確認済
1988,250cc,toshihiko-honma,,,ヤマハ,,,32,8,確認済
1988,250cc,masumitsu-taguchi,,,ホンダ,,,33,6,確認済
1988,250cc,jochen-schmid,,,ホンダ,,,34,6,確認済
1988,250cc,hiroyuki-kikuchi,,,ホンダ,,,35,5,確認済
1988,250cc,erich-neumair,,,アプリリア,,,36,5,確認済
1988,250cc,guy-bertin,,,ヤマハ,,,37,5,確認済
1988,250cc,wilco-zeelenberg,,,ヤマハ,,,38,5,確認済
1988,250cc,hermann-holder,,,Seufert,,,39,4,確認済
1988,250cc,urs-jucker,,,ヤマハ,,,40,4,確認済
1988,250cc,kyoji-nanba,,,ヤマハ,,,41,4,確認済
1988,250cc,garry-cowan,,,ヤマハ,,,42,3,確認済
1988,250cc,urs-luzi,,,ホンダ,,,43,3,確認済
1988,250cc,paolo-casoli,,,ガレリ,,,44,3,確認済
1988,250cc,takehiro-yamamoto,,,ホンダ,,,45,2,確認済
1988,250cc,massimo-matteoni,,,ヤマハ,,,46,2,確認済
1988,250cc,keiji-tamura,,,ヤマハ,,,47,1,確認済
1988,250cc,alan-carter,,,ヤマハ,,,48,1,確認済
1988,250cc,alain-bronec,,,ホンダ,,,,,確認済
1988,250cc,alex-barros,,,リエフ,,,,,確認済
1988,250cc,andy-preining,,,アプリリア,,,,,確認済
1988,250cc,bernard-haenggeli,,,ホンダ,,,,,確認済
1988,250cc,bruno-bonhuil,,,ホンダ,,,,,確認済
1988,250cc,christian-boudinot,,,フィオール,,,,,確認済
1988,250cc,eduardo-aleman,,,ヤマハ,,,,,確認済
1988,250cc,eduardo-amen,,,ヤマハ,,,,,確認済
1988,250cc,fausto-ricci,,,アプリリア,,,,,確認済
1988,250cc,gilles-riva,,,ホンダ,,,,,確認済
1988,250cc,hans-lindner,,,ホンダ,,,,,確認済
1988,250cc,herve-duffard,,,ホンダ,,,,,確認済
1988,250cc,hideshi-tomita,,,ホンダ,,,,,確認済
1988,250cc,ivan-troisi,,,ヤマハ,,,,,確認済
1988,250cc,jon-cornwell,,,ロータックス,,,,,確認済
1988,250cc,juan-lopez-mella,,,ホンダ,,,,,確認済
1988,250cc,junya-arai,,,ヤマハ,,,,,確認済
1988,250cc,katsuyoshi-kozono,,,ホンダ,,,,,確認済
1988,250cc,kevin-mitchell,,,ヤマハ,,,,,確認済
1988,250cc,luis-lavado,,,ヤマハ,,,,,確認済
1988,250cc,marcellino-lucchi,,,リエフ,,,,,確認済
1988,250cc,nigel-bosworth,,,アプリリア,,,,,確認済
1988,250cc,patrick-van-den-goorbergh,,,ホンダ,,,,,確認済
1988,250cc,randy-renfrow,,,ホンダ,,,,,確認済
1988,250cc,rene-delaby,,,ヤマハ,,,,,確認済
1988,250cc,ricardo-blanco,,,ヤマハ,,,,,確認済
1988,250cc,rich-oliver,,,ヤマハ,,,,,確認済
1988,250cc,seigo-kikuchi,,,ホンダ,,,,,確認済
1988,250cc,sergio-granton,,,ヤマハ,,,,,確認済
1988,250cc,siegfried-minich,,,ヤマハ,,,,,確認済
1988,250cc,thierry-rapicault,,,ロータックス,,,,,確認済
1988,250cc,xavier-cardelus,,,アプリリア,,,,,確認済
1988,250cc,yoshiari-hori,,,ホンダ,,,,,確認済
1988,250cc,youichi-yamamoto,,,ホンダ,,,,,確認済
1988,125cc,jorge-martinez,,,デルビ,,,1,197,確認済
1988,125cc,ezio-gianola,,,ホンダ,,,2,188,確認済
1988,125cc,hans-spaan,,,ホンダ,,,3,110,確認済
1988,125cc,julian-miralles-2,,,ホンダ,,,4,104,確認済
1988,125cc,domenico-brigaglia,,,ガッツァニーガ,,,5,69,確認済
1988,125cc,gastone-grassetti,,,ホンダ,,,6,66,確認済
1988,125cc,adi-stadler,,,ホンダ,,,7,63,確認済
1988,125cc,stefan-prein,,,ホンダ,,,8,59,確認済
1988,125cc,lucio-pietroniro,,,ホンダ,,,9,56,確認済
1988,125cc,gerhard-waibel,,,ホンダ,,,10,52,確認済
1988,125cc,hisashi-unemoto,,,ホンダ,,,11,43,確認済
1988,125cc,allan-scott,,,ホンダ,,,12,38,確認済
1988,125cc,corrado-catalano,,,アプリリア,,,13,36,確認済
1988,125cc,luis-miguel-reyes,,,ガレリ,,,14,34,確認済
1988,125cc,manuel-herreros,,,デルビ,,,15,30,確認済
1988,125cc,heinz-luthi,,,ホンダ,,,16,30,確認済
1988,125cc,koji-takada,,,ホンダ,,,17,29,確認済
1988,125cc,johnny-wickstrom,,,ホンダ,,,18,25,確認済
1988,125cc,pier-paolo-bianchi,,,カジバ,,,19,24,確認済
1988,125cc,alfred-waibel,,,ホンダ,,,20,24,確認済
1988,125cc,fausto-gresini,,,ガレリ,,,21,22,確認済
1988,125cc,josef-fischer,,,ロータックス,,,22,19,確認済
1988,125cc,kris-galatowicz,,,ホンダ,,,23,19,確認済
1988,125cc,hubert-abold,,,ホンダ,,,24,18,確認済
1988,125cc,bady-hassaine,,,ホンダ,,,25,14,確認済
1988,125cc,robin-milton,,,ホンダ,,,26,13,確認済
1988,125cc,mike-leitner,,,ホンダ,,,27,11,確認済
1988,125cc,ian-mcconnachie,,,カジバ,,,28,10,確認済
1988,125cc,alex-bedford,,,ホンダ,,,29,8,確認済
1988,125cc,jussi-hautaniemi,,,ホンダ,,,30,8,確認済
1988,125cc,flemming-kistrup,,,Hummel,,,31,7,確認済
1988,125cc,alex-criville,,,リエフ,,,32,7,確認済
1988,125cc,esa-kytola,,,ホンダ,,,33,6,確認済
1988,125cc,robin-appleyard,,,ホンダ,,,34,6,確認済
1988,125cc,thierry-feuz,,,ロータックス,,,35,6,確認済
1988,125cc,manuel-hernandez,,,ホンダ,,,36,4,確認済
1988,125cc,stefan-dorflinger,,,ホンダ,,,37,2,確認済
1988,125cc,taru-rinne,,,ホンダ,,,38,2,確認済
1988,125cc,paul-bordes,,,ホンダ,,,39,1,確認済
1988,125cc,emilio-cuppini,,,ホンダ,,,40,1,確認済
1988,125cc,andres-sanchez,,,リエフ,,,,,確認済
1988,125cc,claudio-macciotta,,,ホンダ,,,,,確認済
1988,125cc,jean-claude-selini,,,ホンダ,,,,,確認済
1988,125cc,joan-bolart,,,JJコバス,,,,,確認済
1988,125cc,jorg-seel,,,セール,,,,,確認済
1988,125cc,norbert-peschke,,,ロータックス,,,,,確認済
1988,125cc,serge-julin,,,ロータックス,,,,,確認済
1988,80cc,jorge-martinez,,,デルビ,,,1,137,確認済
1988,80cc,alex-criville,,,デルビ,,,2,90,確認済
1988,80cc,stefan-dorflinger,,,クラウザー,,,3,77,確認済
1988,80cc,manuel-herreros,,,デルビ,,,4,69,確認済
1988,80cc,peter-ottl,,,クラウザー,,,5,65,確認済
1988,80cc,bogdan-nikolov,,,クラウザー,,,6,56,確認済
1988,80cc,karoly-juhasz,,,クラウザー,,,7,54,確認済
1988,80cc,jos-van-dongen,,,カザル,,,8,47,確認済
1988,80cc,giuseppe-ascareggi,,,リエフ,,,9,46,確認済
1988,80cc,gabriele-gnani,,,リエフ,,,10,36,確認済
1988,80cc,herri-torrontegui,,,Autisa,,,11,28,確認済
1988,80cc,jorg-seel,,,セール,,,12,27,確認済
1988,80cc,andrie-nijenhuis,,,カザル,,,13,27,確認済
1988,80cc,gunter-schirnhofer,,,クラウザー,,,14,27,確認済
1988,80cc,bert-smit,,,Minarelli,,,15,25,確認済
1988,80cc,rene-dunki,,,クラウザー,,,16,22,確認済
1988,80cc,reiner-koster,,,LCR,,,17,11,確認済
1988,80cc,heinz-paschen,,,カザル,,,18,10,確認済
1988,80cc,hans-koopman,,,リエフ,,,19,10,確認済
1988,80cc,serge-julin,,,カザル,,,20,8,確認済
1988,80cc,jacques-bernard,,,ファンティック,,,21,8,確認済
1988,80cc,paolo-priori,,,クラウザー,,,22,6,確認済
1988,80cc,ian-mcconnachie,,,Autisa,,,23,6,確認済
1988,80cc,rudolf-kunz,,,リエフ,,,24,5,確認済
1988,80cc,janos-szabo,,,クラウザー,,,25,5,確認済
1988,80cc,janez-pintar,,,リエフ,,,26,4,確認済
1988,80cc,stefan-bragger,,,カザル,,,27,3,確認済
1988,80cc,xavier-arumi,,,クラウザー,,,28,3,確認済
1988,80cc,hagen-klein,,,ホンダ,,,29,2,確認済
1988,80cc,hubert-abold,,,クラウザー,,,30,2,確認済
1988,80cc,alojz-pavlic,,,セール,,,31,1,確認済
1988,80cc,jaime-mariano,,,JJコバス,,,32,1,確認済
1988,80cc,antonio-sanchez,,,リエフ,,,,,確認済
1988,80cc,chris-baert,,,カザル,,,,,確認済
1988,80cc,joaquim-gali,,,クラウザー,,,,,確認済
1988,80cc,jorge-cabanes,,,Autisa,,,,,確認済
1988,80cc,jose-saez,,,Autisa,,,,,確認済
1988,80cc,mathias-ehinger,,,クラウザー,,,,,確認済
1988,80cc,otto-machinek,,,Eigenbau,,,,,確認済
1988,80cc,paul-bordes,,,リエフ,,,,,確認済
1988,80cc,rainer-scheidhauer,,,セール,,,,,確認済
1988,80cc,ralf-hobl,,,クラウザー,,,,,確認済
1988,80cc,ralf-waldmann,,,セール,,,,,確認済
1988,80cc,roberto-sassone,,,リエフ,,,,,確認済
1988,80cc,salvatore-milano,,,クラウザー,,,,,確認済
1988,80cc,stuart-edwards,,,カザル,,,,,確認済
1988,80cc,thomas-engl,,,クラウザー,,,,,確認済
1989,500cc,eddie-lawson,,Team Rothmans/Kanemoto Honda,ホンダ,,1,1,228,確認済
1989,500cc,wayne-rainey,,Team Lucky Strike Roberts,ヤマハ,,3,2,210.5,確認済
1989,500cc,christian-sarron,,Team Gauloises Blondes Mobil 1,ヤマハ,,4,3,165.5,確認済
1989,500cc,kevin-schwantz,,Team Pepsi Suzuki,スズキ,,34,4,162.5,確認済
1989,500cc,kevin-magee,,Team Lucky Strike Roberts,ヤマハ,,5,5,138.5,確認済
1989,500cc,pierfrancesco-chili,,HB Honda Gallina Team,ホンダ,,9,6,122,確認済
1989,500cc,niall-mackenzie,,Marlboro Yamaha Team Agostini,ヤマハ,,6,7,103,確認済
1989,500cc,ron-haslam,,Team Pepsi Suzuki,スズキ,,8,8,86,確認済
1989,500cc,mick-doohan,,Rothmans Honda/HRC,ホンダ,,27,9,81,確認済
1989,500cc,wayne-gardner,,Rothmans Honda/HRC,ホンダ,,2,10,67,確認済
1989,500cc,rob-mcelnea,,Cabin Racing Team,ホンダ,,10,11,52.5,確認済
1989,500cc,simon-buckmaster,,Racing Team Katayama,ホンダ,,,12,43.5,確認済
1989,500cc,alessandro-valesi,,Team Iberna,ヤマハ,,15,13,40,確認済
1989,500cc,tadahiko-taira,,Tech-21/Team Yamaha,ヤマハ,,21,14,39,確認済
1989,500cc,dominique-sarron,,Team Elf Honda/ROC,ホンダ,,7,15,39,確認済
1989,500cc,freddie-spencer,,Marlboro Yamaha Team Agostini,ヤマハ,,19,16,33.5,確認済
1989,500cc,marco-gentile,,Marlboro Fior Team,フィオール,,32,17,33,確認済
1989,500cc,randy-mamola,,Cagiva Corse,カジバ,,12,18,33,確認済
1989,500cc,jose-morillas,,,ホンダ,,,19,26,確認済
1989,500cc,michael-rudroff,,HRK Motors,ホンダ,,14,20,18,確認済
1989,500cc,norihiko-fujiwara,,Tech-21/Team Yamaha,ヤマハ,,26,21,17,確認済
1989,500cc,bubba-shobert,,Cabin Racing Team,ホンダ,,25,22,12,確認済
1989,500cc,josef-doppler,,Team Doppler,ホンダ,,35,23,11,確認済
1989,500cc,a-mayer,,,ホンダ,,,24,10,確認済
1989,500cc,romolo-balbi,,,ホンダ,,,25,9,確認済
1989,500cc,luca-cadalora,,Marlboro Yamaha Team Agostini,ヤマハ,,53,26,8,確認済
1989,500cc,fabian-gonzales,,,ホンダ,,,27,8,確認済
1989,500cc,nicholas-schmassmann,,Team Schmassmann,ホンダ,,,28,8,確認済
1989,500cc,massimo-broccoli,,Cagiva Corse,カジバ,,29,29,8,確認済
1989,500cc,michael-dowson,,Yamaha Racing Australia,ヤマハ,,42,30,7,確認済
1989,500cc,andy-leuthe,,Racing Team Librenti Corse,リブレンティ,,,31,7,確認済
1989,500cc,shinichi-ito,,HRC,ホンダ,,40,32,6,確認済
1989,500cc,fabio-biliotti,,Racing Team Katayama,ホンダ,,54,33,6,確認済
1989,500cc,bruno-kneubuhler,,Römer Racing Switzerland,ホンダ,,24,34,6,確認済
1989,500cc,john-kocinski,,Team Roberts,ヤマハ,,49,35,5.5,確認済
1989,500cc,ernst-gschwender,,Team Suzuki Deutschland,スズキ,,50,36,5,確認済
1989,500cc,fred-merkel,,HB Honda Gallina Team,ホンダ,,,37,5,確認済
1989,500cc,thierry-crine,,Minolta Suzuki France,スズキ,,33,38,4,確認済
1989,500cc,roger-burnett,,Rothmans Honda/HRC,ホンダ,,17,39,4,確認済
1989,500cc,juan-lopez-mella,,Club Moto Cross Pozuelo,ホンダ,,,40,4,確認済
1989,500cc,shunji-yatsushiro,,HRC,ホンダ,,11,41,3,確認済
1989,500cc,alberto-rota,,Marlboro Yamaha Team Agostini,ヤマハ,,25,42,3,確認済
1989,500cc,cees-doorakkers,,HRK Motors,ホンダ,,,43,2.5,確認済
1989,500cc,eddie-laycock,,Millar Racing,ホンダ,,93,44,2,確認済
1989,500cc,peter-linden,,,ホンダ,,,45,1,確認済
1989,500cc,kunio-machii,,Nescafe Can RT Yamaha,ヤマハ,,48,46,1,確認済
1989,500cc,adrien-morillas,,Team Elf Honda/ROC,ホンダ,,,,,確認済
1989,500cc,alan-carter,,,ホンダ,,,,,確認済
1989,500cc,alois-meyer,,Rallye Sport,ホンダ,,30,,,確認済
1989,500cc,anton-berghammer,,,スズキ,,,,,確認済
1989,500cc,bernard-andrault,,,ホンダ,,,,,確認済
1989,500cc,bernard-gitton,,,フィオール,,,,,確認済
1989,500cc,claude-albert,,,スズキ,,,,,確認済
1989,500cc,dario-marchetti,,,ホンダ,,,,,確認済
1989,500cc,eugene-brown,,Dr. Browns Racing,スズキ,,48,,,確認済
1989,500cc,f-beck,,,ホンダ,,,,,確認済
1989,500cc,fernando-gonzalez,,,ホンダ,,,,,確認済
1989,500cc,fernando-gonzalez-de-nicolas,,Fernando Gonzalez,ホンダ,,,,,確認済
1989,500cc,georg-robert-jung,,,ホンダ,,,,,確認済
1989,500cc,hans-klingebiel,,,ホンダ,,,,,確認済
1989,500cc,hansjorg-butz,,,ホンダ,,,,,確認済
1989,500cc,helmut-schutz,,Rallye Sport,ホンダ,,16,,,確認済
1989,500cc,hikaru-miyagi,,HRC,ホンダ,,41,,,確認済
1989,500cc,ian-pratt,,Racing Team Katayama,ホンダ,,44,,,確認済
1989,500cc,jean-paul-lecointe,,MotoDepot,スズキ,,51,,,確認済
1989,500cc,karl-dauer,,,ホンダ,,,,,確認済
1989,500cc,karl-truchsess,,,ホンダ,,,,,確認済
1989,500cc,larry-moreno-vacondio,,,スズキ,,,,,確認済
1989,500cc,malcolm-campbell,,HRC,ホンダ,,41,,,確認済
1989,500cc,marco-papa,,Team Greco - Paton,パトン,,16,,,確認済
1989,500cc,mark-phillips,,,スズキ,,,,,確認済
1989,500cc,martin-trosch,,,ホンダ,,,,,確認済
1989,500cc,michele-valdo,,,ホンダ,,,,,確認済
1989,500cc,osamu-hiwatashi,,Schick Advantage Suzuki,スズキ,,42,,,確認済
1989,500cc,pascal-seguela,,,ホンダ,,,,,確認済
1989,500cc,patrick-leruste,,,フィオール,,,,,確認済
1989,500cc,patrick-salles,,,フィオール,,,,,確認済
1989,500cc,pavol-dekanek,,Wernberger,ホンダ,,41,,,確認済
1989,500cc,peter-graves,,,ホンダ,,,,,確認済
1989,500cc,peter-schleef,,,ホンダ,,,,,確認済
1989,500cc,rachel-nicotte,,Plaisir - Jacadi Racing,ホンダ,,44,,,確認済
1989,500cc,raymond-roche,,Cagiva Corse,カジバ,,29,,,確認済
1989,500cc,rudolf-zeller,,Uvex,Bakker,,,,,確認済
1989,500cc,shinji-katayama,,,ヤマハ,,,,,確認済
1989,500cc,stefan-klabacher,,,ホンダ,,,,,確認済
1989,500cc,stephane-mertens,,,ホンダ,,,,,確認済
1989,500cc,timo-paavilainen,,,スズキ,,,,,確認済
1989,500cc,torbjorn-bastiansen,,Torbjorn Bastiansen,スズキ,,50,,,確認済
1989,500cc,vincenzo-cascino,,Vincenzo Cascino,スズキ,,,,,確認済
1989,500cc,vittorio-scatola,,,スズキ,,,,,確認済
1989,250cc,sito-pons,,Campsa Honda Team,ホンダ,,1,1,262,確認済
1989,250cc,reinhold-roth,,HB Römer Team,ホンダ,,5,2,190,確認済
1989,250cc,jacques-cornu,,Team Lucky Strike Elf,ホンダ,,3,3,187,確認済
1989,250cc,carlos-cardus,,Team Repsol Honda,ホンダ,,8,4,162,確認済
1989,250cc,luca-cadalora,,Marlboro Yamaha Team Agostini,ヤマハ,,6,5,127,確認済
1989,250cc,masao-shimizu,,Ajinomoto Honda/HRC,ホンダ,,9,6,116,確認済
1989,250cc,jean-philippe-ruggia,,Team Gauloises Blondes Yamaha,ヤマハ,,7,7,110,確認済
1989,250cc,juan-garriga,,Ducados Yamaha Team,ヤマハ,,2,8,98,確認済
1989,250cc,helmut-bradl,,HB Rallye Sport Team,ホンダ,,17,9,88,確認済
1989,250cc,martin-wimmer,,Team Hein Gericke,アプリリア,,14,10,62,確認済
1989,250cc,loris-reggiani,,HB CR1 Racing Team Honda,ホンダ,,13,11,52,確認済
1989,250cc,didier-de-radigues,,Aprilia Racing Team,アプリリア,,4,12,51,確認済
1989,250cc,wilco-zeelenberg,,Samson Sharp Racing,ホンダ,,32,13,41,確認済
1989,250cc,john-kocinski,,Team Yamaha,ヤマハ,,19,14,40,確認済
1989,250cc,toshihiko-honma,,Yamaha Racing Team,ヤマハ,,28,15,36,確認済
1989,250cc,jochen-schmid,,Schwabengarage & Reifenzenter Zürn,ホンダ,,,16,36,確認済
1989,250cc,carlos-lavado,,Team Rudy Project,アプリリア,,10,17,31,確認済
1989,250cc,alex-barros,,Venemotos Racing Team,ヤマハ,,25,18,30,確認済
1989,250cc,garry-cowan,,Docshop Wevamed Racing Team,ヤマハ,,33,19,25,確認済
1989,250cc,jim-filice,,Edwin Honda,ホンダ,,65,20,22,確認済
1989,250cc,renzo-colleoni,,Team Elit,アプリリア,,22,21,21,確認済
1989,250cc,ivan-palazzese,,Aprilia Racing Team,アプリリア,,18,22,19,確認済
1989,250cc,alberto-puig,,Team Ducados Yamaha Puig,ヤマハ,,30,23,18,確認済
1989,250cc,harald-eckl,,Team Uvex Aprilia Telefix,アプリリア,,20,24,18,確認済
1989,250cc,marcellino-lucchi,,Aprilia,アプリリア,,59,25,17,確認済
1989,250cc,daniel-amatriain,,RTK Lotus Quartz,ホンダ,,,26,14,確認済
1989,250cc,alain-bronec,,Aprilia France,アプリリア,,45,27,11,確認済
1989,250cc,tadayuki-okada,,,不明,,,28,10,確認済
1989,250cc,toshinobu-shiomori,,,不明,,,29,9,確認済
1989,250cc,jose-morillas,,,不明,,,30,9,確認済
1989,250cc,stefano-caracchi,,Team Ciampini,ホンダ,,35,31,9,確認済
1989,250cc,fausto-ricci,,Team Italia,アプリリア,,21,32,8,確認済
1989,250cc,alberto-rota,,Team Italia,アプリリア,,,33,6,確認済
1989,250cc,patrick-van-den-goorbergh,,Docshop Wevamed Racing Team,ヤマハ,,,34,6,確認済
1989,250cc,daryl-beattie,,,ホンダ,,,35,4,確認済
1989,250cc,kevin-mitchell,,D Gallacher/Bradgate Containers,ヤマハ,,39,36,4,確認済
1989,250cc,paolo-casoli,,AGV Pileri LM,ホンダ,,,37,4,確認済
1989,250cc,andy-preining,,SK Vöst,アプリリア,,23,38,4,確認済
1989,250cc,maurizio-vitali,,AGV Pileri LM,ホンダ,,,39,2,確認済
1989,250cc,luis-lavado,,Venemotos Racing Team,ヤマハ,,26,40,2,確認済
1989,250cc,august-auinger,,Hostettler / SPI,ヤマハ,,16,41,1,確認済
1989,250cc,hans-becker,,Nava Racing Team,セール,,,41,1,確認済
1989,250cc,junya-arai,,,不明,,,41,1,確認済
1989,250cc,manfred-herweh,,Levior,ヤマハ,,15,41,1,確認済
1989,250cc,adrien-morillas,,Clermont Ferrand,ヤマハ,,43,,,確認済
1989,250cc,bernard-haenggeli,,,ヤマハ,,,,,確認済
1989,250cc,bernd-kassner,,,ヤマハ,,,,,確認済
1989,250cc,brent-jones,,,ヤマハ,,,,,確認済
1989,250cc,bruno-bonhuil,,,ヤマハ,,,,,確認済
1989,250cc,chris-oldfield,,,ヤマハ,,,,,確認済
1989,250cc,darren-milner,,??,ヤマハ,,57,,,確認済
1989,250cc,david-horton,,,ヤマハ,,,,,確認済
1989,250cc,david-moore,,,ヤマハ,,,,,確認済
1989,250cc,erich-neumair,,,アプリリア,,,,,確認済
1989,250cc,fabio-barchitta,,Team Rudy Project,アプリリア,,31,,,確認済
1989,250cc,frederic-protat,,,アプリリア,,,,,確認済
1989,250cc,jean-foray,,St Yrian Motos,ヤマハ,,36,,,確認済
1989,250cc,jean-francois-balde,,Motul Forza Shoei,ヤマハ,,,,,確認済
1989,250cc,jeffrey-sayle,,,ヤマハ,,,,,確認済
1989,250cc,massimo-matteoni,,,ヤマハ,,,,,確認済
1989,250cc,nigel-bosworth,,,アプリリア,,,,,確認済
1989,250cc,peter-linden,,,ヤマハ,,,,,確認済
1989,250cc,rene-bongers,,,ヤマハ,,,,,確認済
1989,250cc,rene-delaby,,,ヤマハ,,,,,確認済
1989,250cc,roy-leslie,,,ヤマハ,,,,,確認済
1989,250cc,stephen-whitehouse,,,ヤマハ,,,,,確認済
1989,250cc,urs-jucker,,Swiss Yamaha Team,ヤマハ,,,,,確認済
1989,250cc,virginio-ferrari,,Gazzaniga Corse,ガッツァニーガ,,,,,確認済
1989,250cc,xavier-cardelus,,,リエフ,,,,,確認済
1989,125cc,alex-criville,,,JJコバス,,,1,166,確認済
1989,125cc,hans-spaan,,,ホンダ,,,2,152,確認済
1989,125cc,ezio-gianola,,,ホンダ,,,3,136,確認済
1989,125cc,hisashi-unemoto,,,ホンダ,,,4,104,確認済
1989,125cc,fausto-gresini,,,アプリリア,,,5,102,確認済
1989,125cc,koji-takada,,,ホンダ,,,6,99,確認済
1989,125cc,stefan-prein,,,ホンダ,,,7,92,確認済
1989,125cc,julian-miralles-2,,,デルビ,,,8,90,確認済
1989,125cc,jorge-martinez,,,デルビ,,,9,72,確認済
1989,125cc,allan-scott,,,ホンダ,,,10,54,確認済
1989,125cc,adi-stadler,,,ホンダ,,,11,53,確認済
1989,125cc,robin-milton,,,ホンダ,,,12,46,確認済
1989,125cc,luis-miguel-reyes,,,ホンダ,,,13,35,確認済
1989,125cc,domenico-brigaglia,,,ガレリ,,,14,34,確認済
1989,125cc,dirk-raudies,,,ホンダ,,,15,29,確認済
1989,125cc,alfred-waibel,,,ホンダ,,,16,25,確認済
1989,125cc,taru-rinne,,,ホンダ,,,17,23,確認済
1989,125cc,lucio-pietroniro,,,ホンダ,,,18,22,確認済
1989,125cc,bruno-casanova,,,アプリリア,,,19,20,確認済
1989,125cc,doriano-romboni,,,ホンダ,,,20,20,確認済
1989,125cc,flemming-kistrup,,,ホンダ,,,21,18,確認済
1989,125cc,robin-appleyard,,,ホンダ,,,22,18,確認済
1989,125cc,thierry-feuz,,,ホンダ,,,23,15,確認済
1989,125cc,masayuki-hirose,,,ホンダ,,,24,13,確認済
1989,125cc,herri-torrontegui,,,ホンダ,,,25,13,確認済
1989,125cc,kenichi-yoshida,,,ホンダ,,,26,11,確認済
1989,125cc,jean-claude-selini,,,ホンダ,,,27,11,確認済
1989,125cc,masato-shima,,,ホンダ,,,28,10,確認済
1989,125cc,corrado-catalano,,,ガッツァニーガ,,,29,10,確認済
1989,125cc,johnny-wickstrom,,,ホンダ,,,30,10,確認済
1989,125cc,yutaka-fujihara,,,ホンダ,,,31,9,確認済
1989,125cc,kazuaki-yamashita,,,ホンダ,,,32,8,確認済
1989,125cc,hubert-abold,,,ロータックス,,,33,8,確認済
1989,125cc,shinichi-fujiyama,,,ホンダ,,,34,7,確認済
1989,125cc,kazuja-yamada,,,ホンダ,,,35,6,確認済
1989,125cc,gerhard-waibel,,,ホンダ,,,36,6,確認済
1989,125cc,mike-leitner,,,ホンダ,,,37,4,確認済
1989,125cc,gabriele-debbia,,,アプリリア,,,38,3,確認済
1989,125cc,jean-pierre-jeandat,,,ホンダ,,,39,3,確認済
1989,125cc,ian-saunders,,,ホンダ,,,40,3,確認済
1989,125cc,stuart-edwards,,,ERM,,,41,3,確認済
1989,125cc,bady-hassaine,,,ホンダ,,,42,2,確認済
1989,125cc,josef-fischer,,,ホンダ,,,43,2,確認済
1989,125cc,alex-bedford,,,EMC,,,44,1,確認済
1989,125cc,heinz-luthi,,,ホンダ,,,45,1,確認済
1989,125cc,herve-duffard,,,ホンダ,,,46,1,確認済
1989,125cc,antonio-oliveros,,,ホンダ,,,,,確認済
1989,125cc,emilio-cuppini,,,ガレリ,,,,,確認済
1989,125cc,esa-kytola,,,ホンダ,,,,,確認済
1989,125cc,gastone-grassetti,,,ホンダ,,,,,確認済
1989,125cc,hakan-olsson,,,ロータックス,,,,,確認済
1989,125cc,manfred-baumann,,,ホンダ,,,,,確認済
1989,125cc,manfred-fischer,,,ホンダ,,,,,確認済
1989,125cc,manuel-hernandez,,,ホンダ,,,,,確認済
1989,125cc,peter-ottl,,,クラウザー,,,,,確認済
1989,125cc,ralf-waldmann,,,ロータックス,,,,,確認済
1989,125cc,serge-julin,,,ホンダ,,,,,確認済
1989,125cc,stefan-dorflinger,,,アプリリア,,,,,確認済
1989,125cc,yutaka-fujiwara,,,ホンダ,,,,,確認済
1989,80cc,manuel-herreros,,,デルビ,,,1,92,確認済
1989,80cc,stefan-dorflinger,,,クラウザー,,,2,80,確認済
1989,80cc,peter-ottl,,,クラウザー,,,3,75,確認済
1989,80cc,herri-torrontegui,,,クラウザー,,,4,75,確認済
1989,80cc,gabriele-gnani,,,リエフ,,,5,45,確認済
1989,80cc,paolo-priori,,,クラウザー,,,6,41,確認済
1989,80cc,bogdan-nikolov,,,クラウザー,,,7,40,確認済
1989,80cc,jorge-martinez,,,デルビ,,,8,35,確認済
1989,80cc,jaime-mariano,,,カザル,,,9,33,確認済
1989,80cc,jorg-seel,,,セール,,,10,32,確認済
1989,80cc,andres-sanchez,,,JJコバス,,,11,30,確認済
1989,80cc,julian-miralles-2,,,デルビ,,,12,26,確認済
1989,80cc,hans-koopman,,,リエフ,,,13,26,確認済
1989,80cc,ralf-waldmann,,,セール,,,14,23,確認済
1989,80cc,jose-saez,,,クラウザー,,,15,20,確認済
1989,80cc,bernd-volkel,,,セール,,,16,13,確認済
1989,80cc,jos-van-dongen,,,カザル,,,17,13,確認済
1989,80cc,bert-smit,,,クラウザー,,,18,12,確認済
1989,80cc,stefan-kurfiss,,,クラウザー,,,19,12,確認済
1989,80cc,luis-alvaro,,,クラウザー,,,20,10,確認済
1989,80cc,giuseppe-ascareggi,,,リエフ,,,21,9,確認済
1989,80cc,roberto-sassone,,,リエフ,,,22,7,確認済
1989,80cc,janos-szabo,,,クラウザー,,,23,6,確認済
1989,80cc,zdravko-matulja,,,カザル,,,24,5,確認済
1989,80cc,jacques-bernard,,,ファンティック,,,25,5,確認済
1989,80cc,janez-pintar,,,リエフ,,,26,4,確認済
1989,80cc,stefan-bragger,,,カザル,,,27,4,確認済
1989,80cc,thomas-engl,,,Unknown,,,28,3,確認済
1989,80cc,gunter-schirnhofer,,,クラウザー,,,29,3,確認済
1989,80cc,rene-dunki,,,LCR,,,30,3,確認済
1989,80cc,mathias-ehinger,,,クラウザー,,,31,2,確認済
1989,80cc,heinz-paschen,,,カザル,,,32,1,確認済
1989,80cc,xavier-arumi,,,クラウザー,,,33,1,確認済
1989,80cc,alojz-pavlic,,,セール,,,,,確認済
1989,80cc,antonio-sanchez,,,JJコバス,,,,,確認済
1989,80cc,chris-baert,,,ブルタコ,,,,,確認済
1989,80cc,hagen-klein,,,リエフ,,,,,確認済
1989,80cc,joaquim-gali,,,クラウザー,,,,,確認済
1989,80cc,maik-stief,,,カザル,,,,,確認済
1989,80cc,paul-bordes,,,リエフ,,,,,確認済
1989,80cc,rainer-scheidhauer,,,セール,,,,,確認済
1989,80cc,reiner-koster,,,LCR,,,,,確認済
1989,80cc,salvatore-milano,,,クラウザー,,,,,確認済
1990,500cc,wayne-rainey,,Marlboro Team Roberts,ヤマハ,,2,1,255,確認済
1990,500cc,kevin-schwantz,,Team Lucky Strike Suzuki,スズキ,,34,2,188,確認済
1990,500cc,mick-doohan,,Rothmans Honda,ホンダ,,9,3,179,確認済
1990,500cc,niall-mackenzie,,Team Lucky Strike Suzuki,スズキ,,7,4,140,確認済
1990,500cc,wayne-gardner,,Rothmans Honda,ホンダ,,10,5,138,確認済
1990,500cc,juan-garriga,,Ducados Yamaha Team,ヤマハ,,11,6,121,確認済
1990,500cc,eddie-lawson,,Marlboro Team Roberts,ヤマハ,,1,7,118,確認済
1990,500cc,jean-philippe-ruggia,,Gauloises Blondes Yamaha/Mobil 1,ヤマハ,,14,8,110,確認済
1990,500cc,christian-sarron,,Gauloises Blondes Yamaha/Mobil 1,ヤマハ,,3,9,84,確認済
1990,500cc,sito-pons,,Campsa Banesto,ホンダ,,6,10,76,確認済
1990,500cc,pierfrancesco-chili,,La Cinq/ROC,ホンダ,,5,11,63,確認済
1990,500cc,alex-barros,,Cagiva Corse,カジバ,,28,12,57,確認済
1990,500cc,marco-papa,,Motoclub Perugia,ホンダ,,55,13,55,確認済
1990,500cc,randy-mamola,,Cagiva Corse,カジバ,,18,14,55,確認済
1990,500cc,ron-haslam,,Cagiva Corse,カジバ,,8,15,46,確認済
1990,500cc,cees-doorakkers,,HRK Motors,ホンダ,,,16,39,確認済
1990,500cc,eddie-laycock,,Millar Racing,ホンダ,,,17,30,確認済
1990,500cc,carl-fogarty,,La Cinq/ROC,ホンダ,,55,18,24,確認済
1990,500cc,nicholas-schmassmann,,FMS/N Schmassmann,ホンダ,,26,19,23,確認済
1990,500cc,peter-linden,,Honda Sweden,ホンダ,,17,20,15,確認済
1990,500cc,kevin-magee,,Team Lucky Strike Suzuki,スズキ,,4,21,13,確認済
1990,500cc,karl-truchsess,,Shell,ホンダ,,,22,12,確認済
1990,500cc,tadahiko-taira,,Tech 21/Yamaha Motor Company,ヤマハ,,21,23,10,確認済
1990,500cc,peter-goddard,,Marlboro Team Roberts,ヤマハ,,38,24,8,確認済
1990,500cc,andy-leuthe,,Librenti Corse,ホンダ,,25,25,8,確認済
1990,500cc,shinichi-ito,,HRC/Pentax,ホンダ,,39,26,7,確認済
1990,500cc,romolo-balbi,,,ホンダ,,,27,6,確認済
1990,500cc,michele-valdo,,Avia,ホンダ,,39,28,5,確認済
1990,500cc,hikaru-miyagi,,Teera,ホンダ,,37,29,5,確認済
1990,500cc,norihiko-fujiwara,,Yamaha Motor Company Motorsports,ヤマハ,,15,30,5,確認済
1990,500cc,shinji-katayama,,UCC,ヤマハ,,41,31,4,確認済
1990,500cc,rachel-nicotte,,??,シュヴァリエ,,43,32,4,確認済
1990,500cc,osamu-hiwatashi,,Schick Advantage,スズキ,,38,33,3,確認済
1990,500cc,hansjorg-butz,,Autohaus Butz,ホンダ,,19,34,3,確認済
1990,500cc,martin-trosch,,Levior,ホンダ,,30,35,1,確認済
1990,500cc,vittorio-scatola,,Team Elit Paton,パトン,,,36,1,確認済
1990,500cc,esko-kuparinen,,Sampo,ホンダ,,23,,,確認済
1990,500cc,katsuaki-fujiwara,,,ヤマハ・バルトル,,,,,確認済
1990,500cc,keiji-ohishi,,Camel,ヤマハ,,43,,,確認済
1990,500cc,kunio-machii,,Nescafé,ヤマハ,,36,,,確認済
1990,500cc,satoshi-tsujimoto,,Team Suzuki,スズキ,,40,,,確認済
1990,250cc,john-kocinski,,Marlboro Team Roberts,ヤマハ,,19,1,223,確認済
1990,250cc,carlos-cardus,,Repsol Honda,ホンダ,,4,2,208,確認済
1990,250cc,luca-cadalora,,Marlboro Yamaha Team Agostini,ヤマハ,,5,3,184,確認済
1990,250cc,helmut-bradl,,HB Honda Team,ホンダ,,9,4,150,確認済
1990,250cc,wilco-zeelenberg,,,ホンダ,,,5,127,確認済
1990,250cc,martin-wimmer,,Hein Gericke Racing Team,アプリリア,,10,6,118,確認済
1990,250cc,masao-shimizu,,Ajinomoto Honda/HRC,ホンダ,,6,7,100,確認済
1990,250cc,jochen-schmid,,HB Honda Team,ホンダ,,16,8,92,確認済
1990,250cc,jacques-cornu,,Team Lucky Strike Elf,ホンダ,,3,9,86,確認済
1990,250cc,christian-sarron,,,ホンダ,,,10,78,確認済
1990,250cc,alex-criville,,Marlboro Yamaha Team Agostini,ヤマハ,,28,11,76,確認済
1990,250cc,didier-de-radigues,,Iberna/Team Motoracing,アプリリア,,27,12,66,確認済
1990,250cc,loris-reggiani,,HB Gallina Aprilia Team,アプリリア,,11,13,63,確認済
1990,250cc,reinhold-roth,,HB Honda Team,ホンダ,,2,14,52,確認済
1990,250cc,carlos-lavado,,Team Greco,アプリリア,,17,15,37,確認済
1990,250cc,alberto-puig,,Ducados Yamaha Puig,ヤマハ,,31,16,32,確認済
1990,250cc,paolo-casoli,,Moto Club Crostolo,ヤマハ,,,17,32,確認済
1990,250cc,andy-preining,,Rothmans Honda,アプリリア,,,18,30,確認済
1990,250cc,marcellino-lucchi,,Aprilia,アプリリア,,21,19,23,確認済
1990,250cc,jose-morillas,,,アプリリア,,,20,22,確認済
1990,250cc,renzo-colleoni,,Team Greco,アプリリア,,29,21,17,確認済
1990,250cc,daryl-beattie,,HRC,ホンダ,,38,22,13,確認済
1990,250cc,harald-eckl,,JF Aprilia - Kuhnert,アプリリア,,32,23,13,確認済
1990,250cc,jorge-martinez,,Ducados JJ Cobas,JJコバス,,55,24,13,確認済
1990,250cc,toshihiko-honma,,UCC,ヤマハ,,15,25,10,確認済
1990,250cc,corrado-catalano,,Team Italia,アプリリア,,37,26,10,確認済
1990,250cc,tetsuya-harada,,??,ヤマハ,,44,27,9,確認済
1990,250cc,andrea-borgonovo,,AMS Racing Team,アプリリア,,20,28,9,確認済
1990,250cc,nobuatsu-aoki,,Cup Noodle Racing Team,ホンダ,,47,29,8,確認済
1990,250cc,alberto-rota,,Moto Club Bergamo,アプリリア,,,30,8,確認済
1990,250cc,masumitsu-taguchi,,,ホンダ,,,31,7,確認済
1990,250cc,tsumoto-udagawa,,,ホンダ,,,32,6,確認済
1990,250cc,niall-mackenzie,,Castrol Mortimer Racing,ヤマハ,,7,33,5,確認済
1990,250cc,jean-pierre-jeandat,,,ホンダ,,,34,4,確認済
1990,250cc,junzo-suzuki,,,ホンダ,,,35,4,確認済
1990,250cc,bernd-kassner,,HB Team Racing,ヤマハ,,40,36,4,確認済
1990,250cc,jose-barresi,,Venemotos Racing Team,ヤマハ,,30,37,4,確認済
1990,250cc,bernard-haenggeli,,Marlboro Aprilia Team Elf,アプリリア,,,38,4,確認済
1990,250cc,rich-oliver,,,ヤマハ,,,39,3,確認済
1990,250cc,alan-carter,,Honda Britain,ホンダ,,12,40,3,確認済
1990,250cc,clive-horton,,,ヤマハ,,,41,3,確認済
1990,250cc,steve-manley,,,ヤマハ,,,42,2,確認済
1990,250cc,kevin-mitchell,,D Gallacher/B & M Motorcycles,ヤマハ,,,43,2,確認済
1990,250cc,urs-jucker,,Swiss Yamaha Team,ヤマハ,,,44,2,確認済
1990,250cc,yukio-nukumi,,,ヤマハ,,,45,1,確認済
1990,250cc,ricky-rice,,,ヤマハ,,,46,1,確認済
1990,250cc,jean-foray,,Team St Yrian Motos,ヤマハ,,,47,1,確認済
1990,250cc,adrien-morillas,,Gauloises Blondes,アプリリア,,23,,,確認済
1990,250cc,akio-mitoma,,,ホンダ,,,,,確認済
1990,250cc,alain-bronec,,Fior Racing,アプリリア,,,,,確認済
1990,250cc,anseimo-lasaosa,,,ヤマハ,,,,,確認済
1990,250cc,darren-milner,,,アプリリア,,,,,確認済
1990,250cc,david-evelyn,,,トーハツ,,,,,確認済
1990,250cc,david-horton,,,ヤマハ,,,,,確認済
1990,250cc,david-moore,,,マイコ,,,,,確認済
1990,250cc,dominique-sarron,,Rothmans Honda,ホンダ,,8,,,確認済
1990,250cc,erich-neumair,,GP Trade & Promotion,ヤマハ,,22,,,確認済
1990,250cc,fausto-ricci,,,アプリリア,,,,,確認済
1990,250cc,gavin-johnston,,,ジョンソン・ヤマハ,,,,,確認済
1990,250cc,hans-becker,,Romero Racing Team,ヤマハ,,,,,確認済
1990,250cc,j-r-hazelden,,,アプリリア,,,,,確認済
1990,250cc,k-ohta,,,ホンダ,,,,,確認済
1990,250cc,kyoji-nanba,,,ヤマハ,,,,,確認済
1990,250cc,martin-craggill,,,リエフ,,,,,確認済
1990,250cc,maurice-hawthorne,,,リエフ,,,,,確認済
1990,250cc,mike-webb,,,リエフ,,,,,確認済
1990,250cc,patrick-igoa,,,アプリリア,,,,,確認済
1990,250cc,peter-linden,,,ホンダ,,,,,確認済
1990,250cc,rachel-nicotte,,Plaisir Vitesse International,ヤマハ,,,,,確認済
1990,250cc,stefano-caracchi,,,アプリリア,,,,,確認済
1990,250cc,stephen-whitehouse,,,ヤマハ,,,,,確認済
1990,250cc,tadayuki-okada,,??,ホンダ,,26,,,確認済
1990,250cc,toshi-arakaki,,,ホンダ,,,,,確認済
1990,250cc,toshinobu-shiomori,,,ヤマハ,,,,,確認済
1990,250cc,trevor-manley,,,ヤマハ,,,,,確認済
1990,250cc,yoshiari-hori,,,ホンダ,,,,,確認済
1990,250cc,yoshiyuki-sugai,,,ホンダ,,,,,確認済
1990,125cc,loris-capirossi,,AGV Pileri Corse,ホンダ,,,1,182,確認済
1990,125cc,hans-spaan,,Sharp-Samson Racing Team,ホンダ,,2,2,173,確認済
1990,125cc,stefan-prein,,Lanson Honda Racing,ホンダ,,7,3,169,確認済
1990,125cc,doriano-romboni,,Moto Club Crostolo,ホンダ,,20,4,130,確認済
1990,125cc,dirk-raudies,,AMC Biberach/Riss e.V im ADAC,ホンダ,,16,5,113,確認済
1990,125cc,jorge-martinez,,Ducados JJ Cobas,JJコバス,,55,6,105,確認済
1990,125cc,bruno-casanova,,Semprucci/Club del Motore-Forli,アプリリア,,23,7,103,確認済
1990,125cc,fausto-gresini,,AGV Pileri Corse,ホンダ,,5,8,102,確認済
1990,125cc,alessandro-gramigni,,Team Italia,アプリリア,,39,9,84,確認済
1990,125cc,heinz-luthi,,Team Lucky Strike Elf,ホンダ,,,10,78,確認済
1990,125cc,adi-stadler,,RS Rallye Sport Racing Team,JJコバス,,11,11,77,確認済
1990,125cc,gabriele-debbia,,Team Italia,アプリリア,,37,12,55,確認済
1990,125cc,julian-miralles-2,,Coronas Racing Team,JJコバス,,8,13,46,確認済
1990,125cc,maurizio-vitali,,Gazzaniga Corse,ガッツァニーガ,,,14,44,確認済
1990,125cc,manuel-hernandez,,Team Honda Liqor 43,ホンダ,,,15,40,確認済
1990,125cc,koji-takada,,Team Takeshima,ホンダ,,6,16,39,確認済
1990,125cc,steve-patrickson,,Derek Clarke Racing Team,ホンダ,,,17,32,確認済
1990,125cc,robin-appleyard,,Colin Appleyard Ltd,ホンダ,,,18,32,確認済
1990,125cc,alfred-waibel,,Gerstmann Racing,ホンダ,,17,19,31,確認済
1990,125cc,hisashi-unemoto,,Team Unemoto,ホンダ,,4,20,30,確認済
1990,125cc,robin-milton,,Robin Milton,ホンダ,,12,21,28,確認済
1990,125cc,kinya-wada,,Team Takeshima,ホンダ,,,22,26,確認済
1990,125cc,ralf-waldmann,,Schuh Racing Team,ロータックス,,31,23,19,確認済
1990,125cc,emilio-cuppini,,Moto Club Biccirelli,ホンダ,,66,24,15,確認済
1990,125cc,herri-torrontegui,,Repsol Honda,ホンダ,,25,25,14,確認済
1990,125cc,johnny-wickstrom,,Silja Line,JJコバス,,46,26,13,確認済
1990,125cc,stefan-kurfiss,,Stefan Kurfiss,ホンダ,,36,27,11,確認済
1990,125cc,yoshifumi-ichimiya,,,ホンダ,,,28,8,確認済
1990,125cc,hans-koopman,,Viplex Plastics Holland,ホンダ,,30,29,7,確認済
1990,125cc,yukiho-hinokio,,,ホンダ,,,30,6,確認済
1990,125cc,domenico-brigaglia,,,ホンダ,,,31,6,確認済
1990,125cc,fuyuki-yamazaki,,,ホンダ,,,32,5,確認済
1990,125cc,thierry-feuz,,BP Racing Team Switzerland,ホンダ,,45,33,5,確認済
1990,125cc,nobuyuki-wakai,,,ホンダ,,,34,3,確認済
1990,125cc,flemming-kistrup,,Thomas Moller Pedersen,ホンダ,,42,35,3,確認済
1990,125cc,sinya-sato,,,ホンダ,,,36,2,確認済
1990,125cc,allan-scott,,Allan Scott Racing,ホンダ,,,37,1,確認済
1990,125cc,jaime-mariano,,Timspeed Casal,カザル,,33,38,1,確認済
1990,125cc,antonio-sanchez,,Antonio Sánchez Ballesteros,JJコバス,,29,39,1,確認済
1990,125cc,stuart-edwards,,Stuart Edwards,ホンダ,,,40,1,確認済
1990,125cc,andrew-palmer,,,ホンダ,,,,,確認済
1990,125cc,bady-hassaine,,Digitec,ホンダ,,,,,確認済
1990,125cc,colin-clark,,,ホンダ,,,,,確認済
1990,125cc,david-mayne,,,ホンダ,,,,,確認済
1990,125cc,herve-duffard,,Hervé Duffard,リエフ,,,,,確認済
1990,125cc,hubert-abold,,Hubert Abold,ホンダ,,,,,確認済
1990,125cc,janez-pintar,,,ホンダ,,,,,確認済
1990,125cc,jean-claude-selini,,,ホンダ,,,,,確認済
1990,125cc,joachim-leitert,,,EMCホンダ,,,,,確認済
1990,125cc,jos-van-dongen,,Ringelberg Team,ホンダ,,34,,,確認済
1990,125cc,linda-walsh,,,ホンダ,,,,,確認済
1990,125cc,luis-miguel-reyes,,Garelli,ガッツァニーガ,,14,,,確認済
1990,125cc,manuel-herreros,,Cepsa,JJコバス,,22,,,確認済
1990,125cc,michael-haisman,,,ホンダ,,,,,確認済
1990,125cc,mike-leitner,,EMCO Sports Team,ホンダ,,,,,確認済
1990,125cc,peter-galvin,,Team Driza Bone,ホンダ,,40,,,確認済
1990,125cc,peter-mcfayden,,,ホンダ,,,,,確認済
1990,125cc,peter-ottl,,,ロータックス,,,,,確認済
1990,125cc,peter-scott,,,ホンダ,,,,,確認済
1990,125cc,stefan-bragger,,Mori Sport Laverda,アプリリア,,,,,確認済
1990,125cc,stefan-dorflinger,,Marlboro Aprilia Team Dörflinger,アプリリア,,21,,,確認済
1990,125cc,taru-rinne,,Team Rumi,ホンダ,,18,,,確認済
1990,125cc,terry-paviell,,,ホンダ,,,,,確認済
1990,125cc,tony-daly,,,ホンダ,,,,,確認済
1991,500cc,wayne-rainey,,Marlboro Team Roberts,ヤマハ,,1,1,233,確認済
1991,500cc,mick-doohan,,Rothmans Honda,ホンダ,,3,2,224,確認済
1991,500cc,kevin-schwantz,,Team Lucky Strike Suzuki,スズキ,,34,3,204,確認済
1991,500cc,john-kocinski,,Marlboro Team Roberts,ヤマハ,,19,4,161,確認済
1991,500cc,wayne-gardner,,Rothmans Honda,ホンダ,,5,5,161,確認済
1991,500cc,eddie-lawson,,Cagiva,カジバ,,7,6,126,確認済
1991,500cc,juan-garriga,,Ducados Yamaha,ヤマハ,,6,7,121,確認済
1991,500cc,didier-de-radigues,,Team Lucky Strike Suzuki,スズキ,,27,8,105,確認済
1991,500cc,doug-chandler,,Team Roberts Yamaha/Castrol,ヤマハ,,21,9,85,確認済
1991,500cc,jean-philippe-ruggia,,Yamaha Sonauto Mobil 1,ヤマハ,,8,10,78,確認済
1991,500cc,jose-morillas,,,ヤマハ,,,11,71,確認済
1991,500cc,eddie-laycock,,Millar Racing,ヤマハ,,17,12,57,確認済
1991,500cc,alex-barros,,Cagiva,カジバ,,12,13,46,確認済
1991,500cc,sito-pons,,Campsa Honda,ホンダ,,10,14,40,確認済
1991,500cc,cees-doorakkers,,HEK-Bauwmachines,ホンダ,,16,15,40,確認済
1991,500cc,marco-papa,,Cagiva,ホンダ,,11,16,36,確認済
1991,500cc,niall-mackenzie,,Yamaha Sonauto Mobil 1,ヤマハ,,4,17,34,確認済
1991,500cc,michael-rudroff,,R.S. Rallye Sport,ホンダ,,,18,26,確認済
1991,500cc,kevin-magee,,Team Lucky Strike Suzuki,スズキ,,9,19,19,確認済
1991,500cc,hans-becker,,Romero Racing Team,ヤマハ,,,20,13,確認済
1991,500cc,keiichiro-iwahashi,,Ajinomoto,ホンダ,,41,21,7,確認済
1991,500cc,simon-buckmaster,,Padgett's Racing Team,スズキ,,,22,6,確認済
1991,500cc,rich-oliver,,Marlboro Team Roberts,ヤマハ,,97,23,5,確認済
1991,500cc,nicholas-schmassmann,,Technotron,ホンダ,,13,24,5,確認済
1991,500cc,ron-haslam,,Norton/JPS Racing,ノートン,,15,25,4,確認済
1991,500cc,robbie-petersen,,Marlboro Team Roberts,ヤマハ,,46,26,4,確認済
1991,500cc,josef-doppler,,Doppler Racing,ヤマハ,,,27,4,確認済
1991,500cc,romolo-balbi,,??,ホンダ,,,28,3,確認済
1991,500cc,andy-leuthe,,Librenti Corse,スズキ,,23,29,3,確認済
1991,500cc,steve-spray,,Roton,ノートン,,31,30,1,確認済
1991,500cc,peter-goddard,,Hayashi,ヤマハ,,46,31,1,確認済
1991,500cc,adrien-morillas,,Yamaha Sonauto Mobil 1,ヤマハ,,20,,,確認済
1991,500cc,helmut-schutz,,R.S. Rallye Sport,ホンダ,,24,,,確認済
1991,500cc,hikaru-miyagi,,Ajinomoto,ホンダ,,36,,,確認済
1991,500cc,keiji-ohishi,,Camel,ヤマハ,,39,,,確認済
1991,500cc,kunio-machii,,Nescafé,ヤマハ,,37,,,確認済
1991,500cc,michele-valdo,,Team Paton,パトン,,,,,確認済
1991,500cc,norihiko-fujiwara,,Kirin Mets,ヤマハ,,35,,,確認済
1991,500cc,osamu-hiwatashi,,S.R.T.,スズキ,,38,,,確認済
1991,500cc,satoshi-tsujimoto,,S.R.T.,スズキ,,40,,,確認済
1991,500cc,shinichi-ito,,Pentax,ホンダ,,28,,,確認済
1991,500cc,tadahiko-taira,,Y.R.T.R.,ヤマハ,,44,,,確認済
1991,500cc,tasuro-arata,,Itoen,ヤマハ,,25,,,確認済
1991,500cc,toshihiko-honma,,BMO-2RS Yamaha,ヤマハ,,45,,,確認済
1991,250cc,luca-cadalora,,Rothmans-Kanemoto Honda,ホンダ,,3,1,237,確認済
1991,250cc,helmut-bradl,,HB Honda Racing Team Germany,ホンダ,,4,2,220,確認済
1991,250cc,carlos-cardus,,Repsol-Honda/Cardús,ホンダ,,2,3,205,確認済
1991,250cc,wilco-zeelenberg,,Sharp-Samson-Bieffe Team,ホンダ,,5,4,158,確認済
1991,250cc,masao-shimizu,,HRC Honda/Ajinomoto,ホンダ,,7,5,142,確認済
1991,250cc,loris-reggiani,,Aprilia Unlimited Jeans Team,アプリリア,,13,6,128,確認済
1991,250cc,pierfrancesco-chili,,Iberna Aprilia/Valesi Racing,アプリリア,,9,7,107,確認済
1991,250cc,jochen-schmid,,Schuh-Zwafink Racing,ホンダ,,8,8,96,確認済
1991,250cc,martin-wimmer,,Team Lucky Strike Suzuki,スズキ,,6,9,89,確認済
1991,250cc,paolo-casoli,,Team Agostini/API,ヤマハ,,17,10,65,確認済
1991,250cc,andy-preining,,ÖKM-Aprilia/SK Vöst,アプリリア,,18,11,60,確認済
1991,250cc,jean-pierre-jeandat,,Rothmans Honda France,ホンダ,,51,12,59,確認済
1991,250cc,alex-criville,,Marlboro/JJ Cobas,JJコバス,,11,13,51,確認済
1991,250cc,carlos-lavado,,Team Greco,ヤマハ,,15,14,34,確認済
1991,250cc,doriano-romboni,,HB Honda Racing Team Italy,ホンダ,,20,15,32,確認済
1991,250cc,alberto-puig,,Ducados Yamaha Puig,ヤマハ,,16,16,28,確認済
1991,250cc,stefan-prein,,HB Honda Racing Team Germany,ホンダ,,33,17,28,確認済
1991,250cc,harald-eckl,,JF-Aprilia-Kuhnert,アプリリア,,30,18,22,確認済
1991,250cc,katsuyoshi-kozono,,Jha Racing,ホンダ,,,19,20,確認済
1991,250cc,renzo-colleoni,,Iberna Aprilia/Valesi Racing,アプリリア,,27,20,19,確認済
1991,250cc,bernard-haenggeli,,Marlboro Aprilia Mohag,アプリリア,,32,21,15,確認済
1991,250cc,masumitsu-taguchi,,??,ホンダ,,53,22,13,確認済
1991,250cc,nobuatsu-aoki,,Cup Noodle Racing Team,ホンダ,,55,23,11,確認済
1991,250cc,tetsuya-harada,,Nescafé Yamaha Racing Team,ヤマハ,,52,24,10,確認済
1991,250cc,herri-torrontegui,,Team Lucky Strike Suzuki,アプリリア,,72,25,8,確認済
1991,250cc,erkka-korpiaho,,AMS Mauri Racing,アプリリア,,,26,8,確認済
1991,250cc,max-biaggi,,Team Italia,アプリリア,,,27,7,確認済
1991,250cc,tsumoto-udagawa,,Racing Team Udagawa,ホンダ,,54,28,6,確認済
1991,250cc,marcellino-lucchi,,OZ Racing System,アプリリア,,19,29,5,確認済
1991,250cc,jose-barresi,,,ヤマハ,,,30,4,確認済
1991,250cc,dominique-sarron,,Team Gallina/Compagnucci,ヤマハ,,10,31,4,確認済
1991,250cc,kyoji-nanba,,??,ヤマハ,,61,32,4,確認済
1991,250cc,frederic-protat,,FP Moto Team,アプリリア,,,33,4,確認済
1991,250cc,urs-jucker,,Swiss Yamaha Team,ヤマハ,,,34,4,確認済
1991,250cc,leon-van-der-heyden,,Sharp-Samson-Bieffe Team,ホンダ,,21,35,3,確認済
1991,250cc,patrick-van-den-goorbergh,,Docshop/Servopax,ヤマハ,,34,36,3,確認済
1991,250cc,jurgen-van-den-goorbergh,,,アプリリア,,,37,2,確認済
1991,250cc,bernd-kassner,,RS Rallye Sport GmbH,アプリリア,,,38,1,確認済
1991,250cc,toshi-arakaki,,,ホンダ,,,39,1,確認済
1991,250cc,kevin-mitchell,,Medd Holdings,ヤマハ,,,40,1,確認済
1991,250cc,corrado-catalano,,Rothmans Honda Italy,ホンダ,,,41,1,確認済
1991,250cc,allan-scott,,,ヤマハ,,,,,確認済
1991,250cc,chris-daluisio,,,ヤマハ,,,,,確認済
1991,250cc,daniel-amatriain,,,アプリリア,,,,,確認済
1991,250cc,darren-milner,,,リエフ,,,,,確認済
1991,250cc,david-horton,,,ヤマハ,,,,,確認済
1991,250cc,eskil-suter,,Marlboro Aprilia Mohag,アプリリア,,,,,確認済
1991,250cc,fausto-ricci,,Team Rocker by Gallina,ヤマハ,,,,,確認済
1991,250cc,gavin-johnston,,,ヤマハ,,,,,確認済
1991,250cc,ian-newton,,Trans Freight Europa,ヤマハ,,,,,確認済
1991,250cc,jaime-mariano,,Tecno Racing/Barrca March,アプリリア,,,,,確認済
1991,250cc,jean-foray,,Team St Yrian Motos,ヤマハ,,,,,確認済
1991,250cc,jim-filice,,Team Gallina,ヤマハ,,23,,,確認済
1991,250cc,jon-cornwell,,,ヤマハ,,,,,確認済
1991,250cc,m-yamagishi,,,ホンダ,,,,,確認済
1991,250cc,michael-haisman,,,ヤマハ,,,,,確認済
1991,250cc,mike-sullivan,,,ヤマハ,,,,,確認済
1991,250cc,nick-ienatsch,,,ヤマハ,,,,,確認済
1991,250cc,osamu-miyazaki,,,ヤマハ,,,,,確認済
1991,250cc,peter-linden,,Flygvapnet,ホンダ,,14,,,確認済
1991,250cc,renato-colleoni,,Iberna Aprilia/Valesi Racing,アプリリア,,27,,,確認済
1991,250cc,rick-kirk,,,ヤマハ,,,,,確認済
1991,250cc,rick-tripodi,,,ヤマハ,,,,,確認済
1991,250cc,ricky-rice,,,ヤマハ,,,,,確認済
1991,250cc,scott-buckley,,,ヤマハ,,,,,確認済
1991,250cc,stefano-caracchi,,Team Gallina,ヤマハ,,,,,確認済
1991,250cc,stefano-pennese,,,アプリリア,,,,,確認済
1991,250cc,stephen-whitehouse,,,ヤマハ,,,,,確認済
1991,250cc,steve-hislop,,Silkolene Honda Britain,ホンダ,,,,,確認済
1991,250cc,tadayuki-okada,,HRC,ホンダ,,29,,,確認済
1991,250cc,takehiko-kurokawa,,,ホンダ,,,,,確認済
1991,250cc,trevor-manley,,,ヤマハ,,,,,確認済
1991,250cc,warren-palesy,,,ヤマハ,,,,,確認済
1991,250cc,william-doran,,LMC Pennesse Racing,アプリリア,,25,,,確認済
1991,250cc,yoshomasa-kato,,,ヤマハ,,,,,確認済
1991,125cc,loris-capirossi,,AGV-Pileri Corse,ホンダ,,1,1,200,確認済
1991,125cc,fausto-gresini,,AGV-Pileri Corse,ホンダ,,7,2,181,確認済
1991,125cc,ralf-waldmann,,Schuh/Zwafink Honda Racing,ホンダ,,28,3,141,確認済
1991,125cc,gabriele-debbia,,Team Italia,アプリリア,,12,4,111,確認済
1991,125cc,noboru-ueda,,Hero Sports TS,ホンダ,,,5,105,確認済
1991,125cc,jorge-martinez,,Elf Coronas Racing Team,ホンダ,,5,6,99,確認済
1991,125cc,alessandro-gramigni,,Team Italia,アプリリア,,9,7,90,確認済
1991,125cc,dirk-raudies,,Schuh HB Honda Racing Team,ホンダ,,4,8,81,確認済
1991,125cc,peter-ottl,,AGV Racing Team,ロータックス,,22,9,67,確認済
1991,125cc,nobuyuki-wakai,,Moto Bum Racing Team,ホンダ,,,10,60,確認済
1991,125cc,heinz-luthi,,,ホンダ,,,11,56,確認済
1991,125cc,adi-stadler,,RS Rallye Sport GmbH,JJコバス,,11,12,56,確認済
1991,125cc,kazuto-sakata,,Team Elf Kepla/Meiko,ホンダ,,35,13,55,確認済
1991,125cc,hans-spaan,,Sharp Samson Racing Team,ホンダ,,2,14,54,確認済
1991,125cc,bruno-casanova,,Team Semprucci IDM,ホンダ,,3,15,45,確認済
1991,125cc,ezio-gianola,,Derbi Racing Team,デルビ,,6,16,32,確認済
1991,125cc,koji-takada,,Team Takeshima,ホンダ,,16,17,28,確認済
1991,125cc,maurizio-vitali,,Gazzaniga Corse,ガッツァニーガ,,15,18,27,確認済
1991,125cc,hisashi-unemoto,,Team Unemoto,ホンダ,,20,19,15,確認済
1991,125cc,kinya-wada,,ICM Racing Associates,ホンダ,,,20,14,確認済
1991,125cc,masato-shima,,,ホンダ,,,21,13,確認済
1991,125cc,luis-alvaro,,Derbi Racing Team,デルビ,,,22,13,確認済
1991,125cc,oliver-petrucciani,,Marlboro Aprilia Mohag,アプリリア,,,23,13,確認済
1991,125cc,herri-torrontegui,,Herri Racing Team,リエフ,,42,24,12,確認済
1991,125cc,andres-sanchez,,,JJコバス,,,25,12,確認済
1991,125cc,gimmi-bosio,,HB Italy/Gilera Club,ホンダ,,27,26,12,確認済
1991,125cc,julian-miralles-2,,Elf Coronas Racing Team,ホンダ,,14,27,10,確認済
1991,125cc,alfred-waibel,,??,ホンダ,,19,28,9,確認済
1991,125cc,akira-saito,,,ホンダ,,,29,8,確認済
1991,125cc,sinya-sato,,,ホンダ,,,30,7,確認済
1991,125cc,carlos-giro-jr,,Team Ducados,JJコバス,,,31,7,確認済
1991,125cc,arie-molenaar,,Sharp Samson Racing Team,ホンダ,,46,32,7,確認済
1991,125cc,manuel-herreros,,,リエフ,,,33,6,確認済
1991,125cc,ian-mcconnachie,,Clay Cross Motorcycles,ホンダ,,,34,5,確認済
1991,125cc,steve-patrickson,,Derek Clarke Racing Team/Levior,ホンダ,,17,35,5,確認済
1991,125cc,johnny-wickstrom,,,ホンダ,,,36,5,確認済
1991,125cc,yosuke-yamakawa,,,ホンダ,,,37,3,確認済
1991,125cc,peter-galvin,,Team Driza Bone,ホンダ,,29,38,2,確認済
1991,125cc,alain-bronec,,Ville de Thiers,ホンダ,,41,39,2,確認済
1991,125cc,alan-patterson,,,ホンダ,,,,,確認済
1991,125cc,antonio-sanchez,,Team Ducados,JJコバス,,,,,確認済
1991,125cc,emilio-cuppini,,Gazzaniga Corse,ホンダ,,34,,,確認済
1991,125cc,francisco-debon,,JJ Cobas Ducados-Agrati,JJコバス,,26,,,確認済
1991,125cc,hans-koopman,,,ホンダ,,,,,確認済
1991,125cc,hubert-abold,,Moto Co Team Kepla,ホンダ,,50,,,確認済
1991,125cc,jos-van-dongen,,Ringleberg Team,ホンダ,,,,,確認済
1991,125cc,ken-fisher,,,ホンダ,,,,,確認済
1991,125cc,linda-walsh,,,ホンダ,,,,,確認済
1991,125cc,manuel-hernandez,,Racing Team Honda Cartagena,ホンダ,,43,,,確認済
1991,125cc,oliver-koch,,,ホンダ,,,,,確認済
1991,125cc,peter-scott,,,ホンダ,,,,,確認済
1991,125cc,rene-dunki,,Dianetik Racing Team,ホンダ,,49,,,確認済
1991,125cc,robin-appleyard,,Colin Appleyard Racing,ホンダ,,18,,,確認済
1991,125cc,serafino-foti,,Eugenio Lazzarini Racing,ホンダ,,,,,確認済
1991,125cc,stefan-bragger,,Team Brägger,ホンダ,,62,,,確認済
1991,125cc,stefan-kurfiss,,AGV/MDS Racing Team,ホンダ,,,,,確認済
1991,125cc,thierry-feuz,,BP Racing Team Switzerland,ホンダ,,45,,,確認済
1991,125cc,tony-daly,,,ホンダ,,,,,確認済
1991,125cc,tony-sims,,,ホンダ,,,,,確認済
1991,125cc,wolfgang-fritz,,,ホンダ,,,,,確認済
1992,500cc,wayne-rainey,,Marlboro Team Roberts,ヤマハ,,1,1,140,確認済
1992,500cc,mick-doohan,,Rothmans Honda Team,ホンダ,,2,2,136,確認済
1992,500cc,john-kocinski,,Marlboro Team Roberts,ヤマハ,,4,3,102,確認済
1992,500cc,kevin-schwantz,,Lucky Strike Suzuki 500,スズキ,,34,4,99,確認済
1992,500cc,doug-chandler,,Lucky Strike Suzuki 500,スズキ,,10,5,94,確認済
1992,500cc,wayne-gardner,,Rothmans Kanemoto Honda,ホンダ,,5,6,78,確認済
1992,500cc,juan-garriga,,Ducados Yamaha Team,ヤマハ,,6,7,61,確認済
1992,500cc,alex-criville,,Campsa Honda Team,ホンダ,,28,8,59,確認済
1992,500cc,eddie-lawson,,Cagiva Team Agostini,カジバ,,7,9,56,確認済
1992,500cc,randy-mamola,,Global Motorsports/Budweiser Racing,ヤマハ,,8,10,45,確認済
1992,500cc,niall-mackenzie,,Yamaha France/Banco,ヤマハ,,19,11,37,確認済
1992,500cc,miguel-duhamel,,Yamaha France/Banco,ヤマハ,,17,12,34,確認済
1992,500cc,alex-barros,,Cagiva Team Agostini,カジバ,,12,13,29,確認済
1992,500cc,daryl-beattie,,Rothmans Kanemoto Honda,ホンダ,,58,14,18,確認済
1992,500cc,peter-goddard,,Team Valvoline/WCM,ROCヤマハ,,21,15,18,確認済
1992,500cc,shinichi-ito,,Team HRC,ホンダ,,53,16,10,確認済
1992,500cc,ken-ohashi,,,スズキ,,,17,6,確認済
1992,500cc,terry-rymer,,Padgett's Racing Team,ハリス・ヤマハ,,63,18,6,確認済
1992,500cc,corrado-catalano,,K.C.S. International,ROCヤマハ,,33,19,5,確認済
1992,500cc,eddie-laycock,,Millar Racing,ヤマハ,,11,20,4,確認済
1992,500cc,toshihiko-honma,,Hiro Racing Team Yamaha,ヤマハ,,56,21,3,確認済
1992,500cc,michael-rudroff,,Rallye-Sport Racing Team,ハリス・ヤマハ,,18,22,3,確認済
1992,500cc,jamie-whitham,,Padgett's Racing Team,ヤマハ,,61,23,2,確認済
1992,500cc,dominique-sarron,,Banco ROC,ROCヤマハ,,14,24,2,確認済
1992,500cc,norihiko-fujiwara,,Kirin Mets RT Yamaha,ヤマハ,,52,25,2,確認済
1992,500cc,toshi-arakaki,,Team ROC Swiss,ROCヤマハ,,32,26,2,確認済
1992,500cc,kevin-mitchell,,MBM Racing,ハリス・ヤマハ,,26,27,1,確認済
1992,500cc,satoshi-tsujimoto,,AM/PM Racing,ホンダ,,57,28,1,確認済
1992,500cc,andrew-stroud,,Team Valvoline/WCM,ROCヤマハ,,40,,,確認済
1992,500cc,andy-leuthe,,VRP Racing Team,VRP,,29,,,確認済
1992,500cc,bruno-bonhuil,,Ville de Reims,ROCヤマハ,,64,,,確認済
1992,500cc,carl-fogarty,,MBM Racing,ハリス・ヤマハ,,62,,,確認済
1992,500cc,cees-doorakkers,,HEK Racing Team,ハリス・ヤマハ,,15,,,確認済
1992,500cc,claude-arciero,,Arciero Racing Team,ROCヤマハ,,36,,,確認済
1992,500cc,damon-buckmaster,,,ヤマハ,,,,,確認済
1992,500cc,josef-doppler,,Uvex Racing Team,ROCヤマハ,,25,,,確認済
1992,500cc,juan-lopez-mella,,Nivea For Men Team,ROCヤマハ,,37,,,確認済
1992,500cc,keiichiro-iwahashi,,An Team Blue Fox,ホンダ,,54,,,確認済
1992,500cc,keiji-ohishi,,S.R.T.,スズキ,,55,,,確認済
1992,500cc,lucio-pedercini,,Paton,パトン,,24,,,確認済
1992,500cc,marco-papa,,Librenti Corse,リブレンティ,,16,,,確認済
1992,500cc,mike-wilson,,Ville de Paris - Reims,ROCヤマハ,,60,,,確認済
1992,500cc,nicholas-schmassmann,,Uvex Racing Team,ROCヤマハ,,23,,,確認済
1992,500cc,peter-graves,,Peter Graves Racing Team,ハリス・ヤマハ,,30,,,確認済
1992,500cc,russell-wood,,Grant Nashua,ハリス・ヤマハ,,66,,,確認済
1992,500cc,serge-david,,Team ROC Swiss,ROCヤマハ,,27,,,確認済
1992,500cc,simon-buckmaster,,Padgett's Racing Team,ハリス・ヤマハ,,22,,,確認済
1992,500cc,thierry-crine,,Ville de Paris,ROCヤマハ,,31,,,確認済
1992,250cc,luca-cadalora,,Rothmans Kanemoto Honda,ホンダ,,1,1,203,確認済
1992,250cc,loris-reggiani,,Aprilia Unlimited Jeans,アプリリア,,13,2,159,確認済
1992,250cc,pierfrancesco-chili,,Telkor Valesi Racing,アプリリア,,7,3,119,確認済
1992,250cc,helmut-bradl,,HB Honda Germany,ホンダ,,2,4,89,確認済
1992,250cc,max-biaggi,,Telkor Valesi Racing,アプリリア,,29,5,78,確認済
1992,250cc,alberto-puig,,Ducados DC Sports,アプリリア,,16,6,71,確認済
1992,250cc,jochen-schmid,,Mitsui Yamaha,ヤマハ,,8,7,58,確認済
1992,250cc,carlos-cardus,,Repsol Honda/Cardús,ホンダ,,3,8,48,確認済
1992,250cc,masao-shimizu,,Hero Sports with M-Promotion Honda,ホンダ,,5,9,46,確認済
1992,250cc,doriano-romboni,,HB Racing Team Italy,ホンダ,,15,10,43,確認済
1992,250cc,wilco-zeelenberg,,Lucky Strike Suzuki 250,スズキ,,4,11,38,確認済
1992,250cc,loris-capirossi,,Marlboro Team Pileri,ホンダ,,6,12,27,確認済
1992,250cc,tadayuki-okada,,Team HRC,TSRホンダ,,51,13,15,確認済
1992,250cc,nobuatsu-aoki,,Cup Noodle Honda TS Kanto,ホンダ,,53,14,12,確認済
1992,250cc,herri-torrontegui,,Lucky Strike Suzuki 250,スズキ,,28,15,11,確認済
1992,250cc,andy-preining,,Team Preining,アプリリア,,11,16,6,確認済
1992,250cc,jean-philippe-ruggia,,Gilera Racing Team,ジレラ,,9,17,6,確認済
1992,250cc,nobuyuki-wakai,,Lucky Strike Suzuki 250,スズキ,,41,18,4,確認済
1992,250cc,carlos-lavado,,Gilera Racing Team,ジレラ,,14,19,4,確認済
1992,250cc,kyoji-nanba,,,ヤマハ,,,20,3,確認済
1992,250cc,paolo-casoli,,Gallina/Compagnucci,ヤマハ,,10,21,3,確認済
1992,250cc,bernard-haenggeli,,Marlboro Aprilia Mohag,アプリリア,,21,22,2,確認済
1992,250cc,stefan-prein,,HB Honda Germany,ホンダ,,17,23,2,確認済
1992,250cc,patrick-van-den-goorbergh,,Exact Software-DC Sports,アプリリア,,36,24,2,確認済
1992,250cc,jurgen-van-den-goorbergh,,Van den Goorbergh Racing,アプリリア,,33,25,2,確認済
1992,250cc,bernd-kassner,,Rallye Sport Team Munich,アプリリア,,26,26,1,確認済
1992,250cc,jean-pierre-jeandat,,Euromoto Elf Honda,ホンダ,,12,27,1,確認済
1992,250cc,adi-stadler,,Adi Stadler Racing,ホンダ,,24,,,確認済
1992,250cc,adrian-bosshard,,Honda Suisse Mühlebach,ホンダ,,30,,,確認済
1992,250cc,andres-sanchez,,Repsol Honda/Cardús,ホンダ,,23,,,確認済
1992,250cc,antonio-garcia,,,ヤマハ,,,,,確認済
1992,250cc,bernard-cazade,,Euromoto Elf Honda,ホンダ,,31,,,確認済
1992,250cc,erkka-korpiaho,,KKN Racing,アプリリア,,35,,,確認済
1992,250cc,eskil-suter,,Marlboro Aprilia Mohag,アプリリア,,25,,,確認済
1992,250cc,evren-bischoff,,,アプリリア,,,,,確認済
1992,250cc,fokko-kuiper,,,アプリリア,,,,,確認済
1992,250cc,frederic-protat,,FP Moto Team,アプリリア,,37,,,確認済
1992,250cc,harald-eckl,,Aprilia-Marushin-Kuhnert,アプリリア,,18,,,確認済
1992,250cc,ian-newton,,,アプリリア,,,,,確認済
1992,250cc,james-haydon,,,ヤマハ,,,,,確認済
1992,250cc,jean-michel-bayle,,,ホンダ,,,,,確認済
1992,250cc,jonnie-boerman,,,ホンダ,,,,,確認済
1992,250cc,jose-kuhn,,Euromoto Elf Honda,ホンダ,,38,,,確認済
1992,250cc,katsuyoshi-kozono,,Jha Racing,ホンダ,,19,,,確認済
1992,250cc,luis-dantin,,Paquexpres / S.S.P. Competition,ホンダ,,34,,,確認済
1992,250cc,marc-garcia-fr,,,ヤマハ,,,,,確認済
1992,250cc,michele-gallina,,Gallina/Compagnucci,ヤマハ,,67,,,確認済
1992,250cc,renzo-colleoni,,Team Greco,ヤマハ,,20,,,確認済
1992,250cc,sete-gibernau,,Yamaha Team Rainey,ヤマハ,,64,,,確認済
1992,250cc,stefano-caracchi,,Gallina/Compagnucci,ヤマハ,,27,,,確認済
1992,250cc,volker-bahr,,,ホンダ,,,,,確認済
1992,250cc,yves-briguet,,Melly Racing Team,ホンダ,,32,,,確認済
1992,125cc,alessandro-gramigni,,Aprilia Unlimited Jeans,アプリリア,,39,1,134,確認済
1992,125cc,fausto-gresini,,Marlboro Team Pileri,ホンダ,,2,2,118,確認済
1992,125cc,ralf-waldmann,,Zwafink Racing,ホンダ,,3,3,112,確認済
1992,125cc,ezio-gianola,,Semprucci IDM Semprucci Pit Lane,ホンダ,,16,4,105,確認済
1992,125cc,bruno-casanova,,Scot Racing Team,アプリリア,,15,5,96,確認済
1992,125cc,dirk-raudies,,Team Europa Raudies,ホンダ,,8,6,91,確認済
1992,125cc,jorge-martinez,,Coronas Elf,ホンダ,,6,7,83,確認済
1992,125cc,gabriele-debbia,,Semprucci IDM Semprucci Pit Lane,ホンダ,,4,8,58,確認済
1992,125cc,noboru-ueda,,Marlboro Team Pileri,ホンダ,,5,9,57,確認済
1992,125cc,nobuyuki-wakai,,Moto Bum Racing Supply,ホンダ,,10,10,52,確認済
1992,125cc,kazuto-sakata,,F.C.C./T.S. Venus,ホンダ,,13,11,42,確認済
1992,125cc,carlos-giro-jr,,Carlos Giró Team,アプリリア,,31,12,39,確認済
1992,125cc,hans-spaan,,Exact Software-DC Sports,アプリリア,,14,13,12,確認済
1992,125cc,peter-ottl,,,ロータックス,,,14,10,確認済
1992,125cc,oliver-petrucciani,,Zwafink Racing,ホンダ,,22,15,9,確認済
1992,125cc,oliver-koch,,Ditter Plastic-Stauch,ホンダ,,24,16,9,確認済
1992,125cc,akira-saito,,Tomumeito-Plot-Kohsaka,ホンダ,,52,17,8,確認済
1992,125cc,masao-shimizu,,,ホンダ,,,18,5,確認済
1992,125cc,kinya-wada,,Colin Appleyard Racing,ホンダ,,20,19,5,確認済
1992,125cc,norihiko-fujiwara,,,ホンダ,,,20,4,確認済
1992,125cc,stefan-kurfiss,,,ホンダ,,,21,3,確認済
1992,125cc,heinz-luthi,,Coronas Elf,ホンダ,,11,22,1,確認済
1992,125cc,alain-bronec,,Promotop 41,ホンダ,,34,,,確認済
1992,125cc,alfred-waibel,,Team+Co Promotion,ホンダ,,28,,,確認済
1992,125cc,andres-sanchez,,Team Pileri,ホンダ,,44,,,確認済
1992,125cc,antonio-sanchez,,Team Pileri,ホンダ,,44,,,確認済
1992,125cc,arie-molenaar,,Exact Software-DC Sports,アプリリア,,30,,,確認済
1992,125cc,armando-narduzzi,,,ホンダ,,,,,確認済
1992,125cc,attila-szabo,,Team+Co Promotion,ホンダ,,77,,,確認済
1992,125cc,brendon-crookes,,,ホンダ,,,,,確認済
1992,125cc,emilio-cuppini,,Scot Racing Team,アプリリア,,37,,,確認済
1992,125cc,fausto-ricci,,Lazzarini - BYRD/Yamaha,ヤマハ,,26,,,確認済
1992,125cc,garry-mccoy,,AGV Team Germany,ホンダ,,63,,,確認済
1992,125cc,gimmi-bosio,,Lazzarini - BYRD/Yamaha,ヤマハ,,26,,,確認済
1992,125cc,giovanni-palmieri,,Gazzaniga Corse,ガッツァニーガ,,33,,,確認済
1992,125cc,giuseppe-fiorillo,,Lazzarini - BYRD/Yamaha,ヤマハ,,25,,,確認済
1992,125cc,hans-koopman,,,ホンダ,,,,,確認済
1992,125cc,hideyuki-nakajoh,,,ホンダ,,,,,確認済
1992,125cc,hisashi-unemoto,,Team Unemoto,ホンダ,,19,,,確認済
1992,125cc,hubert-abold,,Team+Co Promotion,ホンダ,,29,,,確認済
1992,125cc,johnny-wickstrom,,,ホンダ,,,,,確認済
1992,125cc,jos-van-dongen,,,ホンダ,,,,,確認済
1992,125cc,juan-borja,,Coronas Aspar,ホンダ,,64,,,確認済
1992,125cc,julian-miralles-2,,Miralles Racing Team,ホンダ,,27,,,確認済
1992,125cc,linda-walsh,,,ホンダ,,,,,確認済
1992,125cc,loek-bodelier,,L B Racing Team,ホンダ,,35,,,確認済
1992,125cc,luis-alvaro,,Scot Racing Team,アプリリア,,59,,,確認済
1992,125cc,maik-stief,,Aprilia-Marushin-Kuhnert,アプリリア,,40,,,確認済
1992,125cc,malcolm-yeo,,,ホンダ,,,,,確認済
1992,125cc,manie-maritz,,,アプリリア,,,,,確認済
1992,125cc,manuel-hernandez,,Hernández Racing Team Team Parra,アプリリア,,23,,,確認済
1992,125cc,masafumi-ono,,,ホンダ,,,,,確認済
1992,125cc,masato-shima,,,ホンダ,,,,,確認済
1992,125cc,maurizio-vitali,,Gazzaniga Corse,ガッツァニーガ,,18,,,確認済
1992,125cc,mokoto-ono,,,ホンダ,,,,,確認済
1992,125cc,noel-ferro,,,ホンダ,,,,,確認済
1992,125cc,peter-galvin,,Driza-Bone,ホンダ,,38,,,確認済
1992,125cc,regis-laconi,,Team-JMC,ホンダ,,75,,,確認済
1992,125cc,robin-appleyard,,Colin Appleyard Racing,ホンダ,,21,,,確認済
1992,125cc,sinya-sato,,,ホンダ,,,,,確認済
1992,125cc,steve-patrickson,,Clarke Racing Team,ホンダ,,36,,,確認済
1992,125cc,takao-shimizu,,Elf Team Kepla,ホンダ,,32,,,確認済
1992,125cc,tibor-kis,,Honvéd Petőfi SE,ホンダ,,76,,,確認済
1992,125cc,tomoko-igata,,,ホンダ,,,,,確認済
1992,125cc,yukiho-hinokio,,,ホンダ,,,,,確認済
1992,125cc,yutaka-fujihara,,,ホンダ,,,,,確認済
1993,500cc,kevin-schwantz,,Team Lucky Strike Suzuki,スズキ,,34,1,248,確認済
1993,500cc,wayne-rainey,,Marlboro Team Roberts,ヤマハ,,1,2,214,確認済
1993,500cc,daryl-beattie,,Rothmans Honda Team,ホンダ,,4,3,176,確認済
1993,500cc,mick-doohan,,Rothmans Honda Team,ホンダ,,2,4,156,確認済
1993,500cc,luca-cadalora,,Marlboro Team Roberts,ヤマハ,,7,5,145,確認済
1993,500cc,alex-barros,,Team Lucky Strike Suzuki,スズキ,,9,6,125,確認済
1993,500cc,shinichi-ito,,HRC Rothmans Honda,ホンダ,,6,7,119,確認済
1993,500cc,alex-criville,,Marlboro Honda Pons,ホンダ,,8,8,117,確認済
1993,500cc,niall-mackenzie,,Team Valvoline/WCM,ROCヤマハ,,11,9,103,確認済
1993,500cc,doug-chandler,,Cagiva Team Agostini,カジバ,,5,10,83,確認済
1993,500cc,john-kocinski,,Cagiva Team Agostini,カジバ,,3,11,51,確認済
1993,500cc,juan-lopez-mella,,López Mella Racing Team,ROCヤマハ,,30,12,46,確認済
1993,500cc,matt-mladin,,Cagiva Team Agostini,カジバ,,12,13,45,確認済
1993,500cc,jose-kuhn,,Yamaha Motor France,ヤマハ,,32,14,45,確認済
1993,500cc,john-reynolds,,Padgett's Motorcycles,ハリス・ヤマハ,,28,15,42,確認済
1993,500cc,bernard-garcia,,Yamaha Motor France,ヤマハ,,18,16,40,確認済
1993,500cc,renzo-colleoni,,Team Elit,ROCヤマハ,,27,17,22,確認済
1993,500cc,laurent-naveau,,Euro Team,ROCヤマハ,,21,18,21,確認済
1993,500cc,sean-emmett,,Shell Team Harris Team Harris,ハリス・ヤマハ,,29,19,19,確認済
1993,500cc,tsumoto-udagawa,,Team Udagawa,ROCヤマハ,,15,20,18,確認済
1993,500cc,michael-rudroff,,Rallye Sport,ハリス・ヤマハ,,16,21,17,確認済
1993,500cc,jeremy-mcwilliams,,Team Millar,ヤマハ,,20,22,17,確認済
1993,500cc,carl-fogarty,,Cagiva Team Agostini,カジバ,,68,23,13,確認済
1993,500cc,toshihiko-honma,,Yamaha Motor France,ヤマハ,,39,24,8,確認済
1993,500cc,juan-garriga,,Cagiva Team Agostini,カジバ,,63,25,7,確認済
1993,500cc,kevin-magee,,Nihontelecom RT Yamaha,ヤマハ,,88,26,7,確認済
1993,500cc,simon-crafar,,Peter Graves Racing Team,ハリス・ヤマハ,,37,27,7,確認済
1993,500cc,norihiko-fujiwara,,Kirin Mets RT Yamaha,ヤマハ,,50,28,6,確認済
1993,500cc,lucio-pedercini,,Team Pedercini,ROCヤマハ,,36,29,6,確認済
1993,500cc,serge-david,,Team ROC,ROCヤマハ,,23,30,6,確認済
1993,500cc,corrado-catalano,,Team ROC,ROCヤマハ,,38,31,5,確認済
1993,500cc,james-haydon,,Team Great Britain,ヤマハ,,69,32,5,確認済
1993,500cc,toshi-arakaki,,Team ROC,ヤマハ,,13,33,4,確認済
1993,500cc,andrew-stroud,,Shell Team Harris Team Harris,ハリス・ヤマハ,,42,34,4,確認済
1993,500cc,kevin-mitchell,,M.B.M. Racing Team,ハリス・ヤマハ,,22,35,3,確認済
1993,500cc,andreas-meklau,,ARC-Austrian Racing Company,ROCヤマハ,,33,36,3,確認済
1993,500cc,freddie-spencer,,Yamaha Motor France,ヤマハ,,19,37,2,確認済
1993,500cc,cees-doorakkers,,Team Doorakkers Racing,ハリス・ヤマハ,,24,38,2,確認済
1993,500cc,ron-haslam,,Team ROC,ヤマハ,,45,39,2,確認済
1993,500cc,bruno-bonhuil,,M.T.D. Objectif 500,ROCヤマハ,,31,40,1,確認済
1993,500cc,allan-scott,,Shell Team Harris Team Harris,ハリス・ヤマハ,,44,,,確認済
1993,500cc,danny-walker,,Southwest Motorsports,ハリス・ヤマハ,,74,,,確認済
1993,500cc,dario-marchetti,,Team G.O.J. Motor,ハリス・ヤマハ,,76,,,確認済
1993,500cc,darren-dixon,,Shell Team Harris Team Harris,ハリス・ヤマハ,,41,,,確認済
1993,500cc,david-jefferies,,Peter Graves Racing Team,ハリス・ヤマハ,,43,,,確認済
1993,500cc,jean-luc-romanens,,Argus Racing Team,ROCヤマハ,,35,,,確認済
1993,500cc,jean-marc-deletang,,Yamaha Motor France,ヤマハ,,51,,,確認済
1993,500cc,jehan-dorgeix,,,ヤマハ,,,,,確認済
1993,500cc,marco-papa,,Librenti Corse,リブレンティ,,14,,,確認済
1993,500cc,nicholas-schmassmann,,,ROCヤマハ,,,,,確認済
1993,500cc,peter-goddard,,Team Lucky Strike Suzuki,スズキ,,46,,,確認済
1993,500cc,thierry-crine,,Team Ville de Paris,ROCヤマハ,,25,,,確認済
1993,250cc,tetsuya-harada,,Telkor Yamaha Valesi Racing,ヤマハ,,31,1,197,確認済
1993,250cc,loris-capirossi,,Marlboro Team Pileri,ホンダ,,65,2,193,確認済
1993,250cc,loris-reggiani,,Aprilia Racing Team Aprilia Unlimited Jeans Chesterfield Aprilia Racing Team,アプリリア,,13,3,158,確認済
1993,250cc,max-biaggi,,Rothmans Kanemoto Honda,ホンダ,,5,4,142,確認済
1993,250cc,doriano-romboni,,HB Racing Team Italy,ホンダ,,10,5,139,確認済
1993,250cc,jean-philippe-ruggia,,Aprilia Racing Team Aprilia Unlimited Jeans Chesterfield Aprilia Racing Team,アプリリア,,17,6,129,確認済
1993,250cc,helmut-bradl,,HB Honda Germany,ホンダ,,4,7,126,確認済
1993,250cc,tadayuki-okada,,HRC Rothmans Honda,ホンダ,,18,8,120,確認済
1993,250cc,alberto-puig,,Ducados Honda Pons,ホンダ,,6,9,106,確認済
1993,250cc,pierfrancesco-chili,,Telkor Yamaha Valesi Racing,ヤマハ,,3,10,106,確認済
1993,250cc,nobuatsu-aoki,,Kanemoto Racing Cup Noodle Kanemoto,ホンダ,,14,11,100,確認済
1993,250cc,john-kocinski,,Team Lucky Strike Suzuki 250,スズキ,,19,12,80,確認済
1993,250cc,wilco-zeelenberg,,Exact Software DC Sports,アプリリア,,11,13,50,確認済
1993,250cc,jochen-schmid,,JTR Mitsui Yamaha Racing,ヤマハ,,7,14,50,確認済
1993,250cc,luis-dantin,,S.S.P. Competicion,ホンダ,,34,15,43,確認済
1993,250cc,patrick-van-den-goorbergh,,Exact Software DC Sports,アプリリア,,24,16,31,確認済
1993,250cc,andy-preining,,Team Preining,アプリリア,,16,17,30,確認済
1993,250cc,carlos-cardus,,Team Carlos Cardús Honda,ホンダ,,8,18,27,確認済
1993,250cc,eskil-suter,,Mohag Aprilia,アプリリア,,20,19,24,確認済
1993,250cc,adrian-bosshard,,Honda Suisse Mühlebach,ホンダ,,28,20,21,確認済
1993,250cc,simon-crafar,,Team Lucky Strike Suzuki 250,スズキ,,37,21,17,確認済
1993,250cc,jean-michel-bayle,,Chesterfield Team de Radiguès,アプリリア,,44,22,16,確認済
1993,250cc,carlos-checa,,Daytona Pit Lane Racing,ホンダ,,38,23,9,確認済
1993,250cc,takuma-aoki,,Cup Noodle Honda,ホンダ,,50,24,8,確認済
1993,250cc,frederic-protat,,FP Racing,アプリリア,,27,25,8,確認済
1993,250cc,paolo-casoli,,Gilera Racing Team,ジレラ,,21,26,7,確認済
1993,250cc,kenny-roberts-jr,,Team Roberts,ヤマハ,,75,27,6,確認済
1993,250cc,marcellino-lucchi,,Aprilia Racing Team Aprilia Unlimited Jeans Chesterfield Aprilia Racing Team,アプリリア,,67,28,5,確認済
1993,250cc,juan-borja,,Team Aspar,ホンダ,,30,29,5,確認済
1993,250cc,alessandro-gramigni,,Gilera Racing Team,ジレラ,,39,30,2,確認済
1993,250cc,bernd-kassner,,Rallye Sport Racing Team Munich,アプリリア,,26,31,2,確認済
1993,250cc,jurgen-van-den-goorbergh,,Van den Goorbergh Racing,アプリリア,,25,32,1,確認済
1993,250cc,jean-pierre-jeandat,,FP Racing,アプリリア,,51,33,1,確認済
1993,250cc,bernard-haenggeli,,Marlboro Aprilia Suisse,アプリリア,,23,34,1,確認済
1993,250cc,adi-stadler,,,ホンダ,,,,,確認済
1993,250cc,alex-sirera,,,ヤマハ,,,,,確認済
1993,250cc,bohumil-stasa,,,アプリリア,,,,,確認済
1993,250cc,claudio-tonnini,,,ホンダ,,,,,確認済
1993,250cc,davide-bulega,,,アプリリア,,,,,確認済
1993,250cc,gabriele-debbia,,Daytona Pit Lane Racing,ホンダ,,12,,,確認済
1993,250cc,giuseppe-fiorillo,,,アプリリア,,,,,確認済
1993,250cc,hans-maxwald,,,アプリリア,,,,,確認済
1993,250cc,jorge-martinez,,Team Aspar,ホンダ,,45,,,確認済
1993,250cc,loek-bodelier,,Daytona Pit Lane Racing,ホンダ,,35,,,確認済
1993,250cc,luis-carlos-maurel,,PR2-Ducados Aprilia,アプリリア,,22,,,確認済
1993,250cc,marek-moravek,,,ヤマハ,,,,,確認済
1993,250cc,massimo-pennacchioli,,P.M. Racing,ホンダ,,43,,,確認済
1993,250cc,mattieu-van-gaalen,,,アプリリア,,,,,確認済
1993,250cc,miguel-castilla,,,ヤマハ,,,,,確認済
1993,250cc,nigel-bosworth,,,ヤマハ,,,,,確認済
1993,250cc,nobuyuki-wakai,,Racing Supply Lucky Strike Keiyu Suzuki,スズキ,,15,,,確認済
1993,250cc,osamu-miyazaki,,,アプリリア,,,,,確認済
1993,250cc,oscar-sainz,,,ヤマハ,,,,,確認済
1993,250cc,paul-brown,,,ホンダ,,,,,確認済
1993,250cc,pere-riba,,,ホンダ,,,,,確認済
1993,250cc,rene-bongers,,,ホンダ,,,,,確認済
1993,250cc,rudie-markink,,,ヤマハ,,,,,確認済
1993,250cc,sete-gibernau,,Marlboro Team Roberts,ヤマハ,,77,,,確認済
1993,250cc,shahrun-nizam,,Petronas Sprinta Yamaha,ヤマハ,,48,,,確認済
1993,250cc,stephen-whitehouse,,,ヤマハ,,,,,確認済
1993,250cc,veng-kit-tong,,,ヤマハ,,,,,確認済
1993,250cc,volker-bahr,,HB Honda Germany,ホンダ,,32,,,確認済
1993,125cc,dirk-raudies,,Team Europa Raudies,ホンダ,,5,1,280,確認済
1993,125cc,kazuto-sakata,,F.C.C. Technical Sports,ホンダ,,8,2,266,確認済
1993,125cc,takeshi-tsujimura,,F.C.C. Technical Sports,ホンダ,,36,3,177,確認済
1993,125cc,ralf-waldmann,,Marlboro Aprilia,アプリリア,,3,4,160,確認済
1993,125cc,noboru-ueda,,Marlboro Team Pileri,ホンダ,,7,5,129,確認済
1993,125cc,akira-saito,,Elf Team Kepla,ホンダ,,17,6,117,確認済
1993,125cc,oliver-petrucciani,,Marlboro Aprilia,アプリリア,,15,7,82,確認済
1993,125cc,jorge-martinez,,Team Aspar,ホンダ,,6,8,74,確認済
1993,125cc,herri-torrontegui,,Team Semprucci,アプリリア,,12,9,65,確認済
1993,125cc,peter-ottl,,,アプリリア,,,10,64,確認済
1993,125cc,fausto-gresini,,Marlboro Team Pileri,ホンダ,,2,11,61,確認済
1993,125cc,ezio-gianola,,Daytona Pit Lane Racing,ホンダ,,16,12,59,確認済
1993,125cc,oliver-koch,,GP Team Ditter Plastic,ホンダ,,14,13,52,確認済
1993,125cc,haruchika-aoki,,Moto Bum Honda Cup Noodle Moto Bum Honda,ホンダ,,24,14,39,確認済
1993,125cc,stefan-prein,,Team+Co Promotion,ホンダ,,33,15,38,確認済
1993,125cc,manfred-baumann,,Team Baumann,ホンダ,,20,16,36,確認済
1993,125cc,kinya-wada,,Jha Racing,ホンダ,,19,17,30,確認済
1993,125cc,mokoto-ono,,,ホンダ,,,18,26,確認済
1993,125cc,garry-mccoy,,AGV-Team Germany,アプリリア,,31,19,25,確認済
1993,125cc,carlos-giro-jr,,Ducados Aprilia,アプリリア,,9,20,22,確認済
1993,125cc,bruno-casanova,,Scot Racing Team,アプリリア,,4,21,22,確認済
1993,125cc,luigi-ancona,,Team IPA Corse Effeuno,ホンダ,,28,22,22,確認済
1993,125cc,maik-stief,,Team+Co Promotion,ホンダ,,23,23,21,確認済
1993,125cc,neil-hodgson,,Burnett Racing,ホンダ,,25,24,18,確認済
1993,125cc,hans-spaan,,Exact Software DC Sports,ホンダ,,10,25,16,確認済
1993,125cc,stefan-kurfiss,,Team Aprilia Deutschland,アプリリア,,21,26,14,確認済
1993,125cc,carlos-checa,,,ホンダ,,,27,9,確認済
1993,125cc,hideyuki-nakajoh,,,ホンダ,,,28,8,確認済
1993,125cc,gabriele-debbia,,Daytona Pit Lane Racing,ホンダ,,65,29,7,確認済
1993,125cc,manfred-geissler,,Team Aprilia Deutschland,アプリリア,,37,30,6,確認済
1993,125cc,ken-miyasaka,,,ホンダ,,,31,4,確認済
1993,125cc,julian-miralles-2,,Arie Molenaar Racing,ホンダ,,27,32,4,確認済
1993,125cc,emilio-cuppini,,Team IPA Corse Effeuno,アプリリア,,38,33,3,確認済
1993,125cc,sinya-sato,,Team Unemoto & Harc-Pro.,ホンダ,,42,34,3,確認済
1993,125cc,arie-molenaar,,,ホンダ,,,35,1,確認済
1993,125cc,andrie-nijenhuis,,,ホンダ,,,,,確認済
1993,125cc,chris-daluisio,,,ホンダ,,,,,確認済
1993,125cc,daniela-tognoli,,Team IPA Corse Effeuno,ホンダ,,67,,,確認済
1993,125cc,gianluigi-scalvini,,,アプリリア,,,,,確認済
1993,125cc,giovanni-palmieri,,Team Semprucci,アプリリア,,30,,,確認済
1993,125cc,ivan-cremonini,,Scot Racing Team,アプリリア,,66,,,確認済
1993,125cc,jamie-robinson,,,ホンダ,,,,,確認済
1993,125cc,jaroslav-hules,,,ホンダ,,,,,確認済
1993,125cc,jon-cornwell,,,ホンダ,,,,,確認済
1993,125cc,ken-fisher,,,ホンダ,,,,,確認済
1993,125cc,kevin-mawdsley,,,ホンダ,,,,,確認済
1993,125cc,loek-bodelier,,Daytona Pit Lane Racing,ホンダ,,35,,,確認済
1993,125cc,lucio-cecchinello,,Gazzaniga Corse,ガッツァニーガ,,22,,,確認済
1993,125cc,luis-alvaro,,Zwafink Racing,ホンダ,,41,,,確認済
1993,125cc,manuel-hernandez,,Team Hernández,アプリリア,,43,,,確認済
1993,125cc,masafumi-ono,,Team Unemoto & Harc-Pro.,ホンダ,,32,,,確認済
1993,125cc,miroslav-kacko,,,ホンダ,,,,,確認済
1993,125cc,ron-reniers,,,ホンダ,,,,,確認済
1993,125cc,stefano-caracchi,,Team Rumi 125 GP,ルミ,,34,,,確認済
1993,125cc,stefano-perugini,,,アプリリア,,,,,確認済
1993,125cc,trevor-manley,,,ホンダ,,,,,確認済
1994,500cc,mick-doohan,,Honda Team HRC,ホンダ,,4,1,317,確認済
1994,500cc,luca-cadalora,,Marlboro Team Roberts,ヤマハ,,5,2,174,確認済
1994,500cc,john-kocinski,,Cagiva Team Agostini,カジバ,,11,3,172,確認済
1994,500cc,kevin-schwantz,,Lucky Strike Suzuki,スズキ,,1,4,169,確認済
1994,500cc,alberto-puig,,Ducados Honda Pons,ホンダ,,17,5,152,確認済
1994,500cc,alex-criville,,Honda Team HRC,ホンダ,,8,6,144,確認済
1994,500cc,shinichi-ito,,,ホンダ,,,7,141,確認済
1994,500cc,alex-barros,,Lucky Strike Suzuki,スズキ,,6,8,134,確認済
1994,500cc,doug-chandler,,Cagiva Team Agostini,カジバ,,10,9,96,確認済
1994,500cc,niall-mackenzie,,Slick 50 Team WCM,ROCヤマハ,,50,10,69,確認済
1994,500cc,bernard-garcia,,Team ROC,ROCヤマハ,,18,11,56,確認済
1994,500cc,jeremy-mcwilliams,,Team Millar,ヤマハ,,14,12,49,確認済
1994,500cc,daryl-beattie,,Marlboro Team Roberts,ヤマハ,,3,13,44,確認済
1994,500cc,john-reynolds,,Padgetts Motorcycles,ハリス・ヤマハ,,15,14,43,確認済
1994,500cc,sean-emmett,,Shell Harris Grand Prix,ハリス・ヤマハ,,19,15,34,確認済
1994,500cc,juan-lopez-mella,,Lopez Mella Racing Team (rd 1-3) Team Repsol,ROCヤマハ,,12,16,26,確認済
1994,500cc,norifumi-abe,,Marlboro Team Roberts,ヤマハ,,56,17,20,確認済
1994,500cc,laurent-naveau,,Euroteam,ROCヤマハ,,16,18,19,確認済
1994,500cc,jean-pierre-jeandat,,J.P.J. Racing,ROCヤマハ,,51,19,17,確認済
1994,500cc,cristiano-migliorati,,Team Pedercini,ROCヤマハ,,24,20,12,確認済
1994,500cc,marc-garcia-fr,,D.R. Team Shark,ROCヤマハ,,44,21,11,確認済
1994,500cc,toshihiko-honma,,YRTR,ヤマハ,,57,22,10,確認済
1994,500cc,jean-foray,,Jean Foray Racing Team,ROCヤマハ,,36,23,8,確認済
1994,500cc,loris-reggiani,,Aprilia Racing Team,アプリリア,,13,24,7,確認済
1994,500cc,bernard-haenggeli,,Haenggeli Racing,ROCヤマハ,,27,25,7,確認済
1994,500cc,julian-miralles-2,,Team ROC,ROCヤマハ,,28,26,7,確認済
1994,500cc,bruno-bonhuil,,MTD Objectif 500,ROCヤマハ,,34,27,7,確認済
1994,500cc,hervi-moineau,,Team ROC,ROCヤマハ,,37,28,5,確認済
1994,500cc,scott-doohan,,Shell Harris Grand Prix,ハリス・ヤマハ,,52,29,4,確認済
1994,500cc,udo-mark,,Team ROC,ROCヤマハ,,63,30,2,確認済
1994,500cc,lucio-pedercini,,Team Pedercini,ROCヤマハ,,23,31,2,確認済
1994,500cc,neil-hodgson,,Shell Harris Grand Prix,ハリス・ヤマハ,,40,32,1,確認済
1994,500cc,andrew-stroud,,Team ROC,ROCヤマハ,,41,33,1,確認済
1994,500cc,andy-leuthe,,Team Doppler Austria,ROCヤマハ,,29,,,確認済
1994,500cc,cees-doorakkers,,Team Doorakkers,ハリス・ヤマハ,,21,,,確認済
1994,500cc,ermanno-bastianini,,Team Elit,ROCヤマハ,,38,,,確認済
1994,500cc,evren-bischoff,,Sachsen Racing Team,ハリス・ヤマハ,,32,,,確認済
1994,500cc,felipe-horta,,/ Shell Harris - Horta,ハリス・ヤマハ,,77,,,確認済
1994,500cc,james-haydon,,Team Elit,ROCヤマハ,,39,,,確認済
1994,500cc,kevin-mitchell,,M.B.M. Racing,ハリス・ヤマハ,,20,,,確認済
1994,500cc,lothar-neukirchner,,Sachsen Racing Team,ハリス・ヤマハ,,31,,,確認済
1994,500cc,marco-papa,,Team Elit,ROCヤマハ,,25,,,確認済
1994,500cc,michael-liedl,,Team ROC,ROCヤマハ,,72,,,確認済
1994,500cc,nestor-amoroso,,/ YPF Padgetts - Yamasur,ハリス・ヤマハ,,79,,,確認済
1994,500cc,nick-hopkins,,Triton Team GB,ハリス・ヤマハ,,73,,,確認済
1994,500cc,pierre-monneret,,Team ROC,ROCヤマハ,,69,,,確認済
1994,500cc,vittorio-scatola,,Team Paton,パトン,,30,,,確認済
1994,250cc,max-biaggi,,,アプリリア,,,1,234,確認済
1994,250cc,tadayuki-okada,,,ホンダ,,,2,214,確認済
1994,250cc,loris-capirossi,,,ホンダ,,,3,199,確認済
1994,250cc,doriano-romboni,,,ホンダ,,,4,170,確認済
1994,250cc,ralf-waldmann,,,ホンダ,,,5,156,確認済
1994,250cc,jean-philippe-ruggia,,,アプリリア,,,6,149,確認済
1994,250cc,tetsuya-harada,,,ヤマハ,,,7,109,確認済
1994,250cc,jean-michel-bayle,,,アプリリア,,,8,105,確認済
1994,250cc,luis-dantin,,,ホンダ,,,9,100,確認済
1994,250cc,nobuatsu-aoki,,,ホンダ,,,10,95,確認済
1994,250cc,wilco-zeelenberg,,,ホンダ,,,11,84,確認済
1994,250cc,carlos-checa,,,ホンダ,,,12,54,確認済
1994,250cc,eskil-suter,,,アプリリア,,,13,42,確認済
1994,250cc,adrian-bosshard,,,ホンダ,,,14,34,確認済
1994,250cc,andy-preining,,,アプリリア,,,15,30,確認済
1994,250cc,patrick-van-den-goorbergh,,,アプリリア,,,16,27,確認済
1994,250cc,jurgen-van-den-goorbergh,,,アプリリア,,,17,24,確認済
1994,250cc,kenny-roberts-jr,,,ヤマハ,,,18,23,確認済
1994,250cc,tohru-ukawa,,,ホンダ,,,19,16,確認済
1994,250cc,marcellino-lucchi,,,アプリリア,,,20,11,確認済
1994,250cc,takuma-aoki,,,ホンダ,,,21,11,確認済
1994,250cc,toshihiko-honma,,,ヤマハ,,,22,11,確認済
1994,250cc,alessandro-gramigni,,,アプリリア,,,23,10,確認済
1994,250cc,luis-carlos-maurel,,,ホンダ,,,24,10,確認済
1994,250cc,bernd-kassner,,,アプリリア,,,25,9,確認済
1994,250cc,giuseppe-fiorillo,,,ホンダ,,,26,8,確認済
1994,250cc,adi-stadler,,,ホンダ,,,27,8,確認済
1994,250cc,craig-connell,,,ホンダ,,,28,5,確認済
1994,250cc,miguel-castilla,,,ヤマハ,,,29,5,確認済
1994,250cc,juan-borja,,,ホンダ,,,30,5,確認済
1994,250cc,jose-luis-cardoso,,,アプリリア,,,31,2,確認済
1994,250cc,alan-patterson,,,ホンダ,,,,,確認済
1994,250cc,alexander-witting,,,アプリリア,,,,,確認済
1994,250cc,christian-boudinot,,,アプリリア,,,,,確認済
1994,250cc,davide-bulega,,,アプリリア,,,,,確認済
1994,250cc,donnie-hough,,,ホンダ,,,,,確認済
1994,250cc,enrique-de-juan,,,アプリリア,,,,,確認済
1994,250cc,eugene-mcmanus,,,ヤマハ,,,,,確認済
1994,250cc,frederic-protat,,,ホンダ,,,,,確認済
1994,250cc,hans-maxwald,,,ヤマハ,,,,,確認済
1994,250cc,james-haydon,,,ホンダ,,,,,確認済
1994,250cc,jim-filice,,,ヤマハ,,,,,確認済
1994,250cc,juanlino-kirindongo,,,ホンダ,,,,,確認済
1994,250cc,jurgen-fuchs,,,ホンダ,,,,,確認済
1994,250cc,krisse-kaas,,,ヤマハ,,,,,確認済
1994,250cc,manuel-hernandez,,,アプリリア,,,,,確認済
1994,250cc,meng-heng-kuan,,,ヤマハ,,,,,確認済
1994,250cc,noel-ferro,,,ホンダ,,,,,確認済
1994,250cc,oscar-sainz,,,ヤマハ,,,,,確認済
1994,250cc,peter-koller,,,ホンダ,,,,,確認済
1994,250cc,rene-bongers,,,ホンダ,,,,,確認済
1994,250cc,rodney-fee,,,ホンダ,,,,,確認済
1994,250cc,rudie-markink,,,ホンダ,,,,,確認済
1994,250cc,sebastian-scarnato,,,ホンダ,,,,,確認済
1994,250cc,sete-gibernau,,,ヤマハ,,,,,確認済
1994,250cc,shahrun-nizam,,,ヤマハ,,,,,確認済
1994,125cc,kazuto-sakata,,,アプリリア,,,1,224,確認済
1994,125cc,noboru-ueda,,,ホンダ,,,2,194,確認済
1994,125cc,takeshi-tsujimura,,,ホンダ,,,3,190,確認済
1994,125cc,dirk-raudies,,,ホンダ,,,4,162,確認済
1994,125cc,peter-ottl,,,アプリリア,,,5,160,確認済
1994,125cc,jorge-martinez,,,ヤマハ,,,6,135,確認済
1994,125cc,stefano-perugini,,,アプリリア,,,7,106,確認済
1994,125cc,masaki-tokudome,,,ホンダ,,,8,87,確認済
1994,125cc,oliver-petrucciani,,,アプリリア,,,9,74,確認済
1994,125cc,herri-torrontegui,,,アプリリア,,,10,73,確認済
1994,125cc,hideyuki-nakajoh,,,ホンダ,,,11,70,確認済
1994,125cc,haruchika-aoki,,,ホンダ,,,12,59,確認済
1994,125cc,garry-mccoy,,,アプリリア,,,13,56,確認済
1994,125cc,akira-saito,,,ホンダ,,,14,53,確認済
1994,125cc,loek-bodelier,,,ホンダ,,,15,48,確認済
1994,125cc,fausto-gresini,,,ホンダ,,,16,46,確認済
1994,125cc,gianluigi-scalvini,,,アプリリア,,,17,32,確認済
1994,125cc,oliver-koch,,,ホンダ,,,18,30,確認済
1994,125cc,carlos-giro-jr,,,アプリリア,,,19,26,確認済
1994,125cc,tomomi-manako,,,ホンダ,,,20,24,確認済
1994,125cc,stefan-prein,,,ヤマハ,,,21,17,確認済
1994,125cc,emilio-alzamora,,,ホンダ,,,22,16,確認済
1994,125cc,bruno-casanova,,,ホンダ,,,23,15,確認済
1994,125cc,gabriele-debbia,,,アプリリア,,,24,11,確認済
1994,125cc,manfred-geissler,,,アプリリア,,,25,9,確認済
1994,125cc,yoshiaki-katoh,,,ヤマハ,,,26,8,確認済
1994,125cc,emilio-cuppini,,,アプリリア,,,27,7,確認済
1994,125cc,tomoko-igata,,,ホンダ,,,28,7,確認済
1994,125cc,roberto-locatelli,,,アプリリア,,,29,6,確認済
1994,125cc,lucio-cecchinello,,,ホンダ,,,30,5,確認済
1994,125cc,kunihiro-amano,,,ホンダ,,,31,4,確認済
1994,125cc,juan-enrique-maturana,,,ヤマハ,,,32,4,確認済
1994,125cc,frederic-petit,,,ヤマハ,,,33,2,確認済
1994,125cc,antonio-sanchez,,,ホンダ,,,,,確認済
1994,125cc,bert-smit,,,ホンダ,,,,,確認済
1994,125cc,bertrand-stey,,,ホンダ,,,,,確認済
1994,125cc,chee-kieong-soong,,,ヤマハ,,,,,確認済
1994,125cc,daniela-tognoli,,,アプリリア,,,,,確認済
1994,125cc,darren-barton,,,ホンダ,,,,,確認済
1994,125cc,fabien-rousseau,,,アプリリア,,,,,確認済
1994,125cc,frank-baldinger,,,ホンダ,,,,,確認済
1994,125cc,georg-scharl,,,ホンダ,,,,,確認済
1994,125cc,gerwin-hofer,,,ホンダ,,,,,確認済
1994,125cc,giuseppe-fiorillo,,,ホンダ,,,,,確認済
1994,125cc,glen-richards,,,アプリリア,,,,,確認済
1994,125cc,gregory-fouet,,,ヤマハ,,,,,確認済
1994,125cc,hans-spaan,,,ホンダ,,,,,確認済
1994,125cc,hiroyuki-kikuchi,,,ホンダ,,,,,確認済
1994,125cc,ivan-cremonini,,,アプリリア,,,,,確認済
1994,125cc,ken-fisher,,,ホンダ,,,,,確認済
1994,125cc,kevin-mawdsley,,,ホンダ,,,,,確認済
1994,125cc,kevin-murray,,,ホンダ,,,,,確認済
1994,125cc,luigi-ancona,,,ホンダ,,,,,確認済
1994,125cc,maik-stief,,,アプリリア,,,,,確認済
1994,125cc,manfred-baumann,,,ヤマハ,,,,,確認済
1994,125cc,marcel-nooren,,,ホンダ,,,,,確認済
1994,125cc,masafumi-ono,,,ホンダ,,,,,確認済
1994,125cc,max-gambino,,,アプリリア,,,,,確認済
1994,125cc,neil-hodgson,,,ホンダ,,,,,確認済
1994,125cc,nicolas-dussauge,,,ホンダ,,,,,確認済
1994,125cc,pablo-zeballos,,,ホンダ,,,,,確認済
1994,125cc,rick-van-etten,,,ホンダ,,,,,確認済
1994,125cc,sebastian-porto,,,アプリリア,,,,,確認済
1994,125cc,stefan-kurfiss,,,ホンダ,,,,,確認済
1994,125cc,takahito-mori,,,ホンダ,,,,,確認済
1994,125cc,vittorio-lopez,,,ホンダ,,,,,確認済
1994,125cc,yasuaki-takahashi,,,ホンダ,,,,,確認済
1995,500cc,mick-doohan,,Repsol YPF Honda Team,ホンダ,,1,1,248,確認済
1995,500cc,daryl-beattie,,Team Lucky Strike Suzuki,スズキ,,4,2,215,確認済
1995,500cc,luca-cadalora,,Marlboro Team Roberts,ヤマハ,,2,3,176,確認済
1995,500cc,alex-criville,,Repsol YPF Honda Team,ホンダ,,6,4,166,確認済
1995,500cc,shinichi-ito,,Repsol YPF Honda Team,ホンダ,,7,5,127,確認済
1995,500cc,loris-capirossi,,Marlboro Team Pileri,ホンダ,,65,6,108,確認済
1995,500cc,alex-barros,,Kanemoto Honda,ホンダ,,9,7,104,確認済
1995,500cc,alberto-puig,,Fortuna Honda Pons,ホンダ,,5,8,99,確認済
1995,500cc,norifumi-abe,,Marlboro Team Roberts,ヤマハ,,17,9,81,確認済
1995,500cc,loris-reggiani,,Aprilia Racing Team,アプリリア,,13,10,59,確認済
1995,500cc,neil-hodgson,,World Championship Motorsports,ROCヤマハ,,25,11,54,確認済
1995,500cc,juan-borja,,Team ROC N.R.J.,ROCヤマハ,,19,12,52,確認済
1995,500cc,scott-russell,,Team Lucky Strike Suzuki,スズキ,,45,13,43,確認済
1995,500cc,bernard-garcia,,D.R. Team Erima,ROCヤマハ,,11,14,41,確認済
1995,500cc,kevin-schwantz,,Team Lucky Strike Suzuki,スズキ,,34,15,34,確認済
1995,500cc,carlos-checa,,Fortuna Honda Pons,ホンダ,,12,16,26,確認済
1995,500cc,adrian-bosshard,,Thommen Elf Racing Team,ROCヤマハ,,14,17,21,確認済
1995,500cc,laurent-naveau,,ROC Euro Team,ROCヤマハ,,18,18,21,確認済
1995,500cc,jeremy-mcwilliams,,Team Millar,ヤマハ,,10,19,20,確認済
1995,500cc,toshi-arakaki,,/ Padgetts-Tube Riders,ハリス・ヤマハ,,32,20,20,確認済
1995,500cc,cristiano-migliorati,,Harris Grand Prix,ハリス・ヤマハ,,20,21,17,確認済
1995,500cc,sean-emmett,,Harris Grand Prix,ハリス・ヤマハ,,8,22,17,確認済
1995,500cc,takuma-aoki,,Team HRC,ホンダ,,55,23,16,確認済
1995,500cc,james-haydon,,Harris Grand Prix,ハリス・ヤマハ,,69,24,11,確認済
1995,500cc,frederic-protat,,FP Racing,ROCヤマハ,,37,25,9,確認済
1995,500cc,marc-garcia-fr,,DR Team Shark,ROCヤマハ,,44,26,9,確認済
1995,500cc,pierfrancesco-chili,,Cagiva Corse,カジバ,,71,27,6,確認済
1995,500cc,bruno-bonhuil,,MTD,ROCヤマハ,,28,28,5,確認済
1995,500cc,andrew-stroud,,Team Max,ROCヤマハ,,27,29,5,確認済
1995,500cc,eugene-mcmanus,,Padgett's Racing Team,ハリス・ヤマハ,,23,30,4,確認済
1995,500cc,bernard-haenggeli,,,ROCヤマハ,,,31,2,確認済
1995,500cc,pierre-monneret,,Team ROC,ROCヤマハ,,79,32,1,確認済
1995,500cc,antonio-irizar,,Harris Grand Prix,ハリス・ヤマハ,,38,,,確認済
1995,500cc,brian-morrison,,Harris Grand Prix,ハリス・ヤマハ,,35,,,確認済
1995,500cc,cees-doorakkers,,PHI Racing Team,ハリス・ヤマハ,,74,,,確認済
1995,500cc,chris-walker,,Padgett's Racing Team,ハリス・ヤマハ,,85,,,確認済
1995,500cc,enrique-de-juan,,J.L.M.,ROCヤマハ,,41,,,確認済
1995,500cc,hans-wieser,,Hoff Meister - Wieser,ヤマハ,,67,,,確認済
1995,500cc,jamie-robinson,,Padgett's Racing Team,ハリス・ヤマハ,,36,,,確認済
1995,500cc,jamie-whitham,,Team ROC Yamaha,ROCヤマハ,,96,,,確認済
1995,500cc,jean-pierre-jeandat,,JPJ Paton,パトン,,51,,,確認済
1995,500cc,jim-filice,,Padgett's Racing Team,ハリス・ヤマハ,,26,,,確認済
1995,500cc,jose-kuhn,,Team ROC,ROCヤマハ,,40,,,確認済
1995,500cc,lee-pullan,,Padgett's Racing Team,ハリス・ヤマハ,,39,,,確認済
1995,500cc,lucio-pedercini,,Team Pedercini,ROCヤマハ,,22,,,確認済
1995,500cc,marco-papa,,Team Max,ROCヤマハ,,70,,,確認済
1995,500cc,martin-craggill,,Team Rainey,ハリス・ヤマハ,,52,,,確認済
1995,500cc,nicholas-schmassmann,,,ヤマハ,,,,,確認済
1995,500cc,scott-gray,,Starsport,ハリス・ヤマハ,,24,,,確認済
1995,500cc,toshihiko-honma,,YRTR,ヤマハ,,56,,,確認済
1995,250cc,max-biaggi,,Chesterfield Aprilia,アプリリア,,1,1,283,確認済
1995,250cc,tetsuya-harada,,Marlboro Team Rainey,ヤマハ,,7,2,220,確認済
1995,250cc,ralf-waldmann,,HB Honda Germany,ホンダ,,28,3,203,確認済
1995,250cc,tadayuki-okada,,Team HRC,ホンダ,,2,4,136,確認済
1995,250cc,jean-philippe-ruggia,,Elf-Honda-Tech 3,ホンダ,,6,5,115,確認済
1995,250cc,nobuatsu-aoki,,Blumex Rheos Racing,ホンダ,,10,6,105,確認済
1995,250cc,luis-dantin,,MX Onda-S.S.P. Comp.,ホンダ,,9,7,88,確認済
1995,250cc,kenny-roberts-jr,,Marlboro Team Rainey,ヤマハ,,25,8,82,確認済
1995,250cc,doriano-romboni,,Honda Team Agostini,ホンダ,,4,9,75,確認済
1995,250cc,olivier-jacque,,Elf-Honda-Tech 3,ホンダ,,19,10,66,確認済
1995,250cc,jurgen-fuchs,,HB Honda Germany,ホンダ,,29,11,55,確認済
1995,250cc,jurgen-van-den-goorbergh,,Maxell Team Global,ホンダ,,17,12,50,確認済
1995,250cc,carlos-checa,,Fortuna Honda Pons,ホンダ,,12,13,45,確認済
1995,250cc,eskil-suter,,Mohag Aprilia,アプリリア,,13,14,43,確認済
1995,250cc,jean-michel-bayle,,Chesterfield Aprilia,アプリリア,,8,15,37,確認済
1995,250cc,jose-luis-cardoso,,PR2 Aprilia,アプリリア,,30,16,33,確認済
1995,250cc,roberto-locatelli,,Aprilia Racing Team,アプリリア,,18,17,31,確認済
1995,250cc,niall-mackenzie,,Docshop Racing,アプリリア,,5,18,26,確認済
1995,250cc,marcellino-lucchi,,Aprilia Racing Team,アプリリア,,34,19,22,確認済
1995,250cc,patrick-van-den-goorbergh,,Docshop Racing,アプリリア,,16,20,22,確認済
1995,250cc,sadanori-hikita,,Maxell Team Global,ホンダ,,27,21,19,確認済
1995,250cc,takeshi-tsujimura,,FCC Technical Sports,ホンダ,,3,22,12,確認済
1995,250cc,alessandro-gramigni,,Honda Team Agostini,ホンダ,,39,23,11,確認済
1995,250cc,osamu-miyazaki,,Team Daytona Zero,アプリリア,,58,24,10,確認済
1995,250cc,adi-stadler,,Veitinger,アプリリア,,22,25,7,確認済
1995,250cc,luis-carlos-maurel,,Maurel Competicion,ホンダ,,23,26,6,確認済
1995,250cc,regis-laconi,,Equipe de France GP,ホンダ,,55,27,4,確認済
1995,250cc,bernd-kassner,,Team Munich,アプリリア,,24,28,3,確認済
1995,250cc,sebastian-porto,,Team Yuki/YPF/Esco,アプリリア,,93,29,3,確認済
1995,250cc,marcus-payten,,,ヤマハ,,,30,2,確認済
1995,250cc,masaki-morikane,,,ホンダ,,,30,2,確認済
1995,250cc,gregorio-lavilla,,MX Onda-S.S.P. Comp.,ホンダ,,21,32,2,確認済
1995,250cc,oliver-petrucciani,,Edo Racing,アプリリア,,15,32,2,確認済
1995,250cc,bohumil-stasa-jr,,,アプリリア,,,,,確認済
1995,250cc,davide-bulega,,Givi Racing,ホンダ,,26,,,確認済
1995,250cc,federico-gartner,,,ホンダ,,,,,確認済
1995,250cc,florian-ferracci,,,アプリリア,,,,,確認済
1995,250cc,francisco-padro,,BJC Racing Team,アプリリア,,33,,,確認済
1995,250cc,javier-diaz,,,ホンダ,,,,,確認済
1995,250cc,javier-marsella,,,ホンダ,,,,,確認済
1995,250cc,javier-rodriguez,,,ホンダ,,,,,確認済
1995,250cc,jose-barresi,,Maxell Team Global,ホンダ,,37,,,確認済
1995,250cc,luca-boscoscuro,,,アプリリア,,,,,確認済
1995,250cc,marcos-cativa-tolos,,,ヤマハ,,,,,確認済
1995,250cc,massimiliano-dagnano,,,アプリリア,,,,,確認済
1995,250cc,massimo-ottobre,,,アプリリア,,,,,確認済
1995,250cc,meng-heng-kuan,,,ヤマハ,,,,,確認済
1995,250cc,miguel-castilla,,10x10 Yamaha Repsol,ヤマハ,,31,,,確認済
1995,250cc,noriyasu-numata,,,スズキ,,,,,確認済
1995,250cc,otto-krmicek,,,ヤマハ,,,,,確認済
1995,250cc,pere-riba,,BJC Racing Team,アプリリア,,32,,,確認済
1995,250cc,ramon-mesa,,,ヤマハ,,,,,確認済
1995,250cc,raul-loscos,,,ホンダ,,,,,確認済
1995,250cc,roberto-van-keulen,,,ヤマハ,,,,,確認済
1995,250cc,ruben-xaus,,Fortuna Honda Pons,ホンダ,,14,,,確認済
1995,250cc,sete-gibernau,,Fortuna Honda Pons,ホンダ,,94,,,確認済
1995,250cc,shahrun-nizam,,,ヤマハ,,,,,確認済
1995,250cc,tohru-ukawa,,Team HRC,ホンダ,,56,,,確認済
1995,250cc,uwe-bolteraurer,,,ヤマハ,,,,,確認済
1995,125cc,haruchika-aoki,,Blumex Rheos Racing,ホンダ,,12,1,224,確認済
1995,125cc,kazuto-sakata,,Team Krona Aprilia,アプリリア,,1,2,140,確認済
1995,125cc,emilio-alzamora,,Scot-San Patrignano,ホンダ,,26,3,129,確認済
1995,125cc,akira-saito,,Docshop Racing,ホンダ,,14,4,127,確認済
1995,125cc,dirk-raudies,,HB Team Raudies,ホンダ,,4,5,124.5,確認済
1995,125cc,stefano-perugini,,Team IPA Aprilia,アプリリア,,7,6,118,確認済
1995,125cc,masaki-tokudome,,GP Team Ditter Plastic,アプリリア,,8,7,105.5,確認済
1995,125cc,tomomi-manako,,F.C.C. Technical Sports,ホンダ,,20,8,102,確認済
1995,125cc,hideyuki-nakajoh,,,ホンダ,,,9,88,確認済
1995,125cc,peter-ottl,,Marlboro Aprilia Eckl,アプリリア,,5,10,76,確認済
1995,125cc,herri-torrontegui,,Pit Lane Racing,ホンダ,,10,11,66.5,確認済
1995,125cc,noboru-ueda,,Givi Racing,ホンダ,,2,12,65,確認済
1995,125cc,gianluigi-scalvini,,Team IPA Aprilia,アプリリア,,17,13,61.5,確認済
1995,125cc,yoshiaki-katoh,,Team Aspar Cepsa,ヤマハ,,19,14,55,確認済
1995,125cc,manfred-geissler,,Marlboro Aprilia Eckl,アプリリア,,23,15,35,確認済
1995,125cc,ken-miyasaka,,Jha Racing,ホンダ,,37,16,29.5,確認済
1995,125cc,oliver-koch,,GP Team Ditter Plastic,アプリリア,,18,17,28,確認済
1995,125cc,jorge-martinez,,Team Aspar Cepsa,ヤマハ,,6,18,27,確認済
1995,125cc,takehiro-yamamoto,,Moto Bum Team Harc Pro,ホンダ,,28,19,24,確認済
1995,125cc,darren-barton,,Scott-Attac! Team,ヤマハ,,44,20,23,確認済
1995,125cc,tomoko-igata,,F.C.C. Technical Sports,ホンダ,,21,21,23,確認済
1995,125cc,garry-mccoy,,Team Europa Zwafink,ホンダ,,13,22,16.5,確認済
1995,125cc,shigeru-ibaraki,,Techno Motor Engineering,ヤマハ,,56,23,11,確認済
1995,125cc,andrea-ballerini,,Team Krona Aprilia,アプリリア,,22,24,10.5,確認済
1995,125cc,luigi-ancona,,Scot-San Patrignano,ホンダ,,38,25,10,確認済
1995,125cc,yoshiyuki-sugai,,Racing Supply,ホンダ,,29,26,8,確認済
1995,125cc,gabriele-debbia,,Debbia Team Semprucci,ヤマハ,,24,27,7.5,確認済
1995,125cc,loek-bodelier,,L.B. Racing Team,アプリリア,,15,28,7,確認済
1995,125cc,stefan-prein,,Energizer Elf/Prein,ヤマハ,,11,29,4,確認済
1995,125cc,josep-sarda,,Team Europa Zwafink,ホンダ,,63,30,2,確認済
1995,125cc,stefan-kurfiss,,Scott-Attac! Team,ヤマハ,,31,31,1,確認済
1995,125cc,youichi-ui,,Techno Motor Engineering,ヤマハ,,57,31,1,確認済
1995,125cc,alexander-folger,,L.B. Racing Team,アプリリア,,65,,,確認済
1995,125cc,angel-nieto-jr,,Team Aspar Cepsa,ヤマハ,,51,,,確認済
1995,125cc,bas-den-breejen,,,ホンダ,,,,,確認済
1995,125cc,benjamin-weiss,,,ホンダ,,,,,確認済
1995,125cc,chee-kieong-soong,,,ヤマハ,,,,,確認済
1995,125cc,christian-kellner,,Energizer Elf/Prein,ヤマハ,,41,,,確認済
1995,125cc,david-garcia,,,ホンダ,,,,,確認済
1995,125cc,frank-baldinger,,Team Ditter Plastic,ホンダ,,64,,,確認済
1995,125cc,hiroyuki-kikuchi,,Elf Team Kepla,ホンダ,,32,,,確認済
1995,125cc,ivan-cremonini,,Scot-San Patrignano,ホンダ,,27,,,確認済
1995,125cc,ivan-tschudin,,,ホンダ,,,,,確認済
1995,125cc,jaroslav-hules,,,ホンダ,,,,,確認済
1995,125cc,jim-falls,,,ホンダ,,,,,確認済
1995,125cc,jose-david-de-gea,,,ホンダ,,,,,確認済
1995,125cc,juan-enrique-maturana,,,ヤマハ,,,,,確認済
1995,125cc,luis-alvaro,,Scott-Attac! Team,ホンダ,,39,,,確認済
1995,125cc,maik-stief,,,ヤマハ,,,,,確認済
1995,125cc,marcel-nooren,,,ホンダ,,,,,確認済
1995,125cc,massimiliano-dagnano,,,アプリリア,,,,,確認済
1995,125cc,pete-jennings,,,ホンダ,,,,,確認済
1995,125cc,peter-den-heyer,,,ヤマハ,,,,,確認済
1995,125cc,rob-filart,,,ホンダ,,,,,確認済
1995,125cc,steve-patrickson,,,ホンダ,,,,,確認済
1995,125cc,tetsu-ito,,Racing Supply,ホンダ,,33,,,確認済
1995,125cc,vittorio-lopez,,Scuderia Alfa Ducados,アプリリア,,25,,,確認済
1995,125cc,vladimir-castka,,,ホンダ,,,,,確認済
1996,500cc,mick-doohan,,Team Repsol Honda,ホンダ,,1,1,309,確認済
1996,500cc,alex-criville,,Team Repsol Honda,ホンダ,,4,2,245,確認済
1996,500cc,luca-cadalora,,Kanemoto Honda,ホンダ,,3,3,168,確認済
1996,500cc,alex-barros,,Honda Pileri,ホンダ,,7,4,158,確認済
1996,500cc,norifumi-abe,,Marlboro Yamaha Roberts,ヤマハ,,9,5,148,確認済
1996,500cc,scott-russell,,Lucky Strike Suzuki,スズキ,,11,6,133,確認済
1996,500cc,tadayuki-okada,,Team Repsol Honda,ホンダ,,6,7,132,確認済
1996,500cc,carlos-checa,,Fortuna Honda Pons,ホンダ,,24,8,124,確認済
1996,500cc,jean-michel-bayle,,Marlboro Yamaha Roberts,ヤマハ,,12,9,110,確認済
1996,500cc,loris-capirossi,,Marlboro Yamaha Rainey,ヤマハ,,65,10,98,確認済
1996,500cc,alberto-puig,,Fortuna Honda Pons,ホンダ,,17,11,93,確認済
1996,500cc,shinichi-ito,,,ホンダ,,,12,77,確認済
1996,500cc,kenny-roberts-jr,,Marlboro Yamaha Roberts,ヤマハ,,10,13,69,確認済
1996,500cc,juan-borja,,ELF 500 ROC,ELF,,8,14,34,確認済
1996,500cc,frederic-protat,,Soverex FP Racing,ROCヤマハ,,27,15,32,確認済
1996,500cc,jeremy-mcwilliams,,QUB Team Optimum,ROCヤマハ,,13,16,26,確認済
1996,500cc,lucio-pedercini,,Team Pedercini,ROCヤマハ,,22,17,25,確認済
1996,500cc,daryl-beattie,,Lucky Strike Suzuki,スズキ,,2,18,24,確認済
1996,500cc,doriano-romboni,,IP Aprilia Racing Team,アプリリア,,15,19,23,確認済
1996,500cc,terry-rymer,,Lucky Strike Suzuki,スズキ,,26,20,16,確認済
1996,500cc,james-haydon,,WCM,ROCヤマハ,,18,21,16,確認済
1996,500cc,sean-emmett,,Harris Grand Prix,ハリス・ヤマハ,,19,22,9,確認済
1996,500cc,peter-goddard,,Lucky Strike Suzuki,スズキ,,42,23,6,確認済
1996,500cc,eugene-mcmanus,,Millar Racing,ヤマハ,,23,24,6,確認済
1996,500cc,toshi-arakaki,,Padgett's Racing Team,ハリス・ヤマハ,,20,25,4,確認済
1996,500cc,laurent-naveau,,ELC Lease ROC,ROCヤマハ,,16,26,3,確認済
1996,500cc,florian-ferracci,,Soverex FP Racing,ROCヤマハ,,70,27,3,確認済
1996,500cc,jean-marc-deletang,,ELC Lease ROC,ROCヤマハ,,25,28,2,確認済
1996,500cc,paul-young,,Padgett's Racing Team,ハリス・ヤマハ,,96,29,2,確認済
1996,500cc,andrew-stroud,,WCM,ROCヤマハ,,30,30,2,確認済
1996,500cc,chris-walker,,ELF 500 ROC,ELF,,44,31,2,確認済
1996,500cc,marcellino-lucchi,,IP Aprilia Racing Team,アプリリア,,29,32,1,確認済
1996,500cc,adrian-bosshard,,ELF 500 ROC,ELF,,14,,,確認済
1996,500cc,jean-pierre-jeandat,,Team Paton,パトン,,51,,,確認済
1996,500cc,katsuaki-fujiwara,,Lucky Strike Suzuki,スズキ,,21,,,確認済
1996,500cc,marco-papa,,Team Leone Racing,ROCヤマハ,,66,,,確認済
1996,500cc,martin-craggill,,ELF 500 ROC,ELF,,48,,,確認済
1996,500cc,michael-rudroff,,Suzuki Deutschland,スズキ,,54,,,確認済
1996,500cc,nicholas-schmassmann,,,ハリス・ヤマハ,,,,,確認済
1996,500cc,stephane-mertens,,Harris Grand Prix,ハリス・ヤマハ,,32,,,確認済
1996,500cc,takuma-aoki,,Team HRC,ホンダ,,52,,,確認済
1996,500cc,william-costes,,ELF 500 ROC,ELF,,28,,,確認済
1996,250cc,max-biaggi,,,アプリリア,,,1,274,確認済
1996,250cc,ralf-waldmann,,,ホンダ,,,2,268,確認済
1996,250cc,olivier-jacque,,,ホンダ,,,3,193,確認済
1996,250cc,jurgen-fuchs,,,ホンダ,,,4,174,確認済
1996,250cc,tohru-ukawa,,,ホンダ,,,5,142,確認済
1996,250cc,luis-dantin,,,ホンダ,,,6,138,確認済
1996,250cc,nobuatsu-aoki,,,ホンダ,,,7,105,確認済
1996,250cc,tetsuya-harada,,,ヤマハ,,,8,104,確認済
1996,250cc,jean-philippe-ruggia,,,ホンダ,,,9,91,確認済
1996,250cc,luca-boscoscuro,,,アプリリア,,,10,62,確認済
1996,250cc,jurgen-van-den-goorbergh,,,ホンダ,,,11,56,確認済
1996,250cc,takeshi-tsujimura,,,ホンダ,,,12,56,確認済
1996,250cc,eskil-suter,,,アプリリア,,,13,55,確認済
1996,250cc,cristiano-migliorati,,,ホンダ,,,14,50,確認済
1996,250cc,regis-laconi,,,ホンダ,,,15,43,確認済
1996,250cc,marcellino-lucchi,,,アプリリア,,,16,41,確認済
1996,250cc,roberto-locatelli,,,アプリリア,,,17,41,確認済
1996,250cc,jamie-robinson,,,アプリリア,,,18,26,確認済
1996,250cc,sebastian-porto,,,アプリリア,,,19,25,確認済
1996,250cc,osamu-miyazaki,,,アプリリア,,,20,22,確認済
1996,250cc,noriyasu-numata,,,スズキ,,,21,20,確認済
1996,250cc,sete-gibernau,,,ホンダ,,,22,20,確認済
1996,250cc,daijiro-kato,,,ホンダ,,,23,16,確認済
1996,250cc,davide-bulega,,,アプリリア,,,24,14,確認済
1996,250cc,oliver-petrucciani,,,アプリリア,,,25,13,確認済
1996,250cc,gianluigi-scalvini,,,ホンダ,,,26,10,確認済
1996,250cc,kensuke-haga,,,ヤマハ,,,27,9,確認済
1996,250cc,yasu-hatakeyama,,,ホンダ,,,28,9,確認済
1996,250cc,alessandro-antonello,,,アプリリア,,,29,8,確認済
1996,250cc,massimo-ottobre,,,アプリリア,,,30,6,確認済
1996,250cc,jose-luis-cardoso,,,アプリリア,,,31,3,確認済
1996,250cc,christophe-cogan,,,ホンダ,,,32,2,確認済
1996,250cc,christian-boudinot,,,アプリリア,,,33,2,確認済
1996,250cc,marcus-payten,,,ホンダ,,,34,2,確認済
1996,250cc,alexander-folger,,,アプリリア,,,,,確認済
1996,250cc,andre-romein,,,ホンダ,,,,,確認済
1996,250cc,bohumil-stasa,,,アプリリア,,,,,確認済
1996,250cc,bohumil-stasa-jr,,,アプリリア,,,,,確認済
1996,250cc,francisco-riquelme,,,ホンダ,,,,,確認済
1996,250cc,franco-battaini,,,アプリリア,,,,,確認済
1996,250cc,gert-pieper,,,ヤマハ,,,,,確認済
1996,250cc,gilles-ferstler,,,ホンダ,,,,,確認済
1996,250cc,ismael-bonilla,,,ホンダ,,,,,確認済
1996,250cc,jaap-hoogeveen,,,ヤマハ,,,,,確認済
1996,250cc,jay-vincent,,,ホンダ,,,,,確認済
1996,250cc,jose-barresi,,,ヤマハ,,,,,確認済
1996,250cc,juergen-lingg,,,ホンダ,,,,,確認済
1996,250cc,lee-dickinson,,,ホンダ,,,,,確認済
1996,250cc,mathias-neukirchen,,,ヤマハ,,,,,確認済
1996,250cc,maurice-bolwerk,,,ホンダ,,,,,確認済
1996,250cc,michael-schulten,,,アプリリア,,,,,確認済
1996,250cc,miguel-tey,,,ホンダ,,,,,確認済
1996,250cc,roberto-rolfo,,,アプリリア,,,,,確認済
1996,250cc,scott-smart,,,ホンダ,,,,,確認済
1996,250cc,sebastien-gimbert,,,ホンダ,,,,,確認済
1996,250cc,steve-sawford,,,アプリリア,,,,,確認済
1996,250cc,vicente-esparragoso,,,ホンダ,,,,,確認済
1996,250cc,vladimir-castka,,,ホンダ,,,,,確認済
1996,125cc,haruchika-aoki,,,ホンダ,,,1,220,確認済
1996,125cc,masaki-tokudome,,,アプリリア,,,2,193,確認済
1996,125cc,tomomi-manako,,,ホンダ,,,3,167,確認済
1996,125cc,emilio-alzamora,,,ホンダ,,,4,158,確認済
1996,125cc,jorge-martinez,,,アプリリア,,,5,131,確認済
1996,125cc,stefano-perugini,,,アプリリア,,,6,128,確認済
1996,125cc,noboru-ueda,,,ホンダ,,,7,126,確認済
1996,125cc,kazuto-sakata,,,アプリリア,,,8,113,確認済
1996,125cc,valentino-rossi,,,アプリリア,,,9,111,確認済
1996,125cc,ivan-goi,,,ホンダ,,,10,110,確認済
1996,125cc,peter-ottl,,,アプリリア,,,11,97,確認済
1996,125cc,garry-mccoy,,,アプリリア,,,12,87,確認済
1996,125cc,dirk-raudies,,,ホンダ,,,13,81,確認済
1996,125cc,yoshiaki-katoh,,,ヤマハ,,,14,61,確認済
1996,125cc,lucio-cecchinello,,,ホンダ,,,15,59,確認済
1996,125cc,manfred-geissler,,,アプリリア,,,16,54,確認済
1996,125cc,akira-saito,,,ホンダ,,,17,43,確認済
1996,125cc,youichi-ui,,,ヤマハ,,,18,36,確認済
1996,125cc,frederic-petit,,,ホンダ,,,19,28,確認済
1996,125cc,herri-torrontegui,,,ホンダ,,,20,18,確認済
1996,125cc,andrea-ballerini,,,アプリリア,,,21,14,確認済
1996,125cc,darren-barton,,,アプリリア,,,22,12,確認済
1996,125cc,jaroslav-hules,,,ホンダ,,,23,12,確認済
1996,125cc,masao-azuma,,,ホンダ,,,24,10,確認済
1996,125cc,josep-sarda,,,ホンダ,,,25,8,確認済
1996,125cc,shigeru-ibaraki,,,ヤマハ,,,26,6,確認済
1996,125cc,loek-bodelier,,,ホンダ,,,27,4,確認済
1996,125cc,paolo-tessari,,,ホンダ,,,28,4,確認済
1996,125cc,luigi-ancona,,,アプリリア,,,29,3,確認済
1996,125cc,mirko-giansanti,,,ホンダ,,,30,2,確認済
1996,125cc,gabriele-debbia,,,ヤマハ,,,31,2,確認済
1996,125cc,shinichi-sugaya,,,ホンダ,,,32,1,確認済
1996,125cc,jose-ramon-ramirez,,,ヤマハ,,,33,1,確認済
1996,125cc,ahmed-jayadi,,,ヤマハ,,,,,確認済
1996,125cc,alvaro-molina,,,ホンダ,,,,,確認済
1996,125cc,andrea-zappa,,,アプリリア,,,,,確認済
1996,125cc,angel-nieto-jr,,,アプリリア,,,,,確認済
1996,125cc,bernd-holzleitner,,,ヤマハ,,,,,確認済
1996,125cc,chao-chee-hou,,,ヤマハ,,,,,確認済
1996,125cc,chow-yan-kit,,,ヤマハ,,,,,確認済
1996,125cc,chris-palmer,,,ホンダ,,,,,確認済
1996,125cc,daniel-ribalta,,,ホンダ,,,,,確認済
1996,125cc,david-garcia,,,ホンダ,,,,,確認済
1996,125cc,fernando-mendes,,,ホンダ,,,,,確認済
1996,125cc,georg-scharl,,,ホンダ,,,,,確認済
1996,125cc,gerard-rike,,,ホンダ,,,,,確認済
1996,125cc,gerwin-hofer,,,ホンダ,,,,,確認済
1996,125cc,gilbert-de-rover,,,ホンダ,,,,,確認済
1996,125cc,gino-borsoi,,,アプリリア,,,,,確認済
1996,125cc,harald-danninger,,,ホンダ,,,,,確認済
1996,125cc,igor-antonelli,,,ホンダ,,,,,確認済
1996,125cc,ivan-cremonini,,,ホンダ,,,,,確認済
1996,125cc,jarno-janssen,,,ホンダ,,,,,確認済
1996,125cc,jose-barresi,,,ヤマハ,,,,,確認済
1996,125cc,jose-david-de-gea,,,ホンダ,,,,,確認済
1996,125cc,juan-enrique-maturana,,,ヤマハ,,,,,確認済
1996,125cc,kazuhiro-takao,,,ホンダ,,,,,確認済
1996,125cc,ken-ohashi,,,ホンダ,,,,,確認済
1996,125cc,maurizio-cucchiarini,,,ホンダ,,,,,確認済
1996,125cc,mokoto-ono,,,ホンダ,,,,,確認済
1996,125cc,pete-jennings,,,ホンダ,,,,,確認済
1996,125cc,petrus-canisius,,,ヤマハ,,,,,確認済
1996,125cc,rob-filart,,,ホンダ,,,,,確認済
1996,125cc,roberto-bellei,,,ホンダ,,,,,確認済
1996,125cc,robin-appleyard,,,ホンダ,,,,,確認済
1996,125cc,stefano-cruciani,,,アプリリア,,,,,確認済
1996,125cc,yasir-said,,,ヤマハ,,,,,確認済
1996,125cc,yau-chuen-tang,,,ヤマハ,,,,,確認済
1997,500cc,mick-doohan,,Repsol YPF Honda Team,ホンダ,,1,1,340,確認済
1997,500cc,tadayuki-okada,,Repsol YPF Honda Team,ホンダ,,7,2,197,確認済
1997,500cc,nobuatsu-aoki,,Rheos ELF F.C.C. T.S.R,ホンダ,,18,3,179,確認済
1997,500cc,alex-criville,,Repsol YPF Honda Team,ホンダ,,2,4,172,確認済
1997,500cc,takuma-aoki,,Repsol YPF Honda Team,ホンダ,,24,5,134,確認済
1997,500cc,luca-cadalora,,Red Bull Yamaha WCM,ヤマハ,,3,6,129,確認済
1997,500cc,norifumi-abe,,/ Yamaha Team Rainey,ヤマハ,,5,7,126,確認済
1997,500cc,carlos-checa,,MoviStar Honda Pons,ホンダ,,8,8,119,確認済
1997,500cc,alex-barros,,Honda Gresini,ホンダ,,4,9,101,確認済
1997,500cc,doriano-romboni,,IP Aprilia Racing Team,アプリリア,,19,10,88,確認済
1997,500cc,daryl-beattie,,Lucky Strike Suzuki,スズキ,,6,11,63,確認済
1997,500cc,alberto-puig,,MoviStar Honda Pons,ホンダ,,9,12,63,確認済
1997,500cc,sete-gibernau,,/ Yamaha Team Rainey,ヤマハ,,20,13,56,確認済
1997,500cc,regis-laconi,,Tecmas Honda Elf,ホンダ,,55,14,52,確認済
1997,500cc,anthony-gobert,,Lucky Strike Suzuki,スズキ,,23,15,44,確認済
1997,500cc,kenny-roberts-jr,,/ Marlboro Team Roberts,モデナスKR3,,10,16,37,確認済
1997,500cc,juan-borja,,ELF 500 ROC,ELF,,14,17,37,確認済
1997,500cc,jean-michel-bayle,,/ Marlboro Team Roberts,モデナスKR3,,12,18,31,確認済
1997,500cc,jurgen-van-den-goorbergh,,Team Millar MQP,ホンダ,,21,19,29,確認済
1997,500cc,jurgen-fuchs,,ELF 500 ROC,ELF,,16,20,28,確認済
1997,500cc,kirk-mccarthy,,World Champ Motorsports,ROCヤマハ,,22,21,20,確認済
1997,500cc,peter-goddard,,Lucky Strike Suzuki,スズキ,,27,22,13,確認済
1997,500cc,troy-corser,,Red Bull Yamaha WCM,ヤマハ,,11,23,11,確認済
1997,500cc,yukio-kagayama,,Lucky Strike Suzuki,スズキ,,26,24,9,確認済
1997,500cc,norihiko-fujiwara,,Marlboro Yamaha,ヤマハ,,51,25,7,確認済
1997,500cc,bernard-garcia,,Tecmas Honda Elf,ホンダ,,13,26,7,確認済
1997,500cc,laurent-naveau,,Millet Racing,ROCヤマハ,,25,27,3,確認済
1997,500cc,jay-vincent,,Padgett's,ホンダ,,98,28,2,確認済
1997,500cc,lucio-pedercini,,Team Pedercini,ROCヤマハ,,17,29,2,確認済
1997,500cc,alessandro-gramigni,,IP Aprilia Racing Team,アプリリア,,39,,,確認済
1997,500cc,francesco-monaco,,Team Paton,パトン,,53,,,確認済
1997,500cc,frederic-protat,,Soverex FP Racing,ホンダ,,15,,,確認済
1997,250cc,max-biaggi,,,ホンダ,,,1,250,確認済
1997,250cc,ralf-waldmann,,,ホンダ,,,2,248,確認済
1997,250cc,tetsuya-harada,,,アプリリア,,,3,235,確認済
1997,250cc,olivier-jacque,,,ホンダ,,,4,201,確認済
1997,250cc,tohru-ukawa,,,ホンダ,,,5,173,確認済
1997,250cc,loris-capirossi,,,アプリリア,,,6,116,確認済
1997,250cc,takeshi-tsujimura,,,TSR,,,7,109,確認済
1997,250cc,haruchika-aoki,,,ホンダ,,,8,102,確認済
1997,250cc,stefano-perugini,,,アプリリア,,,9,85,確認済
1997,250cc,jeremy-mcwilliams,,,ホンダ,,,10,73,確認済
1997,250cc,sebastian-porto,,,アプリリア,,,11,60,確認済
1997,250cc,noriyasu-numata,,,スズキ,,,12,55,確認済
1997,250cc,osamu-miyazaki,,,ヤマハ,,,13,47,確認済
1997,250cc,franco-battaini,,,ヤマハ,,,14,44,確認済
1997,250cc,cristiano-migliorati,,,ホンダ,,,15,35,確認済
1997,250cc,luis-dantin,,,ヤマハ,,,16,32,確認済
1997,250cc,emilio-alzamora,,,ホンダ,,,17,31,確認済
1997,250cc,marcellino-lucchi,,,アプリリア,,,18,30,確認済
1997,250cc,daijiro-kato,,,ホンダ,,,19,25,確認済
1997,250cc,william-costes,,,ホンダ,,,20,23,確認済
1997,250cc,jose-luis-cardoso,,,ヤマハ,,,21,19,確認済
1997,250cc,jamie-robinson,,,スズキ,,,22,18,確認済
1997,250cc,oliver-petrucciani,,,アプリリア,,,23,14,確認済
1997,250cc,luca-boscoscuro,,,ホンダ,,,24,13,確認済
1997,250cc,giuseppe-fiorillo,,,アプリリア,,,25,12,確認済
1997,250cc,yukio-kagayama,,,スズキ,,,26,10,確認済
1997,250cc,troy-bayliss,,,スズキ,,,27,10,確認済
1997,250cc,naoki-matsudo,,,ヤマハ,,,28,6,確認済
1997,250cc,eustaquio-gavira,,,アプリリア,,,29,5,確認済
1997,250cc,scott-smart,,,ホンダ,,,30,4,確認済
1997,250cc,naoto-ogura,,,ヤマハ,,,31,3,確認済
1997,250cc,sebastien-gimbert,,,ホンダ,,,32,3,確認済
1997,250cc,idalio-gavira,,,アプリリア,,,33,2,確認済
1997,250cc,maurice-bolwerk,,,ホンダ,,,34,2,確認済
1997,250cc,john-mcguinness,,,アプリリア,,,35,2,確認済
1997,250cc,choujun-kameya,,,スズキ,,,36,1,確認済
1997,250cc,claudio-vanzetta,,,アプリリア,,,37,1,確認済
1997,250cc,callum-ramsay,,,ホンダ,,,38,1,確認済
1997,250cc,andre-romein,,,ホンダ,,,,,確認済
1997,250cc,bertrand-stey,,,ホンダ,,,,,確認済
1997,250cc,david-guardiola,,,ホンダ,,,,,確認済
1997,250cc,davide-bulega,,,アプリリア,,,,,確認済
1997,250cc,federico-gartner,,,ホンダ,,,,,確認済
1997,250cc,franck-poulle,,,ホンダ,,,,,確認済
1997,250cc,frederic-boutin,,,アプリリア,,,,,確認済
1997,250cc,gerard-rike,,,ホンダ,,,,,確認済
1997,250cc,gert-pieper,,,ホンダ,,,,,確認済
1997,250cc,henk-van-de-lagemaat,,,ホンダ,,,,,確認済
1997,250cc,ismael-bonilla,,,ホンダ,,,,,確認済
1997,250cc,jaap-hoogeveen,,,ヤマハ,,,,,確認済
1997,250cc,javier-marsella,,,ホンダ,,,,,確認済
1997,250cc,jesus-perez,,,ホンダ,,,,,確認済
1997,250cc,johan-stigefelt,,,スズキ,,,,,確認済
1997,250cc,jose-david-de-gea,,,ヤマハ,,,,,確認済
1997,250cc,juergen-lingg,,,ホンダ,,,,,確認済
1997,250cc,kurtis-roberts,,,ホンダ,,,,,確認済
1997,250cc,manuel-luque,,,アプリリア,,,,,確認済
1997,250cc,mathias-neukirchen,,,ヤマハ,,,,,確認済
1997,250cc,oscar-sainz,,,アプリリア,,,,,確認済
1997,250cc,salvador-martin,,,アプリリア,,,,,確認済
1997,250cc,stefan-kruse,,,ホンダ,,,,,確認済
1997,125cc,valentino-rossi,,,アプリリア,,,1,321,確認済
1997,125cc,noboru-ueda,,,ホンダ,,,2,238,確認済
1997,125cc,tomomi-manako,,,ホンダ,,,3,190,確認済
1997,125cc,kazuto-sakata,,,アプリリア,,,4,179,確認済
1997,125cc,masaki-tokudome,,,アプリリア,,,5,120,確認済
1997,125cc,jorge-martinez,,,アプリリア,,,6,119,確認済
1997,125cc,garry-mccoy,,,アプリリア,,,7,109,確認済
1997,125cc,roberto-locatelli,,,ホンダ,,,8,97,確認済
1997,125cc,mirko-giansanti,,,アプリリア,,,9,83,確認済
1997,125cc,frederic-petit,,,ホンダ,,,10,83,確認済
1997,125cc,gianluigi-scalvini,,,ホンダ,,,11,81,確認済
1997,125cc,youichi-ui,,,ヤマハ,,,12,77,確認済
1997,125cc,yoshiaki-katoh,,,ヤマハ,,,13,74,確認済
1997,125cc,lucio-cecchinello,,,ホンダ,,,14,73,確認済
1997,125cc,masao-azuma,,,ホンダ,,,15,66,確認済
1997,125cc,manfred-geissler,,,アプリリア,,,16,31,確認済
1997,125cc,juan-enrique-maturana,,,ヤマハ,,,17,22,確認済
1997,125cc,ivan-goi,,,アプリリア,,,18,21,確認済
1997,125cc,steve-jenkner,,,アプリリア,,,19,20,確認済
1997,125cc,gino-borsoi,,,ヤマハ,,,20,19,確認済
1997,125cc,jaroslav-hules,,,ホンダ,,,21,17,確認済
1997,125cc,hideyuki-nakajoh,,,ホンダ,,,22,16,確認済
1997,125cc,peter-ottl,,,アプリリア,,,23,11,確認済
1997,125cc,kazuhiro-takao,,,ホンダ,,,24,8,確認済
1997,125cc,dirk-raudies,,,ホンダ,,,25,8,確認済
1997,125cc,angel-nieto-jr,,,アプリリア,,,26,8,確認済
1997,125cc,josep-sarda,,,ホンダ,,,27,3,確認済
1997,125cc,alex-hofmann,,,ヤマハ,,,28,2,確認済
1997,125cc,darren-barton,,,ホンダ,,,29,2,確認済
1997,125cc,benny-jerzenbeck,,,ホンダ,,,30,1,確認済
1997,125cc,alvaro-molina,,,ホンダ,,,31,1,確認済
1997,125cc,ahmed-jayadi,,,ヤマハ,,,,,確認済
1997,125cc,andrew-willy,,,ヤマハ,,,,,確認済
1997,125cc,arief-budiman,,,ヤマハ,,,,,確認済
1997,125cc,bernd-holzleitner,,,ヤマハ,,,,,確認済
1997,125cc,chris-burns,,,ホンダ,,,,,確認済
1997,125cc,emanuel-buchner,,,アプリリア,,,,,確認済
1997,125cc,federico-cerroni,,,アプリリア,,,,,確認済
1997,125cc,georg-scharl,,,ホンダ,,,,,確認済
1997,125cc,gerwin-hofer,,,ホンダ,,,,,確認済
1997,125cc,harald-danninger,,,ホンダ,,,,,確認済
1997,125cc,hayden-bool,,,ホンダ,,,,,確認済
1997,125cc,igor-antonelli,,,ホンダ,,,,,確認済
1997,125cc,igor-kalab,,,ホンダ,,,,,確認済
1997,125cc,irvan-octavianus,,,ヤマハ,,,,,確認済
1997,125cc,james-armstrong,,,ヤマハ,,,,,確認済
1997,125cc,jay-taylor,,,ホンダ,,,,,確認済
1997,125cc,jun-inageda,,,ホンダ,,,,,確認済
1997,125cc,katsuji-uezu,,,ヤマハ,,,,,確認済
1997,125cc,marco-borciani,,,ホンダ,,,,,確認済
1997,125cc,marco-masetti,,,ホンダ,,,,,確認済
1997,125cc,marco-melandri,,,ホンダ,,,,,確認済
1997,125cc,michal-brezina,,,ホンダ,,,,,確認済
1997,125cc,peter-galvin,,,ホンダ,,,,,確認済
1997,125cc,roberto-bellei,,,ホンダ,,,,,確認済
1997,125cc,rudi-arianto,,,ヤマハ,,,,,確認済
1997,125cc,shahrol-yuzy,,,ホンダ,,,,,確認済
1997,125cc,simone-sanna,,,アプリリア,,,,,確認済
1997,125cc,toshiaki-ozawa,,,ホンダ,,,,,確認済
1997,125cc,william-strugnell,,,ホンダ,,,,,確認済
1997,125cc,xavier-soler,,,アプリリア,,,,,確認済
1997,125cc,yuzo-fujioka,,,ホンダ,,,,,確認済
1998,500cc,mick-doohan,,Repsol Honda,ホンダ,,1,1,260,確認済
1998,500cc,max-biaggi,,Marlboro Team Kanemoto,ホンダ,,6,2,208,確認済
1998,500cc,alex-criville,,Repsol Honda,ホンダ,,4,3,198,確認済
1998,500cc,carlos-checa,,MoviStar Honda Pons,ホンダ,,8,4,139,確認済
1998,500cc,alex-barros,,Honda Gresini,ホンダ,,9,5,138,確認済
1998,500cc,norifumi-abe,,Yamaha Team Rainey,ヤマハ,,5,6,128,確認済
1998,500cc,simon-crafar,,Red Bull Yamaha WCM,ヤマハ,,,7,119,確認済
1998,500cc,tadayuki-okada,,Repsol Honda,ホンダ,,2,8,106,確認済
1998,500cc,nobuatsu-aoki,,Suzuki Grand Prix Team,スズキ,,3,9,101,確認済
1998,500cc,regis-laconi,,Red Bull Yamaha WCM,ヤマハ,,55,10,86,確認済
1998,500cc,sete-gibernau,,Repsol Honda,ホンダ,,15,11,72,確認済
1998,500cc,john-kocinski,,MoviStar Honda Pons,ホンダ,,19,12,64,確認済
1998,500cc,kenny-roberts-jr,,Team Roberts,モデナスKR3,,10,13,59,確認済
1998,500cc,ralf-waldmann,,Marlboro Team Roberts,モデナスKR3,,28,14,46,確認済
1998,500cc,jurgen-van-den-goorbergh,,Dee Cee Jeans Racing Tea,ホンダ,,17,15,40,確認済
1998,500cc,jean-michel-bayle,,Yamaha Team Rainey,ヤマハ,,12,16,28,確認済
1998,500cc,garry-mccoy,,Shell Advance Racing,ホンダ,,18,17,23,確認済
1998,500cc,kyoji-nanba,,Yamaha Team Rainey,ヤマハ,,21,18,22,確認済
1998,500cc,matt-wait,,F.C.C. TSR,ホンダ,,23,19,17,確認済
1998,500cc,noriyuki-haga,,Yamaha Racing Team,ヤマハ,,50,20,16,確認済
1998,500cc,scott-smart,,Team Millar Honda Britain,ホンダ,,88,21,14,確認済
1998,500cc,yukio-kagayama,,Suzuki Grand Prix Team,スズキ,,25,22,10,確認済
1998,500cc,luca-cadalora,,Yamaha Team Rainey,ヤマハ,,20,23,10,確認済
1998,500cc,bernard-garcia,,Tecmas Honda Elf,ホンダ,,26,24,10,確認済
1998,500cc,norihiko-fujiwara,,BP Yamaha Racing Team,ヤマハ,,52,25,9,確認済
1998,500cc,eskil-suter,,Muz Roc RennSport,MuZ,,77,26,7,確認済
1998,500cc,gregorio-lavilla,,MoviStar Honda Pons,ホンダ,,39,27,5,確認済
1998,500cc,doriano-romboni,,Muz Roc Rennen Sport,MuZ,,7,28,4,確認済
1998,500cc,john-mcguinness,,Team Vimto Honda / Paul Bir,ホンダ,,68,29,4,確認済
1998,500cc,sebastien-gimbert,,Tecmas Honda Elf,ホンダ,,22,30,4,確認済
1998,500cc,fernando-cristobal,,Shell Advance Racing,ホンダ,,72,31,4,確認済
1998,500cc,juan-borja,,Shell Advance Racing,ホンダ,,14,32,3,確認済
1998,500cc,mark-willis,,Suzuki Grand Prix Team,スズキ,,33,33,2,確認済
1998,500cc,fabio-carpani,,Team Polini Inoxmacel,ホンダ,,57,34,1,確認済
1998,500cc,craig-connell,,Shell Advance Racing,ホンダ,,42,,,確認済
1998,500cc,felisberto-teixeira,,Shell Advance Racing,ホンダ,,58,,,確認済
1998,500cc,gianmaria-liverani,,Team Paton,パトン,,63,,,確認済
1998,500cc,jean-philippe-ruggia,,Muz Roc RennSport,MuZ,,16,,,確認済
1998,500cc,juan-pablo-gianini,,Shell Advance Racing,ホンダ,,71,,,確認済
1998,500cc,katsuaki-fujiwara,,Suzuki Grand Prix Team,スズキ,,27,,,確認済
1998,500cc,keiichi-kitagawa,,Suzuki Grand Prix Team,スズキ,,29,,,確認済
1998,500cc,paolo-tessari,,Team Paton,パトン,,43,,,確認済
1998,250cc,loris-capirossi,,Aprilia Grand Prix Racing Te,アプリリア,,65,1,224,確認済
1998,250cc,valentino-rossi,,Nastro Azzurro Aprilia,アプリリア,,46,2,201,確認済
1998,250cc,tetsuya-harada,,Aprilia Grand Prix Racing Te,アプリリア,,31,3,200,確認済
1998,250cc,tohru-ukawa,,Benetton Honda,ホンダ,,5,4,145,確認済
1998,250cc,olivier-jacque,,Chesterfield Elf Tech 3,ホンダ,,19,5,112,確認済
1998,250cc,haruchika-aoki,,F.C.C. TSR,ホンダ,,6,6,112,確認済
1998,250cc,stefano-perugini,,Castrol 250 Team,ホンダ,,4,7,102,確認済
1998,250cc,takeshi-tsujimura,,Team Semprucci Biesse-Gro,ヤマハ,,7,8,91,確認済
1998,250cc,jeremy-mcwilliams,,QUB Team Optimum,TSR,,9,9,87,確認済
1998,250cc,luis-dantin,,Antena 3 Yamaha,ヤマハ,,8,10,74,確認済
1998,250cc,jose-luis-cardoso,,Antena 3 Yamaha,ヤマハ,,17,11,61,確認済
1998,250cc,roberto-rolfo,,Scuderia AGV Carrizosa,TSR,,44,12,61,確認済
1998,250cc,jay-vincent,,Padgetts HRC Shop,TSR,,24,13,60,確認済
1998,250cc,luca-boscoscuro,,Scuderia AGV Carrizosa,TSR,,37,14,58,確認済
1998,250cc,marcellino-lucchi,,Aprilia Team,アプリリア,,34,15,52,確認済
1998,250cc,noriyasu-numata,,Team Rizla Suzuki,スズキ,,12,16,52,確認済
1998,250cc,jurgen-fuchs,,Docshop Racing,アプリリア,,11,17,45,確認済
1998,250cc,franco-battaini,,Edo Racing,ヤマハ,,21,18,34,確認済
1998,250cc,shinya-nakano,,BP Yamaha Racing Team,ヤマハ,,50,19,33,確認済
1998,250cc,daijiro-kato,,Castrol Honda,ホンダ,,54,20,25,確認済
1998,250cc,johan-stigefelt,,Team Rizla Suzuki,スズキ,,16,21,22,確認済
1998,250cc,sebastian-porto,,PR2 Mitsubishi Elaion,アプリリア,,27,22,17,確認済
1998,250cc,naoki-matsudo,,Y.E.S.S. Racing Team,ヤマハ,,51,23,16,確認済
1998,250cc,osamu-miyazaki,,Edo Racing,ヤマハ,,18,24,14,確認済
1998,250cc,davide-bulega,,OXS Matteoni,ERPホンダ,,14,25,11,確認済
1998,250cc,yukio-kagayama,,Team Suzuki All Japan,スズキ,,55,26,10,確認済
1998,250cc,yasu-hatakeyama,,Penguin Racing,ホンダ,,25,27,9,確認済
1998,250cc,ivan-clementi,,Edo Racing,ヤマハ,,47,28,7,確認済
1998,250cc,alex-hofmann,,Racing Factory,ホンダ,,66,29,6,確認済
1998,250cc,william-costes,,Chesterfield Elf Tech 3,ホンダ,,20,30,6,確認済
1998,250cc,choujun-kameya,,Team Suzuki All Japan,スズキ,,52,31,3,確認済
1998,250cc,diego-giugovaz,,Docshop Racing,アプリリア,,45,32,3,確認済
1998,250cc,jamie-robinson,,Edo Racing,ヤマハ,,33,33,2,確認済
1998,250cc,federico-gartner,,PR2 Mitsubishi Elaion,アプリリア,,41,34,1,確認済
1998,250cc,julien-allemand,,Equipe de France,ホンダ,,68,35,1,確認済
1998,250cc,ismael-bonilla,,SBK Sport,ホンダ,,59,36,1,確認済
1998,250cc,mike-baldinger,,Team Klingels,ホンダ,,84,37,1,確認済
1998,250cc,woolsey-coulter,,Padgetts HRC Shop,ホンダ,,82,38,1,確認済
1998,250cc,adrian-schmidt,,Imt Racing Team,ホンダ,,87,,,確認済
1998,250cc,agustin-escobar,,SBK Sport,ホンダ,,60,,,確認済
1998,250cc,alex-debon,,Hernandez Team,ホンダ,,73,,,確認済
1998,250cc,andre-romein,,Racing Team Twello,ホンダ,,77,,,確認済
1998,250cc,callum-ramsay,,Honda Britain / Qub Team O,ホンダ,,81,,,確認済
1998,250cc,david-garcia,,Antena 3 Yamaha,ヤマハ,,92,,,確認済
1998,250cc,david-horton,,Team Taylor Racing,ホンダ,,43,,,確認済
1998,250cc,david-ortega,,Costa Azahar,ホンダ,,94,,,確認済
1998,250cc,diego-ruaben,,Honda-Castrol-Gregorio,ホンダ,,97,,,確認済
1998,250cc,eustaquio-gavira,,SBK Sport,ホンダ,,58,,,確認済
1998,250cc,filippo-cotti,,Matteoni Racing,ホンダ,,49,,,確認済
1998,250cc,franck-poulle,,F.P. Racing,ホンダ,,70,,,確認済
1998,250cc,gabriel-borgmann,,Recouso Oscar,ヤマハ,,98,,,確認済
1998,250cc,gary-may,,PR2 Mitsubishi Elaion,アプリリア,,40,,,確認済
1998,250cc,herve-mora,,Aprilia France,アプリリア,,71,,,確認済
1998,250cc,igor-antonelli,,Team RCGM,アプリリア,,48,,,確認済
1998,250cc,ivan-silva,,Team Chupa Chups,ホンダ,,93,,,確認済
1998,250cc,jarno-janssen,,Dee Cee Jeans Racing Tea,ホンダ,,76,,,確認済
1998,250cc,leandro-mulet,,Pablo Lessio Competicion,ヤマハ,,96,,,確認済
1998,250cc,lucas-oliver,,Team Chupa Chups,ホンダ,,74,,,確認済
1998,250cc,makoto-tamada,,Team Kotake,ホンダ,,53,,,確認済
1998,250cc,markus-ober,,RS Rallye Sport Gmbh,ホンダ,,86,,,確認済
1998,250cc,mathias-neukirchen,,Docshop Racing,アプリリア,,85,,,確認済
1998,250cc,matias-rios,,Mitsubishi Mondial,ヤマハ,,95,,,確認済
1998,250cc,matthieu-lagrive,,Chesterfield Elf Tech 3,ホンダ,,22,,,確認済
1998,250cc,maurice-bolwerk,,MRTT Team Bolwerk,ホンダ,,75,,,確認済
1998,250cc,paul-jones,,Aprilia UK / Blacks Bikeshop,アプリリア,,80,,,確認済
1998,250cc,radomil-rous,,Klub Racing Team Znojmo,ヤマハ,,89,,,確認済
1998,250cc,rudie-markink,,Johan Jong Brandbom Team,ホンダ,,78,,,確認済
1998,250cc,shahrol-yuzy,,Petronas Sprinta Team TVK,ホンダ,,56,,,確認済
1998,250cc,shane-norval,,Team Colin Appleyard Racin,ホンダ,,83,,,確認済
1998,250cc,shaun-geronimi,,Rgv Spares,ヤマハ,,64,,,確認済
1998,250cc,vincent-philippe,,Equipe de France,ホンダ,,69,,,確認済
1998,250cc,vladimir-castka,,Slovnaft Sport Moto Team,ERPホンダ,,88,,,確認済
1998,250cc,william-strugnell,,Strugnell Racing,ヤマハ,,42,,,確認済
1998,125cc,kazuto-sakata,,UGT 3000,アプリリア,,4,1,229,確認済
1998,125cc,tomomi-manako,,Team UGT - 3000,ホンダ,,3,2,217,確認済
1998,125cc,marco-melandri,,Benetton Matteoni,ホンダ,,13,3,202,確認済
1998,125cc,masao-azuma,,Mac Motors Liegeois Comp.,ホンダ,,20,4,135,確認済
1998,125cc,lucio-cecchinello,,Givi Honda LCR,ホンダ,,10,5,130,確認済
1998,125cc,mirko-giansanti,,OXS Matteoni,ホンダ,,32,6,113,確認済
1998,125cc,masaki-tokudome,,Docshop Racing,アプリリア,,5,7,97,確認済
1998,125cc,gianluigi-scalvini,,Team Polini Inoxmacel,ホンダ,,8,8,89,確認済
1998,125cc,roberto-locatelli,,Team Polini Inoxmacel,ホンダ,,15,9,87,確認済
1998,125cc,frederic-petit,,UGT 3000 - RMS,ホンダ,,9,10,78,確認済
1998,125cc,youichi-ui,,Team Yamaha Kurz Aral,ヤマハ,,41,11,76,確認済
1998,125cc,arnaud-vincent,,Scrab Competition,アプリリア,,21,12,72,確認済
1998,125cc,noboru-ueda,,Givi Honda LCR,ホンダ,,2,13,62,確認済
1998,125cc,ivan-goi,,Vasco Rossi Racing,アプリリア,,26,14,53,確認済
1998,125cc,hiroyuki-kikuchi,,Givi Honda LCR,ホンダ,,52,15,51,確認済
1998,125cc,yoshiaki-katoh,,Team Semprucci Biesse-Gro,ヤマハ,,62,16,45,確認済
1998,125cc,steve-jenkner,,Marlboro Team ADAC,アプリリア,,22,17,45,確認済
1998,125cc,gino-borsoi,,Motoracing Team,アプリリア,,23,18,43,確認済
1998,125cc,angel-nieto-jr,,Via Digital Team,アプリリア,,29,19,41,確認済
1998,125cc,jaroslav-hules,,Team UGT 3000,ホンダ,,39,20,25,確認済
1998,125cc,emilio-alzamora,,Via Digital Team,アプリリア,,7,21,18,確認済
1998,125cc,nobuyuki-ohsaki,,S.P. Tadao Racing team,ヤマハ,,53,22,11,確認済
1998,125cc,juan-enrique-maturana,,Team Yamaha Kurz Aral,ヤマハ,,17,23,10,確認済
1998,125cc,takashi-akita,,J. Racing,ヤマハ,,51,24,7,確認済
1998,125cc,paolo-tessari,,Scuderia Alfa Nolan,アプリリア,,18,25,5,確認済
1998,125cc,jeronimo-vidal,,Team Valencia Aspar,アプリリア,,59,26,3,確認済
1998,125cc,alvaro-molina,,Echo Team Berner,ホンダ,,58,27,3,確認済
1998,125cc,federico-cerroni,,Scuderia Alfa Nolan,アプリリア,,14,28,3,確認済
1998,125cc,fonsi-nieto,,Via Digital Team,アプリリア,,29,29,3,確認済
1998,125cc,kazuhiro-takao,,Castrol Team Harc Pro,ホンダ,,54,30,2,確認済
1998,125cc,andrea-iommi,,Team Pileri,ホンダ,,65,31,2,確認済
1998,125cc,claudio-cipriani,,Ciarom-MotoSprint,アプリリア,,64,32,1,確認済
1998,125cc,christian-manna,,Team Semprucci Biesse Group,ヤマハ,,16,33,1,確認済
1998,125cc,andrea-zappa,,Team Polini Inoxmacel,ホンダ,,49,34,1,確認済
1998,125cc,adrian-araujo,,Team Polini Inoxmacel,ホンダ,,70,,,確認済
1998,125cc,alessandro-romagnoli,,Scuderia Alfa Nolan,アプリリア,,24,,,確認済
1998,125cc,andrea-ballerini,,Team Pileri,ホンダ,,19,,,確認済
1998,125cc,anthony-west,,Christopher West Plumbing,ホンダ,,46,,,確認済
1998,125cc,bohuslav-seifert,,Telemark Racing Team,ホンダ,,93,,,確認済
1998,125cc,cesar-barros,,Amauri–Revista Moto!,ホンダ,,95,,,確認済
1998,125cc,chris-palmer,,L Rumney / Garstang Cleani,ホンダ,,81,,,確認済
1998,125cc,cristiano-vieira,,Matsuo-Daido-Yuasa-tam,ホンダ,,94,,,確認済
1998,125cc,david-mateer,,Ulster Racing,ホンダ,,83,,,確認済
1998,125cc,dirk-heidolf,,Hein Gericke Castrol Jr Tea,ホンダ,,87,,,確認済
1998,125cc,hans-koopman,,Ep Bos Electro Elburg,Ega Honda,,74,,,確認済
1998,125cc,harold-de-haan,,Le Coq Fight Racing,ホンダ,,76,,,確認済
1998,125cc,igor-kalab,,Repsol Team,ホンダ,,89,,,確認済
1998,125cc,ivan-martinez,,Team Valencia Aspar,アプリリア,,73,,,確認済
1998,125cc,jakub-smrz,,Wernberger - Team Hanusc,ホンダ,,90,,,確認済
1998,125cc,jay-taylor,,Team Taylor Racing,ホンダ,,45,,,確認済
1998,125cc,jimmy-petit,,Team RMS,ホンダ,,69,,,確認済
1998,125cc,john-pearson,,Racing Lines / Clive Horton,ホンダ,,82,,,確認済
1998,125cc,jose-ramon-ramirez,,Team Valencia Aspar,アプリリア,,11,,,確認済
1998,125cc,josep-sarda,,Team TMR,ホンダ,,71,,,確認済
1998,125cc,judd-greedy,,Southern Cross Sports,ホンダ,,44,,,確認済
1998,125cc,klaus-nohles,,UGT 3000,ホンダ,,85,,,確認済
1998,125cc,leon-haslam,,Honda Britain / Ron Haslam,ホンダ,,80,,,確認済
1998,125cc,m-meganathan,,RRC Prakash RAO,ホンダ,,56,,,確認済
1998,125cc,maik-stief,,Motorrad B.U.S. Levior Raci,ヤマハ,,88,,,確認済
1998,125cc,marco-tresoldi,,Ricci Corse,ホンダ,,63,,,確認済
1998,125cc,martin-psotny,,Wernberger - Team Hanusch,ホンダ,,91,,,確認済
1998,125cc,max-sabbatani,,Team RS,ホンダ,,48,,,確認済
1998,125cc,michal-brezina,,Delta Uamk Team,ホンダ,,92,,,確認済
1998,125cc,nicolas-dussauge,,Ipone Dussauge Racing,ホンダ,,68,,,確認済
1998,125cc,oliver-perschke,,Yamaha Loffler Racing Tea,ヤマハ,,86,,,確認済
1998,125cc,pablo-nieto,,Via Digital Team,アプリリア,,79,,,確認済
1998,125cc,peter-galvin,,Teknic Motorcycle Clothing,ホンダ,,43,,,確認済
1998,125cc,randy-de-puniet,,Honda France,ホンダ,,67,,,確認済
1998,125cc,reinhard-stolz,,Agip Esch Racing,ホンダ,,84,,,確認済
1998,125cc,riccardo-chiarello,,Team Italia,アプリリア,,47,,,確認済
1998,125cc,silvio-cesar-zequim,,Motul/Motosistemi,ホンダ,,97,,,確認済
1998,125cc,vicente-esparragoso,,Team Esparragoso IGM,ヤマハ,,61,,,確認済
1998,125cc,wilhelm-van-leeuwen,,Luvro Ramaker Toyota Racin,ホンダ,,78,,,確認済
1998,125cc,yuzo-fujioka,,M'Project,ホンダ,,50,,,確認済
1999,500cc,alex-criville,,Repsol Honda Team,ホンダ,,3,1,267,確認済
1999,500cc,kenny-roberts-jr,,Suzuki Grand Prix Team,スズキ,,10,2,220,確認済
1999,500cc,tadayuki-okada,,Repsol Honda Team,ホンダ,,8,3,211,確認済
1999,500cc,max-biaggi,,Marlboro Yamaha Team,ヤマハ,,2,4,194,確認済
1999,500cc,sete-gibernau,,Repsol Honda Team,ホンダ,,15,5,165,確認済
1999,500cc,norifumi-abe,,Antena 3 Yamaha-D'Antin,ヤマハ,,6,6,136,確認済
1999,500cc,carlos-checa,,Marlboro Yamaha Team,ヤマハ,,4,7,125,確認済
1999,500cc,john-kocinski,,Kanemoto Honda,ホンダ,,19,8,115,確認済
1999,500cc,alex-barros,,MoviStar Honda Pons,ホンダ,,5,9,110,確認済
1999,500cc,tetsuya-harada,,Aprilia Grand Prix Racing,アプリリア,,31,10,104,確認済
1999,500cc,regis-laconi,,Red Bull Yamaha WCM,ヤマハ,,55,11,103,確認済
1999,500cc,juan-borja,,MoviStar Honda Pons,ホンダ,,14,12,92,確認済
1999,500cc,nobuatsu-aoki,,Suzuki Grand Prix Team,スズキ,,9,13,78,確認済
1999,500cc,garry-mccoy,,Red Bull Yamaha WCM,ヤマハ,,24,14,65,確認済
1999,500cc,haruchika-aoki,,F.C.C. TSR,TSR,,26,15,54,確認済
1999,500cc,jurgen-van-den-goorbergh,,Team Biland GP1,MuZ,,17,16,40,確認済
1999,500cc,mick-doohan,,Repsol Honda Team,ホンダ,,1,17,33,確認済
1999,500cc,simon-crafar,,Red Bull Yamaha WCM,ヤマハ,,11,18,19,確認済
1999,500cc,sebastien-gimbert,,Tecmas Honda Elf,ホンダ,,22,19,16,確認済
1999,500cc,luca-cadalora,,Team Biland GP1,MuZ,,7,20,14,確認済
1999,500cc,shinichi-ito,,Lucky Strike Honda,ホンダ,,36,21,9,確認済
1999,500cc,yukio-kagayama,,Suzuki Grand Prix Team,スズキ,,16,22,9,確認済
1999,500cc,jose-david-de-gea,,Proton KR Modenas,モデナスKR3,,52,23,8,確認済
1999,500cc,markus-ober,,Dee Cee Jeans Racing Tea,ホンダ,,18,24,7,確認済
1999,500cc,anthony-gobert,,Team Biland GP1,MuZ,,35,25,6,確認済
1999,500cc,jose-luis-cardoso,,Team Maxon TSR,TSR,,25,26,6,確認済
1999,500cc,michael-rutter,,Millar Honda,ホンダ,,21,27,5,確認済
1999,500cc,jean-michel-bayle,,Proton KR Modenas,モデナスKR3,,12,28,4,確認済
1999,500cc,noriyasu-numata,,Team Biland GP1,MuZ,,71,29,3,確認済
1999,500cc,mark-willis,,Buckley Systems BSL Racin,モデナスKR3,,68,30,3,確認済
1999,500cc,mike-hale,,Proton KR Modenas,モデナスKR3,,20,31,3,確認済
1999,500cc,jamie-whitham,,Proton KR Modenas,モデナスKR3,,69,32,2,確認済
1999,500cc,steve-martin,,Dee Cee Jeans Racing Tea,ホンダ,,37,33,2,確認済
1999,500cc,bernard-garcia,,Team Biland GP1,MuZ,,27,,,確認済
1999,500cc,john-mcguinness,,Team Vimto Honda,ホンダ,,46,,,確認済
1999,500cc,marc-garcia-fr,,Dee Cee Jeans Racing Tea,ホンダ,,32,,,確認済
1999,500cc,paolo-tessari,,Team Paton,パトン,,43,,,確認済
1999,250cc,valentino-rossi,,Aprilia Grand Prix Racing,アプリリア,,46,1,309,確認済
1999,250cc,tohru-ukawa,,Shell Advance Honda Team,ホンダ,,4,2,261,確認済
1999,250cc,loris-capirossi,,Elf Axo Honda Gresini,ホンダ,,1,3,209,確認済
1999,250cc,shinya-nakano,,Chesterfield Yamaha Tech 3,ヤマハ,,56,4,207,確認済
1999,250cc,stefano-perugini,,Fila Watches Honda,ホンダ,,7,5,151,確認済
1999,250cc,ralf-waldmann,,Aprilia Germany,アプリリア,,6,6,131,確認済
1999,250cc,olivier-jacque,,Chesterfield Yamaha Tech 3,ヤマハ,,19,7,122,確認済
1999,250cc,franco-battaini,,FGF Battaini Racing,アプリリア,,21,8,121,確認済
1999,250cc,sebastian-porto,,Semprucci Biesse-Group,ヤマハ,,12,9,98,確認済
1999,250cc,jeremy-mcwilliams,,QUB Team Optimum,アプリリア,,9,10,83,確認済
1999,250cc,jay-vincent,,Padgetts HRC Shop,ホンダ,,24,11,70,確認済
1999,250cc,anthony-west,,Shell Advance Honda Team,TSR,,14,12,66,確認済
1999,250cc,luca-boscoscuro,,Polini,TSR,,37,13,66,確認済
1999,250cc,roberto-rolfo,,Vasco Rossi Racing,アプリリア,,44,14,62,確認済
1999,250cc,tomomi-manako,,Yamaha Kurz Aral,ヤマハ,,11,15,52,確認済
1999,250cc,alex-hofmann,,Racing Factory,TSR,,66,16,51,確認済
1999,250cc,marcellino-lucchi,,Docshop Racing,アプリリア,,34,17,49,確認済
1999,250cc,masaki-tokudome,,Dee Cee Jeans Racing Tea,TSR,,36,18,37,確認済
1999,250cc,naoki-matsudo,,BP Yamaha Racing Team,ヤマハ,,49,19,21,確認済
1999,250cc,daijiro-kato,,Castrol Honda,ホンダ,,51,20,11,確認済
1999,250cc,julien-allemand,,Tecmas Honda Elf,TSR,,23,21,11,確認済
1999,250cc,tatsuya-yamaguchi,,Castrol Team Harc Pro,ホンダ,,52,22,10,確認済
1999,250cc,fonsi-nieto,,Antena 3 Yamaha-D'Antin,ヤマハ,,10,23,10,確認済
1999,250cc,toshihiko-honma,,Chesterfield Yamaha Tech 3,ヤマハ,,31,24,6,確認済
1999,250cc,lucas-oliver,,Yamaha Kurz Aral,ヤマハ,,22,25,6,確認済
1999,250cc,scott-smart,,Sabre Docshop Racing,アプリリア,,18,26,5,確認済
1999,250cc,johan-stigefelt,,Edo Racing,ヤマハ,,16,27,4,確認済
1999,250cc,jamie-robinson,,Chesterfield Yamaha Tech 3,ヤマハ,,77,28,4,確認済
1999,250cc,david-garcia,,Antena 3 Yamaha-D'Antin,ヤマハ,,15,29,4,確認済
1999,250cc,jarno-janssen,,Team Rizla Honda,TSR,,41,30,2,確認済
1999,250cc,tekkyu-kayo,,F.C.C. TSR,TSRホンダ,,54,31,1,確認済
1999,250cc,adrian-coates,,Toby Hurst Racing,ホンダ,,80,,,確認済
1999,250cc,alex-debon,,Chupa Chups Team,ホンダ,,60,,,確認済
1999,250cc,alvaro-molina,,Echo C.C. Neptuno,ホンダ,,62,,,確認済
1999,250cc,andre-romein,,Frederikshof VHM Racing,ホンダ,,74,,,確認済
1999,250cc,arno-visscher,,AV Racing Team,アプリリア,,73,,,確認済
1999,250cc,christian-gemmel,,Kiefer GmBH Racing,ホンダ,,83,,,確認済
1999,250cc,daniel-ribalta,,Promoto Sport,ヤマハ,,69,,,確認済
1999,250cc,david-ortega,,Costa de Azahar,TSRホンダ,,91,,,確認済
1999,250cc,diego-pierluiggi,,Honda Gregorio Racing,ホンダ,,96,,,確認済
1999,250cc,dirk-brockman,,Speed Unit,ホンダ,,82,,,確認済
1999,250cc,dirk-heidolf,,Freudenberg Racing Team,ホンダ,,84,,,確認済
1999,250cc,filippo-cotti,,Yamaha Kurz Aral,ヤマハ,,55,,,確認済
1999,250cc,gabriel-borgmann,,RC Competicion,ヤマハ,,94,,,確認済
1999,250cc,henk-van-de-lagemaat,,Schoenkaper oz Racing,ホンダ,,75,,,確認済
1999,250cc,herve-mora,,Ferro Moto Sport,アプリリア,,93,,,確認済
1999,250cc,ismael-bonilla,,Team Chupa Chups,ホンダ,,57,,,確認済
1999,250cc,ivan-clementi,,Team Campetella Racing,アプリリア,,48,,,確認済
1999,250cc,ivan-mengozzi,,Edo Racing,ヤマハ,,47,,,確認済
1999,250cc,ivan-silva,,Motorola,ホンダ,,70,,,確認済
1999,250cc,jay-taylor,,Shell Advance Honda Team,ホンダ,,40,,,確認済
1999,250cc,jesus-perez,,KR Sport Team,ホンダ,,59,,,確認済
1999,250cc,julien-da-costa,,Equipe de France,ホンダ,,65,,,確認済
1999,250cc,ken-eguchi,,SP Tadao Racing Team,ヤマハ,,53,,,確認済
1999,250cc,kevin-curtain,,Aluma-Lite Racing,ホンダ,,43,,,確認済
1999,250cc,lars-langer,,Muller Maler Racing Team,ヤマハ,,89,,,確認済
1999,250cc,leandro-giuggia,,Daniel Rios Racing,ヤマハ,,98,,,確認済
1999,250cc,leandro-mulet,,Lozano Racing,ホンダ,,95,,,確認済
1999,250cc,manuel-luque,,M3 Competicion,ヤマハ,,64,,,確認済
1999,250cc,mario-de-matteo,,Future Strategies,アプリリア,,35,,,確認済
1999,250cc,markus-barth,,Yamaha Kurz Aral,ヤマハ,,32,,,確認済
1999,250cc,mathias-neukirchen,,Docshop Racing,アプリリア,,85,,,確認済
1999,250cc,matias-rios,,PR2 Mitsubishi,アプリリア,,58,,,確認済
1999,250cc,maurice-bolwerk,,Rizla Honda,TSR,,17,,,確認済
1999,250cc,meng-heng-kuan,,Petronas Sprinta Team,ホンダ,,61,,,確認済
1999,250cc,mike-baldinger,,Team Klingels Baumaschine,TSRホンダ,,81,,,確認済
1999,250cc,naohiro-negishi,,Rizla Honda,ホンダ,,28,,,確認済
1999,250cc,paul-jones,,Team Vimto Honda,ホンダ,,78,,,確認済
1999,250cc,radomil-rous,,Klub Racing Team Znojmo,ホンダ,,87,,,確認済
1999,250cc,rob-filart,,Rizla Honda,ホンダ,,27,,,確認済
1999,250cc,roger-harrison,,Casino Canberra,ヤマハ,,39,,,確認済
1999,250cc,rudie-markink,,Johan Jong Brandbom Racin,アプリリア,,72,,,確認済
1999,250cc,shahrol-yuzy,,Petronas Sprinta Team,ホンダ,,63,,,確認済
1999,250cc,shane-norval,,Help Hire Bike Assist,ホンダ,,79,,,確認済
1999,250cc,shaun-geronimi,,Rgv Spares,ヤマハ,,38,,,確認済
1999,250cc,stefano-pennese,,RCGM,アプリリア,,90,,,確認済
1999,250cc,takehiko-kurokawa,,Team Rizla Honda,TSRホンダ,,71,,,確認済
1999,250cc,taro-sekiguchi,,Hitman RC Koshien Yamaha,ヤマハ,,50,,,確認済
1999,250cc,vincent-philippe,,Equipe de France,ホンダ,,68,,,確認済
1999,250cc,vladimir-castka,,Slovnaft-Sport Moto Team,ホンダ,,86,,,確認済
1999,125cc,emilio-alzamora,,Via Digital Team,ホンダ,,7,1,227,確認済
1999,125cc,marco-melandri,,Benetton Playlife,ホンダ,,13,2,226,確認済
1999,125cc,masao-azuma,,Benetton Playlife,ホンダ,,4,3,190,確認済
1999,125cc,roberto-locatelli,,Vasco Rossi Racing,アプリリア,,15,4,173,確認済
1999,125cc,noboru-ueda,,Givi Honda LCR,ホンダ,,6,5,171,確認済
1999,125cc,gianluigi-scalvini,,Inoxmacel Fontana Racing,アプリリア,,8,6,163,確認済
1999,125cc,arnaud-vincent,,C.C. Valencia,アプリリア,,21,7,155,確認済
1999,125cc,simone-sanna,,Polini,ホンダ,,16,8,123,確認済
1999,125cc,lucio-cecchinello,,Givi Honda LCR,ホンダ,,5,9,108,確認済
1999,125cc,gino-borsoi,,Semprucci Biesse-Group,アプリリア,,23,10,106,確認済
1999,125cc,youichi-ui,,Festina-Derbi,デルビ,,41,11,84,確認済
1999,125cc,mirko-giansanti,,Kappa Racing Team,アプリリア,,32,12,66,確認済
1999,125cc,ivan-goi,,Matteoni Racing,ホンダ,,26,13,61,確認済
1999,125cc,kazuto-sakata,,M.T.P. - Team Pileri,ホンダ,,1,14,56,確認済
1999,125cc,steve-jenkner,,Marlboro Team ADAC,アプリリア,,17,15,54,確認済
1999,125cc,jeronimo-vidal,,C.C. Valencia,アプリリア,,10,16,47,確認済
1999,125cc,manuel-poggiali,,Kappa Racing Team,アプリリア,,54,17,46,確認済
1999,125cc,randy-de-puniet,,Scrab Competition,アプリリア,,12,18,26,確認済
1999,125cc,max-sabbatani,,Matteoni Racing,ホンダ,,11,19,21,確認済
1999,125cc,hideyuki-nakajoh,,Jha Racing,ホンダ,,48,20,20,確認済
1999,125cc,alessandro-brannetti,,Future Strategies,アプリリア,,44,21,20,確認済
1999,125cc,angel-nieto-jr,,Via Digital Team,ホンダ,,29,22,16,確認済
1999,125cc,pablo-nieto,,Festina-Derbi,デルビ,,22,23,15,確認済
1999,125cc,katsuji-uezu,,J. Racing Motul,ヤマハ,,50,24,11,確認済
1999,125cc,frederic-petit,,Racing Moto Sport,アプリリア,,9,25,9,確認済
1999,125cc,reinhard-stolz,,Polini,ホンダ,,18,26,9,確認済
1999,125cc,kazuhiro-kubo,,Hitman RC Koshien Yamaha,ヤマハ,,47,27,7,確認済
1999,125cc,david-mico,,C.C. Valencia,アプリリア,,85,28,7,確認済
1999,125cc,minoru-nakamura,,C. Network & Towns,ホンダ,,51,29,6,確認済
1999,125cc,klaus-nohles,,Speed Unit,ホンダ,,78,30,5,確認済
1999,125cc,william-de-angelis,,Matteoni Racing,ホンダ,,37,31,4,確認済
1999,125cc,robbin-harms,,Mayer–Rubatto Racing,アプリリア,,24,32,3,確認済
1999,125cc,toni-elias,,R.A.C.C.,ホンダ,,55,33,2,確認済
1999,125cc,adrian-araujo,,Fast Racing by Queroseno,ホンダ,,56,,,確認済
1999,125cc,alex-de-angelis,,Matteoni Racing,ホンダ,,36,,,確認済
1999,125cc,alexander-di-grandi,,Alemao Rodas Montanna,ホンダ,,98,,,確認済
1999,125cc,andi-notman,,Speedline-Nrg,ホンダ,,73,,,確認済
1999,125cc,andrew-willy,,Fairbairn Cranes-Racing,ホンダ,,90,,,確認済
1999,125cc,beaumont-levy,,Polini,ホンダ,,94,,,確認済
1999,125cc,bernhard-absmeier,,Mayer-Rubatto Racing,アプリリア,,20,,,確認済
1999,125cc,broc-parkes,,Scot Walker Racing,ホンダ,,88,,,確認済
1999,125cc,cesar-barros,,Honda Revista Moto,ホンダ,,97,,,確認済
1999,125cc,chris-burns,,RCD Motorsport,ホンダ,,74,,,確認済
1999,125cc,cristian-magnani,,Team 3C Racing,アプリリア,,39,,,確認済
1999,125cc,cristiano-vieira,,Team Honda Brazil,ホンダ,,96,,,確認済
1999,125cc,dennis-charlett,,Chris Gordon Racing,ホンダ,,92,,,確認済
1999,125cc,direk-archewong,,Honda-Castrol,ホンダ,,46,,,確認済
1999,125cc,dirk-reissmann,,Docshop Racing,アプリリア,,79,,,確認済
1999,125cc,emilio-delgado,,T.M.R. Competición,ホンダ,,53,,,確認済
1999,125cc,eric-dubray,,S.M.D.,ホンダ,,58,,,確認済
1999,125cc,gaspare-caffiero,,Team Ciarom-Ducci,アプリリア,,64,,,確認済
1999,125cc,gregory-lefort,,Provence Moto Sport,アプリリア,,59,,,確認済
1999,125cc,hans-koopman,,Ep Bos Electro Elburg,ホンダ,,68,,,確認済
1999,125cc,harold-de-haan,,Gebben Toyota Ramaker,ホンダ,,70,,,確認済
1999,125cc,herve-louiset,,Dom Racing Team,ホンダ,,60,,,確認済
1999,125cc,igor-kalab,,AMK Ravena-ZS,ホンダ,,84,,,確認済
1999,125cc,ivan-martinez,,Hot Beatriz,アプリリア,,86,,,確認済
1999,125cc,jakub-smrz,,Budweiser budvar elit hanus,ホンダ,,82,,,確認済
1999,125cc,jarno-muller,,ADAC Junior Team,ホンダ,,77,,,確認済
1999,125cc,jaroslav-hules,,PRD Italjet,イタルジェット,,81,,,確認済
1999,125cc,jason-di-salvo,,/ Polini / Alien Racing,ホンダ,,99,,,確認済
1999,125cc,jun-inageda,,RT Tube Riders & Maziora,ホンダ,,49,,,確認済
1999,125cc,kenny-tibble,,Rheos Helmets / Honda Brita,ホンダ,,75,,,確認済
1999,125cc,leon-haslam,,Honda Britain,ホンダ,,72,,,確認済
1999,125cc,lorenzo-lanzi,,Team Campetella Racing,アプリリア,,65,,,確認済
1999,125cc,luis-costa,,Metrakit RACC,ホンダ,,57,,,確認済
1999,125cc,m-meganathan,,Workline Motorsport,ホンダ,,45,,,確認済
1999,125cc,maik-stief,,Motorrad B.U.S.,ホンダ,,80,,,確認済
1999,125cc,marco-petrini,,Team Italia,アプリリア,,63,,,確認済
1999,125cc,marco-tresoldi,,Bieffe Racing,ホンダ,,66,,,確認済
1999,125cc,michael-teniswood,,Teniswood Racing,ホンダ,,91,,,確認済
1999,125cc,mike-lougassi,,Team GMS,ホンダ,,52,,,確認済
1999,125cc,patrick-lakerveld,,Roteg Racing,ホンダ,,71,,,確認済
1999,125cc,peter-galvin,,Teknic Motorcycle Clothing,ホンダ,,89,,,確認済
1999,125cc,phillipp-hafeneger,,Granol IMT Racing,ホンダ,,76,,,確認済
1999,125cc,renato-velludo,,Gota Daurada Racing,ホンダ,,95,,,確認済
1999,125cc,riccardo-chiarello,,Team Italia,アプリリア,,62,,,確認済
1999,125cc,ronnie-timmer,,RTD Doodeman Dakdekkers,ホンダ,,69,,,確認済
1999,125cc,victor-carrasco,,T.M.R. Competicion,ホンダ,,43,,,確認済
2000,500cc,kenny-roberts-jr,,Telefonica Movistar Suzuki,スズキ,,2,1,258,確認済
2000,500cc,valentino-rossi,,Nastro Azzurro Honda,ホンダ,,46,2,209,確認済
2000,500cc,max-biaggi,,Marlboro Yamaha Team,ヤマハ,,4,3,170,確認済
2000,500cc,alex-barros,,Emerson Honda Pons,ホンダ,,10,4,163,確認済
2000,500cc,garry-mccoy,,Red Bull Yamaha WCM,ヤマハ,,24,5,161,確認済
2000,500cc,carlos-checa,,Marlboro Yamaha Team,ヤマハ,,7,6,155,確認済
2000,500cc,loris-capirossi,,Emerson Honda Pons,ホンダ,,65,7,154,確認済
2000,500cc,norifumi-abe,,Antena 3 Yamaha-d'Antin,ヤマハ,,6,8,147,確認済
2000,500cc,alex-criville,,Repsol YPF Honda Team,ホンダ,,1,9,122,確認済
2000,500cc,nobuatsu-aoki,,Telefonica Movistar Suzuki,スズキ,,9,10,116,確認済
2000,500cc,tadayuki-okada,,Repsol YPF Honda Team,ホンダ,,8,11,107,確認済
2000,500cc,regis-laconi,,Red Bull Yamaha WCM,ヤマハ,,55,12,106,確認済
2000,500cc,jurgen-van-den-goorbergh,,Rizla Honda,TSR,,17,13,85,確認済
2000,500cc,jeremy-mcwilliams,,Blu Aprilia Team,アプリリア,,99,14,76,確認済
2000,500cc,sete-gibernau,,Repsol YPF Honda Team,ホンダ,,5,15,72,確認済
2000,500cc,tetsuya-harada,,Blu Aprilia Team,アプリリア,,31,16,38,確認済
2000,500cc,jose-david-de-gea,,Proton TEAM KR,モデナスKR3,,11,17,23,確認済
2000,500cc,jose-luis-cardoso,,Maxon Dee Cee Jeans,ホンダ,,25,18,19,確認済
2000,500cc,yoshiteru-konishi,,FCC TSR,TSR,,15,19,16,確認済
2000,500cc,sebastien-legrelle,,Tecmas Honda Elf,ホンダ,,18,20,7,確認済
2000,500cc,akira-ryo,,Team Suzuki,スズキ,,19,21,6,確認済
2000,500cc,sebastien-gimbert,,Tecmas Honda Elf,ホンダ,,22,22,5,確認済
2000,500cc,shane-norval,,Sabre Sport,ホンダ,,12,23,4,確認済
2000,500cc,john-mcguinness,,Demon Vimto Honda,ホンダ,,26,24,3,確認済
2000,500cc,david-tomas,,Sabre Sport,ホンダ,,33,25,3,確認済
2000,500cc,tekkyu-kayo,,Tecmas Honda Elf,ホンダ,,56,26,3,確認済
2000,500cc,luca-cadalora,,Proton TEAM KR,モデナスKR3,,27,27,3,確認済
2000,500cc,mark-willis,,Proton TEAM KR,モデナスKR3,,68,28,3,確認済
2000,500cc,anthony-gobert,,Proton TEAM KR,モデナスKR3,,30,29,1,確認済
2000,500cc,paolo-tessari,,Team Paton,パトン,,43,30,1,確認済
2000,500cc,phil-giles,,Sabre Sport,ホンダ,,20,31,1,確認済
2000,500cc,callum-ramsay,,Sabre Sport,ホンダ,,23,,,確認済
2000,250cc,olivier-jacque,,Chesterfield Yamaha Tech 3,ヤマハ,,19,1,279,確認済
2000,250cc,shinya-nakano,,Chesterfield Yamaha Tech 3,ヤマハ,,56,2,272,確認済
2000,250cc,daijiro-kato,,Axo Honda Gresini,ホンダ,,74,3,259,確認済
2000,250cc,tohru-ukawa,,Shell Advance Honda Team,ホンダ,,4,4,239,確認済
2000,250cc,marco-melandri,,Blu Aprilia Team,アプリリア,,13,5,159,確認済
2000,250cc,anthony-west,,Shell Advance Honda Team,ホンダ,,14,6,146,確認済
2000,250cc,ralf-waldmann,,Aprilia Germany,アプリリア,,6,7,143,確認済
2000,250cc,franco-battaini,,Eurobet team Battaini,アプリリア,,21,8,96,確認済
2000,250cc,sebastian-porto,,Edo Racing,ヤマハ,,9,9,83,確認済
2000,250cc,naoki-matsudo,,Petronas Sprinta Team TVK,ヤマハ,,8,10,79,確認済
2000,250cc,jay-vincent,,Padgetts M/C Sales,アプリリア,,24,11,64,確認済
2000,250cc,klaus-nohles,,Aprilia Germany,アプリリア,,26,12,45,確認済
2000,250cc,luca-boscoscuro,,Diesel Vasco Rossi Racing,アプリリア,,37,13,45,確認済
2000,250cc,fonsi-nieto,,Antena 3 Yamaha-d'Antin,ヤマハ,,10,14,35,確認済
2000,250cc,alex-debon,,CC Valencia Airtel Aspar,アプリリア,,30,15,32,確認済
2000,250cc,roberto-rolfo,,Tino Villa Racing,アプリリア,,44,16,26,確認済
2000,250cc,johan-stigefelt,,Dee Cee Jeans Racing Tea,TSR,,16,17,26,確認済
2000,250cc,shahrol-yuzy,,Petronas Sprinta Team TVK,ヤマハ,,18,18,24,確認済
2000,250cc,david-checa,,Team Fomma,TSR,,42,19,23,確認済
2000,250cc,jamie-robinson,,QUB Team Optimum,アプリリア,,77,20,23,確認済
2000,250cc,ivan-clementi,,Campetella Racing,アプリリア,,11,21,17,確認済
2000,250cc,sebastien-gimbert,,Tino Villa Racing,TSRホンダ,,22,22,16,確認済
2000,250cc,vincent-philippe,,Axo Honda Gresini,TSR,,25,23,14,確認済
2000,250cc,julien-allemand,,Yamaha Kurz Aral,ヤマハ,,23,24,13,確認済
2000,250cc,alex-hofmann,,Racing Factory,アプリリア,,66,25,12,確認済
2000,250cc,marcellino-lucchi,,Aprilia Grand Prix Racing,アプリリア,,34,26,9,確認済
2000,250cc,osamu-miyazaki,,Motorex Daytona,ヤマハ,,49,27,8,確認済
2000,250cc,hiroshi-aoyama,,Harc-Pro Honda,ホンダ,,89,28,8,確認済
2000,250cc,shinichi-nakatomi,,Team Kotake,ホンダ,,48,29,7,確認済
2000,250cc,lucas-oliver,,Antena 3 Yamaha-d'Antin,ヤマハ,,31,30,7,確認済
2000,250cc,yasu-hatakeyama,,Team 2000 Penguin,ホンダ,,88,31,6,確認済
2000,250cc,nobuyuki-ohsaki,,SP Tadao Racing Team,ヤマハ,,50,32,6,確認済
2000,250cc,jarno-janssen,,Rizla Honda,TSR,,41,33,4,確認済
2000,250cc,gary-haslam,,D & B Bradgate,ホンダ,,71,34,3,確認済
2000,250cc,taro-sekiguchi,,Antena 3 Yamaha-d'Antin,ヤマハ,,32,35,2,確認済
2000,250cc,adrian-coates,,QUB Team Optimum,アプリリア,,15,36,2,確認済
2000,250cc,jeronimo-vidal,,PR2 - Circuito de Almería,アプリリア,,20,37,2,確認済
2000,250cc,david-tomas,,Queroseno Racing Team,ホンダ,,33,38,2,確認済
2000,250cc,alvaro-molina,,Echo Racing Team,TSRホンダ,,38,,,確認済
2000,250cc,andreas-gobel,,Palatina Racing,ホンダ,,79,,,確認済
2000,250cc,arnold-litjens,,MRTT Hugen Racing,ホンダ,,63,,,確認済
2000,250cc,bruno-vecchioni,,Y.V.R.F,ヤマハ,,58,,,確認済
2000,250cc,cesar-barros,,Vaz Racing,ホンダ,,67,,,確認済
2000,250cc,christian-gemmel,,Kiefer GmbH Racing,ホンダ,,80,,,確認済
2000,250cc,cristiano-vieira,,/ BRT - Honda Brazil,ホンダ,,68,,,確認済
2000,250cc,daisaku-sakai,,Endurance,ホンダ,,51,,,確認済
2000,250cc,david-garcia,,PR2 - Circuito de Almería,アプリリア,,54,,,確認済
2000,250cc,david-ortega,,Team Costa Azahar,ホンダ,,40,,,確認済
2000,250cc,dirk-heidolf,,Team Freudenberg,ヤマハ,,76,,,確認済
2000,250cc,dirk-reissmann,,Yamaha Kurz Aral,ヤマハ,,78,,,確認済
2000,250cc,eric-dubray,,Sport Moto Developpement,ヤマハ,,53,,,確認済
2000,250cc,fabrizio-de-marco,,Axo Honda Gresini,ホンダ,,27,,,確認済
2000,250cc,felisberto-teixeira,,Cose Da Mota/Moto Jornal,ヤマハ,,85,,,確認済
2000,250cc,gert-pieper,,Megacon,ホンダ,,64,,,確認済
2000,250cc,herve-mora,,Bentin Racing,ホンダ,,57,,,確認済
2000,250cc,ismael-bonilla,,BRT-Ismael Bonilla,ホンダ,,39,,,確認済
2000,250cc,jan-blok,,MRTT Hugen Racing,ホンダ,,62,,,確認済
2000,250cc,jason-davis,,TW2 e-comerce Systems,ホンダ,,73,,,確認済
2000,250cc,julien-da-costa,,Equipe de France,ホンダ,,52,,,確認済
2000,250cc,lee-jackson,,Padgets Batley / Team Jacks,ホンダ,,72,,,確認済
2000,250cc,mathias-neukirchen,,Docshop Racing,ヤマハ,,75,,,確認済
2000,250cc,michael-witzeneder,,Remus Racing Austria,ホンダ,,84,,,確認済
2000,250cc,mike-baldinger,,Yamaha Kurz Aral,ヤマハ,,12,,,確認済
2000,250cc,radomil-rous,,Klub Racing Team Znojmo,ホンダ,,81,,,確認済
2000,250cc,rob-filart,,Filart Racing,ホンダ,,61,,,確認済
2000,250cc,shaun-geronimi,,RGV Spares,ヤマハ,,91,,,確認済
2000,250cc,sylvain-guintoli,,Equipe de France,ホンダ,,55,,,確認済
2000,250cc,tekkyu-kayo,,FCC Castrol TSR,TSR,,47,,,確認済
2000,250cc,terry-carter,,Clive Carter Motorcycles,ヤマハ,,93,,,確認済
2000,250cc,tom-tunstall,,Earnshaws Motorcycles,ホンダ,,70,,,確認済
2000,250cc,uwe-bolteraurer,,Remus Racing Austria,ホンダ,,83,,,確認済
2000,250cc,yoshinori-korogi,,Sofukai Suzuka Racing/Meiw,ホンダ,,90,,,確認済
2000,125cc,roberto-locatelli,,Diesel Vasco Rossi Racing,アプリリア,,4,1,230,確認済
2000,125cc,youichi-ui,,Derbi Racing,デルビ,,41,2,217,確認済
2000,125cc,emilio-alzamora,,Telefonica Movistar Team,ホンダ,,1,3,203,確認済
2000,125cc,masao-azuma,,Benetton Playlife,ホンダ,,3,4,176,確認済
2000,125cc,noboru-ueda,,Givi Honda LCR,ホンダ,,5,5,153,確認済
2000,125cc,simone-sanna,,Diesel Vasco Rossi Racing,アプリリア,,16,6,132,確認済
2000,125cc,arnaud-vincent,,CC Valencia Airtel Aspar,アプリリア,,21,7,132,確認済
2000,125cc,mirko-giansanti,,Benetton Playlife,ホンダ,,32,8,129,確認済
2000,125cc,gino-borsoi,,LAE - UGT 3000,アプリリア,,23,9,113,確認済
2000,125cc,ivan-goi,,Team Fomma,ホンダ,,26,10,108,確認済
2000,125cc,lucio-cecchinello,,Givi Honda LCR,ホンダ,,9,11,91,確認済
2000,125cc,steve-jenkner,,Pev Massivhaus ADAC Sac,ホンダ,,17,12,74,確認済
2000,125cc,pablo-nieto,,Derbi Racing,デルビ,,22,13,68,確認済
2000,125cc,gianluigi-scalvini,,Bossini Fontana Racing,アプリリア,,8,14,64,確認済
2000,125cc,angel-nieto-jr,,Telefonica Movistar Team,ホンダ,,29,15,57,確認済
2000,125cc,manuel-poggiali,,Derbi Racing,デルビ,,54,16,53,確認済
2000,125cc,randy-de-puniet,,Scrab Competition,アプリリア,,12,17,50,確認済
2000,125cc,alex-de-angelis,,Chupa Chups Matteoni Raci,ホンダ,,15,18,41,確認済
2000,125cc,jaroslav-hules,,Italjet Moto,イタルジェット,,39,19,26,確認済
2000,125cc,toni-elias,,Chupa Chups Matteoni Raci,ホンダ,,18,20,24,確認済
2000,125cc,reinhard-stolz,,R.S. ADAC - Esch Racing,ホンダ,,35,21,21,確認済
2000,125cc,max-sabbatani,,Racing Service,ホンダ,,11,22,16,確認済
2000,125cc,marco-petrini,,Semprucci Biesse Aprilia,アプリリア,,51,23,11,確認済
2000,125cc,eric-bataille,,Queroseno Racing Team,ホンダ,,34,24,10,確認済
2000,125cc,hideyuki-nakajoh,,JHA RACING,ホンダ,,55,25,9,確認済
2000,125cc,yuzo-fujioka,,Team Plus One,ホンダ,,56,26,8,確認済
2000,125cc,leon-haslam,,Italjet Moto,イタルジェット,,24,27,6,確認済
2000,125cc,jakub-smrz,,Budweiser Budvar Elit Team,ホンダ,,78,28,5,確認済
2000,125cc,hiroyuki-kikuchi,,Wanpaku - Team Wheelie,ホンダ,,57,29,2,確認済
2000,125cc,alessandro-brannetti,,Antinucci Racing Team,ホンダ,,19,30,2,確認済
2000,125cc,ivan-martinez,,Team Boydis-Beatriz Hoteles,アプリリア,,45,31,2,確認済
2000,125cc,jarno-muller,,ADAC Junior Team German,ホンダ,,74,32,2,確認済
2000,125cc,adrian-araujo,,Antinucci Racing Team,ホンダ,,10,33,2,確認済
2000,125cc,katsuji-uezu,,JRACING Motul,ヤマハ,,58,34,1,確認済
2000,125cc,william-de-angelis,,Semprucci Biesse Aprilia,アプリリア,,53,35,1,確認済
2000,125cc,achim-kariger,,Ivetra Seel Rracing,ホンダ,,75,,,確認済
2000,125cc,alex-baldolini,,Chupa-Cups Matteoni Racin,ホンダ,,66,,,確認済
2000,125cc,andreas-hahn,,TSR Hegemann Germany,ホンダ,,77,,,確認済
2000,125cc,angel-rodriguez,,Analco-3C Racing,アプリリア,,47,,,確認済
2000,125cc,antonio-elias,,Chupa Chups Matteoni Raci,ホンダ,,18,,,確認済
2000,125cc,david-mico,,Promoto Sport,アプリリア,,43,,,確認済
2000,125cc,decha-krisart,,Siam Yamaha Thailand,ヤマハ,,48,,,確認済
2000,125cc,erwan-nigon,,Riom Racing Team,ヤマハ,,62,,,確認済
2000,125cc,gabor-talmacsi,,Pannonia Racing,ホンダ,,82,,,確認済
2000,125cc,gian-calabrezzi,,Calabrezzi Racing Team,ホンダ,,52,,,確認済
2000,125cc,gregory-lefort,,Provence Moto Sport,アプリリア,,61,,,確認済
2000,125cc,harold-de-haan,,EP BOS ELECTRO ELBIN,ホンダ,,65,,,確認済
2000,125cc,hector-faubel,,CC Valencia Airtel Aspar,アプリリア,,44,,,確認済
2000,125cc,hugo-marchand,,H.R.C.,ホンダ,,64,,,確認済
2000,125cc,igor-kalab,,AMK Revena Team 2000,ホンダ,,79,,,確認済
2000,125cc,jascha-buech,,Yamaha Kurz Aral,ヤマハ,,76,,,確認済
2000,125cc,jay-taylor,,Team Taylor Racing,ホンダ,,91,,,確認済
2000,125cc,jimmy-petit,,R.M.S.,ホンダ,,63,,,確認済
2000,125cc,joaquin-perera,,T.M.R. Competicion,ホンダ,,50,,,確認済
2000,125cc,jose-leite,,Honda Galp Racing Team,ホンダ,,84,,,確認済
2000,125cc,joshua-brookes,,MCA Supermarkets/Brookes,ホンダ,,92,,,確認済
2000,125cc,kenny-tibble,,Rheos Honda UK,ホンダ,,72,,,確認済
2000,125cc,laszlo-bancsiki,,Kent Clips Team,ホンダ,,81,,,確認済
2000,125cc,leandro-panades,,Panadés Disnauto Team,ホンダ,,90,,,確認済
2000,125cc,marco-tresoldi,,BNT Swiss Team,イタルジェット,,67,,,確認済
2000,125cc,masafumi-ono,,Team Harc-Pro,ホンダ,,98,,,確認済
2000,125cc,michael-teniswood,,Fairbairn Cranes/Tenniswoo,ホンダ,,94,,,確認済
2000,125cc,michal-brezina,,Orion Team Litomysl,ホンダ,,80,,,確認済
2000,125cc,naoki-katoh,,JHA Racing,ホンダ,,97,,,確認済
2000,125cc,nobuyuki-yunoki,,,ホンダ,,,,,確認済
2000,125cc,patrick-lakerveld,,Roteg Racing,ホンダ,,70,,,確認済
2000,125cc,paul-robinson,,Connolly Transport Racing,ホンダ,,71,,,確認済
2000,125cc,renato-velludo,,Gota Dourada Team,ホンダ,,89,,,確認済
2000,125cc,ronnie-timmer,,Doodeman Dakdekkers,ホンダ,,69,,,確認済
2000,125cc,shinichi-sugaya,,Tec - 2 BP,ヤマハ,,59,,,確認済
2000,125cc,stefano-bianco,,Benetton Playlife,ホンダ,,33,,,確認済
2000,125cc,stuart-easton,,Demon Vimto Honda,ホンダ,,73,,,確認済
2000,125cc,suhathai-chaemsap,,Honda Castrol Thailand,ホンダ,,49,,,確認済
2000,125cc,tomoyoshi-koyama,,SP Tadao Racing Team,ヤマハ,,96,,,確認済
2000,125cc,wesley-gutierrez,,Alemao Rodas Team,ホンダ,,87,,,確認済
2000,125cc,wilhelm-van-leeuwen,,Luvro-Van Leeuwen Motorte,ホンダ,,68,,,確認済
2001,500cc,valentino-rossi,,Nastro Azzurro Honda,ホンダ,,46,1,325,確認済
2001,500cc,max-biaggi,,Marlboro Yamaha Team,ヤマハ,,3,2,219,確認済
2001,500cc,loris-capirossi,,West Honda Pons,ホンダ,,65,3,210,確認済
2001,500cc,alex-barros,,West Honda Pons,ホンダ,,4,4,182,確認済
2001,500cc,shinya-nakano,,Gauloises Yamaha Tech 3,ヤマハ,,56,5,155,確認済
2001,500cc,carlos-checa,,Marlboro Yamaha Team,ヤマハ,,7,6,137,確認済
2001,500cc,norifumi-abe,,Antena 3 Yamaha-d'Antin,ヤマハ,,6,7,137,確認済
2001,500cc,alex-criville,,Repsol YPF Honda Team,ホンダ,,28,8,120,確認済
2001,500cc,sete-gibernau,,Telefonica Movistar Suzuki,スズキ,,15,9,119,確認済
2001,500cc,tohru-ukawa,,Repsol YPF Honda Team,ホンダ,,11,10,107,確認済
2001,500cc,kenny-roberts-jr,,Telefonica Movistar Suzuki,スズキ,,1,11,97,確認済
2001,500cc,garry-mccoy,,Red Bull Yamaha WCM,ヤマハ,,5,12,88,確認済
2001,500cc,jurgen-van-den-goorbergh,,Proton TEAM KR,プロトンKR,,17,13,65,確認済
2001,500cc,noriyuki-haga,,Red Bull Yamaha WCM,ヤマハ,,41,14,59,確認済
2001,500cc,olivier-jacque,,Gauloises Yamaha Tech 3,ヤマハ,,19,15,59,確認済
2001,500cc,jose-luis-cardoso,,Antena 3 Yamaha-d'Antin,ヤマハ,,10,16,45,確認済
2001,500cc,haruchika-aoki,,Arie Molenaar Racing,ホンダ,,12,17,33,確認済
2001,500cc,anthony-west,,Dee Cee Jeans Racing Tea,ホンダ,,14,18,27,確認済
2001,500cc,leon-haslam,,Shell Advance Honda,ホンダ,,9,19,13,確認済
2001,500cc,chris-walker,,Shell Advance Honda,ホンダ,,8,20,9,確認済
2001,500cc,yukio-kagayama,,Telefónica Movistar Suzuki,スズキ,,64,21,6,確認済
2001,500cc,johan-stigefelt,,Sabre Sport,セイバー,,16,22,6,確認済
2001,500cc,brendan-clarke,,Shell Advance Honda,ホンダ,,18,23,5,確認済
2001,500cc,barry-veneman,,Dee Cee Jeans Racing Tea,ホンダ,,21,24,4,確認済
2001,500cc,mark-willis,,Pulse GP,パルス,,68,25,3,確認済
2001,500cc,jay-vincent,,Pulse GP,パルス,,24,26,3,確認済
2001,500cc,jarno-janssen,,Arie Molenaar Racing,ホンダ,,32,27,1,確認済
2001,500cc,akira-ryo,,Telefonica Movistar Suzuki,スズキ,,33,,,確認済
2001,500cc,kurtis-roberts,,/ Proton Team KR,プロトンKR,,80,,,確認済
2001,500cc,sebastien-gimbert,,Paton Grand Prix Slovnaft-Paton Grand Prix,パトン,,27,,,確認済
2001,500cc,shaun-geronimi,,Paton Grand Prix,パトン,,25,,,確認済
2001,250cc,daijiro-kato,,Telefonica Movistar Honda,ホンダ,,74,1,322,確認済
2001,250cc,tetsuya-harada,,MS Aprilia Racing,アプリリア,,31,2,273,確認済
2001,250cc,marco-melandri,,MS Aprilia Racing,アプリリア,,5,3,194,確認済
2001,250cc,roberto-rolfo,,Safilo Oxydo Race,アプリリア,,44,4,177,確認済
2001,250cc,fonsi-nieto,,Valencia Circuit Aspar Team,アプリリア,,10,5,167,確認済
2001,250cc,jeremy-mcwilliams,,MS Aprilia Racing,アプリリア,,99,6,141,確認済
2001,250cc,emilio-alzamora,,Telefonica Movistar Honda,ホンダ,,7,7,136,確認済
2001,250cc,roberto-locatelli,,MS Eros Ramazzotti Racing,アプリリア,,15,8,134,確認済
2001,250cc,naoki-matsudo,,Petronas Sprinta Yamaha T,ヤマハ,,8,9,112,確認済
2001,250cc,franco-battaini,,MS Eros Ramazzotti Racing,アプリリア,,21,10,75,確認済
2001,250cc,alex-debon,,Valencia Circuit Aspar Team,アプリリア,,6,11,60,確認済
2001,250cc,alex-hofmann,,Dark Dog Racing Factory,アプリリア,,66,12,55,確認済
2001,250cc,randy-de-puniet,,Equipe de France - Scrab G,アプリリア,,81,13,50,確認済
2001,250cc,sylvain-guintoli,,Equipe de France - Scrab G,アプリリア,,50,14,44,確認済
2001,250cc,shahrol-yuzy,,Petronas Sprinta Yamaha T,ヤマハ,,18,15,44,確認済
2001,250cc,sebastian-porto,,Yamaha Kurz,ヤマハ,,9,16,39,確認済
2001,250cc,david-checa,,Team Fomma,ホンダ,,42,17,35,確認済
2001,250cc,klaus-nohles,,MS Aprilia Racing,アプリリア,,12,18,25,確認済
2001,250cc,jose-david-de-gea,,Antena 3 Yamaha-d'Antin,ヤマハ,,22,19,24,確認済
2001,250cc,lorenzo-lanzi,,Campetella Racing,アプリリア,,57,20,23,確認済
2001,250cc,luca-boscoscuro,,Campetella Racing,アプリリア,,37,21,21,確認済
2001,250cc,taro-sekiguchi,,Edo Racing,ヤマハ,,46,22,20,確認済
2001,250cc,riccardo-chiarello,,Aprilia Grand Prix,アプリリア,,11,23,15,確認済
2001,250cc,marcellino-lucchi,,MS Aprilia Racing,アプリリア,,34,24,13,確認済
2001,250cc,jeronimo-vidal,,PR2 Metrored,アプリリア,,20,25,13,確認済
2001,250cc,david-tomas,,By Queroseno Racing Team,ホンダ,,16,26,11,確認済
2001,250cc,nobuyuki-ohsaki,,SP Tadao Racing Team,ヤマハ,,88,27,6,確認済
2001,250cc,hiroshi-aoyama,,Team Harc-Pro,ホンダ,,87,28,3,確認済
2001,250cc,osamu-miyazaki,,Motorex Daytona,ヤマハ,,89,29,3,確認済
2001,250cc,katja-poensgen,,Dark Dog Racing Factory,アプリリア,,98,30,2,確認済
2001,250cc,jay-vincent,,QUB Team Optimum,ヤマハ,,24,31,2,確認済
2001,250cc,jarno-boesveld,,Performance Racing,ヤマハ,,61,32,1,確認済
2001,250cc,alvaro-molina,,Kolmer Racing Team,ヤマハ,,38,,,確認済
2001,250cc,arnold-litjens,,M.R.T.T. Hugen Racing,ホンダ,,63,,,確認済
2001,250cc,cesar-barros,,Yamaha Kurz,ヤマハ,,23,,,確認済
2001,250cc,choujun-kameya,,Hitman RC Koshien Yamaha,ヤマハ,,49,,,確認済
2001,250cc,christian-gemmel,,Kiefer Castrol Honda Racing,ホンダ,,76,,,確認済
2001,250cc,cristiano-vieira,,Vaz Yamaha d'Antin,ヤマハ,,84,,,確認済
2001,250cc,daisaku-sakai,,RT Endurance,ホンダ,,90,,,確認済
2001,250cc,damaso-nacher,,PR2 Metrored,ホンダ,,41,,,確認済
2001,250cc,david-fouloi,,Fouloi Racing Team,ヤマハ,,56,,,確認済
2001,250cc,diego-giugovaz,,Edo Racing,ヤマハ,,55,,,確認済
2001,250cc,dirk-heidolf,,Freudenberg Racing Team,ヤマハ,,75,,,確認済
2001,250cc,ernesto-vidal,,PR2 Metrored,アプリリア,,20,,,確認済
2001,250cc,gabor-rizmayer,,Biro Racing Team,ホンダ,,83,,,確認済
2001,250cc,gary-jackson,,Team Jackson,ホンダ,,59,,,確認済
2001,250cc,gert-pieper,,Car Centre Nijmegen,ホンダ,,60,,,確認済
2001,250cc,guillaume-dietrich,,Equipe de France,ホンダ,,52,,,確認済
2001,250cc,herve-mora,,Bentin Motorsport,ホンダ,,54,,,確認済
2001,250cc,hugo-marchand,,Equipe de France,ホンダ,,64,,,確認済
2001,250cc,ismael-bonilla,,BRT Ismael Bonilla,ホンダ,,39,,,確認済
2001,250cc,ivan-silva,,Queroseno Racing Team,ホンダ,,26,,,確認済
2001,250cc,jason-di-salvo,,Cruise America Gr. Prix Raci,ホンダ,,62,,,確認済
2001,250cc,javier-diaz,,Team Motorsport Racing,ホンダ,,71,,,確認済
2001,250cc,jonathan-van-vuuren,,Privest Yamaha-d'Antin,ヤマハ,,51,,,確認済
2001,250cc,joshua-brookes,,RGV Spares,ヤマハ,,97,,,確認済
2001,250cc,julien-allemand,,Antena 3 Yamaha-d'Antin,ヤマハ,,19,,,確認済
2001,250cc,luis-costa,,Antena 3 Yamaha-d'Antin,ヤマハ,,36,,,確認済
2001,250cc,marcel-schneider,,Kiefer Castrol Honda Racing,ホンダ,,77,,,確認済
2001,250cc,mark-rowling,,Turramurra Cyclery Racing,ヤマハ,,96,,,確認済
2001,250cc,max-neukirchner,,ADAC Sachsen,ホンダ,,78,,,確認済
2001,250cc,michael-garcia,,PS Racing,アプリリア,,72,,,確認済
2001,250cc,michale-herzberg,,EPS Racing,ヤマハ,,67,,,確認済
2001,250cc,norman-rank,,MSC Schleizer Dreieck,ホンダ,,79,,,確認済
2001,250cc,shane-norval,,Right Track Racing,ホンダ,,58,,,確認済
2001,250cc,shane-smith,,Allect Racing,ホンダ,,95,,,確認済
2001,250cc,shaun-geronimi,,Edo Racing,ヤマハ,,27,,,確認済
2001,250cc,shinichi-nakatomi,,Team Kotake Rsc,ホンダ,,48,,,確認済
2001,250cc,stuart-easton,,Monster-Mob,ホンダ,,68,,,確認済
2001,250cc,stuart-edwards,,FCC-TSR,ホンダ,,45,,,確認済
2001,250cc,takayuki-onodera,,Morino Kumasan Miztec. RT,ヤマハ,,91,,,確認済
2001,250cc,tekkyu-kayo,,FCC-TSR,TSR,,47,,,確認済
2001,250cc,tom-ouvrard,,Ouvrard Racing Team,ヤマハ,,53,,,確認済
2001,250cc,vincent-philippe,,Tecmas Racing,ホンダ,,25,,,確認済
2001,250cc,vladimir-castka,,Edo Racing,ヤマハ,,80,,,確認済
2001,125cc,manuel-poggiali,,Gilera Racing Team,ジレラ,,54,1,241,確認済
2001,125cc,youichi-ui,,L & M Derbi Team,デルビ,,41,2,232,確認済
2001,125cc,toni-elias,,Telefonica Movistar jnrTeam,ホンダ,,24,3,217,確認済
2001,125cc,lucio-cecchinello,,MS Aprilia LCR,アプリリア,,9,4,156,確認済
2001,125cc,masao-azuma,,Liegeois Competition,ホンダ,,4,5,142,確認済
2001,125cc,gino-borsoi,,LAE - UGT 3000,アプリリア,,23,6,130,確認済
2001,125cc,simone-sanna,,Safilo Oxydo Race,アプリリア,,16,7,125,確認済
2001,125cc,dani-pedrosa,,Telefonica Movistar jnrTeam,ホンダ,,26,8,100,確認済
2001,125cc,noboru-ueda,,FCC-TSR,TSRホンダ,,5,9,94,確認済
2001,125cc,arnaud-vincent,,Team Fomma,ホンダ,,21,10,94,確認済
2001,125cc,steve-jenkner,,LAE - UGT 3000,アプリリア,,17,11,94,確認済
2001,125cc,mirko-giansanti,,Axo Racing Team,ホンダ,,6,12,75,確認済
2001,125cc,max-sabbatani,,Bossini Fontana Racing,アプリリア,,11,13,72,確認済
2001,125cc,alex-de-angelis,,Matteoni Racing,ホンダ,,15,14,63,確認済
2001,125cc,jaroslav-hules,,Matteoni Racing,ホンダ,,39,15,62,確認済
2001,125cc,angel-nieto-jr,,Viceroy Team,ホンダ,,29,16,56,確認済
2001,125cc,jakub-smrz,,Budweiser Budvar Hanusch,ホンダ,,18,17,50,確認済
2001,125cc,gabor-talmacsi,,Racing Service,ホンダ,,28,18,34,確認済
2001,125cc,joan-olive,,Telefonica Movistar jnrTeam,ホンダ,,25,19,34,確認済
2001,125cc,angel-rodriguez,,Valencia Circuit Aspar Team,アプリリア,,31,20,27,確認済
2001,125cc,stefano-perugini,,Italjet Racing Team,イタルジェット,,7,21,25,確認済
2001,125cc,gianluigi-scalvini,,Italjet Racing Team,イタルジェット,,8,22,22,確認済
2001,125cc,alessandro-brannetti,,Team Crae,アプリリア,,19,23,22,確認済
2001,125cc,pablo-nieto,,L & M Derbi Team,デルビ,,22,24,21,確認済
2001,125cc,jarno-muller,,PEV-Spalt-ADAC Sachsen,ホンダ,,10,25,18,確認済
2001,125cc,raul-jara,,MS Aprilia LCR,アプリリア,,12,26,9,確認済
2001,125cc,eric-bataille,,Axo Racing Team,ホンダ,,34,27,8,確認済
2001,125cc,andrea-ballerini,,Team Ciaron,アプリリア,,50,28,5,確認済
2001,125cc,casey-stoner,,Movistar Team,ホンダ,,73,29,4,確認済
2001,125cc,gaspare-caffiero,,Bossini Fontana Racing,アプリリア,,20,30,4,確認済
2001,125cc,adrian-araujo,,Liegeois Competition,ホンダ,,77,31,3,確認済
2001,125cc,hiroyuki-kikuchi,,Wanpaku - Team Wheelie,ホンダ,,57,32,1,確認済
2001,125cc,adri-den-bekker,,BEKKER,不明,,67,,,確認済
2001,125cc,andrea-dovizioso,,RCGM Rubicone Corse,アプリリア,,51,,,確認済
2001,125cc,andreas-hahn,,Team Hahn,ホンダ,,79,,,確認済
2001,125cc,antonio-elias,,Telefonica Movistar jnrTeam,ホンダ,,24,,,確認済
2001,125cc,cath-thompson,,Team eServ,ホンダ,,94,,,確認済
2001,125cc,christopher-martin,,Wilson Racing,ホンダ,,72,,,確認済
2001,125cc,claudius-klein,,ADAC Junior Team German,ホンダ,,78,,,確認済
2001,125cc,daniel-pinera,,By Queroseno Racing Team,ホンダ,,43,,,確認済
2001,125cc,erwan-nigon,,AJP Team,ヤマハ,,62,,,確認済
2001,125cc,fabrizio-lai,,Engines Engineering,リエフ,,75,,,確認済
2001,125cc,gregory-lefort,,Provence Moto Sport,アプリリア,,61,,,確認済
2001,125cc,hector-faubel,,Valencia Circuit - Aspar tea,アプリリア,,44,,,確認済
2001,125cc,hideyuki-nakajoh,,JHA Racing,ホンダ,,55,,,確認済
2001,125cc,igor-kalab,,ELF Revena Team,ホンダ,,84,,,確認済
2001,125cc,jascha-buech,,PEV-Spalt-ADAC Sachsen,ホンダ,,30,,,確認済
2001,125cc,javier-fores,,CC Valencia Aspar,アプリリア,,45,,,確認済
2001,125cc,jay-taylor,,Taylor Racing,ホンダ,,91,,,確認済
2001,125cc,jimmy-petit,,Racing Moto Sport,ホンダ,,63,,,確認済
2001,125cc,jose-l-nion,,By Queroseno Racing,ホンダ,,90,,,確認済
2001,125cc,jose-leite,,AFL Racing Team,ホンダ,,86,,,確認済
2001,125cc,julien-enjolras,,Tati Team Beaujolais Racing,ホンダ,,59,,,確認済
2001,125cc,leandro-panades,,Racing Team Panades,ホンダ,,48,,,確認済
2001,125cc,marco-petrini,,Racing Service,ホンダ,,27,,,確認済
2001,125cc,masafumi-ono,,Team Harc-Pro,ホンダ,,98,,,確認済
2001,125cc,matej-smrz,,Sonax Racing Aprilia,アプリリア,,96,,,確認済
2001,125cc,michele-conti,,BNT Racing,ホンダ,,52,,,確認済
2001,125cc,mika-kallio,,Team Red Devil Honda,ホンダ,,82,,,確認済
2001,125cc,naoki-katoh,,JHA Racing,ホンダ,,97,,,確認済
2001,125cc,patrick-lakerveld,,D.S.A.,ホンダ,,70,,,確認済
2001,125cc,paul-robinson,,Paul Robinson Racing,ホンダ,,71,,,確認済
2001,125cc,peter-galvin,,Tech. M/C Clothing - JBD R,ホンダ,,92,,,確認済
2001,125cc,phillipp-hafeneger,,Liegeois Competition,ホンダ,,14,,,確認済
2001,125cc,rene-knoefler,,HKS Racing Team Moto Mei,ヤマハ,,81,,,確認済
2001,125cc,ronnie-timmer,,Spijkse Metaalhandel Racing,ヤマハ,,69,,,確認済
2001,125cc,shuhei-aoyama,,Showa Denki Team Harc-Pro,ホンダ,,66,,,確認済
2001,125cc,tobias-kirmeier,,Ivetra-Seel Racing,ホンダ,,80,,,確認済
2001,125cc,tomas-miksovsky,,Klub R.J.T.,ホンダ,,85,,,確認済
2001,125cc,toshihisa-kuzuhara,,Kumamoto Racing,ホンダ,,65,,,確認済
2001,125cc,vaclav-bittman,,BRC Racing Team,ホンダ,,83,,,確認済
2001,125cc,wilhelm-van-leeuwen,,Luvro/Tennen V.Leeuwen Te,ホンダ,,68,,,確認済
2001,125cc,william-de-angelis,,Racing Service,ホンダ,,37,,,確認済
2001,125cc,xavier-herouin,,MOB 77,ホンダ,,60,,,確認済
2001,125cc,yuki-takahashi,,OSL SC & Okegawa School,E-NER,,64,,,確認済
2001,125cc,yuzo-fujioka,,Team Plus One,ERPホンダ,,56,,,確認済
2002,MotoGP,valentino-rossi,honda-hrc,Repsol Honda Team,ホンダ,NSR500/RC211V,46,1,355,確認済
2002,MotoGP,max-biaggi,yamaha-factory,Marlboro Yamaha Team,ヤマハ,YZR-M1/YZR500,3,2,215,確認済
2002,MotoGP,tohru-ukawa,honda-hrc,Repsol Honda Team,ホンダ,NSR500/RC211V,11,3,209,確認済
2002,MotoGP,alex-barros,pons,West Honda Pons,ホンダ,NSR500/RC211V,4,4,204,確認済
2002,MotoGP,carlos-checa,yamaha-factory,Marlboro Yamaha Team,ヤマハ,YZR-M1/YZR500,7,5,141,確認済
2002,MotoGP,norifumi-abe,dantin,Antena 3 Yamaha d'Antín,ヤマハ,YZR-M1/YZR500,6,6,129,確認済
2002,MotoGP,daijiro-kato,gresini,Fortuna Honda Gresini,ホンダ,NSR500/RC211V,74,7,117,確認済
2002,MotoGP,loris-capirossi,pons,West Honda Pons,ホンダ,NSR500/RC211V,65,8,109,確認済
2002,MotoGP,kenny-roberts-jr,suzuki-factory,Telefónica Movistar Suzuki,スズキ,GSV-R,10,9,99,確認済
2002,MotoGP,olivier-jacque,tech3,Gauloises Yamaha Tech 3,ヤマハ,YZR-M1/YZR500,19,10,81,確認済
2002,MotoGP,shinya-nakano,tech3,Gauloises Yamaha Tech 3,ヤマハ,YZR-M1/YZR500,56,11,68,確認済
2002,MotoGP,nobuatsu-aoki,team-kr,Proton Team KR,プロトンKR,,9,12,63,確認済
2002,MotoGP,jurgen-van-den-goorbergh,kanemoto,Kanemoto Racing,ホンダ,NSR500/RC211V,17,13,60,確認済
2002,MotoGP,jeremy-mcwilliams,team-kr,Proton Team KR,プロトンKR,,99,14,59,確認済
2002,MotoGP,john-hopkins,yamaha-factory,Red Bull Yamaha WCM,ヤマハ,YZR-M1/YZR500,21,15,58,確認済
2002,MotoGP,sete-gibernau,suzuki-factory,Telefónica Movistar Suzuki,スズキ,GSV-R,15,16,51,確認済
2002,MotoGP,tetsuya-harada,honda-hrc,Pramac Honda Racing Team,ホンダ,NSR500/RC211V,31,17,47,確認済
2002,MotoGP,akira-ryo,suzuki-factory,Team Suzuki,スズキ,GSV-R,33,18,41,確認済
2002,MotoGP,regis-laconi,aprilia-racing,MS Aprilia Racing,アプリリア,RS Cube,55,19,33,確認済
2002,MotoGP,garry-mccoy,yamaha-factory,Red Bull Yamaha WCM,ヤマハ,YZR-M1/YZR500,8,20,33,確認済
2002,MotoGP,shinichi-ito,honda-hrc,Team HRC,ホンダ,NSR500/RC211V,72,21,13,確認済
2002,MotoGP,alex-hofmann,yamaha-factory,Red Bull Yamaha WCM,ヤマハ,YZR-M1/YZR500,66,22,11,確認済
2002,MotoGP,jose-luis-cardoso,dantin,Antena 3 Yamaha d'Antín,ヤマハ,YZR-M1/YZR500,30,23,9,確認済
2002,MotoGP,jean-michel-bayle,yamaha-factory,Red Bull Yamaha WCM,ヤマハ,YZR-M1/YZR500,18,24,5,確認済
2002,MotoGP,wataru-yoshikawa,yamaha-factory,Yamaha Racing Team,ヤマハ,YZR-M1/YZR500,,25,4,確認済
2002,MotoGP,andrew-pitt,kawasaki-factory,Kawasaki Racing Team,カワサキ,ZX-RR,84,26,4,確認済
2002,MotoGP,pere-riba,dantin,Antena 3 Yamaha d'Antín,ヤマハ,YZR-M1/YZR500,20,27,4,確認済
2002,MotoGP,akira-yanagawa,kawasaki-factory,Kawasaki Racing Team,カワサキ,ZX-RR,,,,確認済
2002,MotoGP,david-garcia,team-kr,Proton Team KR,プロトンKR,,29,,,確認済
2002,MotoGP,sylvain-guintoli,tech3,Yamaha Tech 3,ヤマハ,YZR-M1/YZR500,50,,,確認済
2002,MotoGP,yukio-kagayama,suzuki-factory,Telefónica Movistar Suzuki,スズキ,GSV-R,51,,,確認済
2002,250cc,marco-melandri,,MS Aprilia Racing,アプリリア,,3,1,298,確認済
2002,250cc,fonsi-nieto,,Telefonica Movistar-Repsol,アプリリア,,10,2,241,確認済
2002,250cc,roberto-rolfo,,Fortuna Honda Gresini,ホンダ,,4,3,219,確認済
2002,250cc,toni-elias,,Telefonica Movistar-Repsol,アプリリア,,24,4,178,確認済
2002,250cc,sebastian-porto,,Petronas Sprinta Yamaha TVK,ヤマハ,,9,5,172,確認済
2002,250cc,franco-battaini,,Imola Circuit Exalt Cycle Race,アプリリア,,21,6,142,確認済
2002,250cc,emilio-alzamora,,Fortuna Honda Gresini,ホンダ,,7,7,120,確認済
2002,250cc,roberto-locatelli,,Tu Racing Team,アプリリア,,15,8,119,確認済
2002,250cc,randy-de-puniet,,Campetella Racing,アプリリア,,17,9,119,確認済
2002,250cc,naoki-matsudo,,Dark Dog Yamaha Kurz,ヤマハ,,8,10,92,確認済
2002,250cc,alex-debon,,Campetella Racing,アプリリア,,6,11,72,確認済
2002,250cc,casey-stoner,,Safilo Oxydo Race LCR,アプリリア,,27,12,68,確認済
2002,250cc,david-checa,,Safilo Oxydo Race LCR,アプリリア,,42,13,60,確認済
2002,250cc,haruchika-aoki,,DeGraaf Grand Prix Team,ホンダ,,11,14,58,確認済
2002,250cc,shahrol-yuzy,,Petronas Sprinta Yamaha TVK,ヤマハ,,18,15,58,確認済
2002,250cc,osamu-miyazaki,,Motorex Daytona,ヤマハ,,89,16,25,確認済
2002,250cc,daisaku-sakai,,Endurance,ホンダ,,50,17,20,確認済
2002,250cc,leon-haslam,,Cibertel Honda BQR,ホンダ,,19,18,19,確認済
2002,250cc,ralf-waldmann,,UGT 3000 - Abruzzo,アプリリア,,26,19,17,確認済
2002,250cc,dirk-heidolf,,Aprilia Germany,アプリリア,,28,20,17,確認済
2002,250cc,yuki-takahashi,,Team HRC,ホンダ,,,21,16,確認済
2002,250cc,jay-vincent,,Cibertel Honda BQR,ホンダ,,12,22,16,確認済
2002,250cc,hector-faubel,,RFME Equipo Nacional,アプリリア,,32,23,14,確認済
2002,250cc,jaroslav-hules,,Dark Dog Yamaha Kurz,ヤマハ,,13,24,11,確認済
2002,250cc,raul-jara,,RFME Equipo Nacional,アプリリア,,22,25,11,確認済
2002,250cc,choujun-kameya,,Burning Blood R.T.,ホンダ,,49,26,9,確認済
2002,250cc,hiroshi-aoyama,,Team Harc-Pro,ホンダ,,92,27,9,確認済
2002,250cc,erwan-nigon,,Equipe de France - Scrab GP,アプリリア,,36,28,7,確認済
2002,250cc,taro-sekiguchi,,Dark Dog Yamaha Kurz,ヤマハ,,76,29,7,確認済
2002,250cc,david-garcia,,Fortuna Honda Gresini,ホンダ,,84,30,6,確認済
2002,250cc,katsuyuki-nakasuga,,Technospeed Nakasuga,ヤマハ,,,31,4,確認済
2002,250cc,vincent-philippe,,Equipe de France - Scrab G,アプリリア,,25,32,4,確認済
2002,250cc,hugo-marchand,,Equipe de France - Scrab GP,アプリリア,,51,33,4,確認済
2002,250cc,eric-bataille,,Cibertel Honda BQR,ホンダ,,34,34,2,確認済
2002,250cc,ryuji-yokoe,,Morinokumasan Miztec RT,ヤマハ,,,35,2,確認済
2002,250cc,jakub-smrz,,DeGraaf Grand Prix Team,ホンダ,,96,36,1,確認済
2002,250cc,andrew-whittley,,Faster by Fuller Racing,アプリリア,,44,,,確認済
2002,250cc,angel-rodriguez,,Racing Damas,アプリリア,,74,,,確認済
2002,250cc,christian-gemmel,,Kiefer Castrol Honda,ホンダ,,52,,,確認済
2002,250cc,chuck-sorensen,,Team Stargel Aprilia,アプリリア,,90,,,確認済
2002,250cc,gabor-rizmayer,,Bird Racing Team,ホンダ,,63,,,確認済
2002,250cc,gert-pieper,,Sierhekwerk W v/d Pol,アプリリア,,60,,,確認済
2002,250cc,gregory-lefort,,Equipe de France - Scrab GP,アプリリア,,57,,,確認済
2002,250cc,henk-van-de-lagemaat,,DeGraaf Grand Prix Team,ホンダ,,29,,,確認済
2002,250cc,jarno-boesveld,,Jovink Raps,アプリリア,,61,,,確認済
2002,250cc,jarno-janssen,,DeGraaf Grand Prix Team,ホンダ,,41,,,確認済
2002,250cc,max-neukirchner,,Neukirchner Racing Team,ホンダ,,53,,,確認済
2002,250cc,nico-kehrer,,Kehrer Racing Team,ホンダ,,54,,,確認済
2002,250cc,nobuyuki-ohsaki,,,ヤマハ,,,,,確認済
2002,250cc,peter-politiek,,MRTT - Hugen Racing,ホンダ,,59,,,確認済
2002,250cc,russell-holland,,RGV Spares,ヤマハ,,79,,,確認済
2002,250cc,shinichi-nakatomi,,Team Kotake RSC,ホンダ,,48,,,確認済
2002,250cc,tekkyu-kayo,,Hitman RC Koshien,ヤマハ,,,,,確認済
2002,250cc,thierry-van-den-bosch,,Ipone Tecmas Racing,アプリリア,,77,,,確認済
2002,250cc,vladimir-castka,,Slovnaft Yamaha Racing Team,ヤマハ,,64,,,確認済
2002,125cc,arnaud-vincent,,Imola Circuit Exalt Cycle Race,アプリリア,,21,1,273,確認済
2002,125cc,manuel-poggiali,,Gilera Racing,ジレラ,,1,2,254,確認済
2002,125cc,dani-pedrosa,,Telefonica Movistar jnr Team,ホンダ,,26,3,243,確認済
2002,125cc,lucio-cecchinello,,Safilo Oxydo Race LCR,アプリリア,,4,4,180,確認済
2002,125cc,steve-jenkner,,UGT 3000 - Abruzzo,アプリリア,,17,5,168,確認済
2002,125cc,pablo-nieto,,Master-Aspar Team,アプリリア,,22,6,145,確認済
2002,125cc,simone-sanna,,Tu Racing Team,アプリリア,,16,7,106,確認済
2002,125cc,masao-azuma,,Tribe by Breil,ホンダ,,5,8,101,確認済
2002,125cc,alex-de-angelis,,Safilo Oxydo Race LCR,アプリリア,,15,9,87,確認済
2002,125cc,gino-borsoi,,UGT 3000 - Abruzzo,アプリリア,,23,10,82,確認済
2002,125cc,mika-kallio,,Red Devil Honda,ホンダ,,36,11,78,確認済
2002,125cc,joan-olive,,Telefonica Movistar jnr Team,ホンダ,,25,12,76,確認済
2002,125cc,youichi-ui,,Caja Madrid Derbi Racing,デルビ,,41,13,65,確認済
2002,125cc,hector-barbera,,Master-Aspar Team,アプリリア,,80,14,50,確認済
2002,125cc,mirko-giansanti,,Scot Racing Team,ホンダ,,6,15,42,確認済
2002,125cc,andrea-dovizioso,,Scot Racing Team,ホンダ,,34,16,42,確認済
2002,125cc,stefano-perugini,,Italjet Racing Service,イタルジェット,,7,17,28,確認済
2002,125cc,andrea-ballerini,,FCC - TSR,ホンダ,,50,18,26,確認済
2002,125cc,stefano-bianco,,Bossini Sterilgarda Racing,アプリリア,,33,19,24,確認済
2002,125cc,shuhei-aoyama,,PEV Moto ADAC Sachsen,ホンダ,,66,20,21,確認済
2002,125cc,jorge-lorenzo,,Caja Madrid Derbi Racing,デルビ,,48,21,21,確認済
2002,125cc,gabor-talmacsi,,PEV Moto ADAC Sachsen,ホンダ,,8,22,20,確認済
2002,125cc,noboru-ueda,,Semprucci Angaia Racing,ホンダ,,9,23,18,確認済
2002,125cc,angel-rodriguez,,Master-Aspar Team,アプリリア,,47,24,17,確認済
2002,125cc,max-sabbatani,,Bossini Sterilgarda Racing,アプリリア,,11,25,17,確認済
2002,125cc,klaus-nohles,,PEV Moto ADAC Sachsen,ホンダ,,12,26,15,確認済
2002,125cc,thomas-luthi,,Elit Grand Prix,ホンダ,,77,27,7,確認済
2002,125cc,hideyuki-nakajoh,,Elit Grand Prix,ホンダ,,,28,6,確認済
2002,125cc,chaz-davies,,CWF - Matteoni Racing,アプリリア,,57,29,5,確認済
2002,125cc,christian-pistoni,,Italjet Racing Service,イタルジェット,,42,30,4,確認済
2002,125cc,michel-fabrizio,,Team Italia,ジレラ,,84,31,4,確認済
2002,125cc,jakub-smrz,,Elit Grand Prix,ホンダ,,18,32,3,確認済
2002,125cc,marco-simoncelli,,CWF - Matteoni Racing,アプリリア,,37,33,3,確認済
2002,125cc,alex-baldolini,,UGT 3000 - Abruzzo,アプリリア,,19,34,2,確認済
2002,125cc,gioele-pellino,,Team Gabrielli,アプリリア,,53,35,2,確認済
2002,125cc,fabrizio-lai,,Semprucci Angaia Racing,ホンダ,,75,36,2,確認済
2002,125cc,julian-simon,,Telefonica Movistar Team,ホンダ,,52,37,2,確認済
2002,125cc,adri-den-bekker,,BEKKER,NED DB Racing Team,,89,,,確認済
2002,125cc,akira-komuro,,Dinky Racing,ホンダ,,68,,,確認済
2002,125cc,alessandro-brannetti,,Semprucci Angaia Racing,ホンダ,,44,,,確認済
2002,125cc,alvaro-bautista,,Atletico de Madrid,アプリリア,,51,,,確認済
2002,125cc,chris-peris,,Bikecards.com,アプリリア,,98,,,確認済
2002,125cc,christian-elkin,,UK Racing/myfinancematters.c,ホンダ,,69,,,確認済
2002,125cc,christopher-martin,,Wilson Racing,ホンダ,,70,,,確認済
2002,125cc,claudius-klein,,Kiefer Castrol Honda,ホンダ,,73,,,確認済
2002,125cc,dario-giuseppetti,,FCC - TSR,ホンダ,,72,,,確認済
2002,125cc,gaspare-caffiero,,PEV SPALT Moto ADAC Sa,ホンダ,,30,,,確認済
2002,125cc,gerald-perdon,,Roteg Racing,ホンダ,,62,,,確認済
2002,125cc,gianluigi-scalvini,,Bossini Sterilgarda Racing,アプリリア,,32,,,確認済
2002,125cc,gregory-leblanc,,RMS,ホンダ,,85,,,確認済
2002,125cc,gregory-lefort,,Provence Motor Sport,アプリリア,,86,,,確認済
2002,125cc,guy-farbrother,,Red Bull Rookies,ホンダ,,90,,,確認済
2002,125cc,hideyuki-ogata,,Team Plus One,ホンダ,,67,,,確認済
2002,125cc,igor-kalab,,OMV Team Hanusch,ホンダ,,49,,,確認済
2002,125cc,imre-toth,,Semprucci Angaia Racing,ホンダ,,20,,,確認済
2002,125cc,ivan-goi,,CWF - Matteoni Racing,アプリリア,,28,,,確認済
2002,125cc,jarno-muller,,PEV Moto ADAC Sachsen,ホンダ,,10,,,確認済
2002,125cc,jaroslav-hules,,CWF - Matteoni Racing,アプリリア,,39,,,確認済
2002,125cc,jascha-buech,,RPS Racing Saalfeld,ホンダ,,74,,,確認済
2002,125cc,jeremy-crowe,,Ruffnuts/Gulf Western,ホンダ,,82,,,確認済
2002,125cc,jimmy-petit,,Racing Moto Sport,ホンダ,,63,,,確認済
2002,125cc,joshua-waters,,FCC - TSR,ホンダ,,83,,,確認済
2002,125cc,leon-camier,,Italjet Racing Service,イタルジェット,,24,,,確認済
2002,125cc,lukas-pesek,,Kart Centrum,ホンダ,,56,,,確認済
2002,125cc,manuel-mickan,,ADAC Sachsen,ホンダ,,93,,,確認済
2002,125cc,marco-petrini,,RCGM - Rubincone Corse,アプリリア,,54,,,確認済
2002,125cc,matej-smrz,,Semprucci Angaia Racing,ホンダ,,76,,,確認済
2002,125cc,mattia-angeloni,,Team Italia,ジレラ,,31,,,確認済
2002,125cc,midge-smart,,Red Bull Rookies,ホンダ,,91,,,確認済
2002,125cc,patrick-unger,,ADAC Sachsen Motorrad Unge,ホンダ,,92,,,確認済
2002,125cc,peter-holmes,,Holmes Earth Moving,ホンダ,,64,,,確認済
2002,125cc,randy-gevers,,MG Parts - RG Racing Team,ホンダ,,60,,,確認済
2002,125cc,raymond-schouten,,DeGraaf Junior Team,ホンダ,,61,,,確認済
2002,125cc,ruben-catalan,,Mir Racing,アプリリア,,71,,,確認済
2002,125cc,simone-corsi,,Polini,ホンダ,,87,,,確認済
2002,125cc,suhathai-chaemsap,,Thai Honda Castrol,ホンダ,,46,,,確認済
2002,125cc,takashi-yasuda,,Team Harc-Pro,ホンダ,,,,,確認済
2002,125cc,toshihisa-kuzuhara,,Kumamoto Racing,ホンダ,,65,,,確認済
2002,125cc,vincent-braillard,,Team Philippe Coulon,ホンダ,,59,,,確認済
2002,125cc,yohann-tiberio,,Team Technimoto Cavaillon,ホンダ,,58,,,確認済
2003,MotoGP,valentino-rossi,honda-hrc,Repsol Honda,ホンダ,RC211V,46,1,357,確認済
2003,MotoGP,sete-gibernau,gresini,Telefónica Movistar Honda,ホンダ,RC211V,15,2,277,確認済
2003,MotoGP,max-biaggi,pons,Camel Pramac Pons,ホンダ,RC211V,3,3,228,確認済
2003,MotoGP,loris-capirossi,ducati-lenovo,Ducati Marlboro Team,ドゥカティ,デスモセディチ,65,4,177,確認済
2003,MotoGP,nicky-hayden,honda-hrc,Repsol Honda,ホンダ,RC211V,69,5,130,確認済
2003,MotoGP,troy-bayliss,ducati-lenovo,Ducati Marlboro Team,ドゥカティ,デスモセディチ,12,6,128,確認済
2003,MotoGP,carlos-checa,yamaha-factory,Fortuna Yamaha Team,ヤマハ,YZR-M1,7,7,123,確認済
2003,MotoGP,tohru-ukawa,pons,Camel Pramac Pons,ホンダ,RC211V,11,8,123,確認済
2003,MotoGP,alex-barros,tech3,Gauloises Yamaha Team,ヤマハ,YZR-M1,4,9,101,確認済
2003,MotoGP,shinya-nakano,dantin,d'Antín Yamaha Team,ヤマハ,YZR-M1,56,10,101,確認済
2003,MotoGP,makoto-tamada,pramac,Pramac Honda,ホンダ,RC211V,6,11,87,確認済
2003,MotoGP,olivier-jacque,tech3,Gauloises Yamaha Team,ヤマハ,YZR-M1,19,12,71,確認済
2003,MotoGP,colin-edwards,aprilia-racing,Alice Aprilia Racing,アプリリア,RS Cube,45,13,62,確認済
2003,MotoGP,noriyuki-haga,aprilia-racing,Alice Aprilia Racing,アプリリア,RS Cube,41,14,47,確認済
2003,MotoGP,marco-melandri,yamaha-factory,Fortuna Yamaha Team,ヤマハ,YZR-M1,33,15,45,確認済
2003,MotoGP,norifumi-abe,yamaha-factory,Fortuna Yamaha Team,ヤマハ,YZR-M1,17,16,31,確認済
2003,MotoGP,john-hopkins,suzuki-factory,Suzuki Grand Prix Team,スズキ,GSV-R,21,17,29,確認済
2003,MotoGP,jeremy-mcwilliams,team-kr,Proton Team KR,プロトンKR,,99,18,27,確認済
2003,MotoGP,kenny-roberts-jr,suzuki-factory,Suzuki Grand Prix Team,スズキ,GSV-R,10,19,22,確認済
2003,MotoGP,ryuichi-kiyonari,gresini,Telefónica Movistar Honda,ホンダ,RC211V,23,20,22,確認済
2003,MotoGP,nobuatsu-aoki,team-kr,Proton Team KR,プロトンKR,,9,21,19,確認済
2003,MotoGP,garry-mccoy,kawasaki-factory,Kawasaki Racing Team,カワサキ,ZX-RR,8,22,11,確認済
2003,MotoGP,alex-hofmann,kawasaki-factory,Kawasaki Racing Team,カワサキ,ZX-RR,66,23,8,確認済
2003,MotoGP,akira-ryo,suzuki-factory,Suzuki Grand Prix Team,スズキ,GSV-R,43,24,6,確認済
2003,MotoGP,yukio-kagayama,suzuki-factory,Suzuki Grand Prix Team,スズキ,GSV-R,71,25,4,確認済
2003,MotoGP,andrew-pitt,kawasaki-factory,Kawasaki Racing Team,カワサキ,ZX-RR,88,26,4,確認済
2003,MotoGP,akira-yanagawa,kawasaki-factory,Kawasaki Racing Team,カワサキ,ZX-RR,48,,,確認済
2003,MotoGP,chris-burns,wcm,WCM,WCM,ハリスWCM（ヤマハR1ベースエンジン）,35,,,確認済
2003,MotoGP,daijiro-kato,gresini,Telefónica Movistar Honda,ホンダ,RC211V,74,,,確認済
2003,MotoGP,jose-david-de-gea,wcm,WCM,WCM,ハリスWCM（ヤマハR1ベースエンジン）,52,,,確認済
2003,MotoGP,tamaki-serizawa,moriwaki,Moriwaki Racing,モリワキ,,25,,,確認済
2003,250cc,manuel-poggiali,,MS Aprilia Team,アプリリア,,54,1,249,確認済
2003,250cc,roberto-rolfo,,Fortuna Honda,ホンダ,,3,2,235,確認済
2003,250cc,toni-elias,,Team Repsol Telefonica Movist,アプリリア,,24,3,226,確認済
2003,250cc,randy-de-puniet,,Safilo Oxydo-LCR,アプリリア,,7,4,208,確認済
2003,250cc,fonsi-nieto,,Team Repsol Telefonica Movist,アプリリア,,10,5,194,確認済
2003,250cc,franco-battaini,,Campetella Racing,アプリリア,,21,6,148,確認済
2003,250cc,anthony-west,,Team Zoppini Abruzzo,アプリリア,,14,7,145,確認済
2003,250cc,sebastian-porto,,Telefonica Movistar jnr Team,ホンダ,,5,8,127,確認済
2003,250cc,naoki-matsudo,,Yamaha Kurz,ヤマハ,,8,9,119,確認済
2003,250cc,sylvain-guintoli,,Campetella Racing,アプリリア,,50,10,101,確認済
2003,250cc,alex-debon,,Troll Honda BQR,ホンダ,,6,11,81,確認済
2003,250cc,joan-olive,,Aspar Junior Team,アプリリア,,11,12,38,確認済
2003,250cc,hector-faubel,,Aspar Junior Team,アプリリア,,33,13,34,確認済
2003,250cc,chaz-davies,,Aprilia Germany,アプリリア,,57,14,33,確認済
2003,250cc,hiroshi-aoyama,,Team Harc-Pro,ホンダ,,92,15,31,確認済
2003,250cc,erwan-nigon,,Equipe de France - Scrab GP,アプリリア,,36,16,30,確認済
2003,250cc,alex-baldolini,,Matteoni Racing,アプリリア,,26,17,30,確認済
2003,250cc,yuki-takahashi,,Dy Do Miu Racing Team,ホンダ,,72,18,29,確認済
2003,250cc,eric-bataille,,Troll Honda BQR,ホンダ,,34,19,28,確認済
2003,250cc,johan-stigefelt,,Team Zoppini Abruzzo,アプリリア,,16,20,26,確認済
2003,250cc,dirk-heidolf,,Aprilia Germany,アプリリア,,28,21,26,確認済
2003,250cc,christian-gemmel,,Kiefer Castrol-Honda Racing,ホンダ,,15,22,24,確認済
2003,250cc,hugo-marchand,,Equipe de France - Scrab GP,アプリリア,,9,23,24,確認済
2003,250cc,jakub-smrz,,Elit Grand Prix,ホンダ,,96,24,14,確認済
2003,250cc,jaroslav-hules,,Yamaha Kurz,ホンダ,,13,25,10,確認済
2003,250cc,tekkyu-kayo,,Hitman RC Koshien Yamaha,ヤマハ,,68,26,7,確認済
2003,250cc,choujun-kameya,,Burning Blood RT,ホンダ,,,27,6,確認済
2003,250cc,jay-vincent,,Padgetts,アプリリア,,23,28,5,確認済
2003,250cc,klaus-nohles,,Aprilia Germany,アプリリア,,30,29,5,確認済
2003,250cc,lukas-pesek,,Yamaha Kurz,ヤマハ,,52,30,4,確認済
2003,250cc,max-neukirchner,,Neukirchner R.T. Adac Sachse,ホンダ,,62,31,1,確認済
2003,250cc,masaki-tokudome,,J Racing,ヤマハ,,,32,1,確認済
2003,250cc,radomil-rous,,KLUB Team Racing Znojmo,アプリリア,,73,33,1,確認済
2003,250cc,alvaro-molina,,Mas Racing Team,アプリリア,,40,,,確認済
2003,250cc,arie-vos,,J&E Sports Kunstgras,ヤマハ,,47,,,確認済
2003,250cc,christian-pistoni,,Yamaha Kurz,アプリリア,,29,,,確認済
2003,250cc,christophe-rastel,,Oscar Competition,ホンダ,,31,,,確認済
2003,250cc,frederik-watz,,Watz Racing,ヤマハ,,51,,,確認済
2003,250cc,gabor-rizmayer,,Biro Racing Team,ホンダ,,75,,,確認済
2003,250cc,geoff-hardcastle,,Hardcastle Communication Rac,ヤマハ,,79,,,確認済
2003,250cc,hans-smees,,Performance Racing,ホンダ,,48,,,確認済
2003,250cc,henk-van-de-lagemaat,,Dark Dog Molenaar,ホンダ,,18,,,確認済
2003,250cc,jan-blok,,MRTT,ホンダ,,46,,,確認済
2003,250cc,katja-poensgen,,Dark Dog Molenaar,ホンダ,,98,,,確認済
2003,250cc,katsuyuki-nakasuga,,Sp Tadao Racing Team,ヤマハ,,71,,,確認済
2003,250cc,lee-dickinson,,Galemain Racing Ltd.,ヤマハ,,58,,,確認済
2003,250cc,luis-castro,,Córdoba Patrimonio de la Huma,ヤマハ,,39,,,確認済
2003,250cc,michal-filla,,TKB AMK Brno Racing Team,ヤマハ,,74,,,確認済
2003,250cc,miguel-praia,,Marina Park Mavi Sport Kurz,ヤマハ,,41,,,確認済
2003,250cc,norman-rank,,MSC Schleizer Drejeck,ホンダ,,65,,,確認済
2003,250cc,patrick-lakerveld,,Team Holland,アプリリア,,83,,,確認済
2003,250cc,phillip-desborough,,AVS/Race To Win,ヤマハ,,60,,,確認済
2003,250cc,samuel-aubry,,Team Racer Bike,ホンダ,,45,,,確認済
2003,250cc,shi-zhao-huang,,Madifchina d'Antin Yamaha,ヤマハ,,81,,,確認済
2003,250cc,tomas-palander,,Bernd Hermann Racing Team,ホンダ,,63,,,確認済
2003,250cc,tomoyoshi-koyama,,Sp Tadao Racing Team,ヤマハ,,67,,,確認済
2003,250cc,vesa-kallio,,Raistila Racing,ヤマハ,,66,,,確認済
2003,125cc,dani-pedrosa,,Telefonica Movistar jnr Team,ホンダ,,3,1,223,確認済
2003,125cc,alex-de-angelis,,Globet.com Racing,アプリリア,,15,2,166,確認済
2003,125cc,hector-barbera,,Master-MXOnda-Aspar Team,アプリリア,,80,3,164,確認済
2003,125cc,stefano-perugini,,Abruzzo Racing Team,アプリリア,,7,4,162,確認済
2003,125cc,andrea-dovizioso,,Team Scot,ホンダ,,34,5,157,確認済
2003,125cc,steve-jenkner,,Exalt Cycle Red Devil,アプリリア,,17,6,151,確認済
2003,125cc,pablo-nieto,,Master-MXOnda-Aspar Team,アプリリア,,22,7,148,確認済
2003,125cc,casey-stoner,,Safilo Oxydo-LCR,アプリリア,,27,8,125,確認済
2003,125cc,lucio-cecchinello,,Safilo Oxydo-LCR,アプリリア,,4,9,112,確認済
2003,125cc,mirko-giansanti,,Matteoni Racing,アプリリア,,6,10,93,確認済
2003,125cc,mika-kallio,,Ajo Motorsports,ホンダ,,36,11,88,確認済
2003,125cc,jorge-lorenzo,,Caja Madrid Derbi Racing,デルビ,,48,12,79,確認済
2003,125cc,youichi-ui,,Sterilgarda Racing,アプリリア,,41,13,76,確認済
2003,125cc,gabor-talmacsi,,Exalt Cycle Red Devil,アプリリア,,79,14,70,確認済
2003,125cc,thomas-luthi,,Elit Grand Prix,ホンダ,,12,15,68,確認済
2003,125cc,masao-azuma,,Ajo Motorsports,ホンダ,,8,16,64,確認済
2003,125cc,gino-borsoi,,Globet.com Racing,アプリリア,,23,17,54,確認済
2003,125cc,arnaud-vincent,,KTM-Red Bull,KTM,,1,18,39,確認済
2003,125cc,simone-corsi,,Team Scot,ホンダ,,24,19,32,確認済
2003,125cc,alvaro-bautista,,Seedorf Racing,アプリリア,,19,20,31,確認済
2003,125cc,marco-simoncelli,,Matteoni Racing,アプリリア,,58,21,31,確認済
2003,125cc,andrea-ballerini,,Ajo Motorsports,ホンダ,,50,22,25,確認済
2003,125cc,gioele-pellino,,Sterilgarda Racing,アプリリア,,42,23,25,確認済
2003,125cc,roberto-locatelli,,KTM-Red Bull,KTM,,10,24,18,確認済
2003,125cc,fabrizio-lai,,Semprucci Angaia Malaguti,マラグーティ,,32,25,10,確認済
2003,125cc,robbin-harms,,Seedorf Racing,アプリリア,,,26,8,確認済
2003,125cc,stefano-bianco,,Metis Gilera Racing,ジレラ,,33,27,7,確認済
2003,125cc,mike-di-meglio,,Freesoul Racing Team,アプリリア,,63,28,5,確認済
2003,125cc,julian-simon,,Semprucci Angaia Malaguti,マラグーティ,,31,29,4,確認済
2003,125cc,max-sabbatani,,Abruzzo Racing Team,アプリリア,,11,30,3,確認済
2003,125cc,emilio-alzamora,,Caja Madrid Derbi Racing,デルビ,,26,31,2,確認済
2003,125cc,adri-den-bekker,,BEKKER,NED DB Racing Team,,75,,,確認済
2003,125cc,akio-tanaka,,Team Life Hatada,ホンダ,,67,,,確認済
2003,125cc,alessio-aldrovandi,,Engines Engineering,マラグーティ,,62,,,確認済
2003,125cc,alexis-masbou,,Equipe de France Espoir,ホンダ,,72,,,確認済
2003,125cc,chester-lusk,,SP125Racing.com,ホンダ,,83,,,確認済
2003,125cc,christopher-martin,,Seedorf Racing,アプリリア,,14,,,確認済
2003,125cc,dario-giuseppetti,,Adac Berlin,ホンダ,,90,,,確認済
2003,125cc,david-bonache,,4 Racing,ホンダ,,69,,,確認済
2003,125cc,gregory-lefort,,Provence Moto Sport,アプリリア,,86,,,確認済
2003,125cc,hiroaki-kuzuhara,,Honda Hamamatsu Escargot,ホンダ,,,,,確認済
2003,125cc,hiroyuki-kikuchi,,Ajo Motorsports,ホンダ,,39,,,確認済
2003,125cc,igor-kalab,,OMV Team Hanusch,ホンダ,,55,,,確認済
2003,125cc,imre-toth,,Team Hungary,ホンダ,,25,,,確認済
2003,125cc,ismael-ortega,,Seedorf Racing,アプリリア,,81,,,確認済
2003,125cc,jarno-muller,,RZT Repsol Racing Team,ホンダ,,52,,,確認済
2003,125cc,jarno-van-der-marel,,Tennen Racing Team,ホンダ,,76,,,確認済
2003,125cc,jascha-buech,,OMV-Team Hanusch,ホンダ,,91,,,確認済
2003,125cc,jimmy-petit,,Racing Moto Sport,ホンダ,,74,,,確認済
2003,125cc,jordi-carchano,,TMR Competicio,ホンダ,,82,,,確認済
2003,125cc,joshua-waters,,Grand Prix Training Centre,ホンダ,,44,,,確認済
2003,125cc,kris-weston,,Brooklands Autobody Racing,ホンダ,,51,,,確認済
2003,125cc,lee-longden,,Macadam Racing,ホンダ,,49,,,確認済
2003,125cc,leon-camier,,Metasystem Racing Service,ホンダ,,21,,,確認済
2003,125cc,luka-nedog,,Lines Racing,ホンダ,,57,,,確認済
2003,125cc,manuel-hernandez,,Team Costa Calida,アプリリア,,43,,,確認済
2003,125cc,manuel-manna,,Matteoni Racing,アプリリア,,93,,,確認済
2003,125cc,manuel-mickan,,Adac Sachsen e.V.,ホンダ,,53,,,確認済
2003,125cc,mark-van-kreij,,Racing Team MVK,ホンダ,,89,,,確認済
2003,125cc,marketa-janakova,,"Elcom-IPC, Heron Racing Team",ホンダ,,56,,,確認済
2003,125cc,matthew-kuhne,,Matt Attack Racing,ホンダ,,46,,,確認済
2003,125cc,mattia-angeloni,,Metasystem Racing Service,ホンダ,,60,,,確認済
2003,125cc,michele-conti,,BNT Racing,ホンダ,,87,,,確認済
2003,125cc,michele-danese,,Metasystem Racing Service,ホンダ,,28,,,確認済
2003,125cc,michele-pirro,,RCGM,アプリリア,,61,,,確認済
2003,125cc,midge-smart,,Red Bull Rookies,ホンダ,,50,,,確認済
2003,125cc,patrick-unger,,Adac Sachsenring jnr Racing S,ホンダ,,54,,,確認済
2003,125cc,paul-veazey,,Banks Racing/GR Motorsport,ホンダ,,84,,,確認済
2003,125cc,peter-lenart,,Metasystem Racing Service,ホンダ,,78,,,確認済
2003,125cc,raymond-schouten,,Schouten Racing,ホンダ,,77,,,確認済
2003,125cc,ruben-catalan,,Mir Racing,アプリリア,,71,,,確認済
2003,125cc,sadahito-suma,,Team Life,ホンダ,,68,,,確認済
2003,125cc,sergio-gadea,,Racing Team Gadea,アプリリア,,70,,,確認済
2003,125cc,shuhei-aoyama,,Team Harc-Pro,ホンダ,,66,,,確認済
2003,125cc,toshihisa-kuzuhara,,Honda Kumamoto Racing,ホンダ,,65,,,確認済
2003,125cc,vaclav-bittman,,BRC Racing Team,ホンダ,,92,,,確認済
2003,125cc,william-gautier,,Equipe de France Espoir,ホンダ,,73,,,確認済
2003,125cc,xavier-herouin,,Mob 77,ホンダ,,85,,,確認済
2003,125cc,yuki-hatano,,JHA Racing,ホンダ,,,,,確認済
2004,MotoGP,valentino-rossi,yamaha-factory,Gauloises Fortuna Yamaha,ヤマハ,YZR-M1,46,1,304,確認済
2004,MotoGP,sete-gibernau,gresini,Telefónica Movistar Honda MotoGP,ホンダ,RC211V,15,2,257,確認済
2004,MotoGP,max-biaggi,pons,Camel Honda,ホンダ,RC211V,3,3,217,確認済
2004,MotoGP,alex-barros,honda-hrc,Repsol Honda Team,ホンダ,RC211V,4,4,165,確認済
2004,MotoGP,colin-edwards,gresini,Telefónica Movistar Honda MotoGP,ホンダ,RC211V,45,5,157,確認済
2004,MotoGP,makoto-tamada,pons,Camel Honda,ホンダ,RC211V,6,6,150,確認済
2004,MotoGP,carlos-checa,yamaha-factory,Gauloises Fortuna Yamaha,ヤマハ,YZR-M1,7,7,117,確認済
2004,MotoGP,nicky-hayden,honda-hrc,Repsol Honda Team,ホンダ,RC211V,69,8,117,確認済
2004,MotoGP,loris-capirossi,ducati-lenovo,Ducati Marlboro Team,ドゥカティ,デスモセディチ,65,9,117,確認済
2004,MotoGP,shinya-nakano,kawasaki-factory,Kawasaki Racing Team,カワサキ,ZX-RR,56,10,83,確認済
2004,MotoGP,ruben-xaus,dantin,D'Antin MotoGP,ドゥカティ,デスモセディチ,11,11,77,確認済
2004,MotoGP,marco-melandri,tech3,Fortuna Gauloises Tech 3,ヤマハ,YZR-M1,33,12,75,確認済
2004,MotoGP,norifumi-abe,tech3,Fortuna Gauloises Tech 3,ヤマハ,YZR-M1,17,13,74,確認済
2004,MotoGP,troy-bayliss,ducati-lenovo,Ducati Marlboro Team,ドゥカティ,デスモセディチ,12,14,71,確認済
2004,MotoGP,alex-hofmann,kawasaki-factory,Kawasaki Racing Team,カワサキ,ZX-RR,66,15,51,確認済
2004,MotoGP,john-hopkins,suzuki-factory,Team Suzuki MotoGP,スズキ,GSV-R,21,16,45,確認済
2004,MotoGP,neil-hodgson,dantin,D'Antin MotoGP,ドゥカティ,デスモセディチ,50,17,38,確認済
2004,MotoGP,kenny-roberts-jr,suzuki-factory,Team Suzuki MotoGP,スズキ,GSV-R,10,18,37,確認済
2004,MotoGP,jeremy-mcwilliams,aprilia-racing,MS Aprilia Racing,アプリリア,RS Cube,99,19,26,確認済
2004,MotoGP,shane-byrne,aprilia-racing,MS Aprilia Racing,アプリリア,RS Cube,67,20,18,確認済
2004,MotoGP,nobuatsu-aoki,team-kr,Proton Team KR,プロトンKR,KR5（自社製V5）,9,21,10,確認済
2004,MotoGP,michel-fabrizio,wcm,WCM,WCM,ハリスWCM（ヤマハR1ベースエンジン）,84,22,8,確認済
2004,MotoGP,yukio-kagayama,suzuki-factory,Team Suzuki MotoGP,スズキ,GSV-R,71,23,7,確認済
2004,MotoGP,olivier-jacque,moriwaki,Moriwaki Racing,モリワキ,,19,24,5,確認済
2004,MotoGP,james-haydon,team-kr,Proton Team KR,プロトンKR,KR5（自社製V5）,36,25,4,確認済
2004,MotoGP,james-ellison,wcm,WCM,WCM,ハリスWCM（ヤマハR1ベースエンジン）,77,26,3,確認済
2004,MotoGP,andrew-pitt,moriwaki,Moriwaki Racing,モリワキ,,88,27,2,確認済
2004,MotoGP,youichi-ui,wcm,WCM,WCM,ハリスWCM（ヤマハR1ベースエンジン）,41,28,1,確認済
2004,MotoGP,kurtis-roberts,team-kr,Proton Team KR,プロトンKR,KR5（自社製V5）,80,29,1,確認済
2004,MotoGP,chris-burns,wcm,WCM,WCM,ハリスWCM（ヤマハR1ベースエンジン）,35,,,確認済
2004,MotoGP,garry-mccoy,aprilia-racing,MS Aprilia Racing,アプリリア,RS Cube,24,,,確認済
2004,MotoGP,gregorio-lavilla,suzuki-factory,Team Suzuki MotoGP,スズキ,GSV-R,32,,,確認済
2004,MotoGP,jose-david-de-gea,wcm,WCM,Harris,ハリスWCM（ヤマハR1ベースエンジン）,,,,確認済
2004,MotoGP,tohru-ukawa,honda-hrc,HRC,ホンダ,RC211V,72,,,確認済
2004,250cc,dani-pedrosa,,Telefonica Movistar Honda 250,ホンダ,,26,1,317,確認済
2004,250cc,sebastian-porto,,Repsol - Aspar Team 250cc,アプリリア,,19,2,256,確認済
2004,250cc,randy-de-puniet,,Safilo Carrera - LCR,アプリリア,,7,3,214,確認済
2004,250cc,toni-elias,,Fortuna Honda,ホンダ,,24,4,199,確認済
2004,250cc,alex-de-angelis,,Aprilia Racing,アプリリア,,51,5,147,確認済
2004,250cc,hiroshi-aoyama,,Telefonica Movistar Honda 250,ホンダ,,73,6,128,確認済
2004,250cc,fonsi-nieto,,Repsol - Aspar Team 250cc,アプリリア,,10,7,124,確認済
2004,250cc,roberto-rolfo,,Fortuna Honda,ホンダ,,2,8,116,確認済
2004,250cc,manuel-poggiali,,MS ApriliaTeam,アプリリア,,54,9,95,確認済
2004,250cc,franco-battaini,,Campetella Racing,アプリリア,,21,10,93,確認済
2004,250cc,anthony-west,,Freesoul Abruzzo Racing Team,アプリリア,,14,11,88,確認済
2004,250cc,alex-debon,,Wurth Honda BQR,ホンダ,,6,12,82,確認済
2004,250cc,chaz-davies,,Aprilia Germany,アプリリア,,57,13,51,確認済
2004,250cc,sylvain-guintoli,,Campetella Racing,アプリリア,,50,14,42,確認済
2004,250cc,naoki-matsudo,,Team UGT Kurz,ヤマハ,,8,15,41,確認済
2004,250cc,hugo-marchand,,Freesoul Abruzzo Racing Team,アプリリア,,9,16,36,確認済
2004,250cc,hector-faubel,,Grefusa - Aspar Team 250cc,アプリリア,,33,17,31,確認済
2004,250cc,alex-baldolini,,Matteoni Racing,アプリリア,,25,18,30,確認済
2004,250cc,joan-olive,,Campetella Racing,アプリリア,,11,19,27,確認済
2004,250cc,jakub-smrz,,Molenaar Racing,ホンダ,,96,20,20,確認済
2004,250cc,arnaud-vincent,,Equipe GP de France - Scrab,アプリリア,,12,21,15,確認済
2004,250cc,johan-stigefelt,,Aprilia Germany,アプリリア,,16,22,14,確認済
2004,250cc,dirk-heidolf,,Grefusa - Aspar Team 250cc,アプリリア,,28,23,13,確認済
2004,250cc,eric-bataille,,Wurth Honda BQR,ホンダ,,34,24,12,確認済
2004,250cc,yuki-takahashi,,Dydo Miu Racing,ホンダ,,55,25,11,確認済
2004,250cc,shuhei-aoyama,,Team Harc-Pro,ホンダ,,76,26,8,確認済
2004,250cc,jose-david-de-gea,,Wurth Honda BQR,ホンダ,,52,27,8,確認済
2004,250cc,gregory-lefort,,Equipe GP de France - Scrab,アプリリア,,77,28,7,確認済
2004,250cc,erwan-nigon,,Equipe GP de France - Scrab,ヤマハ,,36,29,4,確認済
2004,250cc,yuzo-fujioka,,Endurance,ホンダ,,78,30,4,確認済
2004,250cc,taro-sekiguchi,,NC World Trade,ヤマハ,,44,31,4,確認済
2004,250cc,gregory-leblanc,,Leblanc Racing Team,アプリリア,,42,32,3,確認済
2004,250cc,alvaro-molina,,Mas Racing Team-A.Molina,アプリリア,,41,,,確認済
2004,250cc,choujun-kameya,,Burning Blood RT,ホンダ,,70,,,確認済
2004,250cc,christian-gemmel,,Castrol-Honda Kiefer Racing,ホンダ,,15,,,確認済
2004,250cc,david-fouloi,,Equipe GP de France - Scrab,アプリリア,,72,,,確認済
2004,250cc,frederik-watz,,Agesta Transport,ヤマハ,,64,,,確認済
2004,250cc,gergo-talmacsi,,NC World Trade,ヤマハ,,88,,,確認済
2004,250cc,hans-smees,,Performance Racing,アプリリア,,75,,,確認済
2004,250cc,henk-van-de-lagemaat,,De Arend - Filard Racing,アプリリア,,71,,,確認済
2004,250cc,ivan-silva,,Grefusa - Aspar Team 250cc,アプリリア,,22,,,確認済
2004,250cc,jarno-ronzoni,,Team UGT Kurz,ヤマハ,,63,,,確認済
2004,250cc,joshua-waters,,Castrol-Honda Kiefer Racing,ホンダ,,82,,,確認済
2004,250cc,katsuyuki-nakasuga,,SP Tadao Racing Team,ヤマハ,,79,,,確認済
2004,250cc,klaus-nohles,,Castrol-Honda Kiefer Racing,ホンダ,,17,,,確認済
2004,250cc,lee-dickinson,,Galemain Racing,ホンダ,,65,,,確認済
2004,250cc,marcellino-lucchi,,MS ApriliaTeam,アプリリア,,37,,,確認済
2004,250cc,max-sabbatani,,NC World Trade,ヤマハ,,40,,,確認済
2004,250cc,radomil-rous,,Team UGT Kurz,ヤマハ,,43,,,確認済
2004,250cc,valerio-anghetti,,Freesoul Abruzzo Racing Team,アプリリア,,,,,確認済
2004,125cc,andrea-dovizioso,,Kopron Team Scot,ホンダ,,34,1,293,確認済
2004,125cc,hector-barbera,,Seedorf Racing,アプリリア,,3,2,202,確認済
2004,125cc,roberto-locatelli,,Safilo Carrera - LCR,アプリリア,,15,3,192,確認済
2004,125cc,jorge-lorenzo,,Caja Madrid Derbi Racing,デルビ,,48,4,179,確認済
2004,125cc,casey-stoner,,Red Bull KTM,KTM,,27,5,145,確認済
2004,125cc,pablo-nieto,,Master - Repsol Team 125cc,アプリリア,,22,6,138,確認済
2004,125cc,alvaro-bautista,,Seedorf Racing,アプリリア,,19,7,129,確認済
2004,125cc,steve-jenkner,,Rauch Bravo,アプリリア,,21,8,122,確認済
2004,125cc,mirko-giansanti,,Matteoni Racing,アプリリア,,6,9,105,確認済
2004,125cc,mika-kallio,,Red Bull KTM,KTM,,36,10,86,確認済
2004,125cc,marco-simoncelli,,Rauch Bravo,アプリリア,,58,11,79,確認済
2004,125cc,gino-borsoi,,Globet.com Racing,アプリリア,,23,12,79,確認済
2004,125cc,simone-corsi,,Kopron Team Scot,ホンダ,,24,13,61,確認済
2004,125cc,julian-simon,,Angaia Racing,ホンダ,,10,14,60,確認済
2004,125cc,mattia-pasini,,Safilo Carrera - LCR,アプリリア,,54,15,54,確認済
2004,125cc,fabrizio-lai,,Metis Gilera Racing Team,ジレラ,,32,16,53,確認済
2004,125cc,gabor-talmacsi,,Semprucci Malaguti,マラグーティ,,14,17,43,確認済
2004,125cc,mike-di-meglio,,Globet.com Racing,アプリリア,,63,18,41,確認済
2004,125cc,sergio-gadea,,Master - Repsol Team 125cc,アプリリア,,33,19,29,確認済
2004,125cc,andrea-ballerini,,Abruzzo Racing Team,アプリリア,,50,20,29,確認済
2004,125cc,lukas-pesek,,Ajo Motorsport,ホンダ,,52,21,20,確認済
2004,125cc,youichi-ui,,Abruzzo Racing Team,アプリリア,,41,22,19,確認済
2004,125cc,gioele-pellino,,Abruzzo Racing Team,アプリリア,,42,23,16,確認済
2004,125cc,stefano-perugini,,Metis Gilera Racing Team,ジレラ,,7,24,14,確認済
2004,125cc,thomas-luthi,,Elit Grand Prix,ホンダ,,12,25,14,確認済
2004,125cc,dario-giuseppetti,,Elit Grand Prix,ホンダ,,26,26,8,確認済
2004,125cc,tomoyoshi-koyama,,SP Tadao Racing Team,ヤマハ,,89,27,7,確認済
2004,125cc,toshihisa-kuzuhara,,Angaia Racing,ホンダ,,62,28,7,確認済
2004,125cc,imre-toth,,Team Hungary,アプリリア,,25,29,6,確認済
2004,125cc,robbin-harms,,,ホンダ,,,30,5,確認済
2004,125cc,jordi-carchano,,Matteoni Racing,アプリリア,,28,31,2,確認済
2004,125cc,angel-rodriguez,,Caja Madrid Derbi Racing,デルビ,,47,32,2,確認済
2004,125cc,vesa-kallio,,Team Hungary,アプリリア,,66,33,1,確認済
2004,125cc,adri-den-bekker,,BEKKER,不明,,79,,,確認済
2004,125cc,aleix-espargaro,,Racc Caja Madrid,ホンダ,,57,,,確認済
2004,125cc,alessio-aldrovandi,,Team Minimoto Portomaggiore,ホンダ,,75,,,確認済
2004,125cc,alexis-masbou,,Equipe de France Espoir,ホンダ,,72,,,確認済
2004,125cc,bryan-staring,,Allect Barter Card Racing,ホンダ,,92,,,確認済
2004,125cc,christian-elkin,,UK1 Racing,ホンダ,,49,,,確認済
2004,125cc,enrique-jerez,,TMR Competicion,ホンダ,,71,,,確認済
2004,125cc,eugene-laverty,,Red Bull Rookies Honda,ホンダ,,85,,,確認済
2004,125cc,fabricio-perren,,RC Recouso Sport,ホンダ,,68,,,確認済
2004,125cc,georg-frohlich,,ADAC Honda Team,ホンダ,,20,,,確認済
2004,125cc,ismael-ortega,,Seedorf Racing,アプリリア,,81,,,確認済
2004,125cc,jarno-van-der-marel,,Amici Racing Team,ホンダ,,82,,,確認済
2004,125cc,jordi-planas,,TMR Competicio,ホンダ,,78,,,確認済
2004,125cc,julian-miralles,,MIR Racing,アプリリア,,70,,,確認済
2004,125cc,kris-weston,,Brooklands Autobody Centre,ホンダ,,51,,,確認済
2004,125cc,lorenzo-zanetti,,Sterilgarda Racing,アプリリア,,45,,,確認済
2004,125cc,manuel-hernandez,,Team Hernandez,アプリリア,,43,,,確認済
2004,125cc,manuel-manna,,Semprucci Malaguti,マラグーティ,,8,,,確認済
2004,125cc,manuel-mickan,,Team Freudenberg,ホンダ,,40,,,確認済
2004,125cc,marketa-janakova,,Angaia Racing,ホンダ,,9,,,確認済
2004,125cc,mathieu-gines,,Big Store RMS,ホンダ,,74,,,確認済
2004,125cc,matthew-kuhne,,Angaia Racing,ホンダ,,46,,,確認済
2004,125cc,mattia-angeloni,,Angaia Racing,ホンダ,,11,,,確認済
2004,125cc,max-sabbatani,,Ajo Motorsport,ホンダ,,31,,,確認済
2004,125cc,michael-ranseder,,Red Bull KTM Junior Team,KTM,,88,,,確認済
2004,125cc,michele-danese,,Abruzzo Racing Team,アプリリア,,76,,,確認済
2004,125cc,michele-pirro,,RCGM Team F.M.I.,アプリリア,,61,,,確認済
2004,125cc,mikko-kyyhkynen,,Ajo Motorsport,ホンダ,,38,,,確認済
2004,125cc,nicolas-terol,,Globet.com Racing,アプリリア,,59,,,確認済
2004,125cc,patrick-unger,,Motorrad Unger Racing,アプリリア,,39,,,確認済
2004,125cc,patrik-vostarek,,OMV Team Hanusch,ホンダ,,87,,,確認済
2004,125cc,raffaele-de-rosa,,Angaia Racing,ホンダ,,30,,,確認済
2004,125cc,raymond-schouten,,Molenaar Racing,ホンダ,,16,,,確認済
2004,125cc,shigeki-norikane,,Team Tec. 2 & Feel,ヤマハ,,64,,,確認済
2004,125cc,simone-sanna,,Sterilgarda Racing,アプリリア,,18,,,確認済
2004,125cc,stefano-bianco,,Gold Racing,アプリリア,,53,,,確認済
2004,125cc,suhathai-chaemsap,,Thai Honda Castrol/ERP,ホンダ,,67,,,確認済
2004,125cc,thomas-bridewell,,Bridewell Racing Team,ホンダ,,84,,,確認済
2004,125cc,vaclav-bittman,,Elit Grand Prix,ホンダ,,35,,,確認済
2004,125cc,yannick-deschamps,,TVX Racing,ホンダ,,73,,,確認済
2004,125cc,yuki-hatano,,Garage Racing Team,ホンダ,,95,,,確認済
2005,MotoGP,valentino-rossi,yamaha-factory,Gauloises Yamaha Team,ヤマハ,YZR-M1,46,1,367,確認済
2005,MotoGP,marco-melandri,gresini,Honda Gresini,ホンダ,RC211V,33,2,220,確認済
2005,MotoGP,nicky-hayden,honda-hrc,Repsol Honda Team,ホンダ,RC211V,69,3,206,確認済
2005,MotoGP,colin-edwards,yamaha-factory,Gauloises Yamaha Team,ヤマハ,YZR-M1,5,4,179,確認済
2005,MotoGP,max-biaggi,honda-hrc,Repsol Honda Team,ホンダ,RC211V,3,5,173,確認済
2005,MotoGP,loris-capirossi,ducati-lenovo,Ducati Marlboro Team,ドゥカティ,デスモセディチ,65,6,157,確認済
2005,MotoGP,sete-gibernau,gresini,Honda Gresini,ホンダ,RC211V,15,7,150,確認済
2005,MotoGP,alex-barros,pons,Camel Honda,ホンダ,RC211V,4,8,147,確認済
2005,MotoGP,carlos-checa,ducati-lenovo,Ducati Marlboro Team,ドゥカティ,デスモセディチ,7,9,138,確認済
2005,MotoGP,shinya-nakano,kawasaki-factory,Kawasaki Racing Team,カワサキ,ZX-RR,56,10,98,確認済
2005,MotoGP,makoto-tamada,jir,Konica Minolta Honda,ホンダ,RC211V,6,11,91,確認済
2005,MotoGP,toni-elias,tech3,Fortuna Yamaha MotoGP,ヤマハ,YZR-M1,24,12,74,確認済
2005,MotoGP,kenny-roberts-jr,suzuki-factory,Team Suzuki MotoGP,スズキ,GSV-R,10,13,63,確認済
2005,MotoGP,john-hopkins,suzuki-factory,Team Suzuki MotoGP,スズキ,GSV-R,21,14,63,確認済
2005,MotoGP,troy-bayliss,pons,Camel Honda,ホンダ,RC211V,12,15,54,確認済
2005,MotoGP,ruben-xaus,tech3,Fortuna Yamaha MotoGP,ヤマハ,YZR-M1,11,16,52,確認済
2005,MotoGP,olivier-jacque,kawasaki-factory,Kawasaki Racing Team,カワサキ,ZX-RR,19,17,28,確認済
2005,MotoGP,roberto-rolfo,pramac,Pramac d'Antin,ドゥカティ,デスモセディチ,44,18,25,確認済
2005,MotoGP,alex-hofmann,kawasaki-factory,Kawasaki Racing Team,カワサキ,ZX-RR,66,19,24,確認済
2005,MotoGP,jurgen-van-den-goorbergh,jir,Konica Minolta Honda,ホンダ,RC211V,16,20,12,確認済
2005,MotoGP,chris-vermeulen,pons,Camel Honda,ホンダ,RC211V,17,21,10,確認済
2005,MotoGP,franco-battaini,wcm,Blata WCM,ブラタ,,27,22,7,確認済
2005,MotoGP,james-ellison,wcm,Blata WCM,ブラタ,,77,23,7,確認済
2005,MotoGP,shane-byrne,team-kr,Team Roberts,プロトンKR,KR5（KTMエンジン、最終戦はホンダエンジン）,67,24,6,確認済
2005,MotoGP,ryuichi-kiyonari,pons,Camel Honda,ホンダ,RC211V,54,25,4,確認済
2005,MotoGP,david-checa,tech3,Fortuna Yamaha MotoGP,ヤマハ,YZR-M1,94,26,4,確認済
2005,MotoGP,tohru-ukawa,moriwaki,Moriwaki Racing,モリワキ,,72,27,1,確認済
2005,MotoGP,jeremy-mcwilliams,team-kr,Team Roberts,プロトンKR,KR5（KTMエンジン、最終戦はホンダエンジン）,99,,,確認済
2005,MotoGP,kurtis-roberts,team-kr,Team Roberts,プロトンKR,KR5（KTMエンジン、最終戦はホンダエンジン）,80,,,確認済
2005,MotoGP,naoki-matsudo,moriwaki,Moriwaki Racing,モリワキ,,45,,,確認済
2005,MotoGP,nobuatsu-aoki,suzuki-factory,Team Suzuki MotoGP,スズキ,GSV-R,9,,,確認済
2005,MotoGP,shinichi-ito,ducati-lenovo,Ducati Marlboro Team,ドゥカティ,デスモセディチ,23,,,確認済
2005,250cc,dani-pedrosa,,Telefonica Movistar Honda 250,ホンダ,,1,1,309,確認済
2005,250cc,casey-stoner,,Carrera Sunglasses - LCR,アプリリア,,27,2,254,確認済
2005,250cc,andrea-dovizioso,,Team Scot,ホンダ,,34,3,189,確認済
2005,250cc,hiroshi-aoyama,,Telefonica Movistar Honda 250,ホンダ,,73,4,180,確認済
2005,250cc,jorge-lorenzo,,Fortuna Honda,ホンダ,,48,5,167,確認済
2005,250cc,sebastian-porto,,Aprilia Aspar 250cc,アプリリア,,19,6,152,確認済
2005,250cc,alex-de-angelis,,MS Aprilia Italia Corse,アプリリア,,5,7,151,確認済
2005,250cc,randy-de-puniet,,Aprilia Aspar 250cc,アプリリア,,7,8,138,確認済
2005,250cc,hector-barbera,,Fortuna Honda,ホンダ,,80,9,120,確認済
2005,250cc,sylvain-guintoli,,Equipe GP de France - Scrab,アプリリア,,50,10,84,確認済
2005,250cc,yuki-takahashi,,Team Scot,ホンダ,,55,11,77,確認済
2005,250cc,alex-debon,,Wurth Honda BQR,ホンダ,,6,12,67,確認済
2005,250cc,roberto-locatelli,,Carrera Sunglasses - LCR,アプリリア,,15,13,61,確認済
2005,250cc,simone-corsi,,MS Aprilia Italia Corse,アプリリア,,24,14,59,確認済
2005,250cc,mirko-giansanti,,Matteoni Racing,アプリリア,,32,15,36,確認済
2005,250cc,chaz-davies,,Aprilia Germany,アプリリア,,57,16,32,確認済
2005,250cc,anthony-west,,Red Bull KTM GP250,KTM,,14,17,30,確認済
2005,250cc,alex-baldolini,,Campetella Racing,アプリリア,,25,18,25,確認済
2005,250cc,andrea-ballerini,,Abruzzo Racing Team,アプリリア,,8,19,19,確認済
2005,250cc,jakub-smrz,,Arie Molenaar Racing,ホンダ,,96,20,19,確認済
2005,250cc,taro-sekiguchi,,Campetella Racing,アプリリア,,44,21,13,確認済
2005,250cc,dirk-heidolf,,Kiefer-Bos-Castrol Honda,ホンダ,,28,22,13,確認済
2005,250cc,steve-jenkner,,Nocable.it Race,アプリリア,,17,23,13,確認済
2005,250cc,radomil-rous,,Wurth Honda BQR,ホンダ,,64,24,11,確認済
2005,250cc,martin-cardenas,,Aprilia Germany,アプリリア,,36,25,9,確認済
2005,250cc,gregory-leblanc,,Equipe GP de France - Scrab,アプリリア,,38,26,6,確認済
2005,250cc,erwan-nigon,,Team Yamaha Kurz,ヤマハ,,63,27,3,確認済
2005,250cc,hugo-marchand,,Campetella Racing,アプリリア,,9,28,3,確認済
2005,250cc,alvaro-molina,,Andalucia Mas Racing,アプリリア,,41,,,確認済
2005,250cc,andreas-martensson,,Team Kurz Prista Oil,ヤマハ,,26,,,確認済
2005,250cc,arnaud-vincent,,Scuderia Fantic Motor GP,ファンティック,,21,,,確認済
2005,250cc,arturo-tizon,,Wurth Honda BQR,ホンダ,,33,,,確認済
2005,250cc,franz-aschenbrenner,,Mototechnic Castrol Racing,ホンダ,,16,,,確認済
2005,250cc,frederik-watz,,Yamaha Kurz,ヤマハ,,18,,,確認済
2005,250cc,gabor-rizmayer,,Yamaha Kurz,ヤマハ,,12,,,確認済
2005,250cc,gabriele-ferro,,Scuderia Fantic Motor GP,ファンティック,,20,,,確認済
2005,250cc,hans-smees,,Jaap Kingma Racing,アプリリア,,66,,,確認済
2005,250cc,jarno-ronzoni,,Nocable.it Race,アプリリア,,71,,,確認済
2005,250cc,kouki-takahashi,,Dydo Miu Racing Team,ホンダ,,93,,,確認済
2005,250cc,mamoru-akiya,,Team Moto Space,ヤマハ,,77,,,確認済
2005,250cc,masaki-tokudome,,Henkel Danke J Racing,ヤマハ,,79,,,確認済
2005,250cc,mathieu-gines,,Equipe GP de France - Scrab,アプリリア,,56,,,確認済
2005,250cc,michal-filla,,Sramek Racing Promotion,アプリリア,,70,,,確認済
2005,250cc,michele-danese,,Campetella Racing,アプリリア,,45,,,確認済
2005,250cc,nicklas-cajback,,Team Kurz Prista Oil,ヤマハ,,23,,,確認済
2005,250cc,randy-gevers,,De Arand Filart Racing,アプリリア,,67,,,確認済
2005,250cc,ryuji-yokoe,,RT Morinokumasan Sato Jyuku,ヤマハ,,78,,,確認済
2005,250cc,shi-zhao-huang,,Team Yamaha China Tianjian,ヤマハ,,58,,,確認済
2005,250cc,shuhei-aoyama,,Team Harc-Pro,ホンダ,,,,,確認済
2005,250cc,thomas-walter,,NRG Racing,ホンダ,,52,,,確認済
2005,250cc,yves-polzer,,Sebring Mas Racing,アプリリア,,42,,,確認済
2005,250cc,zheng-peng-li,,Zongshen Team of China,アプリリア,,61,,,確認済
2005,250cc,zhu-wang,,Zongshen Team of China,アプリリア,,60,,,確認済
2005,250cc,zi-xian-he,,Team Yamaha China Tianjian,ヤマハ,,62,,,確認済
2005,125cc,thomas-luthi,,Elit Grand Prix,ホンダ,,12,1,242,確認済
2005,125cc,mika-kallio,,Red Bull KTM GP125,KTM,,36,2,237,確認済
2005,125cc,gabor-talmacsi,,Red Bull KTM GP125,KTM,,14,3,198,確認済
2005,125cc,mattia-pasini,,Totti Top Sport - NGS,アプリリア,,75,4,183,確認済
2005,125cc,marco-simoncelli,,Nocable.it Race,アプリリア,,58,5,177,確認済
2005,125cc,fabrizio-lai,,Kopron Racing World,ホンダ,,32,6,141,確認済
2005,125cc,julian-simon,,Red Bull KTM GP125,KTM,,60,7,123,確認済
2005,125cc,tomoyoshi-koyama,,Ajo Motorsport,ホンダ,,71,8,119,確認済
2005,125cc,hector-faubel,,Master Aspar,アプリリア,,55,9,113,確認済
2005,125cc,manuel-poggiali,,Metis Racing Team,ジレラ,,54,10,107,確認済
2005,125cc,mike-di-meglio,,Kopron Racing World,ホンダ,,63,11,104,確認済
2005,125cc,sergio-gadea,,Master Aspar,アプリリア,,33,12,68,確認済
2005,125cc,pablo-nieto,,Caja Madrid - Derbi Racing,デルビ,,22,13,64,確認済
2005,125cc,joan-olive,,Nocable.it Race,アプリリア,,6,14,60,確認済
2005,125cc,alvaro-bautista,,Seedorf RC3 - Tiempo Holidays,ホンダ,,19,15,47,確認済
2005,125cc,aleix-espargaro,,Seedorf RC3 - Tiempo Holidays,ホンダ,,41,16,36,確認済
2005,125cc,lorenzo-zanetti,,Skilled I.S.P.A. Racing Team,アプリリア,,8,17,30,確認済
2005,125cc,alexis-masbou,,Ajo Motorsport,ホンダ,,7,18,28,確認済
2005,125cc,lukas-pesek,,Metis Racing Team,デルビ,,52,19,25,確認済
2005,125cc,andrea-iannone,,Abruzzo Racing Team,アプリリア,,29,20,20,確認済
2005,125cc,toshihisa-kuzuhara,,Angaia Racing,ホンダ,,9,21,17,確認済
2005,125cc,angel-rodriguez,,LG Mobile Galicia Team,ホンダ,,47,22,16,確認済
2005,125cc,raffaele-de-rosa,,Matteoni Racing,アプリリア,,35,23,13,確認済
2005,125cc,manuel-hernandez,,Totti Top Sport - NGS,アプリリア,,43,24,12,確認済
2005,125cc,michael-ranseder,,Red Bull ADAC KTM Juniors,KTM,,76,25,12,確認済
2005,125cc,sandro-cortese,,Kiefer-Bos-Castrol Honda,ホンダ,,11,26,8,確認済
2005,125cc,dan-linfoot,,KRP/teamlinfootracing.com,ホンダ,,94,27,7,確認済
2005,125cc,imre-toth,,Team Toth,アプリリア,,45,28,7,確認済
2005,125cc,jordi-carchano,,MVA Aspar,アプリリア,,28,29,6,確認済
2005,125cc,michele-conti,,Kuja Racing,ホンダ,,61,30,5,確認済
2005,125cc,christian-elkin,,E3 Motorsport,ホンダ,,56,31,4,確認済
2005,125cc,dario-giuseppetti,,Semprucci Blauer USA,アプリリア,,25,32,4,確認済
2005,125cc,michele-pirro,,Malaguti Reparto Corse,マラグーティ,,15,33,3,確認済
2005,125cc,enrique-jerez,,Caja Madrid - Derbi Racing,デルビ,,51,34,2,確認済
2005,125cc,stefan-bradl,,Red Bull ADAC KTM Juniors,KTM,,77,35,1,確認済
2005,125cc,nicolas-terol,,Caja Madrid - Derbi Racing,デルビ,,18,36,1,確認済
2005,125cc,alexis-michel,,Teams RMS Bigstore,ホンダ,,90,,,確認済
2005,125cc,arata-mori,,Team Harc-Pro,ホンダ,,66,,,確認済
2005,125cc,blake-leigh-smith,,Leigh-Smith Racing,ホンダ,,69,,,確認済
2005,125cc,daniel-saez,,Totti Top Sport - NGS,アプリリア,,49,,,確認済
2005,125cc,david-bonache,,LG Mobile Ssmracing,ホンダ,,48,,,確認済
2005,125cc,doni-tata-pradita,,Yamaha Indonesia,ヤマハ,,72,,,確認済
2005,125cc,federico-sandi,,Angaia Racing,ホンダ,,10,,,確認済
2005,125cc,gert-jan-kok,,Jan Bakker Auto's Elburg,ホンダ,,79,,,確認済
2005,125cc,gioele-pellino,,Malaguti Reparto Corse,マラグーティ,,42,,,確認済
2005,125cc,hiroaki-kuzuhara,,Jha Racing,ホンダ,,68,,,確認済
2005,125cc,hiroomi-iwata,,Club Plus One,ホンダ,,65,,,確認済
2005,125cc,ho-wan-chow,,Zongshen Racing Team,ホンダ,,39,,,確認済
2005,125cc,hugo-van-den-berg,,Varenhof Racing Team,アプリリア,,,,,確認済
2005,125cc,james-westmorland,,KRP/sunnybeachvillas.com,ホンダ,,95,,,確認済
2005,125cc,joey-litjens,,Litjens Racing,ホンダ,,37,,,確認済
2005,125cc,jules-cluzel,,Malaguti Reparto Corse,マラグーティ,,89,,,確認済
2005,125cc,julian-miralles,,MVA Aspar,アプリリア,,84,,,確認済
2005,125cc,karel-abraham,,AB Cardion Team,アプリリア,,44,,,確認済
2005,125cc,kazuki-hanafusa,,Team Harc-Pro,ホンダ,,67,,,確認済
2005,125cc,kev-coghlan,,UK1 Racing,ホンダ,,96,,,確認済
2005,125cc,lorenzo-baroni,,RCGM Team FMI,アプリリア,,91,,,確認済
2005,125cc,luca-verdini,,RCGM Team FMI,アプリリア,,92,,,確認済
2005,125cc,lukas-razek,,Heron Racing Team,ホンダ,,97,,,確認済
2005,125cc,manuel-mickan,,ADAC Sachsen Juniors,ホンダ,,98,,,確認済
2005,125cc,mateo-tunez,,MVA Aspar,アプリリア,,46,,,確認済
2005,125cc,mathieu-gines,,Tecmas Balladins Racing,ホンダ,,74,,,確認済
2005,125cc,mathieu-lussiana,,Equipe de France Espoire,ホンダ,,88,,,確認済
2005,125cc,nico-vivarelli,,Racing Service,ホンダ,,93,,,確認済
2005,125cc,patrick-unger,,Motorrad Unger Racing,アプリリア,,13,,,確認済
2005,125cc,patrik-vostarek,,Omv Team Hanusch,ホンダ,,87,,,確認済
2005,125cc,raymond-schouten,,Arie Molenaar Racing,ホンダ,,16,,,確認済
2005,125cc,rob-guiver,,www.spi2racing.com,ホンダ,,57,,,確認済
2005,125cc,sascha-hommel,,Malaguti Reparto Corse,マラグーティ,,31,,,確認済
2005,125cc,takumi-takahashi,,Arie Molenaar Racing,ホンダ,,20,,,確認済
2005,125cc,thomas-mayer,,Mayer Racing Passau,アプリリア,,99,,,確認済
2005,125cc,tito-rabat,,Wurth Honda BQR,ホンダ,,59,,,確認済
2005,125cc,tom-hatton,,Allect Racing,ホンダ,,81,,,確認済
2005,125cc,vincent-braillard,,Team Toth,アプリリア,,26,,,確認済
2005,125cc,wai-on-cheung,,Ajo Motorsport,ホンダ,,38,,,確認済
2005,125cc,yannick-deschamps,,TVX Racing,ホンダ,,73,,,確認済
2005,125cc,yuki-hamamoto,,Hamamoto Racing Team,ホンダ,,64,,,確認済
2006,MotoGP,nicky-hayden,honda-hrc,Repsol Honda Team,ホンダ,RC211V,69,1,252,確認済
2006,MotoGP,valentino-rossi,yamaha-factory,Camel Yamaha Team,ヤマハ,YZR-M1,46,2,247,確認済
2006,MotoGP,loris-capirossi,ducati-lenovo,Ducati Marlboro Team,ドゥカティ,デスモセディチ,65,3,229,確認済
2006,MotoGP,marco-melandri,gresini,Fortuna Honda,ホンダ,RC211V,33,4,228,確認済
2006,MotoGP,dani-pedrosa,honda-hrc,Repsol Honda Team,ホンダ,RC211V,26,5,215,確認済
2006,MotoGP,kenny-roberts-jr,team-kr,Team Roberts,プロトンKR,RC211V,10,6,134,確認済
2006,MotoGP,colin-edwards,yamaha-factory,Camel Yamaha Team,ヤマハ,YZR-M1,5,7,124,確認済
2006,MotoGP,casey-stoner,lcr,Honda LCR,ホンダ,RC211V,27,8,119,確認済
2006,MotoGP,toni-elias,gresini,Fortuna Honda,ホンダ,RC211V,24,9,116,確認済
2006,MotoGP,john-hopkins,suzuki-factory,Rizla Suzuki MotoGP,スズキ,GSV-R,21,10,116,確認済
2006,MotoGP,chris-vermeulen,suzuki-factory,Rizla Suzuki MotoGP,スズキ,GSV-R,71,11,98,確認済
2006,MotoGP,makoto-tamada,jir,Konica Minolta Honda,ホンダ,RC211V,6,12,96,確認済
2006,MotoGP,sete-gibernau,ducati-lenovo,Ducati Marlboro Team,ドゥカティ,デスモセディチ,15,13,95,確認済
2006,MotoGP,shinya-nakano,kawasaki-factory,Kawasaki Racing Team,カワサキ,ZX-RR,56,14,92,確認済
2006,MotoGP,carlos-checa,tech3,Tech 3 Yamaha,ヤマハ,YZR-M1,7,15,75,確認済
2006,MotoGP,randy-de-puniet,kawasaki-factory,Kawasaki Racing Team,カワサキ,ZX-RR,17,16,37,確認済
2006,MotoGP,alex-hofmann,pramac,Pramac d'Antin MotoGP,ドゥカティ,デスモセディチ,66,17,30,確認済
2006,MotoGP,james-ellison,tech3,Tech 3 Yamaha,ヤマハ,YZR-M1,77,18,26,確認済
2006,MotoGP,troy-bayliss,ducati-lenovo,Ducati Marlboro Team,ドゥカティ,デスモセディチ,12,19,25,確認済
2006,MotoGP,jose-luis-cardoso,pramac,Pramac d'Antin MotoGP,ドゥカティ,デスモセディチ,30,20,10,確認済
2006,MotoGP,garry-mccoy,srt-rnf,Ilmor SRT,イルモア,YZR-M1,8,22,2,確認済
2006,MotoGP,ivan-silva,,Pramac d'Antín MotoGP,ドゥカティ,,22,,,確認済
2006,MotoGP,kousuke-akiyoshi,suzuki-factory,Team Suzuki MotoGP,スズキ,GSV-R,64,,,確認済
2006,MotoGP,naoki-matsudo,,Kawasaki,カワサキ,,8,,,確認済
2006,250cc,jorge-lorenzo,,Fortuna Aprilia,アプリリア,,48,1,289,確認済
2006,250cc,andrea-dovizioso,,Humangest Racing Team,ホンダ,,34,2,272,確認済
2006,250cc,alex-de-angelis,,Master - MVA Aspar Team,アプリリア,,7,3,228,確認済
2006,250cc,hiroshi-aoyama,,Red Bull KTM GP 250,KTM,,4,4,193,確認済
2006,250cc,roberto-locatelli,,Team Toth,アプリリア,,15,5,191,確認済
2006,250cc,yuki-takahashi,,Humangest Racing Team,ホンダ,,55,6,156,確認済
2006,250cc,hector-barbera,,Fortuna Aprilia,アプリリア,,80,7,152,確認済
2006,250cc,shuhei-aoyama,,Repsol Honda,ホンダ,,73,8,99,確認済
2006,250cc,sylvain-guintoli,,Equipe GP De France - Scrab,アプリリア,,50,9,96,確認済
2006,250cc,marco-simoncelli,,Squadra Corse Metis Gilera,ジレラ,,58,10,92,確認済
2006,250cc,anthony-west,,Kiefer - Bos - Racing,アプリリア,,14,11,78,確認済
2006,250cc,jakub-smrz,,Cardion AB Motoracing,アプリリア,,96,12,58,確認済
2006,250cc,alex-debon,,Aprilia Racing,アプリリア,,6,13,50,確認済
2006,250cc,manuel-poggiali,,Red Bull KTM GP 250,KTM,,54,14,50,確認済
2006,250cc,martin-cardenas,,Wurth Honda BQR,ホンダ,,36,15,37,確認済
2006,250cc,alex-baldolini,,Matteoni Racing,アプリリア,,25,16,26,確認済
2006,250cc,andrea-ballerini,,Campetella Racing,アプリリア,,8,17,24,確認済
2006,250cc,aleix-espargaro,,Wurth Honda BQR,ホンダ,,42,19,20,確認済
2006,250cc,jules-cluzel,,Equipe GP De France - Scrab,アプリリア,,16,20,15,確認済
2006,250cc,dirk-heidolf,,Kiefer - Bos - Racing,アプリリア,,28,21,15,確認済
2006,250cc,arturo-tizon,,Wurth Honda BQR,ホンダ,,23,23,11,確認済
2006,250cc,jose-david-de-gea,,Repsol Honda,ホンダ,,52,24,9,確認済
2006,250cc,fabricio-perren,,Stop And Go Racing Team,ホンダ,,37,27,7,確認済
2006,250cc,jordi-carchano,,WTR Blauer USA,アプリリア,,24,29,4,確認済
2006,250cc,taro-sekiguchi,,Campetella Racing,アプリリア,,44,31,3,確認済
2006,250cc,chaz-davies,,TicinoHosting Campetella Racin,アプリリア,,57,32,3,確認済
2006,250cc,luca-morelli,,Nocable Angaia Racing,アプリリア,,22,33,2,確認済
2006,250cc,alvaro-molina,,Andalucia Team Mas,アプリリア,,31,34,2,確認済
2006,250cc,alessandro-brannetti,,Arie Molenaar Racing,ホンダ,,65,,,確認済
2006,250cc,alessio-palumbo,,Matteoni Racing,アプリリア,,85,,,確認済
2006,250cc,andreas-martensson,,Ewes Racing Team,アプリリア,,79,,,確認済
2006,250cc,arnaud-vincent,,Arie Molenaar Racing,ホンダ,,21,,,確認済
2006,250cc,bram-appelo,,Racing Team Twello Jaap King,ホンダ,,69,,,確認済
2006,250cc,chi-fung-ho,,China Zongshen Team,アプリリア,,59,,,確認済
2006,250cc,dan-linfoot,,Teng Tools Winona Racing,ホンダ,,45,,,確認済
2006,250cc,franco-battaini,,Campetella Racing,アプリリア,,9,,,確認済
2006,250cc,franz-aschenbrenner,,Kiefer - Bos - Racing,アプリリア,,17,,,確認済
2006,250cc,hans-smees,,Jaap Kingma Racing,アプリリア,,66,,,確認済
2006,250cc,jan-roelofs,,Roelofs Racing Team,ヤマハ,,71,,,確認済
2006,250cc,jin-xiao,,Yamaha Tianjian Racing Team,ヤマハ,,63,,,確認済
2006,250cc,joao-fernandes,,China Zongshen Team,アプリリア,,32,,,確認済
2006,250cc,kenni-aggerholm,,Danish Road Racing Team,ヤマハ,,84,,,確認済
2006,250cc,kouki-takahashi,,DyDo MIU Racing,ホンダ,,93,,,確認済
2006,250cc,luke-lawrence,,BM Groundworks,ヤマハ,,75,,,確認済
2006,250cc,meik-kevin-minnerop,,IMT Racing,ホンダ,,78,,,確認済
2006,250cc,michal-filla,,Sramek Racing Promotion,ヤマハ,,82,,,確認済
2006,250cc,michele-danese,,WTR Blauer USA,アプリリア,,41,,,確認済
2006,250cc,nicklas-cajback,,Agesta Racing,アプリリア,,67,,,確認済
2006,250cc,omar-menghi,,VFT Racing,アプリリア,,64,,,確認済
2006,250cc,randy-gevers,,DE Arend - Filart Racing,アプリリア,,68,,,確認済
2006,250cc,ratthapark-wilairot,,Thai Honda Castrol Endurance,ホンダ,,87,,,確認済
2006,250cc,raymond-schouten,,Amici Racing,ホンダ,,70,,,確認済
2006,250cc,rong-zai-su,,China Zongshen Team,アプリリア,,56,,,確認済
2006,250cc,ryuji-yokoe,,RT Morinokumasan Sendai,ヤマハ,,86,,,確認済
2006,250cc,santiago-barragan,,Extremadura Junior,ホンダ,,53,,,確認済
2006,250cc,sebastian-porto,,Repsol Honda,ホンダ,,19,,,確認済
2006,250cc,seijin-oikawa,,Will Access With Plus Myu,ヤマハ,,89,,,確認済
2006,250cc,shi-zhao-huang,,Yamaha Tianjian Racing Team,ヤマハ,,62,,,確認済
2006,250cc,sinan-sofuoglu,,Wurth Honda BQR,ホンダ,,40,,,確認済
2006,250cc,takumi-takahashi,,Burning Blood,ホンダ,,20,,,確認済
2006,250cc,youichi-ui,,Pro-Tec & Weave,ヤマハ,,88,,,確認済
2006,250cc,zhu-wang,,Benelli QJ Team of China,アプリリア,,60,,,確認済
2006,125cc,alvaro-bautista,,Master - MVA Aspar Team,アプリリア,,19,1,338,確認済
2006,125cc,mika-kallio,,Red Bull KTM GP 125,KTM,,36,2,262,確認済
2006,125cc,hector-faubel,,Master - MVA Aspar Team,アプリリア,,55,3,197,確認済
2006,125cc,mattia-pasini,,Master - MVA Aspar Team,アプリリア,,75,4,192,確認済
2006,125cc,sergio-gadea,,Master - MVA Aspar Team,アプリリア,,33,5,160,確認済
2006,125cc,lukas-pesek,,Derbi Racing,デルビ,,52,6,154,確認済
2006,125cc,gabor-talmacsi,,Humangest Racing Team,ホンダ,,14,7,119,確認済
2006,125cc,thomas-luthi,,Elit - Caffe Latte,ホンダ,,1,8,113,確認済
2006,125cc,julian-simon,,Red Bull KTM GP 125,KTM,,60,9,97,確認済
2006,125cc,joan-olive,,SSM Racing,アプリリア,,6,10,85,確認済
2006,125cc,fabrizio-lai,,Valsir Seedorf Racing,ホンダ,,32,11,83,確認済
2006,125cc,simone-corsi,,Squadra Corse Metis Gilera,ジレラ,,24,12,79,確認済
2006,125cc,pablo-nieto,,Multimedia Racing,アプリリア,,22,13,66,確認済
2006,125cc,nicolas-terol,,Derbi Racing,デルビ,,18,14,53,確認済
2006,125cc,tomoyoshi-koyama,,Malaguti Ajo Corse,マラグーティ,,71,15,49,確認済
2006,125cc,raffaele-de-rosa,,Multimedia Racing,アプリリア,,35,16,37,確認済
2006,125cc,sandro-cortese,,Elit - Caffe Latte,ホンダ,,11,17,23,確認済
2006,125cc,bradley-smith,,Repsol Honda,ホンダ,,38,19,20,確認済
2006,125cc,pol-espargaro,,Campetella Racing Junior,デルビ,,42,20,19,確認済
2006,125cc,lorenzo-zanetti,,Skilled I.S.P.A. Racing Team,アプリリア,,8,21,19,確認済
2006,125cc,andrea-iannone,,Campetella Racing Junior,アプリリア,,29,22,15,確認済
2006,125cc,tito-rabat,,Wurth Honda BQR,ホンダ,,34,23,11,確認済
2006,125cc,karel-abraham,,Cardion AB Motoracing,アプリリア,,44,24,8,確認済
2006,125cc,mike-di-meglio,,FFM Honda Grand Prix 125,ホンダ,,63,25,8,確認済
2006,125cc,stefan-bradl,,Red Bull KTM Junior Team,KTM,,17,26,4,確認済
2006,125cc,federico-sandi,,SSM Racing,アプリリア,,12,27,4,確認済
2006,125cc,manuel-hernandez,,Nocable Angaia Racing,アプリリア,,43,28,4,確認済
2006,125cc,hiroaki-kuzuhara,,WTR Blauer USA,アプリリア,,90,30,1,確認済
2006,125cc,aleix-espargaro,,Wurth Honda BQR,ホンダ,,41,,,確認済
2006,125cc,alex-lowes,,Double Vision Racing,ホンダ,,64,,,確認済
2006,125cc,alexis-masbou,,Malaguti Ajo Corse,マラグーティ,,7,,,確認済
2006,125cc,angel-rodriguez,,3C Racing,アプリリア,,10,,,確認済
2006,125cc,anthony-rogers,,KRP,ホンダ,,66,,,確認済
2006,125cc,blake-leigh-smith,,Red Bull KTM Junior Team,KTM,,67,,,確認済
2006,125cc,clement-dunikowski,,FFM Honda Grand Prix 125,ホンダ,,83,,,確認済
2006,125cc,daniel-cooper,,KRP/dancoopers96.com,ホンダ,,96,,,確認済
2006,125cc,daniel-saez,,Quinto Almoradi,アプリリア,,77,,,確認済
2006,125cc,daniele-rossi,,Ticinohosting-MTR,ホンダ,,88,,,確認済
2006,125cc,dino-lombardi,,3C Racing,アプリリア,,13,,,確認済
2006,125cc,dominique-aegerter,,Multimedia Racing,アプリリア,,25,,,確認済
2006,125cc,doni-tata-pradita,,Yamaha Indonesia,ヤマハ,,80,,,確認済
2006,125cc,enrique-jerez,,WTR Blauer USA,アプリリア,,79,,,確認済
2006,125cc,eric-hubsch,,Sachsenring-Motorrad Unger,アプリリア,,72,,,確認済
2006,125cc,georg-frohlich,,Abbink Bos Racing,ホンダ,,95,,,確認済
2006,125cc,gert-jan-kok,,Jan Bakker Auto's Racing,ホンダ,,93,,,確認済
2006,125cc,hiroomi-iwata,,Plus One,ホンダ,,50,,,確認済
2006,125cc,ho-wan-chow,,China Zongshen Team,ホンダ,,86,,,確認済
2006,125cc,hugo-van-den-berg,,Varenhof Racing Team,アプリリア,,,,,確認済
2006,125cc,imre-toth,,Team Toth,アプリリア,,45,,,確認済
2006,125cc,iori-namihira,,Honda Suzuka Racing,ホンダ,,51,,,確認済
2006,125cc,ivan-maestro,,Lambea TMM Racing,ホンダ,,76,,,確認済
2006,125cc,joey-litjens,,Arie Molenaar Racing,ホンダ,,37,,,確認済
2006,125cc,kazuma-watanabe,,Humangest Racing Team,ホンダ,,49,,,確認済
2006,125cc,kazuya-otani,,Malaguti Ajo Corse,マラグーティ,,73,,,確認済
2006,125cc,kyle-kentish,,www.sp125racing.com,ホンダ,,65,,,確認済
2006,125cc,lorenzo-baroni,,Humangest Racing Team,ホンダ,,23,,,確認済
2006,125cc,luca-verdini,,RCGM Team,アプリリア,,91,,,確認済
2006,125cc,mateo-tunez,,Master - MVA Aspar Team,アプリリア,,21,,,確認済
2006,125cc,mathieu-lussiana,,Villiers Team Competition,ホンダ,,82,,,確認済
2006,125cc,michael-ranseder,,Red Bull KTM Junior Team,KTM,,9,,,確認済
2006,125cc,michal-prasek,,Roha'c & Fejta,ホンダ,,70,,,確認済
2006,125cc,michal-sembera,,Kuja Racing,ホンダ,,69,,,確認済
2006,125cc,michele-conti,,Valsir Seedorf Racing,ホンダ,,16,,,確認済
2006,125cc,michele-pirro,,WTR Blauer USA,アプリリア,,15,,,確認済
2006,125cc,nico-vivarelli,,Racing Service,ホンダ,,89,,,確認済
2006,125cc,patrick-van-de-waarsenburg,,Lemstra Racing,ホンダ,,94,,,確認済
2006,125cc,pere-tutusaus,,RACC Derbi,デルビ,,30,,,確認済
2006,125cc,randy-krummenacher,,Red Bull KTM GP 125,KTM,,54,,,確認済
2006,125cc,rhys-moller,,Rhys Moller Racing,ホンダ,,59,,,確認済
2006,125cc,robert-muresan,,Las Vegas Team Romania,アプリリア,,81,,,確認済
2006,125cc,roberto-lacalendola,,3C Racing,アプリリア,,87,,,確認済
2006,125cc,roberto-tamburini,,Matteoni Racing,アプリリア,,20,,,確認済
2006,125cc,robin-lasser,,Red Bull Adac KTM Junior,KTM,,61,,,確認済
2006,125cc,shoya-tomizawa,,FRS,ホンダ,,47,,,確認済
2006,125cc,simone-grotzkyj,,Campetella Racing Junior,アプリリア,,53,,,確認済
2006,125cc,stefano-musco,,Humangest Racing Team,ホンダ,,56,,,確認済
2006,125cc,thomas-mayer,,Mayer-Racing Passau,アプリリア,,68,,,確認済
2006,125cc,toni-wirsing,,Honda Schumann Reisen,ホンダ,,98,,,確認済
2006,125cc,toshihisa-kuzuhara,,S-way,ホンダ,,48,,,確認済
2006,125cc,vincent-braillard,,Multimedia Racing,アプリリア,,26,,,確認済
2006,125cc,yannick-deschamps,,TVX Racing-CTR Distribution,ホンダ,,85,,,確認済
2007,MotoGP,casey-stoner,ducati-lenovo,Ducati Marlboro Team,ドゥカティ,デスモセディチ,27,1,367,確認済
2007,MotoGP,dani-pedrosa,honda-hrc,Repsol Honda Team,ホンダ,RC212V,26,2,242,確認済
2007,MotoGP,valentino-rossi,yamaha-factory,Fiat Yamaha Team,ヤマハ,YZR-M1,46,3,241,確認済
2007,MotoGP,john-hopkins,suzuki-factory,Rizla Suzuki MotoGP,スズキ,GSV-R,21,4,189,確認済
2007,MotoGP,marco-melandri,gresini,Honda Gresini,ホンダ,RC212V,33,5,187,確認済
2007,MotoGP,chris-vermeulen,suzuki-factory,Rizla Suzuki MotoGP,スズキ,GSV-R,71,6,179,確認済
2007,MotoGP,loris-capirossi,ducati-lenovo,Ducati Marlboro Team,ドゥカティ,デスモセディチ,65,7,166,確認済
2007,MotoGP,nicky-hayden,honda-hrc,Repsol Honda Team,ホンダ,RC212V,1,8,127,確認済
2007,MotoGP,colin-edwards,yamaha-factory,Fiat Yamaha Team,ヤマハ,YZR-M1,5,9,124,確認済
2007,MotoGP,alex-barros,pramac,Pramac d'Antin,ドゥカティ,デスモセディチ,4,10,115,確認済
2007,MotoGP,randy-de-puniet,kawasaki-factory,Kawasaki Racing Team,カワサキ,ZX-RR,14,11,108,確認済
2007,MotoGP,toni-elias,gresini,Honda Gresini,ホンダ,RC212V,24,12,104,確認済
2007,MotoGP,alex-hofmann,pramac,Pramac d'Antin,ドゥカティ,デスモセディチ,66,13,65,確認済
2007,MotoGP,carlos-checa,lcr,Honda LCR,ホンダ,RC212V,7,14,65,確認済
2007,MotoGP,anthony-west,kawasaki-factory,Kawasaki Racing Team,カワサキ,ZX-RR,13,15,59,確認済
2007,MotoGP,sylvain-guintoli,tech3,Dunlop Yamaha Tech 3,ヤマハ,YZR-M1,50,16,50,確認済
2007,MotoGP,shinya-nakano,jir,Konica Minolta Honda,ホンダ,RC212V,56,17,47,確認済
2007,MotoGP,makoto-tamada,tech3,Dunlop Yamaha Tech 3,ヤマハ,YZR-M1,6,18,38,確認済
2007,MotoGP,kurtis-roberts,team-kr,Team Roberts,プロトンKR,RC212V,80,19,10,確認済
2007,MotoGP,roger-lee-hayden,,Kawasaki Racing Team,カワサキ,,95,20,6,確認済
2007,MotoGP,michel-fabrizio,gresini,Honda Gresini,ホンダ,RC212V,84,21,6,確認済
2007,MotoGP,fonsi-nieto,kawasaki-factory,Kawasaki Racing Team,カワサキ,ZX-RR,11,22,5,確認済
2007,MotoGP,olivier-jacque,kawasaki-factory,Kawasaki Racing Team,カワサキ,ZX-RR,19,23,4,確認済
2007,MotoGP,kenny-roberts-jr,team-kr,Team Roberts,プロトンKR,RC212V,10,24,4,確認済
2007,MotoGP,nobuatsu-aoki,,Rizla Suzuki MotoGP,スズキ,,9,25,3,確認済
2007,MotoGP,shinichi-ito,,Pramac d'Antin,ドゥカティ,,72,26,1,確認済
2007,MotoGP,akira-yanagawa,,Kawasaki Racing Team,カワサキ,,87,,,確認済
2007,MotoGP,andrew-pitt,ilmor,Ilmor GP,イルモア,,88,,,確認済
2007,MotoGP,chaz-davies,pramac,Pramac d'Antin,ドゥカティ,デスモセディチ,57,,,確認済
2007,MotoGP,ivan-silva,,Pramac d'Antin,ドゥカティ,,22,,,確認済
2007,MotoGP,jeremy-mcwilliams,ilmor,Ilmor GP,イルモア,,99,,,確認済
2007,MotoGP,kousuke-akiyoshi,,Rizla Suzuki MotoGP,スズキ,,64,,,確認済
2007,MotoGP,miguel-duhamel,gresini,Honda Gresini,ホンダ,RC212V,17,,,確認済
2007,250cc,jorge-lorenzo,,Fortuna Aprilia,アプリリア,,1,1,312,確認済
2007,250cc,andrea-dovizioso,,Kopron Team Scot,ホンダ,,34,2,260,確認済
2007,250cc,alex-de-angelis,,Master - Mapfre Aspar,アプリリア,,3,3,235,確認済
2007,250cc,alvaro-bautista,,Master - Mapfre Aspar,アプリリア,,19,4,181,確認済
2007,250cc,hector-barbera,,Team Toth Aprilia,アプリリア,,80,5,177,確認済
2007,250cc,hiroshi-aoyama,,Red Bull KTM 250,KTM,,4,6,160,確認済
2007,250cc,mika-kallio,,Red Bull KTM 250,KTM,,36,7,157,確認済
2007,250cc,thomas-luthi,,Emmi - Caffe Latte Aprilia,アプリリア,,12,8,133,確認済
2007,250cc,julian-simon,,Repsol Honda 250cc,ホンダ,,60,9,123,確認済
2007,250cc,marco-simoncelli,,Metis Gilera,ジレラ,,58,10,97,確認済
2007,250cc,yuki-takahashi,,Kopron Team Scot,ホンダ,,55,11,90,確認済
2007,250cc,shuhei-aoyama,,Repsol Honda 250cc,ホンダ,,73,12,90,確認済
2007,250cc,roberto-locatelli,,Metis Gilera,ジレラ,,15,13,59,確認済
2007,250cc,fabrizio-lai,,Campetella Racing,アプリリア,,32,14,49,確認済
2007,250cc,aleix-espargaro,,Blusens Aprilia,アプリリア,,41,15,47,確認済
2007,250cc,karel-abraham,,Cardion AB Motoracing,アプリリア,,17,16,31,確認済
2007,250cc,ratthapark-wilairot,,Thai Honda PTT-SAG,ホンダ,,8,17,30,確認済
2007,250cc,alex-debon,,Aprilia Racing,アプリリア,,6,18,27,確認済
2007,250cc,anthony-west,,Team Sicilia,アプリリア,,14,19,25,確認済
2007,250cc,dirk-heidolf,,Kiefer - Bos - Sotin Racing,アプリリア,,28,20,24,確認済
2007,250cc,jules-cluzel,,Angaia Racing,アプリリア,,16,21,19,確認済
2007,250cc,alex-baldolini,,Kiefer - Bos - Sotin Racing,アプリリア,,25,22,18,確認済
2007,250cc,taro-sekiguchi,,Campetella Racing,アプリリア,,44,23,13,確認済
2007,250cc,dan-linfoot,,Team Sicilia,アプリリア,,45,24,7,確認済
2007,250cc,eugene-laverty,,Honda LCR,ホンダ,,50,25,6,確認済
2007,250cc,seijin-oikawa,,Will Access With Plus Myu,ヤマハ,,76,26,4,確認済
2007,250cc,youichi-ui,,Malossi & Spruce & Pro-Tec,ヤマハ,,75,27,2,確認済
2007,250cc,imre-toth,,Team Toth Aprilia,アプリリア,,10,28,2,確認済
2007,250cc,efren-vazquez,,Blusens Aprilia,アプリリア,,7,29,1,確認済
2007,250cc,arturo-tizon,,Blusens Aprilia Germany,アプリリア,,9,30,1,確認済
2007,250cc,alvaro-molina,,Andalucia - GFC - MAS,アプリリア,,31,,,確認済
2007,250cc,doni-tata-pradita,,Yamaha Indonesia Pertamina R,ヤマハ,,35,,,確認済
2007,250cc,federico-sandi,,Team Sicilia,アプリリア,,21,,,確認済
2007,250cc,hans-smees,,Jaap Kingma,アプリリア,,72,,,確認済
2007,250cc,ho-wan-chow,,Zongshen Team of China,アプリリア,,89,,,確認済
2007,250cc,jin-xiao,,Yes! Yamaha Tianjian,ヤマハ,,63,,,確認済
2007,250cc,joshua-sommer,,Motorcyle Comp. Service,ホンダ,,18,,,確認済
2007,250cc,omar-menghi,,VET Racing,アプリリア,,64,,,確認済
2007,250cc,randy-gevers,,De Arend Racing,アプリリア,,68,,,確認済
2007,250cc,ronald-beitler,,Maro Racing,ホンダ,,69,,,確認済
2007,250cc,santiago-barragan,,Team Extremadura,ホンダ,,53,,,確認済
2007,250cc,takumi-takahashi,,Burning Blood Racing,ホンダ,,,,,確認済
2007,250cc,thomas-tallevi,,History Racing - TZ Club Italia,ヤマハ,,65,,,確認済
2007,250cc,thomas-walther,,AMC Schleizer Dreieck ADAC,ホンダ,,38,,,確認済
2007,250cc,toby-markham,,BM Groundworks,ヤマハ,,81,,,確認済
2007,250cc,yuki-hamamoto,,TEC-2 & Kyushukyoritsu Univ.,ヤマハ,,77,,,確認済
2007,125cc,gabor-talmacsi,,Bancaja Aspar,アプリリア,,14,1,282,確認済
2007,125cc,hector-faubel,,Bancaja Aspar,アプリリア,,55,2,277,確認済
2007,125cc,tomoyoshi-koyama,,Red Bull KTM 125,KTM,,71,3,193,確認済
2007,125cc,lukas-pesek,,Valsir Seedorf Derbi,デルビ,,52,4,182,確認済
2007,125cc,mattia-pasini,,Polaris World,アプリリア,,75,5,174,確認済
2007,125cc,simone-corsi,,Skilled Racing Team,アプリリア,,24,6,168,確認済
2007,125cc,sergio-gadea,,Bancaja Aspar,アプリリア,,33,7,160,確認済
2007,125cc,joan-olive,,Polaris World,アプリリア,,6,8,131,確認済
2007,125cc,pol-espargaro,,Belson Campetella Aprilia,アプリリア,,44,9,110,確認済
2007,125cc,bradley-smith,,Repsol Honda 125cc,ホンダ,,38,10,101,確認済
2007,125cc,tito-rabat,,Repsol Honda 125cc,ホンダ,,12,11,74,確認済
2007,125cc,michael-ranseder,,Ajo Motorsport,デルビ,,60,12,73,確認済
2007,125cc,randy-krummenacher,,Red Bull KTM 125,KTM,,34,13,69,確認済
2007,125cc,sandro-cortese,,Emmi - Caffe Latte Aprilia,アプリリア,,11,14,66,確認済
2007,125cc,pablo-nieto,,Blusens Aprilia,アプリリア,,22,15,57,確認済
2007,125cc,raffaele-de-rosa,,Multimedia Racing,アプリリア,,35,16,56,確認済
2007,125cc,mike-di-meglio,,Kopron Team Scot,ホンダ,,63,17,42,確認済
2007,125cc,stefan-bradl,,Blusens Aprilia,アプリリア,,17,18,39,確認済
2007,125cc,lorenzo-zanetti,,Team Sicilia,アプリリア,,8,19,30,確認済
2007,125cc,andrea-iannone,,WTR No Alcol Team,アプリリア,,29,20,26,確認済
2007,125cc,alexis-masbou,,FFM Honda GP 125,ホンダ,,7,21,25,確認済
2007,125cc,nicolas-terol,,Valsir Seedorf Derbi,デルビ,,18,22,19,確認済
2007,125cc,dominique-aegerter,,Multimedia Racing,アプリリア,,77,23,7,確認済
2007,125cc,stefano-bianco,,WTR No Alcol Team,アプリリア,,27,24,7,確認済
2007,125cc,stevie-bonsey,,Red Bull KTM 125,KTM,,51,25,4,確認済
2007,125cc,danny-webb,,De Graaf Grand Prix,ホンダ,,99,26,3,確認済
2007,125cc,georg-frohlich,,Abbink Bos Racing,ホンダ,,64,27,2,確認済
2007,125cc,enrique-jerez,,Kopron Team Scot,ホンダ,,31,28,2,確認済
2007,125cc,simone-grotzkyj,,Multimedia Racing,アプリリア,,53,29,1,確認済
2007,125cc,alen-gyorfi,,Superbike Guorsasagi M.S.E.,アプリリア,,40,,,確認済
2007,125cc,cyril-carrillo,,FFM Honda GP 125,ホンダ,,36,,,確認済
2007,125cc,daniel-saez,,Quinto Almoradi,アプリリア,,78,,,確認済
2007,125cc,dino-lombardi,,Kopron Team Scot,ホンダ,,13,,,確認済
2007,125cc,eric-hubsch,,Sachsenring Motorrad Unger,アプリリア,,65,,,確認済
2007,125cc,federico-biaggi,,Friba,フリバ,,80,,,確認済
2007,125cc,federico-sandi,,Skilled Racing Team,アプリリア,,15,,,確認済
2007,125cc,ferruccio-lamborghini,,Skilled Racing Team,アプリリア,,79,,,確認済
2007,125cc,ferry-stoffer,,Motorsportklazienaveen,ホンダ,,88,,,確認済
2007,125cc,glenn-scott,,WTR No Alcol Team,アプリリア,,68,,,確認済
2007,125cc,hugo-van-den-berg,,Blusens Aprilia,アプリリア,,,,,確認済
2007,125cc,iori-namihira,,Honda Suzuka Racing,ホンダ,,59,,,確認済
2007,125cc,ivan-maestro,,Matteoni Racing - TMM,アプリリア,,76,,,確認済
2007,125cc,jasper-iwema,,Abbink Bos Racing,ホンダ,,89,,,確認済
2007,125cc,joey-litjens,,De Graaf Grand Prix,ホンダ,,37,,,確認済
2007,125cc,julien-cartron,,Villiers Team Competition,ホンダ,,48,,,確認済
2007,125cc,karel-majek,,FGR 07 TEAM,FGR,,91,,,確認済
2007,125cc,karel-pesek,,Intermoto Czech,アプリリア,,92,,,確認済
2007,125cc,kazuma-watanabe,,Dydo Miu Racing,ホンダ,,74,,,確認済
2007,125cc,kev-coghlan,,Scot Racing Team,ホンダ,,54,,,確認済
2007,125cc,louis-rossi,,FFM Honda GP 125,ホンダ,,62,,,確認済
2007,125cc,luke-jones,,SP125/KGD Racing,ホンダ,,82,,,確認済
2007,125cc,michal-prasek,,Rohac & Fetja,ホンダ,,93,,,確認済
2007,125cc,nayuta-mizuno,,TEC-2 & Ogiya,ヤマハ,,69,,,確認済
2007,125cc,nikki-coates,,KRP,ホンダ,,83,,,確認済
2007,125cc,patrick-unger,,Sachsenring Motorrad Unger,アプリリア,,66,,,確認済
2007,125cc,patrick-van-de-waarsenburg,,Lemstra Racing,ホンダ,,72,,,確認済
2007,125cc,pere-tutusaus,,FMCV - Team Machado,アプリリア,,30,,,確認済
2007,125cc,philipp-eitzinger,,Wintex Racing Austria,ホンダ,,85,,,確認済
2007,125cc,ricard-cardus,,Racc Aprilia,アプリリア,,86,,,確認済
2007,125cc,robbie-stewart,,KRP,ホンダ,,84,,,確認済
2007,125cc,robert-muresan,,Ajo Motorsport,デルビ,,95,,,確認済
2007,125cc,roberto-lacalendola,,M.C. Terzo Bandini,アプリリア,,87,,,確認済
2007,125cc,roberto-tamburini,,Team Sicilia,アプリリア,,20,,,確認済
2007,125cc,romain-maitre,,TVX Racing - TJP,ホンダ,,46,,,確認済
2007,125cc,roy-pouw,,Cool Rental Racing TH,アプリリア,,90,,,確認済
2007,125cc,sebastien-eckner,,Adac Sachsen Junior Team,ホンダ,,67,,,確認済
2007,125cc,shoya-tomizawa,,Project Muy FRS,ホンダ,,58,,,確認済
2007,125cc,simone-sancioni,,RCGM Team,アプリリア,,42,,,確認済
2007,125cc,steven-le-coquen,,Villiers Team Competition,ホンダ,,47,,,確認済
2007,125cc,takaaki-nakagami,,Red Bull MotoGP Academy,ホンダ,,98,,,確認済
2007,125cc,tobias-siegert,,ADAC Nordbayern E.V.,アプリリア,,41,,,確認済
2007,125cc,tom-hayward,,KRP,ホンダ,,81,,,確認済
2007,125cc,toni-wirsing,,Honda Schumann Reisen,ホンダ,,94,,,確認済
2007,125cc,yuuichi-yanagisawa,,Metallico 18 Garage,ホンダ,,57,,,確認済
2008,MotoGP,valentino-rossi,yamaha-factory,Fiat Yamaha Team,ヤマハ,YZR-M1,46,1,373,確認済
2008,MotoGP,casey-stoner,ducati-lenovo,Ducati Marlboro Team,ドゥカティ,デスモセディチ,1,2,280,確認済
2008,MotoGP,dani-pedrosa,honda-hrc,Repsol Honda Team,ホンダ,RC212V,2,3,249,確認済
2008,MotoGP,jorge-lorenzo,yamaha-factory,Fiat Yamaha Team,ヤマハ,YZR-M1,48,4,190,確認済
2008,MotoGP,andrea-dovizioso,jir,JiR Team Scot MotoGP,ホンダ,RC212V,4,5,174,確認済
2008,MotoGP,nicky-hayden,honda-hrc,Repsol Honda Team,ホンダ,RC212V,69,6,155,確認済
2008,MotoGP,colin-edwards,tech3,Tech 3 Yamaha,ヤマハ,YZR-M1,5,7,144,確認済
2008,MotoGP,chris-vermeulen,suzuki-factory,Rizla Suzuki MotoGP,スズキ,GSV-R,7,8,128,確認済
2008,MotoGP,shinya-nakano,gresini,San Carlo Honda Gresini,ホンダ,RC212V,56,9,126,確認済
2008,MotoGP,loris-capirossi,suzuki-factory,Rizla Suzuki MotoGP,スズキ,GSV-R,65,10,118,確認済
2008,MotoGP,james-toseland,tech3,Tech 3 Yamaha,ヤマハ,YZR-M1,52,11,105,確認済
2008,MotoGP,toni-elias,pramac,Alice Team,ドゥカティ,デスモセディチ,24,12,92,確認済
2008,MotoGP,sylvain-guintoli,pramac,Alice Team,ドゥカティ,デスモセディチ,50,13,67,確認済
2008,MotoGP,alex-de-angelis,gresini,San Carlo Honda Gresini,ホンダ,RC212V,15,14,63,確認済
2008,MotoGP,randy-de-puniet,lcr,LCR Honda MotoGP,ホンダ,RC212V,14,15,61,確認済
2008,MotoGP,john-hopkins,kawasaki-factory,Kawasaki Racing Team,カワサキ,ZX-RR,21,16,57,確認済
2008,MotoGP,marco-melandri,ducati-lenovo,Ducati Marlboro Team,ドゥカティ,デスモセディチ,33,17,51,確認済
2008,MotoGP,anthony-west,kawasaki-factory,Kawasaki Racing Team,カワサキ,ZX-RR,13,18,50,確認済
2008,MotoGP,ben-spies,suzuki-factory,Rizla Suzuki MotoGP,スズキ,GSV-R,11,19,20,確認済
2008,MotoGP,jamie-hacking,kawasaki-factory,Kawasaki Racing Team,カワサキ,ZX-RR,12,20,5,確認済
2008,MotoGP,tadayuki-okada,honda-hrc,Repsol Honda Team,ホンダ,RC212V,8,21,2,確認済
2008,MotoGP,kousuke-akiyoshi,suzuki-factory,Rizla Suzuki MotoGP,スズキ,GSV-R,64,,,確認済
2008,MotoGP,nobuatsu-aoki,suzuki-factory,Rizla Suzuki MotoGP,スズキ,GSV-R,9,,,確認済
2008,250cc,marco-simoncelli,,Metis Gilera,ジレラ,,58,1,281,確認済
2008,250cc,alvaro-bautista,,Mapfre Aspar Team,アプリリア,,19,2,244,確認済
2008,250cc,mika-kallio,,Red Bull KTM 250,KTM,,36,3,196,確認済
2008,250cc,alex-debon,,Lotus Aprilia,アプリリア,,6,4,176,確認済
2008,250cc,yuki-takahashi,,JiR Team Scot 250,ホンダ,,72,5,167,確認済
2008,250cc,hector-barbera,,Team Toth Aprilia,アプリリア,,21,6,142,確認済
2008,250cc,hiroshi-aoyama,,Red Bull KTM 250,KTM,,4,7,139,確認済
2008,250cc,mattia-pasini,,Polaris World,アプリリア,,75,8,132,確認済
2008,250cc,roberto-locatelli,,Metis Gilera,ジレラ,,15,9,110,確認済
2008,250cc,julian-simon,,Repsol KTM 250cc,KTM,,60,10,109,確認済
2008,250cc,thomas-luthi,,Emmi - Caffe Latte,アプリリア,,12,11,108,確認済
2008,250cc,aleix-espargaro,,Lotus Aprilia,アプリリア,,41,12,92,確認済
2008,250cc,ratthapark-wilairot,,Thai Honda PTT SAG,ホンダ,,14,13,73,確認済
2008,250cc,hector-faubel,,Mapfre Aspar Team,アプリリア,,55,14,64,確認済
2008,250cc,lukas-pesek,,Auto Kelly - CP,アプリリア,,52,15,43,確認済
2008,250cc,karel-abraham,,Cardion AB Motoracing,アプリリア,,17,16,40,確認済
2008,250cc,alex-baldolini,,Matteoni Racing,アプリリア,,25,17,35,確認済
2008,250cc,fabrizio-lai,,Campetella Racing,ジレラ,,32,18,33,確認済
2008,250cc,manuel-poggiali,,Campetella Racing,ジレラ,,54,19,16,確認済
2008,250cc,imre-toth,,Team Toth Aprilia,アプリリア,,10,20,9,確認済
2008,250cc,eugene-laverty,,Blusens Aprilia,アプリリア,,50,21,8,確認済
2008,250cc,federico-sandi,,Zongshen Team of China,アプリリア,,90,22,6,確認済
2008,250cc,manuel-hernandez,,Blusens Aprilia,アプリリア,,43,23,5,確認済
2008,250cc,simone-grotzkyj,,Campetella Racing,ジレラ,,35,24,5,確認済
2008,250cc,daniel-arcas,,Blusens Aprilia,アプリリア,,92,25,2,確認済
2008,250cc,shoya-tomizawa,,Project U FRS,ホンダ,,66,26,2,確認済
2008,250cc,toni-wirsing,,Racing Team Germany,ホンダ,,94,27,2,確認済
2008,250cc,doni-tata-pradita,,Yamaha Pertamina Indonesia,ヤマハ,,45,28,1,確認済
2008,250cc,alen-gyorfi,,Motorcycle Competition Service,ホンダ,,93,,,確認済
2008,250cc,frederik-watz,,Jaap Kingma Racing,アプリリア,,64,,,確認済
2008,250cc,ho-wan-chow,,Zongshen Team of China,アプリリア,,89,,,確認済
2008,250cc,russel-gomez,,Blusens Aprilia,アプリリア,,7,,,確認済
2008,250cc,takumi-endoh,,Ser.Spruce/Pro-Tec,ヤマハ,,69,,,確認済
2008,250cc,takumi-takahashi,,Burning Blood Racing Team,ホンダ,,65,,,確認済
2008,250cc,yuuki-ito,,Dog Fight Racing,ヤマハ,,68,,,確認済
2008,125cc,mike-di-meglio,,Ajo Motorsport,デルビ,,63,1,264,確認済
2008,125cc,simone-corsi,,Jack & Jones WRB,アプリリア,,24,2,225,確認済
2008,125cc,gabor-talmacsi,,Bancaja Aspar Team,アプリリア,,1,3,206,確認済
2008,125cc,stefan-bradl,,Grizzly Gas Kiefer Racing,アプリリア,,17,4,187,確認済
2008,125cc,nicolas-terol,,Jack & Jones WRB,アプリリア,,18,5,176,確認済
2008,125cc,bradley-smith,,Polaris World,アプリリア,,38,6,150,確認済
2008,125cc,joan-olive,,Belson Derbi,デルビ,,6,7,142,確認済
2008,125cc,sandro-cortese,,Emmi - Caffe Latte,アプリリア,,11,8,141,確認済
2008,125cc,pol-espargaro,,Belson Derbi,デルビ,,44,9,124,確認済
2008,125cc,andrea-iannone,,I.C. Team,アプリリア,,29,10,106,確認済
2008,125cc,scott-redding,,Blusens Aprilia Junior,アプリリア,,45,11,105,確認済
2008,125cc,sergio-gadea,,Bancaja Aspar Team,アプリリア,,33,12,83,確認済
2008,125cc,marc-marquez,,Repsol KTM 125cc,KTM,,93,13,63,確認済
2008,125cc,tito-rabat,,Repsol KTM 125cc,KTM,,12,14,49,確認済
2008,125cc,stevie-bonsey,,Degraaf Grand Prix,アプリリア,,51,15,46,確認済
2008,125cc,dominique-aegerter,,Ajo Motorsport,デルビ,,77,16,45,確認済
2008,125cc,tomoyoshi-koyama,,ISPA KTM Aran,KTM,,71,17,41,確認済
2008,125cc,raffaele-de-rosa,,Onde 2000 KTM,KTM,,35,18,37,確認済
2008,125cc,danny-webb,,Degraaf Grand Prix,アプリリア,,99,19,35,確認済
2008,125cc,efren-vazquez,,Blusens Aprilia Junior,アプリリア,,7,20,31,確認済
2008,125cc,pablo-nieto,,Onde 2000 KTM,KTM,,22,21,25,確認済
2008,125cc,lorenzo-zanetti,,ISPA KTM Aran,KTM,,8,22,22,確認済
2008,125cc,michael-ranseder,,I.C. Team,アプリリア,,60,23,22,確認済
2008,125cc,takaaki-nakagami,,I.C. Team,アプリリア,,73,24,12,確認済
2008,125cc,randy-krummenacher,,Red Bull KTM 125,KTM,,34,25,10,確認済
2008,125cc,pere-tutusaus,,Bancaja Aspar Team,アプリリア,,30,26,9,確認済
2008,125cc,stefano-bianco,,S3+ WTR San Marino Team,アプリリア,,27,27,8,確認済
2008,125cc,alexis-masbou,,Loncin Racing,ローンチン,,5,28,4,確認済
2008,125cc,lorenzo-savadori,,RCGM,アプリリア,,40,29,3,確認済
2008,125cc,marcel-schrotter,,Toni Mang Team,ホンダ,,87,30,3,確認済
2008,125cc,robin-lasser,,Grizzly Gas Kiefer Racing,アプリリア,,21,31,2,確認済
2008,125cc,enrique-jerez,,ISPA KTM Aran,KTM,,28,32,1,確認済
2008,125cc,adrian-martin,,Bancaja Aspar Team,アプリリア,,26,33,1,確認済
2008,125cc,jonas-folger,,Red Bull MotoGP Academy,KTM,,94,34,1,確認済
2008,125cc,hugo-van-den-berg,,Degraaf Grand Prix,アプリリア,,,35,1,確認済
2008,125cc,alberto-moncayo,,Andalucia Derbi,デルビ,,79,,,確認済
2008,125cc,andrea-touskova,,Eurowag Junior Racing,ホンダ,,98,,,確認済
2008,125cc,axel-pons,,Jack & Jones WRB,アプリリア,,14,,,確認済
2008,125cc,bastien-chesaux,,WTR San Marino Team,アプリリア,,48,,,確認済
2008,125cc,brad-gross,,Gross Racing,ヤマハ,,46,,,確認済
2008,125cc,connor-behan,,Connor Behan Racing,ホンダ,,66,,,確認済
2008,125cc,cristian-trabalon,,Alpo Atletico de Madrid,アプリリア,,25,,,確認済
2008,125cc,cyril-carrillo,,FFM Honda GP 125,ホンダ,,36,,,確認済
2008,125cc,daniel-saez,,Gaviota Prosolia Racing,アプリリア,,78,,,確認済
2008,125cc,davide-stirpe,,ISPA KTM Aran,KTM,,74,,,確認済
2008,125cc,dino-lombardi,,BQR Blusens,アプリリア,,13,,,確認済
2008,125cc,eric-hubsch,,Team Sachsenring,アプリリア,,86,,,確認済
2008,125cc,ernst-dubbink,,RV Racing Team,ホンダ,,89,,,確認済
2008,125cc,ferruccio-lamborghini,,Junior GP Racing Dream,アプリリア,,39,,,確認済
2008,125cc,gabriele-ferro,,Metasystem RS,ホンダ,,43,,,確認済
2008,125cc,gennaro-sabatino,,Junior GP Racing Dream,アプリリア,,49,,,確認済
2008,125cc,gioele-pellino,,Loncin Racing,ローンチン,,61,,,確認済
2008,125cc,hiroki-ono,,Battle Factory,ホンダ,,59,,,確認済
2008,125cc,hiroomi-iwata,,DYDO Miu Racing,ホンダ,,50,,,確認済
2008,125cc,iori-namihira,,Honda Suzuka Racing,ホンダ,,57,,,確認済
2008,125cc,ivan-maestro,,Hune Matteoni,アプリリア,,76,,,確認済
2008,125cc,jasper-iwema,,Abbink Bos Racing,セール,,81,,,確認済
2008,125cc,jed-metcher,,Angelo's Aluminium Racing,ホンダ,,91,,,確認済
2008,125cc,jerry-van-de-bunt,,Degraaf Grand Prix,アプリリア,,83,,,確認済
2008,125cc,joey-litjens,,Abbink Bos Racing,セール,,80,,,確認済
2008,125cc,jordi-dalmau,,SAG Castrol,ホンダ,,31,,,確認済
2008,125cc,jules-cluzel,,Loncin Racing,ローンチン,,16,,,確認済
2008,125cc,julian-miralles,,Bancaja Mir CEV,アプリリア,,23,,,確認済
2008,125cc,karel-pesek,,Czech Road Racing JNR.,アプリリア,,37,,,確認済
2008,125cc,kazuma-watanabe,,Team Plus One,ホンダ,,62,,,確認済
2008,125cc,kristian-lee-turner,,Veloce Racing,アプリリア,,90,,,確認済
2008,125cc,lee-costello,,Vent-Axia,ホンダ,,67,,,確認済
2008,125cc,louis-rossi,,FFM Honda GP 125,ホンダ,,69,,,確認済
2008,125cc,luca-vitali,,RCGM,アプリリア,,42,,,確認済
2008,125cc,lukas-sembera,,Matteoni Racing,アプリリア,,96,,,確認済
2008,125cc,luke-hinton,,Buildbase/Knotts,ホンダ,,65,,,確認済
2008,125cc,marco-ravaioli,,Matteoni Racing,アプリリア,,72,,,確認済
2008,125cc,marvin-fritz,,Kiefer Bos Sotin Jnr. Team,セール,,85,,,確認済
2008,125cc,matthew-hoyle,,SP 125 Racing/Mackrory Demol,ホンダ,,64,,,確認済
2008,125cc,michael-van-der-mark,,Dutch Racing Team,ホンダ,,82,,,確認済
2008,125cc,michal-prasek,,Roha'c & Fetja Motoracing,アプリリア,,97,,,確認済
2008,125cc,paul-jordan,,KRP,ホンダ,,68,,,確認済
2008,125cc,pj-jacobsen,,Bancaja Aspar Team,アプリリア,,54,,,確認済
2008,125cc,rhys-moller,,Rhys Moller Racing,ホンダ,,70,,,確認済
2008,125cc,ricard-cardus,,Andalucia Derbi,デルビ,,75,,,確認済
2008,125cc,riccardo-moretti,,CRP Racing,ホンダ,,47,,,確認済
2008,125cc,robert-gull,,Ajo Motorsports Jnr. Project,デルビ,,84,,,確認済
2008,125cc,robert-muresan,,Grizzly Gas Kiefer Racing,アプリリア,,95,,,確認済
2008,125cc,roberto-lacalendola,,Matteoni Racing,アプリリア,,19,,,確認済
2008,125cc,sebastian-kreuziger,,RZT-Racing,ホンダ,,88,,,確認済
2008,125cc,steven-le-coquen,,Villiers Team Competition,ホンダ,,52,,,確認済
2008,125cc,tobias-siegert,,Adac Nordbayern e.v.,アプリリア,,41,,,確認済
2008,125cc,yuuichi-yanagisawa,,18 Garage Racing,ホンダ,,58,,,確認済
2009,MotoGP,valentino-rossi,yamaha-factory,Fiat Yamaha Team,ヤマハ,YZR-M1,46,1,306,確認済
2009,MotoGP,jorge-lorenzo,yamaha-factory,Fiat Yamaha Team,ヤマハ,YZR-M1,99,2,261,確認済
2009,MotoGP,dani-pedrosa,honda-hrc,Repsol Honda Team,ホンダ,RC212V,3,3,234,確認済
2009,MotoGP,casey-stoner,ducati-lenovo,Ducati Marlboro Team,ドゥカティ,デスモセディチ,27,4,220,確認済
2009,MotoGP,colin-edwards,tech3,Monster Yamaha Tech 3,ヤマハ,YZR-M1,5,5,161,確認済
2009,MotoGP,andrea-dovizioso,honda-hrc,Repsol Honda Team,ホンダ,RC212V,4,6,160,確認済
2009,MotoGP,toni-elias,gresini,San Carlo Honda Gresini,ホンダ,RC212V,24,7,115,確認済
2009,MotoGP,alex-de-angelis,gresini,San Carlo Honda Gresini,ホンダ,RC212V,15,8,111,確認済
2009,MotoGP,loris-capirossi,suzuki-factory,Rizla Suzuki MotoGP,スズキ,GSV-R,65,9,110,確認済
2009,MotoGP,marco-melandri,hayate,Hayate Racing Team,カワサキ,ZX-RR,33,10,108,確認済
2009,MotoGP,randy-de-puniet,lcr,LCR Honda MotoGP,ホンダ,RC212V,14,11,106,確認済
2009,MotoGP,chris-vermeulen,suzuki-factory,Rizla Suzuki MotoGP,スズキ,GSV-R,7,12,106,確認済
2009,MotoGP,nicky-hayden,ducati-lenovo,Ducati Marlboro Team,ドゥカティ,デスモセディチ,69,13,104,確認済
2009,MotoGP,james-toseland,tech3,Monster Yamaha Tech 3,ヤマハ,YZR-M1,52,14,92,確認済
2009,MotoGP,mika-kallio,pramac,Pramac Racing,ドゥカティ,デスモセディチ,36,15,71,確認済
2009,MotoGP,niccolo-canepa,pramac,Pramac Racing,ドゥカティ,デスモセディチ,88,16,38,確認済
2009,MotoGP,gabor-talmacsi,jir,Scot Racing Team MotoGP,ホンダ,RC212V,41,17,19,確認済
2009,MotoGP,aleix-espargaro,pramac,Pramac Racing,ドゥカティ,デスモセディチ,44,18,16,確認済
2009,MotoGP,sete-gibernau,onde2000,Grupo Francisco Hernando,ドゥカティ,デスモセディチ,59,19,12,確認済
2009,MotoGP,ben-spies,yamaha-factory,Sterilgarda Yamaha Team,ヤマハ,YZR-M1,11,20,9,確認済
2009,MotoGP,yuki-takahashi,jir,Scot Racing Team MotoGP,ホンダ,RC212V,72,21,9,確認済
2009,MotoGP,michel-fabrizio,,Pramac Racing,ドゥカティ,,84,,,確認済
2009,250cc,hiroshi-aoyama,,Scot Racing Team 250cc,ホンダ,,4,1,261,確認済
2009,250cc,hector-barbera,,Pepe World Team,アプリリア,,40,2,239,確認済
2009,250cc,marco-simoncelli,,Metis Gilera,ジレラ,,58,3,231,確認済
2009,250cc,alvaro-bautista,,Mapfre Aspar Team,アプリリア,,19,4,218,確認済
2009,250cc,mattia-pasini,,Team Toth Aprilia,アプリリア,,75,5,128,確認済
2009,250cc,raffaele-de-rosa,,Scot Racing Team 250cc,ホンダ,,35,6,122,確認済
2009,250cc,thomas-luthi,,Emmi - Caffe Latte,アプリリア,,12,7,120,確認済
2009,250cc,mike-di-meglio,,Mapfre Aspar Team 250cc,アプリリア,,63,8,107,確認済
2009,250cc,hector-faubel,,Honda SAG,ホンダ,,55,9,105,確認済
2009,250cc,alex-debon,,Aeropuerto-Castello-Blusens,アプリリア,,6,10,101,確認済
2009,250cc,roberto-locatelli,,Metis Gilera,ジレラ,,15,11,85,確認済
2009,250cc,jules-cluzel,,Matteoni Racing,アプリリア,,16,12,82,確認済
2009,250cc,ratthapark-wilairot,,Thai Honda PTT SAG,ホンダ,,14,13,81,確認済
2009,250cc,karel-abraham,,Cardion AB Motoracing,アプリリア,,17,14,74,確認済
2009,250cc,lukas-pesek,,Auto Kelly - CP,アプリリア,,52,15,74,確認済
2009,250cc,alex-baldolini,,WTR San Marino Team,アプリリア,,25,16,41,確認済
2009,250cc,shoya-tomizawa,,CIP Moto - GP250,ホンダ,,48,17,32,確認済
2009,250cc,gabor-talmacsi,,Balatonring Team,アプリリア,,28,18,28,確認済
2009,250cc,shuhei-aoyama,,Racing Team Germany,ホンダ,,73,19,27,確認済
2009,250cc,aleix-espargaro,,Balatonring Team,アプリリア,,41,20,22,確認済
2009,250cc,valentin-debise,,CIP Moto - GP250,ホンダ,,53,21,18,確認済
2009,250cc,imre-toth,,Team Toth Aprilia,アプリリア,,10,22,12,確認済
2009,250cc,balazs-nemeth,,Balatonring Team,アプリリア,,11,23,11,確認済
2009,250cc,vladimir-leonov,,Viessmann Kiefer Racing,アプリリア,,56,24,9,確認済
2009,250cc,bastien-chesaux,,Racing Team Germany,ホンダ,,8,25,3,確認済
2009,250cc,axel-pons,,Pepe World Team,アプリリア,,7,26,3,確認済
2009,250cc,toby-markham,,C&L Racing,アプリリア,,54,27,2,確認済
2009,250cc,kazuki-watanabe,,Bardral Racing with SJ-R,ヤマハ,,59,28,2,確認済
2009,250cc,stevie-bonsey,,Milar - Juegos Lucky,アプリリア,,51,29,1,確認済
2009,250cc,adam-roberts,,Rat Racing,ヤマハ,,30,,,確認済
2009,250cc,aitor-rodriguez,,Milar - Juegos Lucky,アプリリア,,77,,,確認済
2009,250cc,angel-rodriguez,,Balatonring Team,アプリリア,,,,,確認済
2009,250cc,barrett-long,,Longevity Racing,ヤマハ,,29,,,確認済
2009,250cc,christopher-moretti,,Matteoni Racing,アプリリア,,88,,,確認済
2009,250cc,daniel-arcas,,Milar - Juegos Lucky,アプリリア,,37,,,確認済
2009,250cc,ivan-maestro,,Milar - Juegos Lucky,アプリリア,,76,,,確認済
2009,250cc,joakim-stensmo,,Nordgren Racing,ホンダ,,66,,,確認済
2009,250cc,luke-mossey,,Sabresport Grand Prix,アプリリア,,64,,,確認済
2009,250cc,ralf-waldmann,,Viessmann Kiefer Racing,アプリリア,,95,,,確認済
2009,250cc,william-dunlop,,Bigman Racing,ホンダ,,33,,,確認済
2009,125cc,julian-simon,,Bancaja Aspar Team 125cc,アプリリア,,60,1,289,確認済
2009,125cc,bradley-smith,,Bancaja Aspar Team 125cc,アプリリア,,38,2,223.5,確認済
2009,125cc,nicolas-terol,,Jack & Jones Team,アプリリア,,18,3,179.5,確認済
2009,125cc,pol-espargaro,,Derbi Racing Team,デルビ,,44,4,174.5,確認済
2009,125cc,sergio-gadea,,Bancaja Aspar Team 125cc,アプリリア,,33,5,141,確認済
2009,125cc,sandro-cortese,,Ajo Interwetten,デルビ,,11,6,130,確認済
2009,125cc,andrea-iannone,,Ongetta Team I.S.P.A.,アプリリア,,29,7,125.5,確認済
2009,125cc,marc-marquez,,Red Bull KTM Moto Sport,KTM,,93,8,94,確認済
2009,125cc,joan-olive,,Derbi Racing Team,デルビ,,6,9,91,確認済
2009,125cc,stefan-bradl,,Viessmann Kiefer Racing,アプリリア,,17,10,85,確認済
2009,125cc,simone-corsi,,Fontana Racing,アプリリア,,24,11,81,確認済
2009,125cc,jonas-folger,,Ongetta Team I.S.P.A.,アプリリア,,94,12,73,確認済
2009,125cc,dominique-aegerter,,Ajo Interwetten,デルビ,,77,13,70.5,確認済
2009,125cc,efren-vazquez,,Derbi Racing Team,デルビ,,7,14,54,確認済
2009,125cc,scott-redding,,Blusens Aprilia,アプリリア,,45,15,50.5,確認済
2009,125cc,takaaki-nakagami,,Ongetta Team I.S.P.A.,アプリリア,,73,16,43,確認済
2009,125cc,danny-webb,,Degraaf Grand Prix,アプリリア,,99,17,38.5,確認済
2009,125cc,tito-rabat,,Blusens Aprilia,アプリリア,,12,18,37,確認済
2009,125cc,lorenzo-zanetti,,Ongetta Team I.S.P.A.,アプリリア,,8,19,37,確認済
2009,125cc,johann-zarco,,WTR San Marino Team,アプリリア,,14,20,32.5,確認済
2009,125cc,randy-krummenacher,,Degraaf Grand Prix,アプリリア,,35,21,32,確認済
2009,125cc,luis-salom,,Jack & Jones Team,アプリリア,,39,22,21,確認済
2009,125cc,marcel-schrotter,,Toni - Mang Team,ホンダ,,78,23,18,確認済
2009,125cc,tomoyoshi-koyama,,Loncin Racing,ローンチン,,71,24,17,確認済
2009,125cc,michael-ranseder,,CBC Corse,アプリリア,,88,25,9,確認済
2009,125cc,lorenzo-savadori,,Fontana Racing,アプリリア,,32,26,7,確認済
2009,125cc,riccardo-moretti,,Elligi Racing,アプリリア,,51,27,3,確認済
2009,125cc,jasper-iwema,,Racing Team Germany,ホンダ,,53,28,3,確認済
2009,125cc,cameron-beaubier,,Red Bull KTM Moto Sport,KTM,,16,29,3,確認済
2009,125cc,martin-glossop,,KRP/Bradley Smith Racing,ホンダ,,91,30,2,確認済
2009,125cc,marvin-fritz,,LHF-Project Racing,ホンダ,,85,31,2,確認済
2009,125cc,gregory-di-carlo,,Equipe de France,ホンダ,,48,32,2,確認済
2009,125cc,daniel-kartheininger,,Freudenberg Racing Team,ホンダ,,79,33,1,確認済
2009,125cc,alberto-moncayo,,Andalucia Aprilia,アプリリア,,42,,,確認済
2009,125cc,alessandro-tonucci,,Junior GP Racing Dream,アプリリア,,62,,,確認済
2009,125cc,alexis-masbou,,Loncin Racing,ローンチン,,5,,,確認済
2009,125cc,andrew-lawson,,Champions Ride Days,ホンダ,,54,,,確認済
2009,125cc,ben-young,,Veloce Racing,アプリリア,,74,,,確認済
2009,125cc,blake-leigh-smith,,Degraaf Grand Prix,ホンダ,,47,,,確認済
2009,125cc,borja-maestro,,Hune Racing Team-TMM,アプリリア,,41,,,確認済
2009,125cc,brad-gross,,Gross Racing,ヤマハ,,97,,,確認済
2009,125cc,cyril-carrillo,,TJP-TVX Racing,ホンダ,,,,,確認済
2009,125cc,damien-raemy,,RBS - Honda Racing,ホンダ,,80,,,確認済
2009,125cc,davide-stirpe,,CRP Racing,ホンダ,,64,,,確認済
2009,125cc,eduard-lopez,,TCR Competicion,アプリリア,,40,,,確認済
2009,125cc,eeki-kuparinen,,Ajo Motorsport Jr.,ホンダ,,81,,,確認済
2009,125cc,elly-ilias,,Air Asia Team Malaysia,アプリリア,,28,,,確認済
2009,125cc,gabriele-ferro,,Grillini Bridgestone Team,アプリリア,,65,,,確認済
2009,125cc,gennaro-sabatino,,Junior GP Racing Dream,アプリリア,,63,,,確認済
2009,125cc,hiroomi-iwata,,Dydo Miu Racing,ホンダ,,55,,,確認済
2009,125cc,ivan-maestro,,Hune Racing Team-RZT,アプリリア,,76,,,確認済
2009,125cc,ivan-visak,,Team Migomoto,ホンダ,,68,,,確認済
2009,125cc,jacub-jantulik,,JJ Racing Team,アプリリア,,70,,,確認済
2009,125cc,jakub-kornfeil,,Loncin Racing,ローンチン,,21,,,確認済
2009,125cc,james-lodge,,KRP/Bradley Smith Racing,ホンダ,,89,,,確認済
2009,125cc,joan-perello,,SAG Castrol,ホンダ,,95,,,確認済
2009,125cc,johnny-rosell,,Blusens BQR,アプリリア,,43,,,確認済
2009,125cc,jordi-dalmau,,SAG-Castrol,ホンダ,,31,,,確認済
2009,125cc,karel-pesek,,Pesek Team,デルビ,,86,,,確認済
2009,125cc,ladislav-chmelik,,Moto FGR,ホンダ,,67,,,確認済
2009,125cc,levi-day,,Racetrix / Angelo's Aluminium,ホンダ,,98,,,確認済
2009,125cc,luca-marconi,,CBC Corse,アプリリア,,87,,,確認済
2009,125cc,luca-vitali,,CBC Corse,アプリリア,,10,,,確認済
2009,125cc,luigi-morciano,,Junior GP Racing Dream,アプリリア,,61,,,確認済
2009,125cc,lukas-sembera,,Matteoni Racing,アプリリア,,69,,,確認済
2009,125cc,matthew-hoyle,,Haojue Team,ハオジュエ,,66,,,確認済
2009,125cc,michael-van-der-mark,,Dutch Racing Team,ホンダ,,82,,,確認済
2009,125cc,miles-thornton,,Veloce Racing,アプリリア,,75,,,確認済
2009,125cc,nicky-diles,,RSW Racing,アプリリア,,96,,,確認済
2009,125cc,paul-jordan,,KRP/Bradley Smith Racing,ホンダ,,92,,,確認済
2009,125cc,pepijn-bijsterbosch,,Racing Team Bijsterbosch,ホンダ,,83,,,確認済
2009,125cc,quentin-jacquet,,Matteoni Racing,アプリリア,,19,,,確認済
2009,125cc,satoru-kamada,,Endurance & Osl,ホンダ,,59,,,確認済
2009,125cc,steven-le-coquen,,Villiers Team Competition,ホンダ,,52,,,確認済
2009,125cc,sturla-fagerhaug,,Red Bull KTM Moto Sport,KTM,,50,,,確認済
2009,125cc,timothy-hastings,,KRP/Bradley Smith Racing,ホンダ,,90,,,確認済
2009,125cc,toni-finsterbusch,,Freudenberg Racing Team,ホンダ,,76,,,確認済
2009,125cc,yuki-oogane,,Endurance & Okegawajuku,ホンダ,,57,,,確認済
2009,125cc,yuma-yahagi,,Okegawajuku & Endurance,ホンダ,,56,,,確認済
2009,125cc,yuuichi-yanagisawa,,18 Grage Racing,ホンダ,,58,,,確認済
2009,125cc,zulfahmi-khairuddin,,Air Asia Team Malaysia,ヤマハ,,,,,確認済
2010,MotoGP,jorge-lorenzo,yamaha-factory,Fiat Yamaha Team,ヤマハ,YZR-M1,99,1,383,確認済
2010,MotoGP,dani-pedrosa,honda-hrc,Repsol Honda Team,ホンダ,RC212V,26,2,245,確認済
2010,MotoGP,valentino-rossi,yamaha-factory,Fiat Yamaha Team,ヤマハ,YZR-M1,46,3,233,確認済
2010,MotoGP,casey-stoner,ducati-lenovo,Ducati Team,ドゥカティ,デスモセディチ,27,4,225,確認済
2010,MotoGP,andrea-dovizioso,honda-hrc,Repsol Honda Team,ホンダ,RC212V,4,5,206,確認済
2010,MotoGP,ben-spies,tech3,Monster Yamaha Tech 3,ヤマハ,YZR-M1,11,6,176,確認済
2010,MotoGP,nicky-hayden,ducati-lenovo,Ducati Team,ドゥカティ,デスモセディチ,69,7,163,確認済
2010,MotoGP,marco-simoncelli,gresini,San Carlo Honda Gresini,ホンダ,RC212V,58,8,125,確認済
2010,MotoGP,randy-de-puniet,lcr,LCR Honda MotoGP,ホンダ,RC212V,14,9,116,確認済
2010,MotoGP,marco-melandri,gresini,San Carlo Honda Gresini,ホンダ,RC212V,33,10,103,確認済
2010,MotoGP,colin-edwards,tech3,Monster Yamaha Tech 3,ヤマハ,YZR-M1,5,11,103,確認済
2010,MotoGP,hector-barbera,aspar,Páginas Amarillas Aspar,ドゥカティ,デスモセディチ,40,12,90,確認済
2010,MotoGP,alvaro-bautista,suzuki-factory,Rizla Suzuki MotoGP,スズキ,GSV-R,19,13,85,確認済
2010,MotoGP,aleix-espargaro,pramac,Pramac Racing Team,ドゥカティ,デスモセディチ,41,14,65,確認済
2010,MotoGP,hiroshi-aoyama,interwetten,Interwetten Honda MotoGP,ホンダ,RC212V,7,15,53,確認済
2010,MotoGP,loris-capirossi,suzuki-factory,Rizla Suzuki MotoGP,スズキ,GSV-R,65,16,44,確認済
2010,MotoGP,mika-kallio,pramac,Pramac Racing Team,ドゥカティ,デスモセディチ,36,17,43,確認済
2010,MotoGP,alex-de-angelis,interwetten,Interwetten Honda MotoGP,ホンダ,RC212V,15,18,11,確認済
2010,MotoGP,roger-lee-hayden,lcr,LCR Honda MotoGP,ホンダ,RC212V,95,19,5,確認済
2010,MotoGP,kousuke-akiyoshi,interwetten,Interwetten Honda MotoGP,ホンダ,RC212V,64,20,4,確認済
2010,MotoGP,carlos-checa,pramac,Pramac Racing Team,ドゥカティ,デスモセディチ,71,21,1,確認済
2010,MotoGP,wataru-yoshikawa,yamaha-factory,Fiat Yamaha Team,ヤマハ,YZR-M1,8,22,1,確認済
2010,Moto2,toni-elias,gresini,Gresini Racing Moto2,モリワキ,ホンダ製600cc直4エンジン（共通）,24,1,271,確認済
2010,Moto2,julian-simon,aspar,Mapfre Aspar Team,ズッター,ホンダ製600cc直4エンジン（共通）,60,2,201,確認済
2010,Moto2,andrea-iannone,speed-up,Fimmco Speed Up,スピードアップ,ホンダ製600cc直4エンジン（共通）,29,3,199,確認済
2010,Moto2,thomas-luthi,interwetten,Interwetten Moriwaki Moto2,モリワキ,ホンダ製600cc直4エンジン（共通）,12,4,156,確認済
2010,Moto2,simone-corsi,jir,JiR Moto2,モトビ,ホンダ製600cc直4エンジン（共通）,3,5,138,確認済
2010,Moto2,gabor-talmacsi,speed-up,Fimmco Speed Up,スピードアップ,ホンダ製600cc直4エンジン（共通）,2,6,109,確認済
2010,Moto2,jules-cluzel,forward,Forward Racing,ズッター,ホンダ製600cc直4エンジン（共通）,16,7,106,確認済
2010,Moto2,scott-redding,marc-vds,Marc VDS Racing Team,ズッター,ホンダ製600cc直4エンジン（共通）,45,8,102,確認済
2010,Moto2,stefan-bradl,kiefer,Viessmann Kiefer Racing,ズッター,ホンダ製600cc直4エンジン（共通）,65,9,97,確認済
2010,Moto2,karel-abraham,ab-motoracing,Cardion AB Motoracing,FTR,ホンダ製600cc直4エンジン（共通）,17,10,96,確認済
2010,Moto2,alex-de-angelis,jir,RSM Team Scot,モトビ,ホンダ製600cc直4エンジン（共通）,15,11,95,確認済
2010,Moto2,yuki-takahashi,tech3,Tech 3 Racing,テック3,ホンダ製600cc直4エンジン（共通）,72,12,86,確認済
2010,Moto2,shoya-tomizawa,cip,Technomag-CIP,ズッター,ホンダ製600cc直4エンジン（共通）,48,13,82,確認済
2010,Moto2,roberto-rolfo,italtrans,Italtrans S.T.R.,ズッター,ホンダ製600cc直4エンジン（共通）,44,14,75,確認済
2010,Moto2,dominique-aegerter,cip,Technomag-CIP,ズッター,ホンダ製600cc直4エンジン（共通）,77,15,74,確認済
2010,Moto2,alex-debon,castello,Aeroport de Castelló,FTR,ホンダ製600cc直4エンジン（共通）,6,16,73,確認済
2010,Moto2,sergio-gadea,pons,Tenerife 40 Pons,ポンス・カレックス,ホンダ製600cc直4エンジン（共通）,40,17,67,確認済
2010,Moto2,fonsi-nieto,g22,Holiday Gym G22,モリワキ,ホンダ製600cc直4エンジン（共通）,10,18,45,確認済
2010,Moto2,alex-baldolini,rtg,Caretta Technology Race Dept.,ICP,ホンダ製600cc直4エンジン（共通）,25,19,38,確認済
2010,Moto2,mike-di-meglio,aspar,Mapfre Aspar Team,ズッター,ホンダ製600cc直4エンジン（共通）,63,20,34,確認済
2010,Moto2,yonny-hernandez,,Blusens-STX,BQR,,68,21,32,確認済
2010,Moto2,ratthapark-wilairot,,Thai Honda PTT Singha SAG,ビモータ,,14,22,30,確認済
2010,Moto2,anthony-west,,MZ Racing Team,MZ,,8,23,26,確認済
2010,Moto2,kenny-noyes,,Jack & Jones by A.Banderas,プロモハリス,,9,24,22,確認済
2010,Moto2,claudio-corti,,Forward Racing,ズッター,,71,25,20,確認済
2010,Moto2,hector-faubel,,Marc VDS Racing Team,ズッター,,55,26,18,確認済
2010,Moto2,raffaele-de-rosa,,Tech 3 Racing,テック3,,35,27,15,確認済
2010,Moto2,mattia-pasini,,JIR Moto2,モトビ,,75,28,12,確認済
2010,Moto2,kenan-sofuoglu,,Technomag-CIP,ズッター,,54,29,11,確認済
2010,Moto2,xavier-simeon,,Holiday Gym Racing,モリワキ,,19,30,10,確認済
2010,Moto2,damian-cudlin,,Tenerife 40 Pons,ポンス・カレックス,,50,31,9,確認済
2010,Moto2,jason-di-salvo,,GP Tech,FTR,,42,32,7,確認済
2010,Moto2,axel-pons,,Tenerife 40 Pons,ポンス・カレックス,,80,33,7,確認済
2010,Moto2,lukas-pesek,,Matteoni CP Racing,モリワキ,,52,34,5,確認済
2010,Moto2,michael-ranseder,,Vector Kiefer Racing,ズッター,,56,35,4,確認済
2010,Moto2,michele-pirro,,Gresini Racing Moto2,モリワキ,,51,36,2,確認済
2010,Moto2,vladimir-ivanov,,Gresini Racing Moto2,モリワキ,,61,37,2,確認済
2010,Moto2,arne-tode,,Racing Team Germany,ズッター,,41,38,2,確認済
2010,Moto2,robertino-pietri,,Italtrans S.T.R.,ズッター,,39,39,1,確認済
2010,Moto2,yusuke-teshima,,JIR Moto2,モトビ,,11,40,1,確認済
2010,Moto2,alexander-cudlin,,Qatar Moto2 Team,BQR,,49,,,確認済
2010,Moto2,amadeo-llados,,Llados Racing Team,AJR,,92,,,確認済
2010,Moto2,anthony-delhalle,,Blusens-STX,BQR,,96,,,確認済
2010,Moto2,bernat-martinez,,Maquinza-SAG Team,ビモータ,,76,,,確認済
2010,Moto2,carmelo-morales,,Racing Team Germany,ズッター,,31,,,確認済
2010,Moto2,dani-rivas,,MR Griful,プロモハリス,,7,,,確認済
2010,Moto2,ferruccio-lamborghini,,Matteoni Racing,モリワキ,,70,,,確認済
2010,Moto2,hiromichi-kunikawa,,Bimota - M Racing,ビモータ,,66,,,確認済
2010,Moto2,ivan-moreno,,Andalucia Cajasol,モリワキ,,91,,,確認済
2010,Moto2,javier-fores,,Maquinza-SAG Team,ビモータ,,46,,,確認済
2010,Moto2,joan-olive,,Jack & Jones by A.Banderas,プロモハリス,,5,,,確認済
2010,Moto2,jordi-torres,,MR Griful,プロモハリス,,18,,,確認済
2010,Moto2,kazuki-watanabe,,Racing Team Germany,ズッター,,28,,,確認済
2010,Moto2,kev-coghlan,,Monlau Joey Darcey,FTR,,54,,,確認済
2010,Moto2,kouki-takahashi,,Burning Blood RT,RBB,,93,,,確認済
2010,Moto2,mashel-al-naimi,,Blusens-STX,BQR,,95,,,確認済
2010,Moto2,mohamad-zamri-baba,,Petronas SIC TWMR Malaysia,モリワキ,,87,,,確認済
2010,Moto2,niccolo-canepa,,RSM Team Scot,フォースGP210,,59,,,確認済
2010,Moto2,patrik-vostarek,,Vector Kiefer Racing,ズッター,,81,,,確認済
2010,Moto2,ricard-cardus,,Maquinza-SAG Team,ビモータ,,4,,,確認済
2010,Moto2,roger-lee-hayden,,American Honda,モリワキ,,34,,,確認済
2010,Moto2,roman-ramos,,MIR Racing,MIRレーシング,,43,,,確認済
2010,Moto2,santiago-hernandez,,Matteoni CP Racing,モリワキ,,64,,,確認済
2010,Moto2,sascha-hommel,,MGM Racing Performance MC,カレックス,,32,,,確認済
2010,Moto2,tatsuya-yamaguchi,,Gresini Racing Moto2,モリワキ,,99,,,確認済
2010,Moto2,valentin-debise,,WTR San Marino Team,ADV,,53,,,確認済
2010,Moto2,vladimir-leonov,,Vector Kiefer Racing,ズッター,,21,,,確認済
2010,Moto2,wayne-maxwell,,Matteoni Racing,モリワキ,,47,,,確認済
2010,Moto2,yannick-guerra,,Holiday Gym G22,モリワキ,,88,,,確認済
2010,125cc,marc-marquez,,Red Bull Ajo Motorsport,デルビ,,93,1,310,確認済
2010,125cc,nicolas-terol,,Bancaja Aspar Team,アプリリア,,40,2,296,確認済
2010,125cc,pol-espargaro,,Tuenti Racing,デルビ,,44,3,281,確認済
2010,125cc,bradley-smith,,Bancaja Aspar Team,アプリリア,,38,4,223,確認済
2010,125cc,efren-vazquez,,Tuenti Racing,デルビ,,7,5,152,確認済
2010,125cc,tito-rabat,,Blusens-STX,アプリリア,,12,6,147,確認済
2010,125cc,sandro-cortese,,Avant Mitsubishi Ajo,デルビ,,11,7,143,確認済
2010,125cc,tomoyoshi-koyama,,Racing Team Germany,アプリリア,,71,8,127,確認済
2010,125cc,randy-krummenacher,,Stipa-Molenaar Racing GP,アプリリア,,35,9,113,確認済
2010,125cc,danny-webb,,Andalucia Cajasol,アプリリア,,99,10,93,確認済
2010,125cc,johann-zarco,,WTR San Marino Team,アプリリア,,14,11,77,確認済
2010,125cc,luis-salom,,Stipa-Molenaar Racing GP,アプリリア,,39,12,72,確認済
2010,125cc,alberto-moncayo,,Andalucia Cajasol,アプリリア,,23,13,70,確認済
2010,125cc,jonas-folger,,Ongetta Team,アプリリア,,94,14,69,確認済
2010,125cc,adrian-martin,,Aeroport de Castello - Ajo,アプリリア,,26,15,35,確認済
2010,125cc,jasper-iwema,,CBC Corse,アプリリア,,53,16,34,確認済
2010,125cc,jakub-kornfeil,,Racing Team Germany,アプリリア,,84,17,28,確認済
2010,125cc,marcel-schrotter,,Interwetten Honda 125,ホンダ,,78,18,27,確認済
2010,125cc,simone-grotzkyj,,Fontana Racing,アプリリア,,15,19,26,確認済
2010,125cc,alexis-masbou,,Ongetta Team,アプリリア,,5,20,20,確認済
2010,125cc,sturla-fagerhaug,,AirAsia - Sepang Int. Circuit,アプリリア,,50,21,12,確認済
2010,125cc,daniel-kartheininger,,Freudenberg Racing Team,KTM,,61,22,6,確認済
2010,125cc,lorenzo-savadori,,Matteoni CP Racing,アプリリア,,32,23,5,確認済
2010,125cc,zulfahmi-khairuddin,,AirAsia - Sepang Int. Circuit,アプリリア,,63,24,4,確認済
2010,125cc,isaac-vinales,,Catalunya Racing Team,アプリリア,,55,25,3,確認済
2010,125cc,alessandro-tonucci,,Junior GP Racing Team FMI,アプリリア,,95,26,3,確認済
2010,125cc,luigi-morciano,,Junior GP Racing Team FMI,アプリリア,,92,27,2,確認済
2010,125cc,louis-rossi,,CBC Corse,アプリリア,,69,28,2,確認済
2010,125cc,alejandro-pardo,,Matteoni CP Racing,アプリリア,,27,,,確認済
2010,125cc,armando-pontone,,Junior GP Racing Team FMI,アプリリア,,97,,,確認済
2010,125cc,danny-kent,,Lambretta Reparto Corse,ランブレッタ,,52,,,確認済
2010,125cc,deane-brown,,Colin Appleyard/Macadam Racing,ホンダ,,75,,,確認済
2010,125cc,eduard-lopez,,Catalunya Racing Team,アプリリア,,17,,,確認済
2010,125cc,eric-hubsch,,Team Sachsenring,アプリリア,,85,,,確認済
2010,125cc,ernst-dubbink,,RV Racing,ホンダ,,64,,,確認済
2010,125cc,francesco-mauriello,,Team Semprucci,アプリリア,,76,,,確認済
2010,125cc,giovanni-bonati,,Junior GP FMI,アプリリア,,79,,,確認済
2010,125cc,gregory-di-carlo,,Equipe de France Vitesse Espoir,ホンダ,,81,,,確認済
2010,125cc,hikari-okubo,,18 Garage Racing Team,ホンダ,,88,,,確認済
2010,125cc,james-lodge,,RS Earnshaws Motorcycles,ホンダ,,74,,,確認済
2010,125cc,jerry-van-de-bunt,,Jerrys Racing,ホンダ,,67,,,確認済
2010,125cc,joan-perello,,SAG Castrol,ホンダ,,58,,,確認済
2010,125cc,joel-taylor,,BRP Racing,アプリリア,,57,,,確認済
2010,125cc,john-mcphee,,KRP Bradley Smith Racing,ホンダ,,70,,,確認済
2010,125cc,johnny-rosell,,SAG Castrol,ホンダ,,59,,,確認済
2010,125cc,josep-rodriguez,,Hune Racing,アプリリア,,28,,,確認済
2010,125cc,josh-hook,,Hook Racing.com,アプリリア,,46,,,確認済
2010,125cc,kevin-hanus,,Thomas Sabo Team Hanusch,ホンダ,,86,,,確認済
2010,125cc,kevin-szalai,,Equipe de France Vitesse Espoir,ホンダ,,82,,,確認済
2010,125cc,ladislav-chmelik,,Moto FGR,ホンダ,,48,,,確認済
2010,125cc,luca-marconi,,Ongetta Team,アプリリア,,87,,,確認済
2010,125cc,marco-ravaioli,,Lambretta Reparto Corse,ランブレッタ,,72,,,確認済
2010,125cc,marvin-fritz,,LHF Project Racing,ホンダ,,62,,,確認済
2010,125cc,mattia-tarozzi,,Faenza Racing,アプリリア,,98,,,確認済
2010,125cc,michael-van-der-mark,,Lambretta Reparto Corse,ランブレッタ,,60,,,確認済
2010,125cc,morgan-berchet,,Xtreme Racing Team,ホンダ,,83,,,確認済
2010,125cc,niklas-ajo,,Monlau Competicion,デルビ,,31,,,確認済
2010,125cc,pedro-rodriguez,,Ongetta Team,アプリリア,,16,,,確認済
2010,125cc,pepijn-bijsterbosch,,RacingTeam Bijsterbosch,ホンダ,,66,,,確認済
2010,125cc,peter-sebestyen,,Right Guard Racing,アプリリア,,56,,,確認済
2010,125cc,quentin-jacquet,,Stipa-Molenaar Racing GP,アプリリア,,80,,,確認済
2010,125cc,riccardo-moretti,,Fontana Racing,アプリリア,,51,,,確認済
2010,125cc,robin-barbosa,,Ongetta Team,アプリリア,,37,,,確認済
2010,125cc,roy-pouw,,Team Holland Mototechnic,アプリリア,,65,,,確認済
2010,125cc,sasuke-shinozaki,,Team Tec2,ヤマハ,,91,,,確認済
2010,125cc,syunya-mori,,Racing Sayama,ホンダ,,42,,,確認済
2010,125cc,takehiro-yamamoto,,Team Nobby,ホンダ,,43,,,確認済
2010,125cc,taylor-mackenzie,,KRP,ホンダ,,73,,,確認済
2010,125cc,tommaso-gabrielli,,Ongetta Team,アプリリア,,96,,,確認済
2010,125cc,toni-finsterbusch,,Freudenberg Racing Team,KTM,,68,,,確認済
2010,125cc,yuma-yahagi,,Endurance,ホンダ,,89,,,確認済
2011,MotoGP,casey-stoner,honda-hrc,Repsol Honda Team,ホンダ,RC212V,27,1,350,確認済
2011,MotoGP,jorge-lorenzo,yamaha-factory,Yamaha Factory Racing,ヤマハ,YZR-M1,1,2,260,確認済
2011,MotoGP,andrea-dovizioso,honda-hrc,Repsol Honda Team,ホンダ,RC212V,4,3,228,確認済
2011,MotoGP,dani-pedrosa,honda-hrc,Repsol Honda Team,ホンダ,RC212V,26,4,219,確認済
2011,MotoGP,ben-spies,yamaha-factory,Yamaha Factory Racing,ヤマハ,YZR-M1,11,5,176,確認済
2011,MotoGP,marco-simoncelli,gresini,San Carlo Honda Gresini,ホンダ,RC212V,58,6,139,確認済
2011,MotoGP,valentino-rossi,ducati-lenovo,Ducati Team,ドゥカティ,デスモセディチ,46,7,139,確認済
2011,MotoGP,nicky-hayden,ducati-lenovo,Ducati Team,ドゥカティ,デスモセディチ,69,8,132,確認済
2011,MotoGP,colin-edwards,tech3,Monster Yamaha Tech 3,ヤマハ,YZR-M1,5,9,109,確認済
2011,MotoGP,hiroshi-aoyama,gresini,San Carlo Honda Gresini,ホンダ,RC212V,7,10,98,確認済
2011,MotoGP,hector-barbera,aspar,Mapfre Aspar Team MotoGP,ドゥカティ,デスモセディチ,8,11,82,確認済
2011,MotoGP,cal-crutchlow,tech3,Monster Yamaha Tech 3,ヤマハ,YZR-M1,35,12,70,確認済
2011,MotoGP,alvaro-bautista,suzuki-factory,Rizla Suzuki MotoGP,スズキ,GSV-R,19,13,67,確認済
2011,MotoGP,karel-abraham,ab-motoracing,Cardion AB Motoracing,ドゥカティ,デスモセディチ,17,14,64,確認済
2011,MotoGP,toni-elias,lcr,LCR Honda MotoGP,ホンダ,RC212V,24,15,61,確認済
2011,MotoGP,randy-de-puniet,pramac,Pramac Racing Team,ドゥカティ,デスモセディチ,14,16,49,確認済
2011,MotoGP,loris-capirossi,pramac,Pramac Racing Team,ドゥカティ,デスモセディチ,65,17,43,確認済
2011,MotoGP,katsuyuki-nakasuga,yamaha-factory,Yamaha Factory Racing,ヤマハ,YZR-M1,89,18,10,確認済
2011,MotoGP,josh-hayes,tech3,Monster Yamaha Tech 3,ヤマハ,YZR-M1,41,19,9,確認済
2011,MotoGP,kousuke-akiyoshi,gresini,San Carlo Honda Gresini,ホンダ,RC212V,64,20,7,確認済
2011,MotoGP,john-hopkins,suzuki-factory,Rizla Suzuki MotoGP,スズキ,GSV-R,21,21,6,確認済
2011,MotoGP,shinichi-ito,honda-hrc,Honda Racing Team,ホンダ,RC212V,72,22,3,確認済
2011,MotoGP,ben-bostrom,lcr,LCR Honda MotoGP,ホンダ,RC212V,23,,,確認済
2011,MotoGP,damian-cudlin,pramac,Pramac Racing Team,ドゥカティ,デスモセディチ,6,,,確認済
2011,MotoGP,sylvain-guintoli,pramac,Pramac Racing Team,ドゥカティ,デスモセディチ,50,,,確認済
2011,Moto2,stefan-bradl,kiefer,Viessmann Kiefer Racing,カレックス,ホンダ製600cc直4エンジン（共通）,65,1,274,確認済
2011,Moto2,marc-marquez,estrella-galicia,Team CatalunyaCaixa Repsol,ズッター,ホンダ製600cc直4エンジン（共通）,93,2,251,確認済
2011,Moto2,andrea-iannone,speed-master,Speed Master,ズッター,ホンダ製600cc直4エンジン（共通）,29,3,177,確認済
2011,Moto2,alex-de-angelis,jir,JiR Moto2,モトビ,ホンダ製600cc直4エンジン（共通）,15,4,174,確認済
2011,Moto2,thomas-luthi,interwetten,Interwetten Paddock Moto2,ズッター,ホンダ製600cc直4エンジン（共通）,12,5,151,確認済
2011,Moto2,simone-corsi,ioda,IodaRacing Project,FTR,ホンダ製600cc直4エンジン（共通）,3,6,127,確認済
2011,Moto2,bradley-smith,tech3,Tech 3 Racing,テック3,ホンダ製600cc直4エンジン（共通）,38,7,121,確認済
2011,Moto2,dominique-aegerter,cip,Technomag-CIP,ズッター,ホンダ製600cc直4エンジン（共通）,77,8,94,確認済
2011,Moto2,michele-pirro,gresini,Gresini Racing Moto2,モリワキ,ホンダ製600cc直4エンジン（共通）,51,9,84,確認済
2011,Moto2,tito-rabat,avintia,Avintia-STX,FTR,ホンダ製600cc直4エンジン（共通）,34,10,79,確認済
2011,Moto2,yuki-takahashi,gresini,Gresini Racing Moto2,モリワキ,ホンダ製600cc直4エンジン（共通）,72,11,77,確認済
2011,Moto2,aleix-espargaro,pons,Pons HP 40,ポンス・カレックス,ホンダ製600cc直4エンジン（共通）,40,12,76,確認済
2011,Moto2,pol-espargaro,speed-up,Speed Up,FTR,ホンダ製600cc直4エンジン（共通）,44,13,75,確認済
2011,Moto2,julian-simon,aspar,Mapfre Aspar Team Moto2,ズッター,ホンダ製600cc直4エンジン（共通）,60,14,68,確認済
2011,Moto2,scott-redding,marc-vds,Marc VDS Racing Team,ズッター,ホンダ製600cc直4エンジン（共通）,45,15,63,確認済
2011,Moto2,mika-kallio,marc-vds,Marc VDS Racing Team,ズッター,ホンダ製600cc直4エンジン（共通）,36,16,61,確認済
2011,Moto2,kenan-sofuoglu,cip,Technomag-CIP,ズッター,ホンダ製600cc直4エンジン（共通）,54,17,59,確認済
2011,Moto2,randy-krummenacher,kiefer,Viessmann Kiefer Racing,カレックス,ホンダ製600cc直4エンジン（共通）,4,18,52,確認済
2011,Moto2,yonny-hernandez,avintia,Avintia-STX,FTR,ホンダ製600cc直4エンジン（共通）,68,19,43,確認済
2011,Moto2,max-neukirchner,mz,MZ Racing Team,MZ,ホンダ製600cc直4エンジン（共通）,76,20,42,確認済
2011,Moto2,jules-cluzel,,NGM Forward Racing,ズッター,,16,21,41,確認済
2011,Moto2,anthony-west,,MZ Racing Team,MZ,,13,22,40,確認済
2011,Moto2,mike-di-meglio,,Tech 3 Racing,テック3,,63,23,30,確認済
2011,Moto2,mattia-pasini,,Ioda Racing Project,FTR,,75,24,28,確認済
2011,Moto2,claudio-corti,,Italtrans Racing Team,ズッター,,71,25,23,確認済
2011,Moto2,xavier-simeon,,Tech 3 B,テック3,,19,26,23,確認済
2011,Moto2,alex-baldolini,,NGM Forward Racing,ズッター,,25,27,18,確認済
2011,Moto2,kenny-noyes,,Avintia-STX,FTR,,9,28,11,確認済
2011,Moto2,kev-coghlan,,Aeroport de Castello,FTR,,49,29,11,確認済
2011,Moto2,ratthapark-wilairot,,Thai Honda Singha SAG,FTR,,14,30,4,確認済
2011,Moto2,ricard-cardus,,QMMF Racing Team,モリワキ,,88,31,2,確認済
2011,Moto2,axel-pons,,Pons HP 40,ポンス・カレックス,,80,32,1,確認済
2011,Moto2,alessandro-andreozzi,,Andreozzi Reparto Corse,FTR,,22,,,確認済
2011,Moto2,alexander-cudlin,,QMMF Racing Team,モリワキ,,8,,,確認済
2011,Moto2,apiwath-wongthananon,,Thai Honda Singha SAG,FTR,,23,,,確認済
2011,Moto2,blake-leigh-smith,,BRP Racing,FTR,,56,,,確認済
2011,Moto2,carmelo-morales,,Desguaces La Torre G22,モリワキ,,31,,,確認済
2011,Moto2,elena-rosell,,Mapfre Aspar Team Moto2,ズッター,,82,,,確認済
2011,Moto2,hafizh-syahrin,,Petronas Malaysia,モリワキ,,86,,,確認済
2011,Moto2,ivan-moreno,,Mapfre Aspar Team Moto2,ズッター,,20,,,確認済
2011,Moto2,jacob-gagne,,GPTech,FTR,,32,,,確認済
2011,Moto2,javier-fores,,Mapfre Aspar Team Moto2,ズッター,,21,,,確認済
2011,Moto2,jd-beach,,Aeroport de Castello,FTR,,73,,,確認済
2011,Moto2,joan-olive,,Aeroport de Castello,FTR,,6,,,確認済
2011,Moto2,jordi-torres,,Mapfre Aspar Team Moto2,ズッター,,18,,,確認済
2011,Moto2,kris-mclaren,,BRP Racing,ズッター,,43,,,確認済
2011,Moto2,lukasz-wargala,,Desguaces La Torre G22,モリワキ,,99,,,確認済
2011,Moto2,martin-cardenas,,Blusens-STX,FTR,,10,,,確認済
2011,Moto2,mashel-al-naimi,,QMMF Racing Team,モリワキ,,95,,,確認済
2011,Moto2,mattia-tarozzi,,Faenza Racing,ズッター,,70,,,確認済
2011,Moto2,michael-van-der-mark,,EAB Racing,テンケイト,,66,,,確認済
2011,Moto2,mohamad-zamri-baba,,Petronas Malaysia,モリワキ,,87,,,確認済
2011,Moto2,nasser-al-malki,,QMMF Racing Team,モリワキ,,96,,,確認済
2011,Moto2,oscar-climent,,Team Climent,MIRレーシング,,61,,,確認済
2011,Moto2,raffaele-de-rosa,,NGM Forward Racing,ズッター,,35,,,確認済
2011,Moto2,robertino-pietri,,Italtrans Racing Team,ズッター,,39,,,確認済
2011,Moto2,santiago-hernandez,,SAG Team,FTR,,64,,,確認済
2011,Moto2,sergio-gadea,,Desguaces La Torre G22,モリワキ,,33,,,確認済
2011,Moto2,steven-odendaal,,MS Racing,ズッター,,97,,,確認済
2011,Moto2,tommaso-lorenzetti,,Aeroport de Castello,FTR,,24,,,確認済
2011,Moto2,tomoyoshi-koyama,,Technomag-CIP,ズッター,,7,,,確認済
2011,Moto2,valentin-debise,,Speed Up,FTR,,53,,,確認済
2011,125cc,nicolas-terol,,Bankia Aspar Team 125cc,アプリリア,,18,1,302,確認済
2011,125cc,johann-zarco,,Avant-AirAsia-Ajo,デルビ,,5,2,262,確認済
2011,125cc,maverick-vinales,,Blusens by Paris Hilton Racing,アプリリア,,25,3,248,確認済
2011,125cc,sandro-cortese,,Intact-Racing Team Germany,アプリリア,,11,4,225,確認済
2011,125cc,hector-faubel,,Bankia Aspar Team 125cc,アプリリア,,55,5,177,確認済
2011,125cc,jonas-folger,,Red Bull Ajo MotorSport,アプリリア,,94,6,161,確認済
2011,125cc,efren-vazquez,,Avant-AirAsia-Ajo,デルビ,,7,7,160,確認済
2011,125cc,luis-salom,,RW Racing GP,アプリリア,,39,8,116,確認済
2011,125cc,sergio-gadea,,Blusens by Paris Hilton Racing,アプリリア,,33,9,103,確認済
2011,125cc,alberto-moncayo,,Andalucia Banca Civica,アプリリア,,23,10,94,確認済
2011,125cc,danny-kent,,Red Bull Ajo MotorSport,アプリリア,,52,11,82,確認済
2011,125cc,jakub-kornfeil,,Ongetta-Centro Seta,アプリリア,,84,12,72,確認済
2011,125cc,adrian-martin,,Bankia Aspar Team 125cc,アプリリア,,26,13,45,確認済
2011,125cc,miguel-oliveira,,Andalucia Banca Civica,アプリリア,,44,14,44,確認済
2011,125cc,marcel-schrotter,,Mahindra Racing,マヒンドラ,,77,15,36,確認済
2011,125cc,simone-grotzkyj,,Phonica Racing,アプリリア,,15,16,32,確認済
2011,125cc,louis-rossi,,Matteoni Racing,アプリリア,,96,17,31,確認済
2011,125cc,zulfahmi-khairuddin,,Airasia-Sic-Ajo,デルビ,,63,18,30,確認済
2011,125cc,danny-webb,,Mahindra Racing,マヒンドラ,,99,19,24,確認済
2011,125cc,luigi-morciano,,Team Italia FMI,アプリリア,,3,20,23,確認済
2011,125cc,niklas-ajo,,TT Motion Events Racing,アプリリア,,31,21,19,確認済
2011,125cc,alexis-masbou,,Caretta Technology,KTM,,10,22,18,確認済
2011,125cc,jasper-iwema,,Ongetta-Abbink Metaal,アプリリア,,53,23,16,確認済
2011,125cc,taylor-mackenzie,,Phonica Racing,アプリリア,,17,24,15,確認済
2011,125cc,alessandro-tonucci,,Team Italia FMI,アプリリア,,19,25,12,確認済
2011,125cc,hiroki-ono,,Caretta Technology Forward Team,KTM,,76,26,8,確認済
2011,125cc,manuel-tatasciore,,Phonica Racing,アプリリア,,60,27,5,確認済
2011,125cc,harry-stafford,,Ongetta-Centro Seta,アプリリア,,21,28,5,確認済
2011,125cc,toni-finsterbusch,,Freudenberg Racing Team,KTM,,42,29,4,確認済
2011,125cc,miroslav-popov,,Ellegi Racing,アプリリア,,95,30,3,確認済
2011,125cc,john-mcphee,,Racing Steps Foundation KRP,アプリリア,,71,31,3,確認済
2011,125cc,josep-rodriguez,,Blusens by Paris Hilton Racing,アプリリア,,28,32,3,確認済
2011,125cc,giulian-pedone,,Phonica Racing,アプリリア,,30,33,1,確認済
2011,125cc,sturla-fagerhaug,,WTR-Ten10 Racing,アプリリア,,50,34,1,確認済
2011,125cc,alessandro-giorgi,,VFT Racing,アプリリア,,27,,,確認済
2011,125cc,arthur-sissis,,TT Motion Events Racing,アプリリア,,32,,,確認済
2011,125cc,brad-binder,,Andalucia Banca Civica,アプリリア,,14,,,確認済
2011,125cc,bryan-schouten,,Dutch Racing Team,ホンダ,,51,,,確認済
2011,125cc,damien-raemy,,Caretta Technology,KTM,,90,,,確認済
2011,125cc,daniel-kartheininger,,Caretta Technology Forward Team,KTM,,12,,,確認済
2011,125cc,daniel-ruiz,,Larresport,ホンダ,,34,,,確認済
2011,125cc,ernst-dubbink,,RV Racing Team,ホンダ,,61,,,確認済
2011,125cc,farid-badrul,,AirAsia-Sic-Ajo,デルビ,,64,,,確認済
2011,125cc,felix-forstenhaeusler,,Schwaben Racing Team,ホンダ,,78,,,確認済
2011,125cc,francesco-mauriello,,WTR-Ten10 Racing,アプリリア,,43,,,確認済
2011,125cc,hikari-okubo,,18 Garage Racing Team,ホンダ,,82,,,確認済
2011,125cc,hyuga-watanabe,,Project u 7C Harc,ホンダ,,81,,,確認済
2011,125cc,jack-miller,,Caretta Technology,KTM,,8,,,確認済
2011,125cc,jerry-van-de-bunt,,JerrysRacingTeam,ホンダ,,67,,,確認済
2011,125cc,joan-perello,,Matteoni Racing,アプリリア,,36,,,確認済
2011,125cc,josh-hook,,Hook Racing.com,アプリリア,,46,,,確認済
2011,125cc,jun-ohnishi,,Project u 7C Harc,ホンダ,,80,,,確認済
2011,125cc,kevin-calia,,MGP Racing,アプリリア,,74,,,確認済
2011,125cc,kevin-hanus,,Team Hanusch,ホンダ,,86,,,確認済
2011,125cc,kevin-szalai,,Maxiscoot MVT Racing,アプリリア,,91,,,確認済
2011,125cc,kevin-thobois,,Team RMS,ホンダ,,92,,,確認済
2011,125cc,ladislav-chmelik,,RJR Racing,アプリリア,,24,,,確認済
2011,125cc,luca-fabrizio,,WTR-Ten10 Racing,アプリリア,,89,,,確認済
2011,125cc,luca-grunwald,,Freudenberg Racing Team,KTM,,41,,,確認済
2011,125cc,marco-colandrea,,WTR-Ten10 Racing,アプリリア,,40,,,確認済
2011,125cc,marvin-fritz,,LHF Project Racing,ホンダ,,70,,,確認済
2011,125cc,massimo-parziani,,Faenza Racing,アプリリア,,88,,,確認済
2011,125cc,nicky-diles,,Aprilia RSW Racing,アプリリア,,47,,,確認済
2011,125cc,pedro-rodriguez,,Turismo de Aragon - DVJ,アプリリア,,37,,,確認済
2011,125cc,peter-sebestyen,,Caretta Technology,KTM,,56,,,確認済
2011,125cc,sarath-kumar,,WTR-Ten10 Racing,アプリリア,,69,,,確認済
2011,125cc,syunya-mori,,Phonica Racing,アプリリア,,65,,,確認済
2011,125cc,takehiro-yamamoto,,Team Nobby,ホンダ,,79,,,確認済
2011,125cc,thomas-van-leeuwen,,RacingTeam Van Leeuwen,ホンダ,,75,,,確認済
2012,MotoGP,jorge-lorenzo,yamaha-factory,Yamaha Factory Racing,ヤマハ,YZR-M1,99,1,350,確認済
2012,MotoGP,dani-pedrosa,honda-hrc,Repsol Honda Team,ホンダ,RC213V,26,2,332,確認済
2012,MotoGP,casey-stoner,honda-hrc,Repsol Honda Team,ホンダ,RC213V,1,3,254,確認済
2012,MotoGP,andrea-dovizioso,tech3,Monster Yamaha Tech 3,ヤマハ,YZR-M1,4,4,218,確認済
2012,MotoGP,alvaro-bautista,gresini,San Carlo Honda Gresini,ホンダ,RC213V,19,5,178,確認済
2012,MotoGP,valentino-rossi,ducati-lenovo,Ducati Team,ドゥカティ,デスモセディチ,46,6,163,確認済
2012,MotoGP,cal-crutchlow,tech3,Monster Yamaha Tech 3,ヤマハ,YZR-M1,35,7,151,確認済
2012,MotoGP,stefan-bradl,lcr,LCR Honda MotoGP,ホンダ,RC213V,6,8,135,確認済
2012,MotoGP,nicky-hayden,ducati-lenovo,Ducati Team,ドゥカティ,デスモセディチ,69,9,122,確認済
2012,MotoGP,ben-spies,yamaha-factory,Yamaha Factory Racing,ヤマハ,YZR-M1,11,10,88,確認済
2012,MotoGP,hector-barbera,pramac,Pramac Racing Team,ドゥカティ,デスモセディチ,8,11,83,確認済
2012,MotoGP,aleix-espargaro,aspar,Power Electronics Aspar,ART,ART（RSV4ベース）,41,12,74,確認済
2012,MotoGP,randy-de-puniet,aspar,Power Electronics Aspar,ART,ART（RSV4ベース）,14,13,62,確認済
2012,MotoGP,karel-abraham,ab-motoracing,Cardion AB Motoracing,ドゥカティ,デスモセディチ,17,14,59,確認済
2012,MotoGP,michele-pirro,gresini,San Carlo Honda Gresini,FTR,RC213V,51,15,43,確認済
2012,MotoGP,james-ellison,pbm,Paul Bird Motorsport,ART,ART（RSV4ベース）,77,16,35,確認済
2012,MotoGP,yonny-hernandez,avintia,Avintia Blusens,BQR,BQR-FTR（カワサキZX-10Rエンジン）,68,17,28,確認済
2012,MotoGP,katsuyuki-nakasuga,yamaha-factory,Yamaha YSP Racing Team,ヤマハ,YZR-M1,21,18,27,確認済
2012,MotoGP,danilo-petrucci,ioda,Came IodaRacing Project,イオダ,Ioda（アプリリアRSV4エンジン）,9,19,27,確認済
2012,MotoGP,colin-edwards,forward,NGM Mobile Forward Racing,ズッター,スーター（BMW S1000RRエンジン）,5,20,27,確認済
2012,MotoGP,jonathan-rea,honda-hrc,Repsol Honda Team,ホンダ,RC213V,56,21,17,確認済
2012,MotoGP,mattia-pasini,speed-master,Speed Master,ART,ART（RSV4ベース）,54,22,13,確認済
2012,MotoGP,ivan-silva,avintia,Avintia Blusens,BQR,BQR-FTR（カワサキZX-10Rエンジン）,22,23,12,確認済
2012,MotoGP,toni-elias,pramac,Pramac Racing Team,ドゥカティ,デスモセディチ,24,24,10,確認済
2012,MotoGP,hiroshi-aoyama,avintia,Avintia Blusens,BQR,BQR-FTR（カワサキZX-10Rエンジン）,73,25,3,確認済
2012,MotoGP,steve-rapp,attack,Attack Performance,APR,アタック（カワサキZX-10Rベース）,15,26,2,確認済
2012,MotoGP,david-salom,avintia,Avintia Blusens,BQR,BQR-FTR（カワサキZX-10Rエンジン）,44,27,1,確認済
2012,MotoGP,aaron-yates,gp-tech,GPTech,BCL,BCL（スズキGSX-R1000エンジン）,20,,,確認済
2012,MotoGP,chris-vermeulen,forward,NGM Mobile Forward Racing,ズッター,スーター（BMW S1000RRエンジン）,7,,,確認済
2012,MotoGP,claudio-corti,avintia,Avintia Blusens,インモテック,BQR-FTR（カワサキZX-10Rエンジン）,71,,,確認済
2012,MotoGP,franco-battaini,ab-motoracing,Cardion AB Motoracing,ドゥカティ,デスモセディチ,2,,,確認済
2012,MotoGP,roberto-rolfo,speed-master,Speed Master,ART,ART（RSV4ベース）,84,,,確認済
2012,Moto2,marc-marquez,estrella-galicia,Team CatalunyaCaixa Repsol,ズッター,ホンダ製600cc直4エンジン（共通）,93,1,328,確認済
2012,Moto2,pol-espargaro,pons,Pons 40 HP Tuenti,カレックス,ホンダ製600cc直4エンジン（共通）,40,2,269,確認済
2012,Moto2,andrea-iannone,speed-master,Speed Master,スピードアップ,ホンダ製600cc直4エンジン（共通）,29,3,194,確認済
2012,Moto2,thomas-luthi,interwetten,Interwetten-Paddock,ズッター,ホンダ製600cc直4エンジン（共通）,12,4,191,確認済
2012,Moto2,scott-redding,marc-vds,Marc VDS Racing Team,カレックス,ホンダ製600cc直4エンジン（共通）,45,5,165,確認済
2012,Moto2,mika-kallio,marc-vds,Marc VDS Racing Team,カレックス,ホンダ製600cc直4エンジン（共通）,36,6,130,確認済
2012,Moto2,tito-rabat,pons,Pons 40 HP Tuenti,カレックス,ホンダ製600cc直4エンジン（共通）,80,7,117,確認済
2012,Moto2,dominique-aegerter,cip,Technomag-CIP,ズッター,ホンダ製600cc直4エンジン（共通）,77,8,114,確認済
2012,Moto2,bradley-smith,tech3,Tech 3 Racing,テック3,ホンダ製600cc直4エンジン（共通）,38,9,112,確認済
2012,Moto2,johann-zarco,jir,JiR Moto2,モトビ,ホンダ製600cc直4エンジン（共通）,5,10,95,確認済
2012,Moto2,simone-corsi,ioda,Came IodaRacing Project,FTR,ホンダ製600cc直4エンジン（共通）,3,11,88,確認済
2012,Moto2,alex-de-angelis,forward,NGM Mobile Forward Racing,FTR,ホンダ製600cc直4エンジン（共通）,15,12,86,確認済
2012,Moto2,julian-simon,avintia,Blusens Avintia,ズッター,ホンダ製600cc直4エンジン（共通）,60,13,81,確認済
2012,Moto2,claudio-corti,italtrans,Italtrans Racing Team,カレックス,ホンダ製600cc直4エンジン（共通）,71,14,74,確認済
2012,Moto2,takaaki-nakagami,italtrans,Italtrans Racing Team,カレックス,ホンダ製600cc直4エンジン（共通）,30,15,57,確認済
2012,Moto2,toni-elias,aspar,Mapfre Aspar Team Moto2,ズッター,ホンダ製600cc直4エンジン（共通）,24,16,50,確認済
2012,Moto2,nicolas-terol,aspar,Mapfre Aspar Team Moto2,ズッター,ホンダ製600cc直4エンジン（共通）,18,17,37,確認済
2012,Moto2,randy-krummenacher,gp-switzerland,GP Team Switzerland,カレックス,ホンダ製600cc直4エンジン（共通）,4,18,32,確認済
2012,Moto2,jordi-torres,aspar,Mapfre Aspar Team Moto2,ズッター,ホンダ製600cc直4エンジン（共通）,81,19,31,確認済
2012,Moto2,gino-rea,gresini,Federal Oil Gresini Moto2,ズッター,ホンダ製600cc直4エンジン（共通）,8,20,25,確認済
2012,Moto2,xavier-simeon,,Tech 3 Racing,テック3,,19,21,23,確認済
2012,Moto2,mike-di-meglio,,S/Master Speed Up,スピードアップ,,63,22,17,確認済
2012,Moto2,hafizh-syahrin,,Petronas Raceline Malaysia,FTR,,86,23,16,確認済
2012,Moto2,axel-pons,,Pons 40 HP Tuenti,カレックス,,49,24,11,確認済
2012,Moto2,ricard-cardus,,Arguiñano Racing Team,AJR,,88,25,10,確認済
2012,Moto2,max-neukirchner,,Kiefer Racing,カレックス,,76,26,9,確認済
2012,Moto2,ratthapark-wilairot,,Thai Honda PTT Gresini Moto2,ズッター,,14,27,9,確認済
2012,Moto2,yuki-takahashi,,NGM Mobile Forward Racing,FTR,,72,28,5,確認済
2012,Moto2,dani-rivas,,TSR Galicia School,カレックス,,17,29,3,確認済
2012,Moto2,roberto-rolfo,,Technomag-CIP,ズッター,,44,30,1,確認済
2012,Moto2,tomoyoshi-koyama,,Technomag-CIP,ズッター,,75,31,,確認済
2012,Moto2,marcel-schrotter,,Desguaces La Torre SAG,ビモータ,,23,32,,確認済
2012,Moto2,eric-granado,,JIR Moto2,モトビ,,57,33,,確認済
2012,Moto2,alessandro-andreozzi,,S/Master Speed Up,スピードアップ,,22,34,,確認済
2012,Moto2,mattia-pasini,,NGM Mobile Forward Racing,FTR,,54,35,,確認済
2012,Moto2,roman-ramos,,SAG Team,FTR,,28,36,,確認済
2012,Moto2,rafid-topan-sucipto,,QMMF Racing Team,スピードアップ,,97,37,,確認済
2012,Moto2,alex-marinelarena,,Targo Bank CNS Motorsport,ズッター,,92,,,確認済
2012,Moto2,alexander-lundh,,Cresto Guide MZ Racing,MZ,,7,,,確認済
2012,Moto2,angel-rodriguez,,Desguaces La Torre SAG,FTR,,47,,,確認済
2012,Moto2,anthony-west,,QMMF Racing Team,モリワキ,,95,,,確認済
2012,Moto2,damian-cudlin,,Desguaces La Torre SAG,ビモータ,,50,,,確認済
2012,Moto2,elena-rosell,,QMMF Racing Team,モリワキ,,82,,,確認済
2012,Moto2,jesko-raffin,,GP Team Switzerland,カレックス,,20,,,確認済
2012,Moto2,kevin-wahr,,Kiefer Racing,IAMT,,11,,,確認済
2012,Moto2,kohta-nozane,,SAG Team,FTR,,31,,,確認済
2012,Moto2,marco-colandrea,,SAG Team,FTR,,10,,,確認済
2012,Moto2,markus-reiterberger,,Cresto Guide MZ Racing,MZ,,21,,,確認済
2012,Moto2,massimo-roccoli,,Desguaces La Torre SAG,ビモータ,,55,,,確認済
2012,Moto2,nasser-al-malki,,QMMF Racing Team,モリワキ,,96,,,確認済
2012,Moto2,steven-odendaal,,Arguiñano Racing Team,AJR,,84,,,確認済
2012,Moto3,sandro-cortese,ajo,Red Bull KTM Ajo,KTM,,11,1,325,確認済
2012,Moto3,luis-salom,rw-racing,RW Racing GP,カレックスKTM,,39,2,214,確認済
2012,Moto3,maverick-vinales,avintia,Blusens Avintia Repsol,FTRホンダ,,25,3,207,確認済
2012,Moto3,danny-kent,ajo,Red Bull KTM Ajo,KTM,,52,4,154,確認済
2012,Moto3,alex-rins,estrella-galicia,"Estrella Galicia 0,0",ズッターホンダ,,42,5,141,確認済
2012,Moto3,romano-fenati,team-italia,Team Italia FMI,FTRホンダ,,5,6,136,確認済
2012,Moto3,zulfahmi-khairuddin,ajo,AirAsia-SIC-Ajo,KTM,,63,7,128,確認済
2012,Moto3,miguel-oliveira,estrella-galicia,"Estrella Galicia 0,0",ズッターホンダ,,44,8,114,確認済
2012,Moto3,jonas-folger,team-italia,Ioda Team Italia,カレックスKTM,,94,9,93,確認済
2012,Moto3,efren-vazquez,laglisse,JHK T-shirt Laglisse,FTRホンダ,,7,10,93,確認済
2012,Moto3,louis-rossi,racing-team-germany,Racing Team Germany,FTRホンダ,,96,11,86,確認済
2012,Moto3,arthur-sissis,ajo,Red Bull KTM Ajo,KTM,,61,12,84,確認済
2012,Moto3,alexis-masbou,rtg,Caretta Technology,ホンダ,,10,13,81,確認済
2012,Moto3,niccolo-antonelli,gresini,San Carlo Gresini Moto3,FTRホンダ,,27,14,77,確認済
2012,Moto3,jakub-kornfeil,snipers,Redox-Ongetta-Centro Seta,FTRホンダ,,84,15,71,確認済
2012,Moto3,hector-faubel,aspar,Bankia Aspar Team,カレックスKTM,,55,16,63,確認済
2012,Moto3,alberto-moncayo,aspar,Bankia Aspar Team,カレックスKTM,,23,17,52,確認済
2012,Moto3,alessandro-tonucci,team-italia,Team Italia FMI,FTRホンダ,,19,18,45,確認済
2012,Moto3,niklas-ajo,tt-motion,TT Motion Events Racing,KTM,,31,19,40,確認済
2012,Moto3,alex-marquez,estrella-galicia,"Estrella Galicia 0,0",ズッターホンダ,,12,20,27,確認済
2012,Moto3,brad-binder,,RW Racing GP,カレックスKTM,,41,21,24,確認済
2012,Moto3,alan-techer,,Technomag-CIP-TSR,TSRホンダ,,89,22,21,確認済
2012,Moto3,jack-miller,,Caretta Technology,ホンダ,,8,23,17,確認済
2012,Moto3,adrian-martin,,JHK t-shirt Laglisse,FTRホンダ,,26,24,16,確認済
2012,Moto3,ivan-moreno,,Andalucia JHK Laglisse,FTRホンダ,,21,25,10,確認済
2012,Moto3,jasper-iwema,,Moto FGR,FGRホンダ,,53,26,9,確認済
2012,Moto3,luca-grunwald,,Freudenberg Racing Team,ホンダ,,43,27,8,確認済
2012,Moto3,isaac-vinales,,Ongetta-Centro Seta,FTRホンダ,,32,28,8,確認済
2012,Moto3,giulian-pedone,,Ambrogio Next Racing,ズッターホンダ,,30,29,7,確認済
2012,Moto3,toni-finsterbusch,,Cresto Guide MZ Racing,ホンダ,,9,30,7,確認済
2012,Moto3,philipp-ottl,,HP Moto Kalex,カレックスKTM,,65,31,5,確認済
2012,Moto3,juan-francisco-guevara,,Wild Wolf BST,FTRホンダ,,58,32,4,確認済
2012,Moto3,marcel-schrotter,,Mahindra Racing,マヒンドラ,,77,33,4,確認済
2012,Moto3,kevin-hanus,,Thomas Sabo GP Team,ホンダ,,86,34,3,確認済
2012,Moto3,kevin-calia,,Elle 2 Ciatti,ホンダ,,74,35,2,確認済
2012,Moto3,josep-rodriguez,,Moto FGR,FGRホンダ,,28,36,1,確認済
2012,Moto3,john-mcphee,,Caretta Technology,KRPホンダ,,17,37,1,確認済
2012,Moto3,michael-ruben-rinaldi,,Caretta Technology,ホンダ,,71,38,1,確認済
2012,Moto3,simone-grotzkyj,,Ambrogio Next Racing,ズッターホンダ,,15,39,1,確認済
2012,Moto3,armando-pontone,,IodaRacing Project,イオダ,,80,,,確認済
2012,Moto3,bryan-schouten,,Dutch Racing Team,ホンダ,,22,,,確認済
2012,Moto3,danny-webb,,Mahindra Racing,マヒンドラ,,99,,,確認済
2012,Moto3,fraser-rogers,,Racing Steps Foundation KRP,KRPホンダ,,79,,,確認済
2012,Moto3,hyuga-watanabe,,Project U 7C Harc,ホンダ,,81,,,確認済
2012,Moto3,joan-olive,,TT Motion Events Racing,KTM,,6,,,確認済
2012,Moto3,jorge-navarro,,Bradol Larresport,ホンダ,,49,,,確認済
2012,Moto3,julian-miralles,,MIR Racing,ホンダ,,40,,,確認済
2012,Moto3,kenta-fujii,,Technomag-CIP-TSR,TSRホンダ,,51,,,確認済
2012,Moto3,lincoln-gilding,,K1 Racing,ホンダ,,75,,,確認済
2012,Moto3,luca-amato,,Mapfre Aspar Team Moto3,カレックスKTM,,29,,,確認済
2012,Moto3,luigi-morciano,,Ioda Team Italia,イオダ,,3,,,確認済
2012,Moto3,manuel-tatasciore,,Caretta Technology,ホンダ,,73,,,確認済
2012,Moto3,miroslav-popov,,Mahindra Racing,マヒンドラ,,95,,,確認済
2012,Moto3,riccardo-moretti,,Mahindra Racing,マヒンドラ,,20,,,確認済
2012,Moto3,sam-clarke,,Fastline GP Racing,ホンダ,,36,,,確認済
2012,Moto3,stefano-valtulini,,Team Imperiali Racing,ホンダ,,33,,,確認済
2012,Moto3,yuudai-kamei,,18 Garage Racing Team,ホンダ,,82,,,確認済
2013,MotoGP,marc-marquez,honda-hrc,Repsol Honda Team,ホンダ,RC213V,93,1,334,確認済
2013,MotoGP,jorge-lorenzo,yamaha-factory,Yamaha Factory Racing,ヤマハ,YZR-M1,99,2,330,確認済
2013,MotoGP,dani-pedrosa,honda-hrc,Repsol Honda Team,ホンダ,RC213V,26,3,300,確認済
2013,MotoGP,valentino-rossi,yamaha-factory,Yamaha Factory Racing,ヤマハ,YZR-M1,46,4,237,確認済
2013,MotoGP,cal-crutchlow,tech3,Monster Yamaha Tech 3,ヤマハ,YZR-M1,35,5,188,確認済
2013,MotoGP,alvaro-bautista,gresini,Go&Fun Honda Gresini,ホンダ,RC213V,19,6,171,確認済
2013,MotoGP,stefan-bradl,lcr,LCR Honda MotoGP,ホンダ,RC213V,6,7,156,確認済
2013,MotoGP,andrea-dovizioso,ducati-lenovo,Ducati Team,ドゥカティ,デスモセディチ,4,8,140,確認済
2013,MotoGP,nicky-hayden,ducati-lenovo,Ducati Team,ドゥカティ,デスモセディチ,69,9,126,確認済
2013,MotoGP,bradley-smith,tech3,Monster Yamaha Tech 3,ヤマハ,YZR-M1,38,10,116,確認済
2013,MotoGP,aleix-espargaro,aspar,Power Electronics Aspar,ART,ART（RSV4ベース）,41,11,93,確認済
2013,MotoGP,andrea-iannone,pramac,Energy T.I. Pramac Racing,ドゥカティ,デスモセディチ,29,12,57,確認済
2013,MotoGP,michele-pirro,ducati-lenovo,Ducati Test Team,ドゥカティ,デスモセディチ,51,13,56,確認済
2013,MotoGP,colin-edwards,forward,NGM Mobile Forward Racing,FTRカワサキ,FTR（カワサキエンジン）,5,14,41,確認済
2013,MotoGP,randy-de-puniet,aspar,Power Electronics Aspar,ART,ART（RSV4ベース）,14,15,36,確認済
2013,MotoGP,hector-barbera,avintia,Avintia Blusens,FTR,FTR（カワサキエンジン）,8,16,35,確認済
2013,MotoGP,danilo-petrucci,ioda,Came IodaRacing Project,イオダ・ズッター,スーター（BMWエンジン）,9,17,26,確認済
2013,MotoGP,yonny-hernandez,pbm,Paul Bird Motorsport,ART,ART／PBM（アプリリアエンジン）,68,18,21,確認済
2013,MotoGP,claudio-corti,forward,NGM Mobile Forward Racing,FTRカワサキ,FTR（カワサキエンジン）,71,19,14,確認済
2013,MotoGP,hiroshi-aoyama,avintia,Avintia Blusens,FTR,FTR（カワサキエンジン）,7,20,13,確認済
2013,MotoGP,ben-spies,pramac,Ignite Pramac Racing,ドゥカティ,デスモセディチ,11,21,9,確認済
2013,MotoGP,katsuyuki-nakasuga,yamaha-factory,Yamaha YSP Racing Team,ヤマハ,YZR-M1,21,22,5,確認済
2013,MotoGP,alex-de-angelis,pramac,Ignite Pramac Racing,ドゥカティ,デスモセディチ,15,23,5,確認済
2013,MotoGP,karel-abraham,ab-motoracing,Cardion AB Motoracing,ART,ART（RSV4ベース）,17,24,5,確認済
2013,MotoGP,michael-laverty,pbm,Paul Bird Motorsport,PBM,ART／PBM（アプリリアエンジン）,70,25,3,確認済
2013,MotoGP,bryan-staring,gresini,Go&Fun Honda Gresini,FTRホンダ,RC213V,67,26,2,確認済
2013,MotoGP,javier-del-amor,avintia,Avintia Blusens,FTR,FTR（カワサキエンジン）,77,27,1,確認済
2013,MotoGP,blake-young,attack,Attack Performance Racing,APR,アタック（カワサキZX-10Rベース）,79,,,確認済
2013,MotoGP,damian-cudlin,pbm,Paul Bird Motorsport,PBM,ART／PBM（アプリリアエンジン）,50,,,確認済
2013,MotoGP,ivan-silva,avintia,Avintia Blusens,FTR,FTR（カワサキエンジン）,22,,,確認済
2013,MotoGP,luca-scassa,ab-motoracing,Cardion AB Motoracing,ART,ART（RSV4ベース）,23,,,確認済
2013,MotoGP,lukas-pesek,ioda,Came IodaRacing Project,イオダ・ズッター,スーター（BMWエンジン）,52,,,確認済
2013,MotoGP,martin-bauer,remus,Remus Racing Team,S&Bズッター,スーター（BMWエンジン）,45,,,確認済
2013,Moto2,pol-espargaro,pons,Tuenti HP 40,カレックス,ホンダ製600cc直4エンジン（共通）,40,1,265,確認済
2013,Moto2,scott-redding,marc-vds,Marc VDS Racing Team,カレックス,ホンダ製600cc直4エンジン（共通）,45,2,225,確認済
2013,Moto2,tito-rabat,pons,Tuenti HP 40,カレックス,ホンダ製600cc直4エンジン（共通）,80,3,216,確認済
2013,Moto2,mika-kallio,marc-vds,Marc VDS Racing Team,カレックス,ホンダ製600cc直4エンジン（共通）,36,4,188,確認済
2013,Moto2,dominique-aegerter,cip,Technomag carXpert,ズッター,ホンダ製600cc直4エンジン（共通）,77,5,158,確認済
2013,Moto2,thomas-luthi,interwetten,Interwetten Paddock Moto2,ズッター,ホンダ製600cc直4エンジン（共通）,12,6,155,確認済
2013,Moto2,nicolas-terol,aspar,Mapfre Aspar Team Moto2,ズッター,ホンダ製600cc直4エンジン（共通）,18,7,150,確認済
2013,Moto2,takaaki-nakagami,italtrans,Italtrans Racing Team,カレックス,ホンダ製600cc直4エンジン（共通）,30,8,149,確認済
2013,Moto2,johann-zarco,ioda,Came IodaRacing Project,ズッター,ホンダ製600cc直4エンジン（共通）,5,9,141,確認済
2013,Moto2,jordi-torres,aspar,Mapfre Aspar Team Moto2,ズッター,ホンダ製600cc直4エンジン（共通）,81,10,128,確認済
2013,Moto2,simone-corsi,forward,NGM Mobile Racing,スピードアップ,ホンダ製600cc直4エンジン（共通）,3,11,108,確認済
2013,Moto2,xavier-simeon,desguaces,Desguaces La Torre Maptaq,カレックス,ホンダ製600cc直4エンジン（共通）,19,12,90,確認済
2013,Moto2,julian-simon,italtrans,Italtrans Racing Team,カレックス,ホンダ製600cc直4エンジン（共通）,60,13,81,確認済
2013,Moto2,alex-de-angelis,forward,NGM Mobile Racing,スピードアップ,ホンダ製600cc直4エンジン（共通）,15,14,81,確認済
2013,Moto2,mattia-pasini,forward,NGM Mobile Racing,スピードアップ,ホンダ製600cc直4エンジン（共通）,54,15,58,確認済
2013,Moto2,marcel-schrotter,desguaces,Desguaces La Torre Maptaq,カレックス,ホンダ製600cc直4エンジン（共通）,23,16,38,確認済
2013,Moto2,randy-krummenacher,cip,Technomag carXpert,ズッター,ホンダ製600cc直4エンジン（共通）,4,17,22,確認済
2013,Moto2,toni-elias,avintia,Blusens Avintia,カレックス,ホンダ製600cc直4エンジン（共通）,24,18,22,確認済
2013,Moto2,sandro-cortese,intact,Dynavolt Intact GP,カレックス,ホンダ製600cc直4エンジン（共通）,11,19,22,確認済
2013,Moto2,mike-di-meglio,jir,JiR Moto2,モトビ,ホンダ製600cc直4エンジン（共通）,63,20,19,確認済
2013,Moto2,anthony-west,,QMMF Racing Team,スピードアップ,,95,21,19,確認済
2013,Moto2,danny-kent,,Tech 3,テック3,,52,22,16,確認済
2013,Moto2,ricard-cardus,,NGM Mobile Forward Racing,スピードアップ,,88,23,9,確認済
2013,Moto2,louis-rossi,,Tech 3,テック3,,96,24,6,確認済
2013,Moto2,axel-pons,,Tuenti HP 40,カレックス,,49,25,6,確認済
2013,Moto2,gino-rea,,Gino Rea Montaze Broz Racing,FTR,,8,26,4,確認済
2013,Moto2,alex-marinelarena,,Blusens Avintia,カレックス,,92,27,2,確認済
2013,Moto2,hafizh-syahrin,,Petronas Raceline Malaysia,カレックス,,55,28,1,確認済
2013,Moto2,doni-tata-pradita,,Federal Oil Gresini Moto2,ズッター,,7,29,1,確認済
2013,Moto2,alberto-moncayo,,Argiñano & Gines Racing,スピードアップ,,17,30,,確認済
2013,Moto2,franco-morbidelli,,Federal Oil Gresini Moto2,ズッター,,94,31,,確認済
2013,Moto2,steven-odendaal,,Argiñano & Gines Racing,スピードアップ,,44,32,,確認済
2013,Moto2,azlan-shah,,IDEMITSU Honda Team Asia,モリワキ,,25,33,,確認済
2013,Moto2,ezequiel-iturrioz,,Blusens Avintia,カレックス,,34,34,,確認済
2013,Moto2,lucas-mahias,,Promoto Sport,トランスフォーマーズ,,99,35,,確認済
2013,Moto2,dani-rivas,,TSR Motorsport,カレックス,,27,,,確認済
2013,Moto2,decha-kraisart,,Singha Eneos Yamaha Tech3,テック3,,46,,,確認済
2013,Moto2,fadli-immammuddin,,JiR Moto2,モトビ,,62,,,確認済
2013,Moto2,james-rispoli,,GP Tech,テック3,,43,,,確認済
2013,Moto2,jason-ohalloran,,JiR Moto2,モトビ,,22,,,確認済
2013,Moto2,kohta-nozane,,JiR Moto2,モトビ,,31,,,確認済
2013,Moto2,kyle-smith,,Blusens Avintia,カレックス,,9,,,確認済
2013,Moto2,rafid-topan-sucipto,,QMMF Racing Team,スピードアップ,,97,,,確認済
2013,Moto2,ratthapark-wilairot,,Thai Honda PTT Gresini Moto2,ズッター,,14,,,確認済
2013,Moto2,robin-mulhauser,,Technomag carXpert,ズッター,,70,,,確認済
2013,Moto2,roman-ramos,,Argiñano & Gines Racing,スピードアップ,,28,,,確認済
2013,Moto2,sergio-gadea,,Interwetten Paddock,ズッター,,33,,,確認済
2013,Moto2,tetsuta-nagashima,,JiR Moto2,モトビ,,35,,,確認済
2013,Moto2,thitipong-warokorn,,Thai Honda PTT Gresini Moto2,ズッター,,10,,,確認済
2013,Moto2,yuki-takahashi,,IDEMITSU Honda Team Asia,モリワキ,,72,,,確認済
2013,Moto2,zaqhwan-zaidi,,Technomag carXpert,ズッター,,21,,,確認済
2013,Moto3,maverick-vinales,calvo,Team Calvo,KTM,,25,1,323,確認済
2013,Moto3,alex-rins,estrella-galicia,"Estrella Galicia 0,0",KTM,,42,2,311,確認済
2013,Moto3,luis-salom,ajo,Red Bull KTM Ajo,KTM,,39,3,302,確認済
2013,Moto3,alex-marquez,estrella-galicia,"Estrella Galicia 0,0",KTM,,12,4,213,確認済
2013,Moto3,jonas-folger,aspar,Mapfre Aspar Team Moto3,カレックスKTM,,94,5,183,確認済
2013,Moto3,miguel-oliveira,mahindra,Mahindra Racing,マヒンドラ,,44,6,150,確認済
2013,Moto3,jack-miller,rtg,Caretta Technology – RTG,FTRホンダ,,8,7,110,確認済
2013,Moto3,alexis-masbou,snipers,Ongetta–Centro Seta,FTRホンダ,,10,8,94,確認済
2013,Moto3,efren-vazquez,mahindra,Mahindra Racing,マヒンドラ,,7,9,82,確認済
2013,Moto3,romano-fenati,team-italia,San Carlo Team Italia,FTRホンダ,,5,10,73,確認済
2013,Moto3,jakub-kornfeil,rw-racing,Redox RW Racing GP,カレックスKTM,,84,11,68,確認済
2013,Moto3,zulfahmi-khairuddin,ajo,Red Bull KTM Ajo,KTM,,63,12,68,確認済
2013,Moto3,brad-binder,ambrogio,Ambrogio Racing,ズッターホンダ,,41,13,66,確認済
2013,Moto3,niklas-ajo,ajo,Avant Tecno,KTM,,31,14,62,確認済
2013,Moto3,arthur-sissis,ajo,Red Bull KTM Ajo,KTM,,61,15,59,確認済
2013,Moto3,niccolo-antonelli,gresini,GO&FUN Gresini Moto3,FTRホンダ,,23,16,47,確認済
2013,Moto3,isaac-vinales,snipers,Ongetta–Centro Seta,FTRホンダ,,32,17,47,確認済
2013,Moto3,philipp-ottl,interwetten,Tec Interwetten Moto3 Racing,カレックスKTM,,65,18,34,確認済
2013,Moto3,john-mcphee,rtg,Caretta Technology – RTG,FTRホンダ,,17,19,24,確認済
2013,Moto3,danny-webb,ambrogio,Ambrogio Racing,ズッターホンダ,,99,20,15,確認済
2013,Moto3,ana-carrasco,,Team Calvo,KTM,,22,21,9,確認済
2013,Moto3,livio-loi,,Marc VDS Racing Team,カレックスKTM,,11,22,8,確認済
2013,Moto3,alan-techer,,CIP Moto3,TSRホンダ,,89,23,8,確認済
2013,Moto3,jasper-iwema,,RW Racing GP,カレックスKTM,,53,24,8,確認済
2013,Moto3,eric-granado,,Mapfre Aspar Team Moto3,カレックスKTM,,57,25,7,確認済
2013,Moto3,alessandro-tonucci,,La Fonte Tascaracing,FTRホンダ,,19,26,6,確認済
2013,Moto3,matteo-ferrari,,Ongetta-Centro Seta,FTRホンダ,,3,27,2,確認済
2013,Moto3,hyuga-watanabe,,La Fonte Tascaracing,FTRホンダ,,29,28,1,確認済
2013,Moto3,aizat-malik,,Touchline-SIC-AJO,KTM,,79,,,確認済
2013,Moto3,andrea-locatelli,,Mahindra Racing,マヒンドラ,,55,,,確認済
2013,Moto3,andrea-migno,,GMT Racing,FTR,,16,,,確認済
2013,Moto3,bryan-schouten,,Dutch Racing Team,FTRホンダ,,51,,,確認済
2013,Moto3,christophe-arciero,,ARC,ズッター,,18,,,確認済
2013,Moto3,florian-alt,,Kiefer Racing,カレックスKTM,,66,,,確認済
2013,Moto3,francesco-bagnaia,,San Carlo Team Italia,FTRホンダ,,4,,,確認済
2013,Moto3,hafiq-azmi,,La Fonte Tascaracing,FTRホンダ,,80,,,確認済
2013,Moto3,hiroki-ono,,Honda Team Asia,ホンダ,,91,,,確認済
2013,Moto3,jorge-navarro,,Cuna de Campeones,MIRレーシング,,49,,,確認済
2013,Moto3,juan-francisco-guevara,,CIP Moto3,TSRホンダ,,58,,,確認済
2013,Moto3,jules-danilo,,Marc VDS Racing Team,カレックスKTM,,95,,,確認済
2013,Moto3,kevin-hanus,,Thomas Sabo GP Team,ホンダ,,86,,,確認済
2013,Moto3,kyle-ryde,,Racing Steps Foundation KRP,KRPホンダ,,37,,,確認済
2013,Moto3,lachlan-kavney,,Bullet Racing,ブレット,,75,,,確認済
2013,Moto3,lorenzo-baldassarri,,GO&FUN Gresini Moto3,FTRホンダ,,77,,,確認済
2013,Moto3,luca-amato,,Ambrogio Racing,マヒンドラ,,21,,,確認済
2013,Moto3,luca-grunwald,,Kiefer Racing,カレックスKTM,,43,,,確認済
2013,Moto3,luca-marini,,Twelve Racing,FTRホンダ,,97,,,確認済
2013,Moto3,maria-herrera,,"Junior Team Estrella Galicia 0,0",KTM,,6,,,確認済
2013,Moto3,michael-coletti,,Minimoto Portomaggiore,ホンダ,,93,,,確認済
2013,Moto3,sena-yamada,,Team Plus One & Endurance,ホンダ,,33,,,確認済
2013,Moto3,thomas-van-leeuwen,,Racing Team Van Leeuwen,バッカーホンダ,,71,,,確認済
2013,Moto3,toni-finsterbusch,,Kiefer Racing,カレックスKTM,,9,,,確認済
2013,Moto3,wayne-ryan,,Racing Steps Foundation KRP,KRPホンダ,,98,,,確認済
2014,MotoGP,marc-marquez,honda-hrc,Repsol Honda Team,ホンダ,RC213V,93,1,362,確認済
2014,MotoGP,valentino-rossi,yamaha-factory,Movistar Yamaha MotoGP,ヤマハ,YZR-M1,46,2,295,確認済
2014,MotoGP,jorge-lorenzo,yamaha-factory,Movistar Yamaha MotoGP,ヤマハ,YZR-M1,99,3,263,確認済
2014,MotoGP,dani-pedrosa,honda-hrc,Repsol Honda Team,ホンダ,RC213V,26,4,246,確認済
2014,MotoGP,andrea-dovizioso,ducati-lenovo,Ducati Team,ドゥカティ,デスモセディチ,4,5,187,確認済
2014,MotoGP,pol-espargaro,tech3,Monster Yamaha Tech 3,ヤマハ,YZR-M1,44,6,136,確認済
2014,MotoGP,aleix-espargaro,forward,NGM Forward Racing,フォワード・ヤマハ,YZR-M1,41,7,126,確認済
2014,MotoGP,bradley-smith,tech3,Monster Yamaha Tech 3,ヤマハ,YZR-M1,38,8,121,確認済
2014,MotoGP,stefan-bradl,lcr,LCR Honda MotoGP,ホンダ,RC213V,6,9,117,確認済
2014,MotoGP,andrea-iannone,pramac,Pramac Racing,ドゥカティ,デスモセディチ,29,10,102,確認済
2014,MotoGP,alvaro-bautista,gresini,Go&Fun Honda Gresini,ホンダ,RC213V,19,11,89,確認済
2014,MotoGP,scott-redding,gresini,Go&Fun Honda Gresini,ホンダ,RC213V,45,12,81,確認済
2014,MotoGP,cal-crutchlow,ducati-lenovo,Ducati Team,ドゥカティ,デスモセディチ,35,13,74,確認済
2014,MotoGP,hiroshi-aoyama,aspar,Drive M7 Aspar,ホンダ,RC213V,7,14,68,確認済
2014,MotoGP,yonny-hernandez,pramac,Energy T.I. Pramac Racing,ドゥカティ,デスモセディチ,68,15,53,確認済
2014,MotoGP,nicky-hayden,aspar,Drive M7 Aspar,ホンダ,RC213V,69,16,47,確認済
2014,MotoGP,karel-abraham,ab-motoracing,Cardion AB Motoracing,ホンダ,RC213V,17,17,33,確認済
2014,MotoGP,hector-barbera,avintia,Avintia Racing,アビンティア,Avintia GP14（カワサキエンジン）→シーズン途中からドゥカティ,8,18,26,確認済
2014,MotoGP,michele-pirro,ducati-lenovo,Ducati Team,ドゥカティ,デスモセディチ,51,19,18,確認済
2014,MotoGP,danilo-petrucci,ioda,Octo IodaRacing Team,ART,ART（RSV4ベース）,9,20,17,確認済
2014,MotoGP,alex-de-angelis,forward,NGM Forward Racing,フォワード・ヤマハ,YZR-M1,15,21,14,確認済
2014,MotoGP,colin-edwards,forward,NGM Forward Racing,フォワード・ヤマハ,YZR-M1,5,22,11,確認済
2014,MotoGP,broc-parkes,pbm,Paul Bird Motorsport,PBM,PBM（アプリリアART エンジン）,23,23,9,確認済
2014,MotoGP,michael-laverty,pbm,Paul Bird Motorsport,PBM,PBM（アプリリアART エンジン）,70,24,9,確認済
2014,MotoGP,mike-di-meglio,avintia,Avintia Racing,アビンティア,Avintia GP14（カワサキエンジン）,63,25,9,確認済
2014,MotoGP,katsuyuki-nakasuga,yamaha-factory,Yamalube Racing Team with YSP,ヤマハ,YZR-M1,21,26,4,確認済
2014,MotoGP,leon-camier,aspar,Drive M7 Aspar,ホンダ,RC213V,2,27,1,確認済
2014,MotoGP,michel-fabrizio,ioda,Octo IodaRacing Team,ART,ART（RSV4ベース）,84,,,確認済
2014,MotoGP,randy-de-puniet,suzuki-factory,Team Suzuki MotoGP,スズキ,GSV-R,14,,,確認済
2014,Moto2,tito-rabat,marc-vds,Marc VDS Racing Team,カレックス,ホンダ製600cc直4エンジン（共通）,53,1,346,確認済
2014,Moto2,mika-kallio,marc-vds,Marc VDS Racing Team,カレックス,ホンダ製600cc直4エンジン（共通）,36,2,289,確認済
2014,Moto2,maverick-vinales,pons,Pons HP 40,カレックス,ホンダ製600cc直4エンジン（共通）,40,3,274,確認済
2014,Moto2,thomas-luthi,interwetten,Interwetten Paddock Moto2,ズッター,ホンダ製600cc直4エンジン（共通）,12,4,194,確認済
2014,Moto2,dominique-aegerter,cip,Technomag carXpert,ズッター,ホンダ製600cc直4エンジン（共通）,77,5,172,確認済
2014,Moto2,johann-zarco,caterham,AirAsia Caterham Moto Racing,ケータハム・ズッター,ホンダ製600cc直4エンジン（共通）,5,6,146,確認済
2014,Moto2,simone-corsi,forward,NGM Forward Racing,カレックス,ホンダ製600cc直4エンジン（共通）,3,7,100,確認済
2014,Moto2,luis-salom,pons,Pons HP 40,カレックス,ホンダ製600cc直4エンジン（共通）,39,8,85,確認済
2014,Moto2,sandro-cortese,intact,Dynavolt Intact GP,カレックス,ホンダ製600cc直4エンジン（共通）,11,9,85,確認済
2014,Moto2,marcel-schrotter,tech3,Tech 3,テック3,ホンダ製600cc直4エンジン（共通）,23,10,80,確認済
2014,Moto2,franco-morbidelli,italtrans,Italtrans Racing Team,カレックス,ホンダ製600cc直4エンジン（共通）,21,11,75,確認済
2014,Moto2,anthony-west,qmmf,QMMF Racing Team,スピードアップ,ホンダ製600cc直4エンジン（共通）,95,12,72,確認済
2014,Moto2,sam-lowes,speed-up,Speed Up,スピードアップ,ホンダ製600cc直4エンジン（共通）,22,13,69,確認済
2014,Moto2,xavier-simeon,gresini,Federal Oil Gresini Moto2,ズッター,ホンダ製600cc直4エンジン（共通）,19,14,63,確認済
2014,Moto2,jonas-folger,agr,AGR Team,カレックス,ホンダ製600cc直4エンジン（共通）,94,15,63,確認済
2014,Moto2,jordi-torres,aspar,Mapfre Aspar Team Moto2,ズッター,ホンダ製600cc直4エンジン（共通）,81,16,57,確認済
2014,Moto2,julian-simon,italtrans,Italtrans Racing Team,カレックス,ホンダ製600cc直4エンジン（共通）,60,17,56,確認済
2014,Moto2,ricard-cardus,tech3,Tech 3,テック3,ホンダ製600cc直4エンジン（共通）,88,18,45,確認済
2014,Moto2,hafizh-syahrin,petronas-raceline,Petronas Raceline Malaysia,カレックス,ホンダ製600cc直4エンジン（共通）,55,19,42,確認済
2014,Moto2,alex-de-angelis,tasca,Tasca Racing Moto2,ズッター,ホンダ製600cc直4エンジン（共通）,15,20,37,確認済
2014,Moto2,mattia-pasini,,NGM Forward Racing,カレックス,,54,21,35,確認済
2014,Moto2,takaaki-nakagami,,IDEMITSU Honda Team Asia,カレックス,,30,22,34,確認済
2014,Moto2,axel-pons,,AGR Team,カレックス,,49,23,28,確認済
2014,Moto2,randy-krummenacher,,Octo IodaRacing Team,ズッター,,4,24,24,確認済
2014,Moto2,lorenzo-baldassarri,,Gresini Moto2,ズッター,,7,25,20,確認済
2014,Moto2,louis-rossi,,SAG Team,カレックス,,96,26,18,確認済
2014,Moto2,gino-rea,,AGT REA Racing,ズッター,,8,27,7,確認済
2014,Moto2,nicolas-terol,,Mapfre Aspar Team Moto2,ズッター,,18,28,2,確認済
2014,Moto2,roberto-rolfo,,Tasca Racing Moto2,ズッター,,44,29,2,確認済
2014,Moto2,aiden-wagner,,Marc VDS Racing Team,カレックス,,41,,,確認済
2014,Moto2,azlan-shah,,IDEMITSU Honda Team Asia,カレックス,,25,,,確認済
2014,Moto2,chalermpol-polamai,,Singha Eneos Yamaha Tech 3,テック3,,65,,,確認済
2014,Moto2,dakota-mamola,,Mapfre Aspar Team Moto2,ズッター,,80,,,確認済
2014,Moto2,decha-kraisart,,Singha Eneos Yamaha Tech 3,テック3,,46,,,確認済
2014,Moto2,edgar-pons,,Pons HP 40,カレックス,,57,,,確認済
2014,Moto2,federico-caricasulo,,Teluru Team JiR Webike,TSR,,64,,,確認済
2014,Moto2,federico-fuligni,,Ciatti,ズッター,,32,,,確認済
2014,Moto2,florian-marino,,NGM Forward Racing,カレックス,,20,,,確認済
2014,Moto2,jeremy-mcwilliams,,Brough Superior Racing,テイラーメイド,,9,,,確認済
2014,Moto2,josh-herrin,,AirAsia Caterham,ケータハム・ズッター,,2,,,確認済
2014,Moto2,kenny-noyes,,Teluru Team JiR Webike,TSR,,9,,,確認済
2014,Moto2,lucas-mahias,,Promoto Sport,トランスフォーマーズ,,90,,,確認済
2014,Moto2,mashel-al-naimi,,QMMF Racing Team,スピードアップ,,98,,,確認済
2014,Moto2,max-croker,,Tasca Racing Moto2,ズッター,,42,,,確認済
2014,Moto2,miroslav-popov,,Montaze Broz Racing Team,ズッター,,59,,,確認済
2014,Moto2,nina-prinz,,QMMF Racing Team,スピードアップ,,33,,,確認済
2014,Moto2,ratthapark-wilairot,,AirAsia Caterham,ケータハム・ズッター,,14,,,確認済
2014,Moto2,riccardo-russo,,Tasca Racing Moto2,ズッター,,84,,,確認済
2014,Moto2,robin-mulhauser,,Technomag carXpert,ズッター,,70,,,確認済
2014,Moto2,roman-ramos,,QMMF Racing Team,スピードアップ,,97,,,確認済
2014,Moto2,sebastian-porto,,Argentina TSR Motorsport,カレックス,,99,,,確認済
2014,Moto2,tetsuta-nagashima,,Teluru Team JiR Webike,TSR,,45,,,確認済
2014,Moto2,thitipong-warokorn,,APH PTT The Pizza SAG,カレックス,,10,,,確認済
2014,Moto2,tomoyoshi-koyama,,Teluru Team JiR Webike,NTS,,71,,,確認済
2014,Moto2,yuki-takahashi,,Moriwaki Racing,モリワキ,,72,,,確認済
2014,Moto3,alex-marquez,estrella-galicia,"Estrella Galicia 0,0",ホンダ,,12,1,278,確認済
2014,Moto3,jack-miller,ajo,Red Bull KTM Ajo,KTM,,8,2,276,確認済
2014,Moto3,alex-rins,estrella-galicia,"Estrella Galicia 0,0",ホンダ,,42,3,237,確認済
2014,Moto3,efren-vazquez,rtg,SaxoPrint–RTG,ホンダ,,7,4,222,確認済
2014,Moto3,romano-fenati,vr46,Sky Racing Team by VR46,KTM,,5,5,176,確認済
2014,Moto3,alexis-masbou,snipers,Ongetta–Rivacold,ホンダ,,10,6,164,確認済
2014,Moto3,isaac-vinales,calvo,Calvo Team,KTM,,32,7,141,確認済
2014,Moto3,danny-kent,ajo,Red Bull Husqvarna Ajo,ハスクバーナ,,52,8,129,確認済
2014,Moto3,enea-bastianini,gresini,Junior Team GO&FUN Moto3,KTM,,33,9,127,確認済
2014,Moto3,miguel-oliveira,mahindra,Mahindra Racing,マヒンドラ,,44,10,110,確認済
2014,Moto3,brad-binder,ambrogio,Ambrogio Racing,マヒンドラ,,41,11,109,確認済
2014,Moto3,jakub-kornfeil,calvo,Calvo Team,KTM,,84,12,97,確認済
2014,Moto3,john-mcphee,rtg,SaxoPrint–RTG,ホンダ,,17,13,77,確認済
2014,Moto3,niccolo-antonelli,gresini,Junior Team GO&FUN Moto3,KTM,,23,14,68,確認済
2014,Moto3,niklas-ajo,ajo,Avant Tecno Husqvarna Ajo,ハスクバーナ,,31,15,52,確認済
2014,Moto3,francesco-bagnaia,vr46,Sky Racing Team by VR46,KTM,,21,16,50,確認済
2014,Moto3,juan-francisco-guevara,aspar,Mapfre Aspar Team Moto3,カレックスKTM,,58,17,46,確認済
2014,Moto3,karel-hanika,ajo,Red Bull KTM Ajo,KTM,,98,18,44,確認済
2014,Moto3,alessandro-tonucci,cip,CIP,マヒンドラ,,19,19,20,確認済
2014,Moto3,zulfahmi-khairuddin,snipers,Ongetta–AirAsia,ホンダ,,63,20,19,確認済
2014,Moto3,livio-loi,,Marc VDS Racing Team,カレックスKTM,,11,21,17,確認済
2014,Moto3,matteo-ferrari,,San Carlo Team Italia,マヒンドラ,,3,22,12,確認済
2014,Moto3,jorge-navarro,,Marc VDS Racing Team,カレックスKTM,,99,23,11,確認済
2014,Moto3,philipp-ottl,,Interwetten Paddock Moto3,カレックスKTM,,65,24,10,確認済
2014,Moto3,andrea-migno,,Mahindra Racing,マヒンドラ,,16,25,8,確認済
2014,Moto3,hiroki-ono,,Honda Team Asia,ホンダ,,50,26,5,確認済
2014,Moto3,jasper-iwema,,CIP,マヒンドラ,,13,27,4,確認済
2014,Moto3,hafiq-azmi,,SIC-AJO,KTM,,38,28,3,確認済
2014,Moto3,arthur-sissis,,Mahindra Racing,マヒンドラ,,61,29,3,確認済
2014,Moto3,jules-danilo,,Ambrogio Racing,マヒンドラ,,95,30,2,確認済
2014,Moto3,eric-granado,,Calvo Team,KTM,,57,31,2,確認済
2014,Moto3,remy-gardner,,Kiefer Racing,KTM,,2,32,1,確認済
2014,Moto3,albert-arenas,,Calvo Team,KTM,,14,,,確認済
2014,Moto3,ana-carrasco,,RW Racing GP,カレックスKTM,,22,,,確認済
2014,Moto3,andrea-locatelli,,San Carlo Team Italia,マヒンドラ,,55,,,確認済
2014,Moto3,anthony-groppi,,Pos Corse,FTRホンダ,,69,,,確認済
2014,Moto3,bryan-schouten,,CIP,マヒンドラ,,51,,,確認済
2014,Moto3,gabriel-ramos,,Kiefer Racing,カレックスKTM,,4,,,確認済
2014,Moto3,gabriel-rodrigo,,RBA Racing Team,KTM,,91,,,確認済
2014,Moto3,hafiza-rofa,,SIC-AJO,KTM,,88,,,確認済
2014,Moto3,hikari-okubo,,Hot Racing with I-Factory,ホンダ,,83,,,確認済
2014,Moto3,joe-irving,,Redline Motorcycles/KTM UK,KTM,,66,,,確認済
2014,Moto3,kevin-hanus,,Fai Rent-A-Jet,ホンダ,,86,,,確認済
2014,Moto3,lorenzo-petrarca,,Team Ciatti,KTM,,77,,,確認済
2014,Moto3,luca-grunwald,,Kiefer Racing,カレックスKTM,,43,,,確認済
2014,Moto3,marcos-ramirez,,Calvo Team Laglisse,KTM,,24,,,確認済
2014,Moto3,maria-herrera,,"Junior Team Estrella Galicia 0,0",ホンダ,,6,,,確認済
2014,Moto3,maximilian-kappler,,SaxoPrint RTG,FTR,,97,,,確認済
2014,Moto3,michael-ruben-rinaldi,,San Carlo Team Italia,マヒンドラ,,34,,,確認済
2014,Moto3,olly-simpson,,Olly Simpson Racing,KTM,,45,,,確認済
2014,Moto3,ramdan-rosli,,Petronas AHM Malaysia,KTM,,93,,,確認済
2014,Moto3,scott-deroue,,RW Racing GP,カレックスKTM,,9,,,確認済
2014,Moto3,sena-yamada,,Liberto Plusone & Endurance,ホンダ,,81,,,確認済
2014,Moto3,simone-mazzola,,MT Racing Honda,FTRホンダ,,16,,,確認済
2014,Moto3,thomas-van-leeuwen,,71Workx.com Racing Team,カレックスKTM,,71,,,確認済
2015,MotoGP,jorge-lorenzo,yamaha-factory,Movistar Yamaha MotoGP,ヤマハ,YZR-M1,99,1,330,確認済
2015,MotoGP,valentino-rossi,yamaha-factory,Movistar Yamaha MotoGP,ヤマハ,YZR-M1,46,2,325,確認済
2015,MotoGP,marc-marquez,honda-hrc,Repsol Honda Team,ホンダ,RC213V,93,3,242,確認済
2015,MotoGP,dani-pedrosa,honda-hrc,Repsol Honda Team,ホンダ,RC213V,26,4,206,確認済
2015,MotoGP,andrea-iannone,ducati-lenovo,Ducati Team,ドゥカティ,デスモセディチ,29,5,188,確認済
2015,MotoGP,bradley-smith,tech3,Monster Yamaha Tech 3,ヤマハ,YZR-M1,38,6,181,確認済
2015,MotoGP,andrea-dovizioso,ducati-lenovo,Ducati Team,ドゥカティ,デスモセディチ,4,7,162,確認済
2015,MotoGP,cal-crutchlow,lcr,LCR Honda,ホンダ,RC213V,35,8,125,確認済
2015,MotoGP,pol-espargaro,tech3,Monster Yamaha Tech 3,ヤマハ,YZR-M1,44,9,114,確認済
2015,MotoGP,danilo-petrucci,pramac,Octo Pramac Racing,ドゥカティ,デスモセディチ,9,10,113,確認済
2015,MotoGP,aleix-espargaro,suzuki-factory,Team Suzuki Ecstar,スズキ,GSX-RR,41,11,105,確認済
2015,MotoGP,maverick-vinales,suzuki-factory,Team Suzuki Ecstar,スズキ,GSX-RR,25,12,97,確認済
2015,MotoGP,scott-redding,marc-vds,"EG 0,0 Marc VDS",ホンダ,RC213V,45,13,84,確認済
2015,MotoGP,yonny-hernandez,pramac,Octo Pramac Racing,ドゥカティ,デスモセディチ,68,14,56,確認済
2015,MotoGP,hector-barbera,avintia,Avintia Racing,ドゥカティ,デスモセディチ,8,15,33,確認済
2015,MotoGP,alvaro-bautista,aprilia-racing,Aprilia Racing Team Gresini,アプリリア,RS-GP,19,16,31,確認済
2015,MotoGP,loris-baz,forward,Forward Racing,フォワード・ヤマハ,YZR-M1,76,17,28,確認済
2015,MotoGP,stefan-bradl,forward,Athinà Forward Racing,アプリリア,YZR-M1,6,18,17,確認済
2015,MotoGP,jack-miller,lcr,LCR Honda,ホンダ,RC213V,43,19,17,確認済
2015,MotoGP,nicky-hayden,aspar,Aspar MotoGP Team,ホンダ,RC213V,69,20,16,確認済
2015,MotoGP,michele-pirro,ducati-lenovo,Ducati Team,ドゥカティ,デスモセディチ,51,21,12,確認済
2015,MotoGP,eugene-laverty,aspar,Aspar MotoGP Team,ホンダ,RC213V,50,22,9,確認済
2015,MotoGP,katsuyuki-nakasuga,yamaha-factory,Yamaha Factory Racing Team,ヤマハ,YZR-M1,21,23,8,確認済
2015,MotoGP,mike-di-meglio,avintia,Avintia Racing,ドゥカティ,デスモセディチ,63,24,8,確認済
2015,MotoGP,hiroshi-aoyama,honda-hrc,Repsol Honda Team,ホンダ,RC213V,7,25,5,確認済
2015,MotoGP,takumi-takahashi,honda-hrc,Team HRC with Nissin,ホンダ,RC213V,72,26,4,確認済
2015,MotoGP,toni-elias,forward,Forward Racing,フォワード・ヤマハ,YZR-M1,24,27,2,確認済
2015,MotoGP,alex-de-angelis,ioda,E-Motion IodaRacing Team,ART,ART（RSV4ベース）,15,28,2,確認済
2015,MotoGP,anthony-west,ab-motoracing,AB Motoracing,ホンダ,RC213V,13,,,確認済
2015,MotoGP,broc-parkes,ioda,E-Motion IodaRacing Team,ART,ART（RSV4ベース）,23,,,確認済
2015,MotoGP,claudio-corti,forward,Forward Racing,フォワード・ヤマハ,YZR-M1,71,,,確認済
2015,MotoGP,damian-cudlin,ioda,E-Motion IodaRacing Team,ART,ART（RSV4ベース）,55,,,確認済
2015,MotoGP,karel-abraham,ab-motoracing,AB Motoracing,ホンダ,RC213V,17,,,確認済
2015,MotoGP,kousuke-akiyoshi,ab-motoracing,AB Motoracing,ホンダ,RC213V,64,,,確認済
2015,MotoGP,marco-melandri,aprilia-racing,Aprilia Racing Team Gresini,アプリリア,RS-GP,33,,,確認済
2015,MotoGP,michael-laverty,aprilia-racing,Aprilia Racing Team Gresini,アプリリア,RS-GP,70,,,確認済
2015,Moto2,johann-zarco,ajo,Ajo Motorsport,カレックス,ホンダ製600cc直4エンジン（共通）,5,1,352,確認済
2015,Moto2,alex-rins,pons,Paginas Amarillas HP 40,カレックス,ホンダ製600cc直4エンジン（共通）,40,2,234,確認済
2015,Moto2,tito-rabat,marc-vds,"EG 0,0 Marc VDS",カレックス,ホンダ製600cc直4エンジン（共通）,1,3,231,確認済
2015,Moto2,sam-lowes,speed-up,Speed Up Racing,スピードアップ,ホンダ製600cc直4エンジン（共通）,22,4,186,確認済
2015,Moto2,thomas-luthi,interwetten,Derendinger Racing Interwetten,カレックス,ホンダ製600cc直4エンジン（共通）,12,5,179,確認済
2015,Moto2,jonas-folger,agr,AGR Team,カレックス,ホンダ製600cc直4エンジン（共通）,94,6,163,確認済
2015,Moto2,xavier-simeon,gresini,Federal Oil Gresini Moto2,カレックス,ホンダ製600cc直4エンジン（共通）,19,7,113,確認済
2015,Moto2,takaaki-nakagami,honda-team-asia,Idemitsu Honda Team Asia,カレックス,ホンダ製600cc直4エンジン（共通）,30,8,100,確認済
2015,Moto2,lorenzo-baldassarri,forward,Athinà Forward Racing,カレックス,ホンダ製600cc直4エンジン（共通）,7,9,96,確認済
2015,Moto2,franco-morbidelli,italtrans,Italtrans Racing Team,カレックス,ホンダ製600cc直4エンジン（共通）,21,10,90,確認済
2015,Moto2,sandro-cortese,intact,Dynavolt Intact GP,カレックス,ホンダ製600cc直4エンジン（共通）,11,11,90,確認済
2015,Moto2,simone-corsi,forward,Athinà Forward Racing,カレックス,ホンダ製600cc直4エンジン（共通）,3,12,86,確認済
2015,Moto2,luis-salom,pons,Paginas Amarillas HP 40,カレックス,ホンダ製600cc直4エンジン（共通）,39,13,80,確認済
2015,Moto2,alex-marquez,marc-vds,"EG 0,0 Marc VDS",カレックス,ホンダ製600cc直4エンジン（共通）,73,14,73,確認済
2015,Moto2,mika-kallio,italtrans,Italtrans Racing Team,カレックス,ホンダ製600cc直4エンジン（共通）,36,15,72,確認済
2015,Moto2,hafizh-syahrin,petronas-raceline,Petronas Raceline Malaysia,カレックス,ホンダ製600cc直4エンジン（共通）,55,16,64,確認済
2015,Moto2,dominique-aegerter,interwetten,Derendinger Racing Interwetten,カレックス,ホンダ製600cc直4エンジン（共通）,77,17,62,確認済
2015,Moto2,julian-simon,qmmf,QMMF Racing Team,スピードアップ,ホンダ製600cc直4エンジン（共通）,60,18,58,確認済
2015,Moto2,axel-pons,agr,AGR Team,カレックス,ホンダ製600cc直4エンジン（共通）,49,19,41,確認済
2015,Moto2,marcel-schrotter,tech3,Tech 3,テック3,ホンダ製600cc直4エンジン（共通）,23,20,32,確認済
2015,Moto2,randy-krummenacher,,JIR Racing Team,カレックス,,4,21,31,確認済
2015,Moto2,anthony-west,,QMMF Racing Team,スピードアップ,,95,22,30,確認済
2015,Moto2,azlan-shah,,IDEMITSU Honda Team Asia,カレックス,,25,23,24,確認済
2015,Moto2,ricard-cardus,,Tech 3,テック3,,88,24,20,確認済
2015,Moto2,louis-rossi,,Tasca Racing Scuderia Moto2,テック3,,96,25,7,確認済
2015,Moto2,tomoyoshi-koyama,,NTS T.Pro Project,NTS,,71,26,3,確認済
2015,Moto2,yuki-takahashi,,Moriwaki Racing,モリワキ,,72,27,2,確認済
2015,Moto2,robin-mulhauser,,Technomag Racing Interwetten,カレックス,,70,28,1,確認済
2015,Moto2,bradley-ray,,FAB-Racing,FTR,,28,,,確認済
2015,Moto2,edgar-pons,,Italtrans Racing Team,カレックス,,57,,,確認済
2015,Moto2,federico-caricasulo,,Italtrans Racing Team,カレックス,,64,,,確認済
2015,Moto2,federico-fuligni,,Team Ciatti,ズッター,,32,,,確認済
2015,Moto2,florian-alt,,E-Motion IodaRacing Team,ズッター,,66,,,確認済
2015,Moto2,jasper-iwema,,Abbink GP,スピードアップ,,13,,,確認済
2015,Moto2,jesko-raffin,,sports-millions-EMWE-SAG,カレックス,,2,,,確認済
2015,Moto2,josh-hook,,Technomag Racing Interwetten,カレックス,,16,,,確認済
2015,Moto2,louis-bulle,,Promoto Sport,トランスフォーマーズ,,20,,,確認済
2015,Moto2,luca-marini,,Pons Racing Junior Team,カレックス,,9,,,確認済
2015,Moto2,lucas-mahias,,Promoto Sport,トランスフォーマーズ,,90,,,確認済
2015,Moto2,mattia-pasini,,Gresini Racing,カレックス,,54,,,確認済
2015,Moto2,ramdan-rosli,,Petronas AHM Malaysia,カレックス,,93,,,確認済
2015,Moto2,ratthapark-wilairot,,JPMoto Malaysia,ズッター,,15,,,確認済
2015,Moto2,steven-odendaal,,AGR Team,カレックス,,44,,,確認済
2015,Moto2,thitipong-warokorn,,APH PTT The Pizza SAG,カレックス,,10,,,確認済
2015,Moto2,xavi-vierge,,Tech 3,テック3,,97,,,確認済
2015,Moto2,zaqhwan-zaidi,,JPMoto Malaysia,ズッター,,51,,,確認済
2015,Moto3,danny-kent,leopard,Leopard Racing,ホンダ,,52,1,260,確認済
2015,Moto3,miguel-oliveira,ajo,Red Bull KTM Ajo,KTM,,44,2,254,確認済
2015,Moto3,enea-bastianini,gresini,Gresini Racing Team Moto3,ホンダ,,33,3,207,確認済
2015,Moto3,romano-fenati,vr46,Sky Racing Team VR46,KTM,,5,4,176,確認済
2015,Moto3,niccolo-antonelli,snipers,Ongetta–Rivacold,ホンダ,,23,5,174,確認済
2015,Moto3,brad-binder,ajo,Red Bull KTM Ajo,KTM,,41,6,159,確認済
2015,Moto3,jorge-navarro,estrella-galicia,"Estrella Galicia 0,0",ホンダ,,9,7,157,確認済
2015,Moto3,efren-vazquez,leopard,Leopard Racing,ホンダ,,7,8,155,確認済
2015,Moto3,isaac-vinales,laglisse,Husqvarna Factory Laglisse,ハスクバーナ,,32,9,115,確認済
2015,Moto3,fabio-quartararo,estrella-galicia,"Estrella Galicia 0,0",ホンダ,,20,10,92,確認済
2015,Moto3,john-mcphee,rtg,SaxoPrint–RTG,ホンダ,,17,11,92,確認済
2015,Moto3,jakub-kornfeil,sic,DRIVE M7 SIC,KTM,,84,12,89,確認済
2015,Moto3,alexis-masbou,rtg,SaxoPrint–RTG,ホンダ,,10,13,78,確認済
2015,Moto3,francesco-bagnaia,aspar,Mapfre Team Mahindra,マヒンドラ,,21,14,76,確認済
2015,Moto3,philipp-ottl,schedl,Schedl GP Racing,KTM,,65,15,73,確認済
2015,Moto3,livio-loi,rw-racing,RW Racing GP,ホンダ,,11,16,56,確認済
2015,Moto3,jorge-martin,aspar,Mapfre Team Mahindra,マヒンドラ,,88,17,45,確認済
2015,Moto3,karel-hanika,ajo,Red Bull KTM Ajo,KTM,,98,18,43,確認済
2015,Moto3,andrea-migno,vr46,Sky Racing Team VR46,KTM,,16,19,35,確認済
2015,Moto3,andrea-locatelli,gresini,Gresini Racing Team Moto3,ホンダ,,55,20,33,確認済
2015,Moto3,hiroki-ono,,Leopard Racing,ホンダ,,76,21,29,確認済
2015,Moto3,niklas-ajo,,RBA Racing Team,KTM,,31,22,21,確認済
2015,Moto3,zulfahmi-khairuddin,,Drive M7 SIC,KTM,,63,23,19,確認済
2015,Moto3,juan-francisco-guevara,,MAPFRE Team MAHINDRA,マヒンドラ,,58,24,15,確認済
2015,Moto3,lorenzo-dalla-porta,,Husqvarna Factory Laglisse,ハスクバーナ,,48,25,13,確認済
2015,Moto3,jules-danilo,,Ongetta-Rivacold,ホンダ,,95,26,12,確認済
2015,Moto3,stefano-manzi,,San Carlo Team Italia,マヒンドラ,,29,27,10,確認済
2015,Moto3,tatsuki-suzuki,,CIP,マヒンドラ,,24,28,9,確認済
2015,Moto3,maria-herrera,,Husqvarna Factory Laglisse,ハスクバーナ,,6,29,9,確認済
2015,Moto3,remy-gardner,,CIP,マヒンドラ,,2,30,6,確認済
2015,Moto3,nicolo-bulega,,SKY Racing Team VR46,KTM,,8,31,4,確認済
2015,Moto3,manuel-pagliani,,San Carlo Team Italia,マヒンドラ,,96,32,3,確認済
2015,Moto3,matteo-ferrari,,San Carlo Team Italia,マヒンドラ,,12,33,1,確認済
2015,Moto3,adrian-gyutai,,Turvital di Vitali Ordeo,TVR,,90,,,確認済
2015,Moto3,alessandro-tonucci,,Outox Reset Drink Team,マヒンドラ,,19,,,確認済
2015,Moto3,ana-carrasco,,RBA Racing Team,KTM,,22,,,確認済
2015,Moto3,anthony-groppi,,Pos Corse,FTRホンダ,,73,,,確認済
2015,Moto3,darryn-binder,,Outox Reset Drink Team,マヒンドラ,,40,,,確認済
2015,Moto3,davide-pizzoli,,Husqvarna Factory Laglisse,ハスクバーナ,,37,,,確認済
2015,Moto3,fabio-di-giannantonio,,Gresini Racing Team Moto3,ホンダ,,4,,,確認済
2015,Moto3,gabriel-rodrigo,,RBA Racing Team,KTM,,91,,,確認済
2015,Moto3,joan-mir,,Leopard Racing,ホンダ,,36,,,確認済
2015,Moto3,jonas-geitner,,Freudenberg Racing Team,KTM,,45,,,確認済
2015,Moto3,jorel-boerboom,,FPW Racing,カレックスKTM,,25,,,確認済
2015,Moto3,keisuke-kurihara,,Musahi RT Harc-Pro,ホンダ,,27,,,確認済
2015,Moto3,kevin-hanus,,Team Hanusch,ホンダ,,86,,,確認済
2015,Moto3,khairul-idham-pawi,,Honda Team Asia,ホンダ,,89,,,確認済
2015,Moto3,loris-cresson,,RBA Racing Team,KTM,,61,,,確認済
2015,Moto3,luke-hedger,,FPW Racing,カレックスKTM,,26,,,確認済
2015,Moto3,marco-bezzecchi,,San Carlo Team Italia,マヒンドラ,,53,,,確認済
2015,Moto3,matt-barton,,Suus Honda,FTR,,14,,,確認済
2015,Moto3,maximilian-kappler,,SAXOPRINT-RTG,FTRホンダ,,97,,,確認済
2015,Moto3,olly-simpson,,Olly Simpson Racing,KTM,,35,,,確認済
2015,Moto3,ryo-mizuno,,Musahi RT Harc-Pro,ホンダ,,34,,,確認済
2015,Moto3,sena-yamada,,"Estrella Galicia 0,0",ホンダ,,81,,,確認済
2015,Moto3,taz-taylor,,RS Racing,KTM,,66,,,確認済
2016,MotoGP,marc-marquez,honda-hrc,Repsol Honda Team,ホンダ,RC213V,93,1,298,確認済
2016,MotoGP,valentino-rossi,yamaha-factory,Movistar Yamaha MotoGP,ヤマハ,YZR-M1,46,2,249,確認済
2016,MotoGP,jorge-lorenzo,yamaha-factory,Movistar Yamaha MotoGP,ヤマハ,YZR-M1,99,3,233,確認済
2016,MotoGP,maverick-vinales,suzuki-factory,Team Suzuki Ecstar,スズキ,GSX-RR,25,4,202,確認済
2016,MotoGP,andrea-dovizioso,ducati-lenovo,Ducati Team,ドゥカティ,デスモセディチ,4,5,171,確認済
2016,MotoGP,dani-pedrosa,honda-hrc,Repsol Honda Team,ホンダ,RC213V,26,6,155,確認済
2016,MotoGP,cal-crutchlow,lcr,LCR Honda,ホンダ,RC213V,35,7,141,確認済
2016,MotoGP,pol-espargaro,tech3,Monster Yamaha Tech 3,ヤマハ,YZR-M1,44,8,134,確認済
2016,MotoGP,andrea-iannone,ducati-lenovo,Ducati Team,ドゥカティ,デスモセディチ,29,9,112,確認済
2016,MotoGP,hector-barbera,avintia,Avintia Racing,ドゥカティ,デスモセディチ,8,10,102,確認済
2016,MotoGP,aleix-espargaro,suzuki-factory,Team Suzuki Ecstar,スズキ,GSX-RR,41,11,93,確認済
2016,MotoGP,alvaro-bautista,aprilia-racing,Aprilia Racing Team Gresini,アプリリア,RS-GP,19,12,82,確認済
2016,MotoGP,eugene-laverty,aspar,Pull & Bear Aspar Team,ドゥカティ,デスモセディチ,50,13,77,確認済
2016,MotoGP,danilo-petrucci,pramac,Octo Pramac Yakhnich,ドゥカティ,デスモセディチ,9,14,75,確認済
2016,MotoGP,scott-redding,pramac,Octo Pramac Yakhnich,ドゥカティ,デスモセディチ,45,15,74,確認済
2016,MotoGP,stefan-bradl,aprilia-racing,Aprilia Racing Team Gresini,アプリリア,RS-GP,6,16,63,確認済
2016,MotoGP,bradley-smith,tech3,Monster Yamaha Tech 3,ヤマハ,YZR-M1,38,17,62,確認済
2016,MotoGP,jack-miller,marc-vds,"Estrella Galicia 0,0 Marc VDS",ホンダ,RC213V,43,18,57,確認済
2016,MotoGP,michele-pirro,ducati-lenovo,Ducati Team,ドゥカティ,デスモセディチ,51,19,36,確認済
2016,MotoGP,loris-baz,avintia,Avintia Racing,ドゥカティ,デスモセディチ,76,20,35,確認済
2016,MotoGP,tito-rabat,marc-vds,"Estrella Galicia 0,0 Marc VDS",ホンダ,RC213V,53,21,29,確認済
2016,MotoGP,yonny-hernandez,aspar,Pull & Bear Aspar Team,ドゥカティ,デスモセディチ,68,22,20,確認済
2016,MotoGP,katsuyuki-nakasuga,yamaha-factory,Yamalube Yamaha Factory Racing,ヤマハ,YZR-M1,21,23,5,確認済
2016,MotoGP,alex-lowes,tech3,Monster Yamaha Tech 3,ヤマハ,YZR-M1,22,24,3,確認済
2016,MotoGP,hiroshi-aoyama,honda-hrc,Repsol Honda Team,ホンダ,RC213V,73,25,1,確認済
2016,MotoGP,nicky-hayden,marc-vds,"Estrella Galicia 0,0 Marc VDS",ホンダ,RC213V,69,26,1,確認済
2016,MotoGP,mike-jones,avintia,Avintia Racing,ドゥカティ,デスモセディチ,7,27,1,確認済
2016,MotoGP,mika-kallio,ktm-factory,Red Bull KTM Factory Racing,KTM,RC16,36,28,,確認済
2016,MotoGP,javier-fores,avintia,Avintia Racing,ドゥカティ,デスモセディチ,12,,,確認済
2016,Moto2,johann-zarco,ajo,Ajo Motorsport,カレックス,ホンダ製600cc直4エンジン（共通）,5,1,276,確認済
2016,Moto2,thomas-luthi,interwetten,Garage Plus Interwetten,カレックス,ホンダ製600cc直4エンジン（共通）,12,2,234,確認済
2016,Moto2,alex-rins,pons,Páginas Amarillas HP 40,カレックス,ホンダ製600cc直4エンジン（共通）,40,3,214,確認済
2016,Moto2,franco-morbidelli,marc-vds,"Estrella Galicia 0,0 Marc VDS",カレックス,ホンダ製600cc直4エンジン（共通）,21,4,213,確認済
2016,Moto2,sam-lowes,gresini,Federal Oil Gresini Moto2,カレックス,ホンダ製600cc直4エンジン（共通）,22,5,175,確認済
2016,Moto2,takaaki-nakagami,honda-team-asia,Idemitsu Honda Team Asia,カレックス,ホンダ製600cc直4エンジン（共通）,30,6,169,確認済
2016,Moto2,jonas-folger,intact,Dynavolt Intact GP,カレックス,ホンダ製600cc直4エンジン（共通）,94,7,167,確認済
2016,Moto2,lorenzo-baldassarri,forward,Forward Team,カレックス,ホンダ製600cc直4エンジン（共通）,7,8,127,確認済
2016,Moto2,hafizh-syahrin,petronas-raceline,Petronas Raceline Malaysia,カレックス,ホンダ製600cc直4エンジン（共通）,55,9,118,確認済
2016,Moto2,simone-corsi,speed-up,Speed Up Racing,スピードアップ,ホンダ製600cc直4エンジン（共通）,24,10,103,確認済
2016,Moto2,mattia-pasini,italtrans,Italtrans Racing Team,カレックス,ホンダ製600cc直4エンジン（共通）,54,11,72,確認済
2016,Moto2,dominique-aegerter,interwetten,Garage Plus Interwetten,カレックス,ホンダ製600cc直4エンジン（共通）,77,12,71,確認済
2016,Moto2,alex-marquez,marc-vds,"Estrella Galicia 0,0 Marc VDS",カレックス,ホンダ製600cc直4エンジン（共通）,73,13,69,確認済
2016,Moto2,marcel-schrotter,agr,AGR Team,カレックス,ホンダ製600cc直4エンジン（共通）,23,14,64,確認済
2016,Moto2,sandro-cortese,intact,Dynavolt Intact GP,カレックス,ホンダ製600cc直4エンジン（共通）,11,15,61,確認済
2016,Moto2,axel-pons,agr,AGR Team,カレックス,ホンダ製600cc直4エンジン（共通）,49,16,55,確認済
2016,Moto2,xavier-simeon,qmmf,QMMF Racing Team,スピードアップ,ホンダ製600cc直4エンジン（共通）,19,17,46,確認済
2016,Moto2,julian-simon,qmmf,QMMF Racing Team,スピードアップ,ホンダ製600cc直4エンジン（共通）,60,18,40,確認済
2016,Moto2,luis-salom,sag,SAG Team,カレックス,ホンダ製600cc直4エンジン（共通）,39,19,37,確認済
2016,Moto2,xavi-vierge,tech3,Tech 3 Racing,テック3,ホンダ製600cc直4エンジン（共通）,97,20,37,確認済
2016,Moto2,miguel-oliveira,,Leopard Racing,カレックス,,44,21,36,確認済
2016,Moto2,danny-kent,,Leopard Racing,カレックス,,52,22,35,確認済
2016,Moto2,luca-marini,,Forward Team,カレックス,,10,23,34,確認済
2016,Moto2,isaac-vinales,,Tech 3 Racing,テック3,,32,24,19,確認済
2016,Moto2,jesko-raffin,,Sports-Millions-EMWE-SAG,カレックス,,2,25,14,確認済
2016,Moto2,remy-gardner,,Tasca Racing Scuderia Moto2,カレックス,,87,26,8,確認済
2016,Moto2,anthony-west,,Montaze Broz Racing Team,ズッター,,95,27,6,確認済
2016,Moto2,ratthapark-wilairot,,IDEMITSU Honda Team Asia,カレックス,,14,28,6,確認済
2016,Moto2,ramdan-rosli,,Petronas AHM Malaysia,カレックス,,93,29,4,確認済
2016,Moto2,robin-mulhauser,,CarXpert Interwetten,カレックス,,70,30,4,確認済
2016,Moto2,edgar-pons,,Paginas Amarillas HP 40,カレックス,,57,31,4,確認済
2016,Moto2,tetsuta-nagashima,,Ajo Motorsport Academy,カレックス,,45,32,2,確認済
2016,Moto2,federico-fuligni,,Team Ciatti,カレックス,,42,33,,確認済
2016,Moto2,steven-odendaal,,AGR Team,カレックス,,4,34,,確認済
2016,Moto2,alessandro-tonucci,,Tasca Racing Scuderia Moto2,カレックス,,33,35,,確認済
2016,Moto2,iker-lecuona,,CarXpert Interwetten,カレックス,,27,36,,確認済
2016,Moto2,ricard-cardus,,JPMoto Malaysia,ズッター,,88,37,,確認済
2016,Moto2,naomichi-uramoto,,Japan-GP2,カレックス,,63,38,,確認済
2016,Moto2,efren-vazquez,,JPMoto Malaysia,ズッター,,8,39,,確認済
2016,Moto2,taro-sekiguchi,,Team Taro Plus One,TSR,,84,40,,確認済
2016,Moto2,danny-eslick,,JPMoto Malaysia,ズッター,,69,41,,確認済
2016,Moto2,hugo-clere,,Promoto Sport,トランスフォーマーズ,,16,42,,確認済
2016,Moto2,alan-techer,,NTS T Pro Project,NTS,,89,,,確認済
2016,Moto2,alessandro-nocco,,Leopard Racing,カレックス,,20,,,確認済
2016,Moto3,brad-binder,ajo,Red Bull KTM Ajo,KTM,,41,1,319,確認済
2016,Moto3,enea-bastianini,gresini,Gresini Racing Moto3,ホンダ,,33,2,177,確認済
2016,Moto3,jorge-navarro,estrella-galicia,"Estrella Galicia 0,0",ホンダ,,9,3,150,確認済
2016,Moto3,francesco-bagnaia,aspar,Aspar Mahindra Team Moto3,マヒンドラ,,21,4,145,確認済
2016,Moto3,joan-mir,leopard,Leopard Racing,KTM,,36,5,144,確認済
2016,Moto3,fabio-di-giannantonio,gresini,Gresini Racing Moto3,ホンダ,,4,6,134,確認済
2016,Moto3,nicolo-bulega,vr46,Sky Racing Team VR46,KTM,,8,7,129,確認済
2016,Moto3,jakub-kornfeil,sic,Drive M7 SIC Racing Team,ホンダ,,84,8,112,確認済
2016,Moto3,andrea-locatelli,leopard,Leopard Racing,KTM,,55,9,96,確認済
2016,Moto3,romano-fenati,vr46,Sky Racing Team VR46,KTM,,5,10,93,確認済
2016,Moto3,niccolo-antonelli,snipers,Ongetta-Rivacold,ホンダ,,23,11,91,確認済
2016,Moto3,philipp-ottl,schedl,Schedl GP Racing,KTM,,65,12,85,確認済
2016,Moto3,fabio-quartararo,leopard,Leopard Racing,KTM,,20,13,83,確認済
2016,Moto3,bo-bendsneyder,ajo,Red Bull KTM Ajo,KTM,,64,14,78,確認済
2016,Moto3,aron-canet,estrella-galicia,"Estrella Galicia 0,0",ホンダ,,44,15,76,確認済
2016,Moto3,jorge-martin,aspar,Aspar Mahindra Team Moto3,マヒンドラ,,88,16,72,確認済
2016,Moto3,andrea-migno,vr46,Sky Racing Team VR46,KTM,,16,17,63,確認済
2016,Moto3,livio-loi,rw-racing,RW Racing GP,ホンダ,,11,18,63,確認済
2016,Moto3,khairul-idham-pawi,honda-team-asia,Honda Team Asia,ホンダ,,89,19,62,確認済
2016,Moto3,jules-danilo,snipers,Ongetta-Rivacold,ホンダ,,95,20,58,確認済
2016,Moto3,juan-francisco-guevara,,RBA Racing Team,KTM,,58,21,50,確認済
2016,Moto3,john-mcphee,,Peugeot MC Saxoprint,プジョー,,17,22,48,確認済
2016,Moto3,hiroki-ono,,Honda Team Asia,ホンダ,,76,23,36,確認済
2016,Moto3,gabriel-rodrigo,,RBA Racing Team,KTM,,19,24,31,確認済
2016,Moto3,darryn-binder,,Platinum Bay Real Estate,マヒンドラ,,40,25,27,確認済
2016,Moto3,marcos-ramirez,,Platinum Bay Real Estate,マヒンドラ,,42,26,19,確認済
2016,Moto3,tatsuki-suzuki,,CIP-Unicom Starker,マヒンドラ,,24,27,16,確認済
2016,Moto3,adam-norrodin,,Drive M7 SIC Racing Team,ホンダ,,7,28,14,確認済
2016,Moto3,stefano-manzi,,Mahindra Racing,マヒンドラ,,62,29,13,確認済
2016,Moto3,lorenzo-dalla-porta,,SKY Racing Team VR46,KTM,,48,30,12,確認済
2016,Moto3,maria-herrera,,MH6 Team,KTM,,6,31,7,確認済
2016,Moto3,raul-fernandez,,MH6 Team,KTM,,31,32,5,確認済
2016,Moto3,hafiq-azmi,,Peugeot MC Saxoprint,プジョー,,38,33,5,確認済
2016,Moto3,stefano-valtulini,,3570 Team Italia,マヒンドラ,,43,34,3,確認済
2016,Moto3,albert-arenas,,Peugeot MC Saxoprint,プジョー,,12,35,2,確認済
2016,Moto3,lorenzo-petrarca,,3570 Team Italia,マヒンドラ,,77,36,2,確認済
2016,Moto3,alexis-masbou,,Peugeot MC Saxoprint,プジョー,,10,37,,確認済
2016,Moto3,karel-hanika,,Platinum Bay Real Estate,マヒンドラ,,98,38,,確認済
2016,Moto3,fabio-spiranelli,,CIP-Unicom Starker,マヒンドラ,,3,39,,確認済
2016,Moto3,maximilian-kappler,,KRM-RZT,KTM,,97,40,,確認済
2016,Moto3,matt-barton,,Suus Honda,FTRホンダ,,14,41,,確認済
2016,Moto3,davide-pizzoli,,Procercasa - 42 Motorsport,KTM,,37,42,,確認済
2016,Moto3,tim-georgi,,Freudenberg Racing Team,KTM,,27,43,,確認済
2016,Moto3,danny-webb,,Platinum Bay Real Estate,マヒンドラ,,22,44,,確認済
2016,Moto3,enzo-boulom,,Procercasa - 42 Motorsport,KTM,,99,45,,確認済
2016,Moto3,vicente-perez,,Peugeot MC Saxoprint,プジョー,,63,46,,確認済
2016,Moto3,marco-bezzecchi,,Mahindra Racing,マヒンドラ,,53,47,,確認済
2016,Moto3,shizuka-okazaki,,UQ & TELURU KOHARA RT,ホンダ,,13,48,,確認済
2016,Moto3,daniel-saez,,GA Competicion,KTM,,26,49,,確認済
2016,Moto3,gabriel-martinez-abrego,,Motomex Team Worldwide Race,マヒンドラ,,18,50,,確認済
2016,Moto3,alex-fabbri,,Minimoto Portomaggiore,マヒンドラ,,71,,,確認済
2016,Moto3,ayumu-sasaki,,Gresini Racing Moto3,ホンダ,,71,,,確認済
2017,MotoGP,marc-marquez,honda-hrc,Repsol Honda Team,ホンダ,RC213V,93,1,298,確認済
2017,MotoGP,andrea-dovizioso,ducati-lenovo,Ducati Team,ドゥカティ,デスモセディチ,4,2,261,確認済
2017,MotoGP,maverick-vinales,yamaha-factory,Movistar Yamaha MotoGP,ヤマハ,YZR-M1,25,3,230,確認済
2017,MotoGP,dani-pedrosa,honda-hrc,Repsol Honda Team,ホンダ,RC213V,26,4,210,確認済
2017,MotoGP,valentino-rossi,yamaha-factory,Movistar Yamaha MotoGP,ヤマハ,YZR-M1,46,5,208,確認済
2017,MotoGP,johann-zarco,tech3,Monster Yamaha Tech 3,ヤマハ,YZR-M1,5,6,174,確認済
2017,MotoGP,jorge-lorenzo,ducati-lenovo,Ducati Team,ドゥカティ,デスモセディチ,99,7,137,確認済
2017,MotoGP,danilo-petrucci,pramac,Octo Pramac Racing,ドゥカティ,デスモセディチ,9,8,124,確認済
2017,MotoGP,cal-crutchlow,lcr,LCR Honda,ホンダ,RC213V,35,9,112,確認済
2017,MotoGP,jonas-folger,tech3,Monster Yamaha Tech 3,ヤマハ,YZR-M1,94,10,84,確認済
2017,MotoGP,jack-miller,marc-vds,"EG 0,0 Marc VDS",ホンダ,RC213V,43,11,82,確認済
2017,MotoGP,alvaro-bautista,aspar,Pull&Bear Aspar Team,ドゥカティ,デスモセディチ,19,12,75,確認済
2017,MotoGP,andrea-iannone,suzuki-factory,Team Suzuki Ecstar,スズキ,GSX-RR,29,13,70,確認済
2017,MotoGP,scott-redding,pramac,Octo Pramac Racing,ドゥカティ,デスモセディチ,45,14,64,確認済
2017,MotoGP,aleix-espargaro,aprilia-racing,Aprilia Racing Team Gresini,アプリリア,RS-GP,41,15,62,確認済
2017,MotoGP,alex-rins,suzuki-factory,Team Suzuki Ecstar,スズキ,GSX-RR,42,16,59,確認済
2017,MotoGP,pol-espargaro,ktm-factory,Red Bull KTM Factory Racing,KTM,RC16,44,17,55,確認済
2017,MotoGP,loris-baz,avintia,Reale Avintia Racing,ドゥカティ,デスモセディチ,76,18,45,確認済
2017,MotoGP,tito-rabat,marc-vds,"EG 0,0 Marc VDS",ホンダ,RC213V,53,19,35,確認済
2017,MotoGP,karel-abraham,aspar,Pull&Bear Aspar Team,ドゥカティ,デスモセディチ,17,20,32,確認済
2017,MotoGP,bradley-smith,ktm-factory,Red Bull KTM Factory Racing,KTM,RC16,38,21,29,確認済
2017,MotoGP,hector-barbera,avintia,Reale Avintia Racing,ドゥカティ,デスモセディチ,8,22,28,確認済
2017,MotoGP,michele-pirro,ducati-lenovo,Ducati Team,ドゥカティ,デスモセディチ,51,23,25,確認済
2017,MotoGP,mika-kallio,ktm-factory,Red Bull KTM Factory Racing,KTM,RC16,36,24,11,確認済
2017,MotoGP,sam-lowes,aprilia-racing,Aprilia Racing Team Gresini,アプリリア,RS-GP,22,25,5,確認済
2017,MotoGP,katsuyuki-nakasuga,yamaha-factory,Yamalube Yamaha Factory Racing,ヤマハ,YZR-M1,21,26,4,確認済
2017,MotoGP,sylvain-guintoli,suzuki-factory,Team Suzuki Ecstar,スズキ,GSX-RR,50,27,1,確認済
2017,MotoGP,michael-van-der-mark,tech3,Monster Yamaha Tech 3,ヤマハ,YZR-M1,60,28,,確認済
2017,MotoGP,takuya-tsuda,suzuki-factory,Team Suzuki Ecstar,スズキ,GSX-RR,12,29,,確認済
2017,MotoGP,hiroshi-aoyama,marc-vds,"EG 0,0 Marc VDS",ホンダ,RC213V,7,30,,確認済
2017,MotoGP,broc-parkes,tech3,Monster Yamaha Tech 3,ヤマハ,YZR-M1,23,31,,確認済
2017,MotoGP,kohta-nozane,tech3,Monster Yamaha Tech 3,ヤマハ,YZR-M1,31,,,確認済
2017,Moto2,franco-morbidelli,marc-vds,"EG 0,0 Marc VDS",カレックス,ホンダ製600cc直4エンジン（共通）,21,1,308,確認済
2017,Moto2,thomas-luthi,interwetten,Garage Plus Interwetten,カレックス,ホンダ製600cc直4エンジン（共通）,12,2,243,確認済
2017,Moto2,miguel-oliveira,ajo,Red Bull KTM Ajo,KTM,ホンダ製600cc直4エンジン（共通）,44,3,241,確認済
2017,Moto2,alex-marquez,marc-vds,"EG 0,0 Marc VDS",カレックス,ホンダ製600cc直4エンジン（共通）,73,4,201,確認済
2017,Moto2,francesco-bagnaia,vr46,Sky Racing Team VR46,カレックス,ホンダ製600cc直4エンジン（共通）,42,5,174,確認済
2017,Moto2,mattia-pasini,italtrans,Italtrans Racing Team,カレックス,ホンダ製600cc直4エンジン（共通）,54,6,148,確認済
2017,Moto2,takaaki-nakagami,honda-team-asia,Idemitsu Honda Team Asia,カレックス,ホンダ製600cc直4エンジン（共通）,30,7,137,確認済
2017,Moto2,brad-binder,ajo,Red Bull KTM Ajo,KTM,ホンダ製600cc直4エンジン（共通）,41,8,125,確認済
2017,Moto2,simone-corsi,speed-up,Speed Up Racing,スピードアップ,ホンダ製600cc直4エンジン（共通）,24,9,117,確認済
2017,Moto2,hafizh-syahrin,petronas-raceline,Petronas Raceline Malaysia,カレックス,ホンダ製600cc直4エンジン（共通）,55,10,106,確認済
2017,Moto2,xavi-vierge,tech3,Tech 3 Racing,テック3,ホンダ製600cc直4エンジン（共通）,97,11,98,確認済
2017,Moto2,dominique-aegerter,kiefer,Kiefer Racing,ズッター,ホンダ製600cc直4エンジン（共通）,77,12,88,確認済
2017,Moto2,fabio-quartararo,pons,Pons HP40,カレックス,ホンダ製600cc直4エンジン（共通）,40,13,64,確認済
2017,Moto2,jorge-navarro,gresini,Federal Oil Gresini Moto2,カレックス,ホンダ製600cc直4エンジン（共通）,9,14,60,確認済
2017,Moto2,luca-marini,forward,Forward Racing Team,カレックス,ホンダ製600cc直4エンジン（共通）,10,15,59,確認済
2017,Moto2,lorenzo-baldassarri,forward,Forward Racing Team,カレックス,ホンダ製600cc直4エンジン（共通）,7,16,51,確認済
2017,Moto2,marcel-schrotter,intact,Dynavolt Intact GP,ズッター,ホンダ製600cc直4エンジン（共通）,23,17,50,確認済
2017,Moto2,sandro-cortese,intact,Dynavolt Intact GP,ズッター,ホンダ製600cc直4エンジン（共通）,11,18,43,確認済
2017,Moto2,axel-pons,rw-racing,RW Racing GP,カレックス,ホンダ製600cc直4エンジン（共通）,49,19,27,確認済
2017,Moto2,jesko-raffin,interwetten,Garage Plus Interwetten,カレックス,ホンダ製600cc直4エンジン（共通）,2,20,26,確認済
2017,Moto2,remy-gardner,,Tech 3 Racing,テック3,,87,21,23,確認済
2017,Moto2,isaac-vinales,,BE-A-VIP SAG Team,カレックス,,32,22,18,確認済
2017,Moto2,xavier-simeon,,Tasca Racing Scuderia Moto2,カレックス,,19,23,16,確認済
2017,Moto2,yonny-hernandez,,AGR Team,カレックス,,68,24,16,確認済
2017,Moto2,stefano-manzi,,SKY Racing Team VR46,カレックス,,62,25,14,確認済
2017,Moto2,tetsuta-nagashima,,Teluru SAG Team,カレックス,,45,26,14,確認済
2017,Moto2,khairul-idham-pawi,,IDEMITSU Honda Team Asia,カレックス,,89,27,10,確認済
2017,Moto2,andrea-locatelli,,Italtrans Racing Team,カレックス,,5,28,8,確認済
2017,Moto2,ricard-cardus,,Red Bull KTM Ajo,KTM,,88,29,7,確認済
2017,Moto2,joe-roberts,,AGR Team,カレックス,,20,30,6,確認済
2017,Moto2,augusto-fernandez,,Speed Up Racing,スピードアップ,,37,31,6,確認済
2017,Moto2,alex-de-angelis,,Tasca Racing Scuderia Moto2,カレックス,,15,32,5,確認済
2017,Moto2,danny-kent,,Kiefer Racing,ズッター,,52,33,3,確認済
2017,Moto2,edgar-pons,,Pons HP40,カレックス,,57,34,2,確認済
2017,Moto2,iker-lecuona,,Garage Plus Interwetten,カレックス,,27,35,2,確認済
2017,Moto2,ikuhiro-enokido,,Teluru MOTOBUM Racing Team,カレックス,,33,36,2,確認済
2017,Moto2,tarran-mackenzie,,Kiefer Racing,ズッター,,6,37,1,確認済
2017,Moto2,federico-fuligni,,Forward Junior Team,カレックス,,22,38,1,確認済
2017,Moto2,eric-granado,,Promoracing,カレックス,,51,39,,確認済
2017,Moto2,julian-simon,,Garage Plus Interwetten,カレックス,,60,40,,確認済
2017,Moto2,ryo-mizuno,,MuSASHi RT HARC-RRO,カレックス,,34,41,,確認済
2017,Moto2,karel-hanika,,Willirace Team,カレックス,,98,42,,確認済
2017,Moto2,axel-bassani,,Speed Up Racing,スピードアップ,,47,43,,確認済
2017,Moto2,steven-odendaal,,NTS,NTS,,4,44,,確認済
2017,Moto2,jake-dixon,,Dynavolt Intact GP,ズッター,,94,45,,確認済
2017,Moto2,dimas-ekky-pratama,,Federal Oil Gresini Moto2,カレックス,,26,,,確認済
2017,Moto2,hector-garzo,,Tech 3 Racing,テック3,,14,,,確認済
2017,Moto2,saeed-al-sulaiti,,QMMF Racing,スピードアップ,,8,,,確認済
2017,Moto3,joan-mir,leopard,Leopard Racing,ホンダ,,36,1,341,確認済
2017,Moto3,romano-fenati,snipers,Marinelli Rivacold Snipers,ホンダ,,5,2,248,確認済
2017,Moto3,aron-canet,estrella-galicia,"Estrella Galicia 0,0",ホンダ,,44,3,199,確認済
2017,Moto3,jorge-martin,gresini,Del Conca Gresini Moto3,ホンダ,,88,4,196,確認済
2017,Moto3,fabio-di-giannantonio,gresini,Del Conca Gresini Moto3,ホンダ,,21,5,153,確認済
2017,Moto3,enea-bastianini,estrella-galicia,"Estrella Galicia 0,0",ホンダ,,33,6,141,確認済
2017,Moto3,john-mcphee,rtg,British Talent Team,ホンダ,,17,7,131,確認済
2017,Moto3,marcos-ramirez,motomex,Motomex Team Moto3,KTM,,42,8,123,確認済
2017,Moto3,andrea-migno,vr46,Sky Racing Team VR46,KTM,,16,9,118,確認済
2017,Moto3,philipp-ottl,schedl,Südmetall Schedl GP Racing,KTM,,65,10,105,確認済
2017,Moto3,juan-francisco-guevara,boe,RBA Boé Racing Team,KTM,,58,11,88,確認済
2017,Moto3,nicolo-bulega,vr46,Sky Racing Team VR46,KTM,,8,12,81,確認済
2017,Moto3,livio-loi,leopard,Leopard Racing,ホンダ,,11,13,80,確認済
2017,Moto3,tatsuki-suzuki,sic58,Sic58 Squadra Corse,ホンダ,,24,14,71,確認済
2017,Moto3,bo-bendsneyder,ajo,Red Bull KTM Ajo,KTM,,64,15,65,確認済
2017,Moto3,gabriel-rodrigo,boe,RBA Boé Racing Team,KTM,,19,16,54,確認済
2017,Moto3,adam-norrodin,sic,SIC Racing Team,ホンダ,,7,17,42,確認済
2017,Moto3,niccolo-antonelli,ajo,Red Bull KTM Ajo,KTM,,23,18,38,確認済
2017,Moto3,darryn-binder,motomex,Motomex Team Moto3,KTM,,40,19,35,確認済
2017,Moto3,ayumu-sasaki,sic,SIC Racing Team,ホンダ,,71,20,32,確認済
2017,Moto3,jules-danilo,,Marinelli Rivacold Snipers,ホンダ,,95,21,29,確認済
2017,Moto3,jakub-kornfeil,,Peugeot MC Saxoprint,プジョー,,84,22,26,確認済
2017,Moto3,marco-bezzecchi,,CIP,マヒンドラ,,12,23,20,確認済
2017,Moto3,dennis-foggia,,Sky Junior Team VR46 Academy,KTM,,10,24,19,確認済
2017,Moto3,nakarin-atiratphuvapat,,Honda Team Asia,ホンダ,,41,25,16,確認済
2017,Moto3,albert-arenas,,Aspar Mahindra Moto3,マヒンドラ,,75,26,14,確認済
2017,Moto3,jaume-masia,,Platinum Bay Real Estate,KTM,,15,27,13,確認済
2017,Moto3,lorenzo-dalla-porta,,Aspar Mahindra Moto3,マヒンドラ,,48,28,9,確認済
2017,Moto3,manuel-pagliani,,CIP,マヒンドラ,,96,29,8,確認済
2017,Moto3,kaito-toba,,Honda Team Asia,ホンダ,,27,30,7,確認済
2017,Moto3,kazuki-masaki,,Asia Talent Team,ホンダ,,39,31,6,確認済
2017,Moto3,danny-kent,,Red Bull KTM Ajo,KTM,,52,32,6,確認済
2017,Moto3,alex-fabbri,,Minimoto Portomaggiore,マヒンドラ,,57,33,3,確認済
2017,Moto3,tony-arbolino,,SIC58 Squadra Corse,ホンダ,,14,34,2,確認済
2017,Moto3,maria-herrera,,AGR Team,KTM,,6,35,1,確認済
2017,Moto3,tim-georgi,,Freudenberg Racing Team,KTM,,77,36,,確認済
2017,Moto3,tom-booth-amos,,City Lifting/RS Racing,KTM,,69,37,,確認済
2017,Moto3,patrik-pulkkinen,,Peugeot MC Saxoprint,プジョー,,4,38,,確認済
2017,Moto3,tom-toparis,,Cube Racing,KTM,,70,39,,確認済
2017,Moto3,raul-fernandez,,Mahindra MRW Aspar Team,マヒンドラ,,31,40,,確認済
2017,Moto3,maximilian-kofler,,Motorsport Kofler E.U.,KTM,,13,41,,確認済
2017,Moto3,aaron-polanco,,Leopard Racing,ホンダ,,37,42,,確認済
2017,Moto3,gabriel-martinez-abrego,,Motomex Team Moto3,KTM,,18,43,,確認済
2017,Moto3,aleix-viu,,42 Motorsport,KTM,,81,44,,確認済
2017,Moto3,edoardo-sintoni,,3570-MTA,マヒンドラ,,30,,,確認済
2017,Moto3,jake-archer,,City Lifting/RS Racing,KTM,,47,,,確認済
2017,Moto3,kasma-daniel,,Petronas Sprinta Racing,ホンダ,,9,,,確認済
2017,Moto3,kevin-zannoni,,Althea Racing,KTM,,51,,,確認済
2017,Moto3,ryan-van-de-lagemaat,,Lamotec Lagemaat Racing,KTM,,28,,,確認済
2017,Moto3,vicente-perez,,Reale Avintia Academy,KTM,,63,,,確認済
2018,MotoGP,marc-marquez,honda-hrc,Repsol Honda Team,ホンダ,RC213V,93,1,321,確認済
2018,MotoGP,andrea-dovizioso,ducati-lenovo,Ducati Team,ドゥカティ,デスモセディチ,4,2,245,確認済
2018,MotoGP,valentino-rossi,yamaha-factory,Movistar Yamaha MotoGP,ヤマハ,YZR-M1,46,3,198,確認済
2018,MotoGP,maverick-vinales,yamaha-factory,Movistar Yamaha MotoGP,ヤマハ,YZR-M1,25,4,193,確認済
2018,MotoGP,alex-rins,suzuki-factory,Team Suzuki Ecstar,スズキ,GSX-RR,42,5,169,確認済
2018,MotoGP,johann-zarco,tech3,Monster Yamaha Tech 3,ヤマハ,YZR-M1,5,6,158,確認済
2018,MotoGP,cal-crutchlow,lcr,LCR Honda Castrol,ホンダ,RC213V,35,7,148,確認済
2018,MotoGP,danilo-petrucci,pramac,Alma Pramac Racing,ドゥカティ,デスモセディチ,9,8,144,確認済
2018,MotoGP,jorge-lorenzo,ducati-lenovo,Ducati Team,ドゥカティ,デスモセディチ,99,9,134,確認済
2018,MotoGP,andrea-iannone,suzuki-factory,Team Suzuki Ecstar,スズキ,GSX-RR,29,10,133,確認済
2018,MotoGP,dani-pedrosa,honda-hrc,Repsol Honda Team,ホンダ,RC213V,26,11,117,確認済
2018,MotoGP,alvaro-bautista,aspar,Ángel Nieto Team,ドゥカティ,デスモセディチ,19,12,105,確認済
2018,MotoGP,jack-miller,pramac,Alma Pramac Racing,ドゥカティ,デスモセディチ,43,13,91,確認済
2018,MotoGP,pol-espargaro,ktm-factory,Red Bull KTM Factory Racing,KTM,RC16,44,14,51,確認済
2018,MotoGP,franco-morbidelli,marc-vds,"EG 0,0 Marc VDS",ホンダ,RC213V,21,15,50,確認済
2018,MotoGP,hafizh-syahrin,tech3,Monster Yamaha Tech 3,ヤマハ,YZR-M1,55,16,46,確認済
2018,MotoGP,aleix-espargaro,aprilia-racing,Aprilia Racing Team Gresini,アプリリア,RS-GP,41,17,44,確認済
2018,MotoGP,bradley-smith,ktm-factory,Red Bull KTM Factory Racing,KTM,RC16,38,18,38,確認済
2018,MotoGP,tito-rabat,avintia,Reale Avintia Racing,ドゥカティ,デスモセディチ,53,19,35,確認済
2018,MotoGP,takaaki-nakagami,lcr,LCR Honda Idemitsu,ホンダ,RC213V,30,20,33,確認済
2018,MotoGP,scott-redding,aprilia-racing,Aprilia Racing Team Gresini,アプリリア,RS-GP,45,21,20,確認済
2018,MotoGP,michele-pirro,ducati-lenovo,Ducati Team,ドゥカティ,デスモセディチ,51,22,14,確認済
2018,MotoGP,karel-abraham,aspar,Ángel Nieto Team,ドゥカティ,デスモセディチ,17,23,12,確認済
2018,MotoGP,stefan-bradl,honda-hrc,HRC Honda Team,ホンダ,RC213V,6,24,10,確認済
2018,MotoGP,mika-kallio,ktm-factory,Red Bull KTM Factory Racing,KTM,RC16,36,25,6,確認済
2018,MotoGP,katsuyuki-nakasuga,yamaha-factory,Yamalube Yamaha Factory Racing,ヤマハ,YZR-M1,89,26,2,確認済
2018,MotoGP,xavier-simeon,avintia,Reale Avintia Racing,ドゥカティ,デスモセディチ,10,27,1,確認済
2018,MotoGP,jordi-torres,avintia,Reale Avintia Racing,ドゥカティ,デスモセディチ,81,28,1,確認済
2018,MotoGP,thomas-luthi,marc-vds,"EG 0,0 Marc VDS",ホンダ,RC213V,12,29,,確認済
2018,MotoGP,mike-jones,aspar,Ángel Nieto Team,ドゥカティ,デスモセディチ,7,30,,確認済
2018,MotoGP,sylvain-guintoli,suzuki-factory,Team Suzuki Ecstar,スズキ,GSX-RR,50,31,,確認済
2018,MotoGP,christophe-ponsson,avintia,Reale Avintia Racing,ドゥカティ,デスモセディチ,23,32,,確認済
2018,Moto2,francesco-bagnaia,vr46,Sky Racing Team VR46,カレックス,ホンダ製600cc直4エンジン（共通）,42,1,306,確認済
2018,Moto2,miguel-oliveira,ajo,Red Bull KTM Ajo,KTM,ホンダ製600cc直4エンジン（共通）,44,2,297,確認済
2018,Moto2,brad-binder,ajo,Red Bull KTM Ajo,KTM,ホンダ製600cc直4エンジン（共通）,41,3,201,確認済
2018,Moto2,alex-marquez,marc-vds,"EG 0,0 Marc VDS",カレックス,ホンダ製600cc直4エンジン（共通）,73,4,173,確認済
2018,Moto2,lorenzo-baldassarri,pons,Pons HP40,カレックス,ホンダ製600cc直4エンジン（共通）,7,5,162,確認済
2018,Moto2,joan-mir,marc-vds,"EG 0,0 Marc VDS",カレックス,ホンダ製600cc直4エンジン（共通）,36,6,155,確認済
2018,Moto2,luca-marini,vr46,Sky Racing Team VR46,カレックス,ホンダ製600cc直4エンジン（共通）,10,7,147,確認済
2018,Moto2,marcel-schrotter,intact,Dynavolt Intact GP,カレックス,ホンダ製600cc直4エンジン（共通）,23,8,147,確認済
2018,Moto2,mattia-pasini,italtrans,Italtrans Racing Team,カレックス,ホンダ製600cc直4エンジン（共通）,54,9,141,確認済
2018,Moto2,fabio-quartararo,speed-up,HDR Heidrun - Speed Up,スピードアップ,ホンダ製600cc直4エンジン（共通）,20,10,138,確認済
2018,Moto2,xavi-vierge,intact,Dynavolt Intact GP,カレックス,ホンダ製600cc直4エンジン（共通）,97,11,131,確認済
2018,Moto2,iker-lecuona,swiss-innovative,Swiss Innovative Investors,KTM,ホンダ製600cc直4エンジン（共通）,27,12,80,確認済
2018,Moto2,jorge-navarro,gresini,Federal Oil Gresini Moto2,カレックス,ホンダ製600cc直4エンジン（共通）,9,13,58,確認済
2018,Moto2,simone-corsi,tasca,Tasca Racing Scuderia Moto2,カレックス,ホンダ製600cc直4エンジン（共通）,24,14,53,確認済
2018,Moto2,andrea-locatelli,italtrans,Italtrans Racing Team,カレックス,ホンダ製600cc直4エンジン（共通）,5,15,52,確認済
2018,Moto2,sam-lowes,swiss-innovative,Swiss Innovative Investors,KTM,ホンダ製600cc直4エンジン（共通）,22,16,49,確認済
2018,Moto2,dominique-aegerter,kiefer,Kiefer Racing,KTM,ホンダ製600cc直4エンジン（共通）,77,17,47,確認済
2018,Moto2,augusto-fernandez,pons,Pons HP40,カレックス,ホンダ製600cc直4エンジン（共通）,40,18,45,確認済
2018,Moto2,remy-gardner,tech3,Tech 3 Racing,テック3,ホンダ製600cc直4エンジン（共通）,87,19,40,確認済
2018,Moto2,tetsuta-nagashima,honda-team-asia,Idemitsu Honda Team Asia,カレックス,ホンダ製600cc直4エンジン（共通）,45,20,27,確認済
2018,Moto2,romano-fenati,,Marinelli Snipers Team,カレックス,,13,21,14,確認済
2018,Moto2,jesko-raffin,,SAG Team,カレックス,,2,22,10,確認済
2018,Moto2,hector-barbera,,Pons HP40,カレックス,,40,23,10,確認済
2018,Moto2,stefano-manzi,,Forward Racing Team,ズッター,,62,24,8,確認済
2018,Moto2,danny-kent,,MB Conveyors - Speed Up Racing,スピードアップ,,52,25,8,確認済
2018,Moto2,isaac-vinales,,SAG Team,カレックス,,32,26,7,確認済
2018,Moto2,joe-roberts,,NTS RW Racing GP,NTS,,16,27,5,確認済
2018,Moto2,steven-odendaal,,NTS RW Racing GP,NTS,,4,28,4,確認済
2018,Moto2,bo-bendsneyder,,Tech 3 Racing,テック3,,64,29,2,確認済
2018,Moto2,khairul-idham-pawi,,IDEMITSU Honda Team Asia,カレックス,,89,30,1,確認済
2018,Moto2,edgar-pons,,MB Conveyors - Speed Up,スピードアップ,,57,31,1,確認済
2018,Moto2,niki-tuuli,,Petronas Sprinta Racing,カレックス,,66,32,1,確認済
2018,Moto2,xavi-cardelus,,Team Stylobike,カレックス,,18,33,,確認済
2018,Moto2,jules-danilo,,Nashi Argan SAG Team,カレックス,,95,34,,確認済
2018,Moto2,thitipong-warokorn,,SAG Team,カレックス,,99,35,,確認済
2018,Moto2,federico-fuligni,,Tasca Racing Scuderia Moto2,カレックス,,21,36,,確認済
2018,Moto2,eric-granado,,Forward Racing Team,ズッター,,51,37,,確認済
2018,Moto2,lukas-tulovic,,Kiefer Racing,KTM,,3,38,,確認済
2018,Moto2,hector-garzo,,Tech 3 Racing,テック3,,14,39,,確認済
2018,Moto2,bryan-staring,,Tech 3 Racing,テック3,,67,40,,確認済
2018,Moto2,dimas-ekky-pratama,,Astra Honda Racing Team,ホンダ,,30,41,,確認済
2018,Moto2,tommaso-marcon,,HDR Heidrun - Speed Up,スピードアップ,,70,42,,確認済
2018,Moto2,alejandro-medina,,SAG Team,カレックス,,55,43,,確認済
2018,Moto2,sheridan-morais,,Willi Race Racing Team,カレックス,,12,44,,確認済
2018,Moto2,corentin-perolari,,Promoto Sport,トランスフォーマーズ,,19,45,,確認済
2018,Moto2,zulfahmi-khairuddin,,SIC Racing Team,カレックス,,63,46,,確認済
2018,Moto2,rafid-topan-sucipto,,Forward Racing Team,ズッター,,50,47,,確認済
2018,Moto2,cedric-tangre,,Yohan Moto Sport,テック3,,80,48,,確認済
2018,Moto3,jorge-martin,gresini,Del Conca Gresini Moto3,ホンダ,,88,1,260,確認済
2018,Moto3,fabio-di-giannantonio,gresini,Del Conca Gresini Moto3,ホンダ,,21,2,218,確認済
2018,Moto3,marco-bezzecchi,prustel,Redox PrüstelGP,KTM,,12,3,214,確認済
2018,Moto3,enea-bastianini,leopard,Leopard Racing,ホンダ,,33,4,177,確認済
2018,Moto3,lorenzo-dalla-porta,leopard,Leopard Racing,ホンダ,,48,5,151,確認済
2018,Moto3,aron-canet,estrella-galicia,"Estrella Galicia 0,0",ホンダ,,44,6,128,確認済
2018,Moto3,gabriel-rodrigo,boe,RBA Boé Skull Rider,KTM,,19,7,116,確認済
2018,Moto3,jakub-kornfeil,prustel,Redox PrüstelGP,KTM,,84,8,116,確認済
2018,Moto3,albert-arenas,aspar,Ángel Nieto Team Moto3,KTM,,75,9,107,確認済
2018,Moto3,marcos-ramirez,motomex,Bester Capital Dubai,KTM,,42,10,102,確認済
2018,Moto3,andrea-migno,aspar,Ángel Nieto Team Moto3,KTM,,16,11,84,確認済
2018,Moto3,john-mcphee,cip,CIP - Green Power,KTM,,17,12,78,確認済
2018,Moto3,jaume-masia,motomex,Bester Capital Dubai,KTM,,5,13,76,確認済
2018,Moto3,tatsuki-suzuki,sic58,Sic58 Squadra Corse,ホンダ,,24,14,71,確認済
2018,Moto3,niccolo-antonelli,sic58,Sic58 Squadra Corse,ホンダ,,23,15,71,確認済
2018,Moto3,philipp-ottl,schedl,Südmetal Schedl GP Racing,KTM,,65,16,58,確認済
2018,Moto3,darryn-binder,ajo,Red Bull KTM Ajo,KTM,,40,17,57,確認済
2018,Moto3,tony-arbolino,snipers,Marinelli Snipers Team,ホンダ,,14,18,57,確認済
2018,Moto3,dennis-foggia,vr46,Sky Racing Team VR46,KTM,,10,19,55,確認済
2018,Moto3,ayumu-sasaki,srt-rnf,Petronas Sprinta Racing,ホンダ,,71,20,50,確認済
2018,Moto3,adam-norrodin,,Petronas Sprinta Racing,ホンダ,,7,21,46,確認済
2018,Moto3,kaito-toba,,Honda Team Asia,ホンダ,,27,22,37,確認済
2018,Moto3,alonso-lopez,,"Estrella Galicia 0,0",ホンダ,,72,23,36,確認済
2018,Moto3,can-oncu,,Red Bull KTM Ajo,KTM,,61,24,25,確認済
2018,Moto3,celestino-vietti,,SKY Racing Team VR46,KTM,,31,25,24,確認済
2018,Moto3,nicolo-bulega,,SKY Racing Team VR46,KTM,,8,26,18,確認済
2018,Moto3,vicente-perez,,Reale Avintia Academy 77,KTM,,77,27,16,確認済
2018,Moto3,raul-fernandez,,Angel Nieto Team,KTM,,25,28,16,確認済
2018,Moto3,nakarin-atiratphuvapat,,Honda Team Asia,ホンダ,,41,29,12,確認済
2018,Moto3,makar-yurchenko,,CIP - Green Power,KTM,,76,30,9,確認済
2018,Moto3,kazuki-masaki,,RBA BOE Skull Rider,KTM,,22,31,9,確認済
2018,Moto3,livio-loi,,Reale Avintia Academy,KTM,,11,32,8,確認済
2018,Moto3,somkiat-chantra,,AP Honda Racing Thailand,ホンダ,,35,33,7,確認済
2018,Moto3,manuel-pagliani,,Leopard Junior Team,ホンダ,,96,34,6,確認済
2018,Moto3,stefano-nepa,,CIP - Green Power,KTM,,81,35,4,確認済
2018,Moto3,ai-ogura,,Asia Talent Team,ホンダ,,32,36,1,確認済
2018,Moto3,yari-montella,,SIC58 Squadra Corse,ホンダ,,55,37,,確認済
2018,Moto3,apiwath-wongthananon,,VR46 Master Camp Team,KTM,,9,38,,確認済
2018,Moto3,jeremy-alcoba,,"Junior Team Estrella Galicia 0,0",ホンダ,,52,39,,確認済
2018,Moto3,kevin-zannoni,,TM Racing Factory 3570 MTA,TM,,3,40,,確認済
2018,Moto3,luca-grunwald,,Freudenberg Racing Team,KTM,,43,41,,確認済
2018,Moto3,shizuka-okazaki,,Kohara Racing Team,ホンダ,,13,42,,確認済
2018,Moto3,izam-ikmal,,Petronas Sprinta Racing,ホンダ,,26,43,,確認済
2018,Moto3,yuto-fukushima,,Team Plus One,ホンダ,,36,44,,確認済
2018,Moto3,filip-salac,,Cuna de Campeones Czech Talent,KTM,,15,45,,確認済
2018,Moto3,ryan-van-de-lagemaat,,Lamotec Lagemaat Racing,KTM,,18,46,,確認済
2018,Moto3,maximilian-kofler,,Motosport Kofler,KTM,,73,47,,確認済
2019,MotoGP,marc-marquez,honda-hrc,Repsol Honda Team,ホンダ,RC213V,93,1,420,確認済
2019,MotoGP,andrea-dovizioso,ducati-lenovo,Ducati Team,ドゥカティ,デスモセディチ,4,2,269,確認済
2019,MotoGP,maverick-vinales,yamaha-factory,Monster Energy Yamaha MotoGP,ヤマハ,YZR-M1,12,3,211,確認済
2019,MotoGP,alex-rins,suzuki-factory,Team Suzuki Ecstar,スズキ,GSX-RR,42,4,205,確認済
2019,MotoGP,fabio-quartararo,srt-rnf,Petronas Yamaha SRT,ヤマハ,YZR-M1,20,5,192,確認済
2019,MotoGP,danilo-petrucci,ducati-lenovo,Ducati Team,ドゥカティ,デスモセディチ,9,6,176,確認済
2019,MotoGP,valentino-rossi,yamaha-factory,Monster Energy Yamaha MotoGP,ヤマハ,YZR-M1,46,7,174,確認済
2019,MotoGP,jack-miller,pramac,Pramac Racing,ドゥカティ,デスモセディチ,43,8,165,確認済
2019,MotoGP,cal-crutchlow,lcr,LCR Honda Castrol,ホンダ,RC213V,35,9,133,確認済
2019,MotoGP,franco-morbidelli,srt-rnf,Petronas Yamaha SRT,ヤマハ,YZR-M1,21,10,115,確認済
2019,MotoGP,pol-espargaro,ktm-factory,Red Bull KTM Factory Racing,KTM,RC16,44,11,100,確認済
2019,MotoGP,joan-mir,suzuki-factory,Team Suzuki Ecstar,スズキ,GSX-RR,36,12,92,確認済
2019,MotoGP,takaaki-nakagami,lcr,LCR Honda Idemitsu,ホンダ,RC213V,30,13,74,確認済
2019,MotoGP,aleix-espargaro,aprilia-racing,Aprilia Racing Team Gresini,アプリリア,RS-GP,41,14,63,確認済
2019,MotoGP,francesco-bagnaia,pramac,Pramac Racing,ドゥカティ,デスモセディチ,63,15,54,確認済
2019,MotoGP,andrea-iannone,aprilia-racing,Aprilia Racing Team Gresini,アプリリア,RS-GP,29,16,43,確認済
2019,MotoGP,miguel-oliveira,tech3,Red Bull KTM Tech3,KTM,RC16,88,17,33,確認済
2019,MotoGP,johann-zarco,ktm-factory,Red Bull KTM Factory Racing,KTM,RC16,5,18,30,確認済
2019,MotoGP,jorge-lorenzo,honda-hrc,Repsol Honda Team,ホンダ,RC213V,99,19,28,確認済
2019,MotoGP,tito-rabat,avintia,Reale Avintia Racing,ドゥカティ,デスモセディチ,53,20,23,確認済
2019,MotoGP,stefan-bradl,honda-hrc,Team HRC,ホンダ,RC213V,6,21,16,確認済
2019,MotoGP,michele-pirro,ducati-lenovo,Ducati Team,ドゥカティ,デスモセディチ,51,22,9,確認済
2019,MotoGP,hafizh-syahrin,tech3,Red Bull KTM Tech3,KTM,RC16,55,23,9,確認済
2019,MotoGP,karel-abraham,avintia,Reale Avintia Racing,ドゥカティ,デスモセディチ,17,24,9,確認済
2019,MotoGP,sylvain-guintoli,suzuki-factory,Team Suzuki Ecstar,スズキ,GSX-RR,50,25,7,確認済
2019,MotoGP,mika-kallio,ktm-factory,Red Bull KTM Factory Racing,KTM,RC16,82,26,7,確認済
2019,MotoGP,bradley-smith,aprilia-racing,Aprilia Racing Team Gresini,アプリリア,RS-GP,38,27,,確認済
2019,MotoGP,iker-lecuona,tech3,Red Bull KTM Tech3,KTM,RC16,27,28,,確認済
2019,Moto2,alex-marquez,marc-vds,"EG 0,0 Marc VDS",カレックス,トライアンフ製765cc直3エンジン（共通）,73,1,262,確認済
2019,Moto2,brad-binder,ajo,Red Bull KTM Ajo,KTM,トライアンフ製765cc直3エンジン（共通）,41,2,259,確認済
2019,Moto2,thomas-luthi,intact,Dynavolt Intact GP,カレックス,トライアンフ製765cc直3エンジン（共通）,12,3,250,確認済
2019,Moto2,jorge-navarro,speed-up,MB Conveyors Speed Up,スピードアップ,トライアンフ製765cc直3エンジン（共通）,9,4,226,確認済
2019,Moto2,augusto-fernandez,pons,Flexbox HP40,カレックス,トライアンフ製765cc直3エンジン（共通）,40,5,207,確認済
2019,Moto2,luca-marini,vr46,Sky Racing Team VR46,カレックス,トライアンフ製765cc直3エンジン（共通）,10,6,190,確認済
2019,Moto2,lorenzo-baldassarri,pons,Flexbox HP40,カレックス,トライアンフ製765cc直3エンジン（共通）,7,7,171,確認済
2019,Moto2,marcel-schrotter,intact,Dynavolt Intact GP,カレックス,トライアンフ製765cc直3エンジン（共通）,23,8,137,確認済
2019,Moto2,fabio-di-giannantonio,speed-up,MB Conveyors Speed Up,スピードアップ,トライアンフ製765cc直3エンジン（共通）,21,9,108,確認済
2019,Moto2,enea-bastianini,italtrans,Italtrans Racing Team,カレックス,トライアンフ製765cc直3エンジン（共通）,33,10,97,確認済
2019,Moto2,jorge-martin,ajo,Red Bull KTM Ajo,KTM,トライアンフ製765cc直3エンジン（共通）,88,11,94,確認済
2019,Moto2,iker-lecuona,american-racing,American Racing KTM,KTM,トライアンフ製765cc直3エンジン（共通）,27,12,90,確認済
2019,Moto2,xavi-vierge,marc-vds,"EG 0,0 Marc VDS",カレックス,トライアンフ製765cc直3エンジン（共通）,97,13,81,確認済
2019,Moto2,tetsuta-nagashima,sag,Onexox TKKR SAG Team,カレックス,トライアンフ製765cc直3エンジン（共通）,45,14,78,確認済
2019,Moto2,remy-gardner,sag,Onexox TKKR SAG Team,カレックス,トライアンフ製765cc直3エンジン（共通）,87,15,77,確認済
2019,Moto2,sam-lowes,gresini,Federal Oil Gresini Moto2,カレックス,トライアンフ製765cc直3エンジン（共通）,22,16,66,確認済
2019,Moto2,nicolo-bulega,vr46,Sky Racing Team VR46,カレックス,トライアンフ製765cc直3エンジン（共通）,11,17,48,確認済
2019,Moto2,andrea-locatelli,italtrans,Italtrans Racing Team,カレックス,トライアンフ製765cc直3エンジン（共通）,5,18,46,確認済
2019,Moto2,stefano-manzi,forward,MV Agusta Temporary Forward,MVアグスタ,トライアンフ製765cc直3エンジン（共通）,62,19,39,確認済
2019,Moto2,mattia-pasini,pons,Flexbox HP40,カレックス,トライアンフ製765cc直3エンジン（共通）,54,20,35,確認済
2019,Moto2,somkiat-chantra,,IDEMITSU Honda Team Asia,カレックス,,35,21,23,確認済
2019,Moto2,dominique-aegerter,,MV Agusta Temporary Forward,MVアグスタ,,77,22,19,確認済
2019,Moto2,marco-bezzecchi,,Red Bull KTM Tech 3,KTM,,72,23,17,確認済
2019,Moto2,simone-corsi,,Tasca Racing Scuderia Moto2,カレックス,,24,24,10,確認済
2019,Moto2,jake-dixon,,Sama Qatar Angel Nieto Team,KTM,,96,25,7,確認済
2019,Moto2,bo-bendsneyder,,NTS RW Racing GP,NTS,,64,26,7,確認済
2019,Moto2,jesko-raffin,,NTS RW Racing GP,NTS,,2,27,6,確認済
2019,Moto2,joe-roberts,,American Racing KTM,KTM,,16,28,4,確認済
2019,Moto2,lukas-tulovic,,Kiefer Racing,KTM,,3,29,3,確認済
2019,Moto2,khairul-idham-pawi,,Petronas Sprinta Racing,カレックス,,89,30,3,確認済
2019,Moto2,steven-odendaal,,NTS RW Racing GP,NTS,,4,31,,確認済
2019,Moto2,jonas-folger,,Petronas Sprinta Racing,カレックス,,94,32,,確認済
2019,Moto2,philipp-ottl,,Red Bull KTM Tech 3,KTM,,65,33,,確認済
2019,Moto2,dimas-ekky-pratama,,IDEMITSU Honda Team Asia,カレックス,,20,34,,確認済
2019,Moto2,xavi-cardelus,,Sama Qatar Angel Nieto Team,KTM,,18,35,,確認済
2019,Moto2,gabriele-ruiu,,MV Agusta Idealavoro Forward,MVアグスタ,,6,36,,確認済
2019,Moto2,adam-norrodin,,Petronas Sprinta Racing,カレックス,,47,37,,確認済
2019,Moto2,andi-farid-izdihar,,Honda Team Asia,カレックス,,36,38,,確認済
2019,Moto2,teppei-nagoe,,IDEMITSU Honda Team Asia,カレックス,,19,39,,確認済
2019,Moto2,tommaso-marcon,,NTS RW Racing GP,NTS,,70,40,,確認済
2019,Moto2,gerry-salim,,IDEMITSU Honda Team Asia,カレックス,,31,41,,確認済
2019,Moto2,sean-dylan-kelly,,American Racing KTM,KTM,,69,42,,確認済
2019,Moto2,bradley-smith,,Petronas Sprinta Racing,カレックス,,38,,,確認済
2019,Moto3,lorenzo-dalla-porta,leopard,Leopard Racing,ホンダ,,48,1,279,確認済
2019,Moto3,aron-canet,max-racing,Sterilgarda Max Racing Team,KTM,,44,2,200,確認済
2019,Moto3,marcos-ramirez,leopard,Leopard Racing,ホンダ,,42,3,183,確認済
2019,Moto3,tony-arbolino,snipers,VNE Snipers,ホンダ,,14,4,175,確認済
2019,Moto3,john-mcphee,srt-rnf,Petronas Sprinta Racing,ホンダ,,17,5,156,確認済
2019,Moto3,celestino-vietti,vr46,Sky Racing Team VR46,KTM,,13,6,135,確認済
2019,Moto3,niccolo-antonelli,sic58,Sic58 Squadra Corse,ホンダ,,23,7,128,確認済
2019,Moto3,tatsuki-suzuki,sic58,Sic58 Squadra Corse,ホンダ,,24,8,124,確認済
2019,Moto3,jaume-masia,mugen,Mugen Race,KTM,,5,9,121,確認済
2019,Moto3,ai-ogura,honda-team-asia,Honda Team Asia,ホンダ,,79,10,109,確認済
2019,Moto3,albert-arenas,aspar,Valresa Ángel Nieto Team,KTM,,75,11,108,確認済
2019,Moto3,dennis-foggia,vr46,Sky Racing Team VR46,KTM,,7,12,97,確認済
2019,Moto3,andrea-migno,mugen,Mugen Race,KTM,,16,13,78,確認済
2019,Moto3,jakub-kornfeil,prustel,Redox PrüstelGP,KTM,,84,14,78,確認済
2019,Moto3,sergio-garcia,estrella-galicia,"Estrella Galicia 0,0",ホンダ,,11,15,76,確認済
2019,Moto3,romano-fenati,snipers,VNE Snipers,ホンダ,,55,16,76,確認済
2019,Moto3,alonso-lopez,estrella-galicia,"Estrella Galicia 0,0",ホンダ,,21,17,71,確認済
2019,Moto3,gabriel-rodrigo,gresini,Kömmerling Gresini Moto3,ホンダ,,19,18,67,確認済
2019,Moto3,kaito-toba,honda-team-asia,Honda Team Asia,ホンダ,,27,19,63,確認済
2019,Moto3,ayumu-sasaki,srt-rnf,Petronas Sprinta Racing,ホンダ,,71,20,62,確認済
2019,Moto3,raul-fernandez,,Sama Qatar Angel Nieto Team,KTM,,25,21,60,確認済
2019,Moto3,darryn-binder,,CIP Green Power,KTM,,40,22,54,確認済
2019,Moto3,filip-salac,,Redox PruestelGP,KTM,,12,23,32,確認済
2019,Moto3,makar-yurchenko,,BOE Skull Rider Mugen Race,KTM,,76,24,29,確認済
2019,Moto3,stefano-nepa,,Reale Avintia Arizona 77,KTM,,82,25,24,確認済
2019,Moto3,xavier-artigas,,Leopard Impala Junior Team,ホンダ,,4,26,16,確認済
2019,Moto3,kazuki-masaki,,BOE Skull Rider Mugen Race,KTM,,22,27,14,確認済
2019,Moto3,tom-booth-amos,,CIP Green Power,KTM,,69,28,10,確認済
2019,Moto3,ryusei-yamanaka,,"Estrella Galicia 0,0",ホンダ,,6,29,8,確認済
2019,Moto3,carlos-tatay,,Fundacion Andreas Perez 77,KTM,,99,30,8,確認済
2019,Moto3,can-oncu,,Red Bull KTM Ajo,KTM,,61,31,8,確認済
2019,Moto3,riccardo-rossi,,Kömmerling Gresini Moto3,ホンダ,,54,32,8,確認済
2019,Moto3,jeremy-alcoba,,Kömmerling Gresini Moto3,ホンダ,,52,33,2,確認済
2019,Moto3,elia-bartolini,,Sky Junior Team VR46,KTM,,20,34,1,確認済
2019,Moto3,deniz-oncu,,Red Bull KTM Ajo,KTM,,53,35,,確認済
2019,Moto3,davide-pizzoli,,SIC58 Squadra Corse,ホンダ,,32,36,,確認済
2019,Moto3,gerry-salim,,Honda Team Asia,ホンダ,,31,37,,確認済
2019,Moto3,vicente-perez,,Reale Avintia Arizona 77,KTM,,77,38,,確認済
2019,Moto3,kevin-zannoni,,RGR TM Official Team,TM,,3,39,,確認済
2019,Moto3,rogan-chandler,,Double Six Motor Sport,カレックスKTM,,15,40,,確認済
2019,Moto3,gerard-riu-male,,Baiko Racing Team,KTM,,67,41,,確認済
2019,Moto3,aleix-viu,,Sama Qatar Angel Nieto Team,KTM,,81,42,,確認済
2019,Moto3,maximilian-kofler,,Sama Qatar Angel Nieto Team,KTM,,73,43,,確認済
2019,Moto3,jose-julian-garcia,,VNE Snipers,ホンダ,,10,44,,確認済
2019,Moto3,ryan-van-de-lagemaat,,Qnium Racing,KTM,,18,45,,確認済
2019,Moto3,meikon-kawakami,,Fundacion Andres Perez 77,KTM,,83,46,,確認済
2019,Moto3,dirk-geiger,,Kiefer Racing,KTM,,28,47,,確認済
2019,Moto3,brandon-paasch,,FPW Racing,KTM,,96,48,,確認済
2019,Moto3,yanni-shaw,,Double Six Motor Sport,カレックスKTM,,9,,,確認済
2019,Moto3,yuki-kunii,,Asia Talent Team,ホンダ,,33,,,確認済
2019,MotoE,matteo-ferrari,,TRENTINO Gresini MotoE,エネルジカ,,11,1,99,確認済
2019,MotoE,bradley-smith,,One Energy Racing,エネルジカ,,38,2,88,確認済
2019,MotoE,eric-granado,,Avintia Esponsorama Racing,エネルジカ,,51,3,71,確認済
2019,MotoE,hector-garzo,,Tech 3 E-Racing,エネルジカ,,4,4,69,確認済
2019,MotoE,mike-di-meglio,,"EG 0,0 Marc VDS",エネルジカ,,63,5,63,確認済
2019,MotoE,xavier-simeon,,Avintia Esponsorama Racing,エネルジカ,,10,6,58,確認済
2019,MotoE,alex-de-angelis,,OCTO Pramac MotoE,エネルジカ,,5,7,47,確認済
2019,MotoE,jesko-raffin,,Dynavolt Intact GP,エネルジカ,,2,8,47,確認済
2019,MotoE,niccolo-canepa,,LCR E-Team,エネルジカ,,7,9,46,確認済
2019,MotoE,mattia-casadei,,Ongetta SIC58 Squadracorse,エネルジカ,,27,10,39,確認済
2019,MotoE,sete-gibernau,,Join Contract Pons 40,エネルジカ,,15,11,38,確認済
2019,MotoE,nicolas-terol,,OpenBank Ángel Nieto Team,エネルジカ,,18,12,33,確認済
2019,MotoE,josh-hook,,OCTO Pramac MotoE,エネルジカ,,16,13,28,確認済
2019,MotoE,maria-herrera,,OpenBank Ángel Nieto Team,エネルジカ,,6,14,27,確認済
2019,MotoE,niki-tuuli,,Ajo MotoE,エネルジカ,,66,15,26,確認済
2019,MotoE,lorenzo-savadori,,TRENTINO Gresini MotoE,エネルジカ,,32,16,24,確認済
2019,MotoE,randy-de-puniet,,LCR E-Team,エネルジカ,,14,17,21,確認済
2019,MotoE,kenny-foray,,Tech 3 E-Racing,エネルジカ,,78,18,11,確認済
2020,MotoGP,joan-mir,suzuki-factory,Team Suzuki Ecstar,スズキ,GSX-RR,36,1,171,確認済
2020,MotoGP,franco-morbidelli,srt-rnf,Petronas Yamaha SRT,ヤマハ,YZR-M1,21,2,158,確認済
2020,MotoGP,alex-rins,suzuki-factory,Team Suzuki Ecstar,スズキ,GSX-RR,42,3,139,確認済
2020,MotoGP,andrea-dovizioso,ducati-lenovo,Ducati Team,ドゥカティ,デスモセディチ,4,4,135,確認済
2020,MotoGP,pol-espargaro,ktm-factory,Red Bull KTM Factory Racing,KTM,RC16,44,5,135,確認済
2020,MotoGP,maverick-vinales,yamaha-factory,Monster Energy Yamaha MotoGP,ヤマハ,YZR-M1,12,6,132,確認済
2020,MotoGP,jack-miller,pramac,Pramac Racing,ドゥカティ,デスモセディチ,43,7,132,確認済
2020,MotoGP,fabio-quartararo,srt-rnf,Petronas Yamaha SRT,ヤマハ,YZR-M1,20,8,127,確認済
2020,MotoGP,miguel-oliveira,tech3,Red Bull KTM Tech3,KTM,RC16,88,9,125,確認済
2020,MotoGP,takaaki-nakagami,lcr,LCR Honda Idemitsu,ホンダ,RC213V,30,10,116,確認済
2020,MotoGP,brad-binder,ktm-factory,Red Bull KTM Factory Racing,KTM,RC16,33,11,87,確認済
2020,MotoGP,danilo-petrucci,ducati-lenovo,Ducati Team,ドゥカティ,デスモセディチ,9,12,78,確認済
2020,MotoGP,johann-zarco,pons,Esponsorama Racing,ドゥカティ,RC213V,5,13,77,確認済
2020,MotoGP,alex-marquez,honda-hrc,Repsol Honda Team,ホンダ,RC213V,73,14,74,確認済
2020,MotoGP,valentino-rossi,yamaha-factory,Monster Energy Yamaha MotoGP,ヤマハ,YZR-M1,46,15,66,確認済
2020,MotoGP,francesco-bagnaia,pramac,Pramac Racing,ドゥカティ,デスモセディチ,63,16,47,確認済
2020,MotoGP,aleix-espargaro,aprilia-racing,Aprilia Racing Team Gresini,アプリリア,RS-GP,41,17,42,確認済
2020,MotoGP,cal-crutchlow,lcr,LCR Honda Castrol,ホンダ,RC213V,35,18,32,確認済
2020,MotoGP,stefan-bradl,honda-hrc,Repsol Honda Team,ホンダ,RC213V,6,19,27,確認済
2020,MotoGP,iker-lecuona,tech3,Red Bull KTM Tech3,KTM,RC16,27,20,27,確認済
2020,MotoGP,bradley-smith,aprilia-racing,Aprilia Racing Team Gresini,アプリリア,RS-GP,38,21,12,確認済
2020,MotoGP,tito-rabat,pons,Esponsorama Racing,ドゥカティ,RC213V,53,22,10,確認済
2020,MotoGP,michele-pirro,pramac,Pramac Racing,ドゥカティ,デスモセディチ,51,23,4,確認済
2020,MotoGP,mika-kallio,tech3,Red Bull KTM Tech3,KTM,RC16,82,24,,確認済
2020,MotoGP,lorenzo-savadori,aprilia-racing,Aprilia Racing Team Gresini,アプリリア,RS-GP,32,25,,確認済
2020,MotoGP,marc-marquez,honda-hrc,Repsol Honda Team,ホンダ,RC213V,93,,,確認済
2020,Moto2,enea-bastianini,italtrans,Italtrans Racing Team,カレックス,トライアンフ製765cc直3エンジン（共通）,33,1,205,確認済
2020,Moto2,luca-marini,vr46,Sky Racing Team VR46,カレックス,トライアンフ製765cc直3エンジン（共通）,10,2,196,確認済
2020,Moto2,sam-lowes,marc-vds,"EG 0,0 Marc VDS",カレックス,トライアンフ製765cc直3エンジン（共通）,22,3,196,確認済
2020,Moto2,marco-bezzecchi,vr46,Sky Racing Team VR46,カレックス,トライアンフ製765cc直3エンジン（共通）,72,4,184,確認済
2020,Moto2,jorge-martin,ajo,Red Bull KTM Ajo,カレックス,トライアンフ製765cc直3エンジン（共通）,88,5,160,確認済
2020,Moto2,remy-gardner,sag,Onexox TKKR SAG Team,カレックス,トライアンフ製765cc直3エンジン（共通）,87,6,135,確認済
2020,Moto2,joe-roberts,american-racing,Tennor American Racing,カレックス,トライアンフ製765cc直3エンジン（共通）,16,7,94,確認済
2020,Moto2,tetsuta-nagashima,ajo,Red Bull KTM Ajo,カレックス,トライアンフ製765cc直3エンジン（共通）,45,8,91,確認済
2020,Moto2,marcel-schrotter,intact,Liqui Moly Intact GP,カレックス,トライアンフ製765cc直3エンジン（共通）,23,9,81,確認済
2020,Moto2,xavi-vierge,srt-rnf,Petronas Sprinta Racing,カレックス,トライアンフ製765cc直3エンジン（共通）,97,10,79,確認済
2020,Moto2,thomas-luthi,intact,Liqui Moly Intact GP,カレックス,トライアンフ製765cc直3エンジン（共通）,12,11,72,確認済
2020,Moto2,lorenzo-baldassarri,pons,Flexbox HP40,カレックス,トライアンフ製765cc直3エンジン（共通）,7,12,71,確認済
2020,Moto2,augusto-fernandez,marc-vds,"EG 0,0 Marc VDS",カレックス,トライアンフ製765cc直3エンジン（共通）,37,13,71,確認済
2020,Moto2,aron-canet,aspar,Pull&Bear Aspar Team Moto2,スピードアップ,トライアンフ製765cc直3エンジン（共通）,44,14,67,確認済
2020,Moto2,fabio-di-giannantonio,speed-up,Beta Tools Speed Up,スピードアップ,トライアンフ製765cc直3エンジン（共通）,21,15,65,確認済
2020,Moto2,hector-garzo,pons,Flexbox HP40,カレックス,トライアンフ製765cc直3エンジン（共通）,40,16,63,確認済
2020,Moto2,jorge-navarro,speed-up,Beta Tools Speed Up,スピードアップ,トライアンフ製765cc直3エンジン（共通）,9,17,58,確認済
2020,Moto2,jake-dixon,srt-rnf,Petronas Sprinta Racing,カレックス,トライアンフ製765cc直3エンジン（共通）,96,18,44,確認済
2020,Moto2,marcos-ramirez,american-racing,Tennor American Racing,カレックス,トライアンフ製765cc直3エンジン（共通）,42,19,37,確認済
2020,Moto2,nicolo-bulega,gresini,Federal Oil Gresini Moto2,カレックス,トライアンフ製765cc直3エンジン（共通）,11,20,32,確認済
2020,Moto2,hafizh-syahrin,,Inde Aspar Team Moto2,スピードアップ,,55,21,21,確認済
2020,Moto2,stefano-manzi,,MV Agusta Forward Racing,MVアグスタ,,62,22,21,確認済
2020,Moto2,bo-bendsneyder,,NTS RW Racing GP,NTS,,64,23,18,確認済
2020,Moto2,simone-corsi,,MV Agusta Forward Racing,MVアグスタ,,24,24,15,確認済
2020,Moto2,somkiat-chantra,,IDEMITSU Honda Team Asia,カレックス,,35,25,10,確認済
2020,Moto2,edgar-pons,,Federal Oil Gresini Moto2,カレックス,,57,26,5,確認済
2020,Moto2,lorenzo-dalla-porta,,Italtrans Racing Team,カレックス,,19,27,5,確認済
2020,Moto2,dominique-aegerter,,NTS RW Racing GP,NTS,,77,28,4,確認済
2020,Moto2,mattia-pasini,,Red Bull KTM Ajo,カレックス,,54,29,,確認済
2020,Moto2,andi-farid-izdihar,,IDEMITSU Honda Team Asia,カレックス,,27,30,,確認済
2020,Moto2,kasma-daniel,,Onexox TKKR SAG Team,カレックス,,99,31,,確認済
2020,Moto2,piotr-biesiekirski,,NTS RW Racing GP,NTS,,74,32,,確認済
2020,Moto2,jesko-raffin,,NTS RW Racing GP,NTS,,2,33,,確認済
2020,Moto2,xavi-cardelus,,Kipin Energy Aspar Team Moto2,スピードアップ,,18,34,,確認済
2020,Moto2,alejandro-medina,,Openbank Aspar Team,スピードアップ,,5,35,,確認済
2020,Moto3,albert-arenas,aspar,Gaviota Aspar Team Moto3,KTM,,75,1,174,確認済
2020,Moto3,tony-arbolino,snipers,Rivacold Snipers Team,ホンダ,,14,2,170,確認済
2020,Moto3,ai-ogura,honda-team-asia,Honda Team Asia,ホンダ,,79,3,170,確認済
2020,Moto3,raul-fernandez,ajo,Red Bull KTM Ajo,KTM,,25,4,159,確認済
2020,Moto3,celestino-vietti,vr46,Sky Racing Team VR46,KTM,,13,5,146,確認済
2020,Moto3,jaume-masia,leopard,Leopard Racing,ホンダ,,5,6,140,確認済
2020,Moto3,john-mcphee,srt-rnf,Petronas Sprinta Racing,ホンダ,,17,7,131,確認済
2020,Moto3,darryn-binder,cip,CIP Green Power,KTM,,40,8,122,確認済
2020,Moto3,sergio-garcia,estrella-galicia,"Estrella Galicia 0,0",ホンダ,,11,9,90,確認済
2020,Moto3,dennis-foggia,leopard,Leopard Racing,ホンダ,,7,10,89,確認済
2020,Moto3,jeremy-alcoba,gresini,Kömmerling Gresini Moto3,ホンダ,,52,11,87,確認済
2020,Moto3,tatsuki-suzuki,sic58,Sic58 Squadra Corse,ホンダ,,24,12,83,確認済
2020,Moto3,gabriel-rodrigo,gresini,Kömmerling Gresini Moto3,ホンダ,,2,13,80,確認済
2020,Moto3,romano-fenati,max-racing,Sterilgarda Max Racing Team,ハスクバーナ,,55,14,77,確認済
2020,Moto3,andrea-migno,vr46,Sky Racing Team VR46,KTM,,16,15,60,確認済
2020,Moto3,ayumu-sasaki,tech3,Red Bull KTM Tech3,KTM,,71,16,52,確認済
2020,Moto3,deniz-oncu,tech3,Red Bull KTM Tech3,KTM,,53,17,50,確認済
2020,Moto3,kaito-toba,ajo,Red Bull KTM Ajo,KTM,,27,18,41,確認済
2020,Moto3,niccolo-antonelli,sic58,Sic58 Squadra Corse,ホンダ,,23,19,40,確認済
2020,Moto3,stefano-nepa,aspar,Gaviota Aspar Team Moto3,KTM,,82,20,38,確認済
2020,Moto3,filip-salac,,Rivacold Snipers Team,ホンダ,,12,21,30,確認済
2020,Moto3,carlos-tatay,,Reale Avintia Moto3,KTM,,99,22,26,確認済
2020,Moto3,alonso-lopez,,Sterilgarda Max Racing Team,ハスクバーナ,,21,23,21,確認済
2020,Moto3,ryusei-yamanaka,,"Estrella Galicia 0,0",ホンダ,,6,24,14,確認済
2020,Moto3,riccardo-rossi,,BOE Skull Rider Facile Energy,KTM,,54,25,10,確認済
2020,Moto3,barry-baltus,,CarXpert PruestelGP,KTM,,70,26,,確認済
2020,Moto3,yuki-kunii,,Honda Team Asia,ホンダ,,92,27,,確認済
2020,Moto3,jason-dupasquier,,CarXpert PruestelGP,KTM,,50,28,,確認済
2020,Moto3,davide-pizzoli,,BOE Skull Rider Facile Energy,KTM,,9,29,,確認済
2020,Moto3,maximilian-kofler,,CIP Green Power,KTM,,73,30,,確認済
2020,Moto3,adrian-fernandez,,Rivacold Snipers Team,ホンダ,,31,31,,確認済
2020,Moto3,khairul-idham-pawi,,Petronas Sprinta Racing,ホンダ,,89,32,,確認済
2020,Moto3,dirk-geiger,,CarXpert PruestelGP,KTM,,60,33,,確認済
2020,Moto3,jose-julian-garcia,,SIC58 Squadra Corse,ホンダ,,20,,,確認済
2020,MotoE,jordi-torres,,Pons Racing 40,エネルジカ,,40,1,114,確認済
2020,MotoE,matteo-ferrari,,TRENTINO Gresini MotoE,エネルジカ,,11,2,97,確認済
2020,MotoE,dominique-aegerter,,Dynavolt Intact GP,エネルジカ,,77,3,97,確認済
2020,MotoE,mike-di-meglio,,"EG 0,0 Marc VDS",エネルジカ,,63,4,75,確認済
2020,MotoE,mattia-casadei,,Ongetta SIC58 Squadracorse,エネルジカ,,27,5,74,確認済
2020,MotoE,niki-tuuli,,Avant Ajo MotoE,エネルジカ,,66,6,53,確認済
2020,MotoE,eric-granado,,Avintia Esponsorama Racing,エネルジカ,,51,7,53,確認済
2020,MotoE,josh-hook,,OCTO Pramac MotoE,エネルジカ,,16,8,52,確認済
2020,MotoE,niccolo-canepa,,LCR E-Team,エネルジカ,,7,9,51,確認済
2020,MotoE,xavier-simeon,,LCR E-Team,エネルジカ,,10,10,45,確認済
2020,MotoE,lukas-tulovic,,Tech 3 E-Racing,エネルジカ,,35,11,39,確認済
2020,MotoE,alessandro-zaccone,,TRENTINO Gresini MotoE,エネルジカ,,61,12,37,確認済
2020,MotoE,alejandro-medina,,Openbank Aspar Team,エネルジカ,,55,13,36,確認済
2020,MotoE,alex-de-angelis,,OCTO Pramac MotoE,エネルジカ,,15,14,35,確認済
2020,MotoE,xavi-cardelus,,Avintia Esponsorama Racing,エネルジカ,,18,15,34,確認済
2020,MotoE,tommaso-marcon,,Tech 3 E-Racing,エネルジカ,,70,16,33,確認済
2020,MotoE,maria-herrera,,Openbank Aspar Team,エネルジカ,,6,17,33,確認済
2020,MotoE,jakub-kornfeil,,WithU Motorsport,エネルジカ,,84,18,15,確認済
2021,MotoGP,fabio-quartararo,yamaha-factory,Monster Energy Yamaha MotoGP,ヤマハ,YZR-M1,20,1,278,確認済
2021,MotoGP,francesco-bagnaia,ducati-lenovo,Ducati Lenovo Team,ドゥカティ,デスモセディチ,63,2,252,確認済
2021,MotoGP,joan-mir,suzuki-factory,Team Suzuki Ecstar,スズキ,GSX-RR,36,3,208,確認済
2021,MotoGP,jack-miller,ducati-lenovo,Ducati Lenovo Team,ドゥカティ,デスモセディチ,43,4,181,確認済
2021,MotoGP,johann-zarco,pramac,Pramac Racing,ドゥカティ,デスモセディチ,5,5,173,確認済
2021,MotoGP,brad-binder,ktm-factory,Red Bull KTM Factory Racing,KTM,RC16,33,6,151,確認済
2021,MotoGP,marc-marquez,honda-hrc,Repsol Honda Team,ホンダ,RC213V,93,7,142,確認済
2021,MotoGP,aleix-espargaro,aprilia-racing,Aprilia Racing Team Gresini,アプリリア,RS-GP,41,8,120,確認済
2021,MotoGP,jorge-martin,pramac,Pramac Racing,ドゥカティ,デスモセディチ,89,9,111,確認済
2021,MotoGP,maverick-vinales,yamaha-factory,Monster Energy Yamaha MotoGP,ヤマハ,YZR-M1,12,10,106,確認済
2021,MotoGP,enea-bastianini,pons,Avintia Esponsorama,ドゥカティ,RC213V,23,11,102,確認済
2021,MotoGP,pol-espargaro,honda-hrc,Repsol Honda Team,ホンダ,RC213V,44,12,100,確認済
2021,MotoGP,alex-rins,suzuki-factory,Team Suzuki Ecstar,スズキ,GSX-RR,42,13,99,確認済
2021,MotoGP,miguel-oliveira,ktm-factory,Red Bull KTM Factory Racing,KTM,RC16,88,14,94,確認済
2021,MotoGP,takaaki-nakagami,lcr,LCR Honda Idemitsu,ホンダ,RC213V,30,15,76,確認済
2021,MotoGP,alex-marquez,lcr,LCR Honda Castrol,ホンダ,RC213V,73,16,70,確認済
2021,MotoGP,franco-morbidelli,srt-rnf,Petronas Yamaha SRT,ヤマハ,YZR-M1,21,17,47,確認済
2021,MotoGP,valentino-rossi,srt-rnf,Petronas Yamaha SRT,ヤマハ,YZR-M1,46,18,44,確認済
2021,MotoGP,luca-marini,avintia,Sky VR46 Avintia,ドゥカティ,デスモセディチ,10,19,41,確認済
2021,MotoGP,iker-lecuona,tech3,Tech3 KTM Factory Racing,KTM,RC16,27,20,39,確認済
2021,MotoGP,danilo-petrucci,tech3,Tech3 KTM Factory Racing,KTM,RC16,9,21,37,確認済
2021,MotoGP,stefan-bradl,honda-hrc,Repsol Honda Team,ホンダ,RC213V,6,22,14,確認済
2021,MotoGP,michele-pirro,pramac,Pramac Racing,ドゥカティ,デスモセディチ,51,23,12,確認済
2021,MotoGP,andrea-dovizioso,srt-rnf,Petronas Yamaha SRT,ヤマハ,YZR-M1,4,24,12,確認済
2021,MotoGP,dani-pedrosa,ktm-factory,Red Bull KTM Factory Racing,KTM,RC16,26,25,6,確認済
2021,MotoGP,lorenzo-savadori,aprilia-racing,Aprilia Racing Team Gresini,アプリリア,RS-GP,32,26,4,確認済
2021,MotoGP,tito-rabat,pramac,Pramac Racing,ドゥカティ,デスモセディチ,53,27,1,確認済
2021,MotoGP,cal-crutchlow,srt-rnf,Petronas Yamaha SRT,ヤマハ,YZR-M1,35,28,,確認済
2021,MotoGP,garrett-gerloff,srt-rnf,Petronas Yamaha SRT,ヤマハ,YZR-M1,31,29,,確認済
2021,MotoGP,jake-dixon,srt-rnf,Petronas Yamaha SRT,ヤマハ,YZR-M1,96,30,,確認済
2021,Moto2,remy-gardner,ajo,Red Bull KTM Ajo,カレックス,トライアンフ製765cc直3エンジン（共通）,87,1,311,確認済
2021,Moto2,raul-fernandez,ajo,Red Bull KTM Ajo,カレックス,トライアンフ製765cc直3エンジン（共通）,25,2,307,確認済
2021,Moto2,marco-bezzecchi,vr46,Sky Racing Team VR46,カレックス,トライアンフ製765cc直3エンジン（共通）,72,3,214,確認済
2021,Moto2,sam-lowes,marc-vds,Elf Marc VDS Racing Team,カレックス,トライアンフ製765cc直3エンジン（共通）,22,4,190,確認済
2021,Moto2,augusto-fernandez,marc-vds,Elf Marc VDS Racing Team,カレックス,トライアンフ製765cc直3エンジン（共通）,37,5,174,確認済
2021,Moto2,aron-canet,aspar,Inde Aspar Team,ボスコスクーロ,トライアンフ製765cc直3エンジン（共通）,44,6,164,確認済
2021,Moto2,fabio-di-giannantonio,gresini,Federal Oil Gresini Moto2,カレックス,トライアンフ製765cc直3エンジン（共通）,21,7,161,確認済
2021,Moto2,ai-ogura,honda-team-asia,Idemitsu Honda Team Asia,カレックス,トライアンフ製765cc直3エンジン（共通）,79,8,120,確認済
2021,Moto2,jorge-navarro,speed-up,Termozeta Speed Up,ボスコスクーロ,トライアンフ製765cc直3エンジン（共通）,9,9,106,確認済
2021,Moto2,marcel-schrotter,intact,Liqui Moly Intact GP,カレックス,トライアンフ製765cc直3エンジン（共通）,23,10,98,確認済
2021,Moto2,xavi-vierge,srt-rnf,Petronas Sprinta Racing,カレックス,トライアンフ製765cc直3エンジン（共通）,97,11,93,確認済
2021,Moto2,celestino-vietti,vr46,Sky Racing Team VR46,カレックス,トライアンフ製765cc直3エンジン（共通）,13,12,89,確認済
2021,Moto2,joe-roberts,italtrans,Italtrans Racing Team,カレックス,トライアンフ製765cc直3エンジン（共通）,16,13,59,確認済
2021,Moto2,tony-arbolino,intact,Liqui Moly Intact GP,カレックス,トライアンフ製765cc直3エンジン（共通）,14,14,51,確認済
2021,Moto2,cameron-beaubier,american-racing,American Racing,カレックス,トライアンフ製765cc直3エンジン（共通）,6,15,50,確認済
2021,Moto2,bo-bendsneyder,sag,Pertamina Mandalika SAG Team,カレックス,トライアンフ製765cc直3エンジン（共通）,64,16,46,確認済
2021,Moto2,marcos-ramirez,american-racing,American Racing,カレックス,トライアンフ製765cc直3エンジン（共通）,42,17,39,確認済
2021,Moto2,somkiat-chantra,honda-team-asia,Idemitsu Honda Team Asia,カレックス,トライアンフ製765cc直3エンジン（共通）,35,18,37,確認済
2021,Moto2,stefano-manzi,pons,Flexbox HP40,カレックス,トライアンフ製765cc直3エンジン（共通）,62,19,36,確認済
2021,Moto2,jake-dixon,srt-rnf,Petronas Sprinta Racing,カレックス,トライアンフ製765cc直3エンジン（共通）,96,20,30,確認済
2021,Moto2,albert-arenas,,Inde Aspar Team,ボスコスクーロ,,75,21,28,確認済
2021,Moto2,thomas-luthi,,Pertamina Mandalika SAG Team,カレックス,,12,22,27,確認済
2021,Moto2,hector-garzo,,Flexbox HP40,カレックス,,40,23,16,確認済
2021,Moto2,simone-corsi,,MV Agusta Forward Racing,MVアグスタ,,24,24,16,確認済
2021,Moto2,fermin-aldeguer,,+EGO Speed Up,ボスコスクーロ,,54,25,13,確認済
2021,Moto2,nicolo-bulega,,Federal Oil Gresini Moto2,カレックス,,11,26,12,確認済
2021,Moto2,lorenzo-dalla-porta,,Italtrans Racing Team,カレックス,,19,27,10,確認済
2021,Moto2,hafizh-syahrin,,NTS RW Racing GP,NTS,,55,28,9,確認済
2021,Moto2,tetsuta-nagashima,,Italtrans Racing Team,カレックス,,45,29,5,確認済
2021,Moto2,alonso-lopez,,MB Conveyors Speed Up,ボスコスクーロ,,2,30,4,確認済
2021,Moto2,lorenzo-baldassarri,,MV Agusta Forward Racing,MVアグスタ,,7,31,3,確認済
2021,Moto2,barry-baltus,,NTS RW Racing GP,NTS,,70,32,2,確認済
2021,Moto2,manuel-gonzalez,,MV Agusta Forward Racing,MVアグスタ,,18,33,,確認済
2021,Moto2,yari-montella,,MB Conveyors Speed Up,ボスコスクーロ,,5,34,,確認済
2021,Moto2,tommaso-marcon,,MV Agusta Forward Racing,MVアグスタ,,10,35,,確認済
2021,Moto2,miquel-pons,,MV Agusta Forward Racing,MVアグスタ,,77,36,,確認済
2021,Moto2,john-mcphee,,Petronas Sprinta Racing,カレックス,,17,37,,確認済
2021,Moto2,fraser-rogers,,NTS RW Racing GP,NTS,,89,38,,確認済
2021,Moto2,taiga-hada,,NTS RW Racing GP,NTS,,32,40,,確認済
2021,Moto2,xavi-cardelus,,Cerba Promoracing Team,カレックス,,18,41,,確認済
2021,Moto2,piotr-biesiekirski,,Pertamina Mandalika SAG Euvic,カレックス,,74,42,,確認済
2021,Moto2,keminth-kubo,,VR46 Master Camp Team,カレックス,,81,43,,確認済
2021,Moto2,dimas-ekky-pratama,,Pertamina Mandalika SAG Team,カレックス,,20,44,,確認済
2021,Moto2,adam-norrodin,,Petronas Sprinta Racing,カレックス,,77,,,確認済
2021,Moto2,mattia-casadei,,Italtrans Racing Team,カレックス,,27,,,確認済
2021,Moto3,pedro-acosta,ajo,Red Bull KTM Ajo,KTM,,37,1,259,確認済
2021,Moto3,dennis-foggia,leopard,Leopard Racing,ホンダ,,7,2,216,確認済
2021,Moto3,sergio-garcia,aspar,Valresa GasGas Aspar Team,ガスガス,,11,3,188,確認済
2021,Moto3,jaume-masia,ajo,Red Bull KTM Ajo,KTM,,5,4,171,確認済
2021,Moto3,romano-fenati,max-racing,Sterilgarda Max Racing Team,ハスクバーナ,,55,5,160,確認済
2021,Moto3,niccolo-antonelli,vr46,Avintia VR46 Academy,KTM,,23,6,152,確認済
2021,Moto3,darryn-binder,srt-rnf,Petronas Sprinta Racing,ホンダ,,40,7,136,確認済
2021,Moto3,izan-guevara,aspar,Valresa GasGas Aspar Team,ガスガス,,28,8,125,確認済
2021,Moto3,ayumu-sasaki,tech3,Red Bull KTM Tech3,KTM,,71,9,120,確認済
2021,Moto3,andrea-migno,snipers,Rivacold Snipers Team,ホンダ,,16,10,110,確認済
2021,Moto3,deniz-oncu,tech3,Red Bull KTM Tech3,KTM,,53,11,95,確認済
2021,Moto3,jeremy-alcoba,gresini,Indonesian Racing Gresini Moto3,ホンダ,,52,12,86,確認済
2021,Moto3,john-mcphee,srt-rnf,Petronas Sprinta Racing,ホンダ,,17,13,77,確認済
2021,Moto3,tatsuki-suzuki,sic58,Sic58 Squadra Corse,ホンダ,,24,14,76,確認済
2021,Moto3,xavier-artigas,leopard,Leopard Racing,ホンダ,,43,15,72,確認済
2021,Moto3,filip-salac,snipers,Rivacold Snipers Team,KTM,,12,16,71,確認済
2021,Moto3,kaito-toba,cip,CIP Green Power,KTM,,27,17,64,確認済
2021,Moto3,stefano-nepa,boe,Boé Owlride,KTM,,82,18,63,確認済
2021,Moto3,gabriel-rodrigo,gresini,Indonesian Racing Gresini Moto3,ホンダ,,2,19,60,確認済
2021,Moto3,ryusei-yamanaka,prustel,CarXpert Prüstel GP,KTM,,6,20,47,確認済
2021,Moto3,carlos-tatay,,Avintia Esponsorama Moto3,KTM,,99,21,40,確認済
2021,Moto3,adrian-fernandez,,Sterilgarda Max Racing Team,ハスクバーナ,,31,22,30,確認済
2021,Moto3,riccardo-rossi,,BOE Owlride,KTM,,54,23,29,確認済
2021,Moto3,jason-dupasquier,,CarXpert PruestelGP,KTM,,50,24,27,確認済
2021,Moto3,yuki-kunii,,Honda Team Asia,ホンダ,,92,25,15,確認済
2021,Moto3,maximilian-kofler,,CIP Green Power,KTM,,73,26,10,確認済
2021,Moto3,elia-bartolini,,Avintia Esponsorama Moto3,KTM,,22,27,7,確認済
2021,Moto3,daniel-holgado,,Red Bull KTM Tech 3,KTM,,96,28,4,確認済
2021,Moto3,andi-farid-izdihar,,Honda Team Asia,ホンダ,,19,29,4,確認済
2021,Moto3,syarifuddin-azman,,Petronas Sprinta Racing,ホンダ,,63,30,3,確認済
2021,Moto3,joel-kelso,,CIP Green Power,KTM,,66,31,2,確認済
2021,Moto3,alberto-surra,,Rivacold Snipers Team,ホンダ,,67,32,1,確認済
2021,Moto3,lorenzo-fellon,,SIC58 Squadra Corse,ホンダ,,20,33,,確認済
2021,Moto3,takuma-matsuyama,,Honda Team Asia,ホンダ,,32,34,,確認済
2021,Moto3,matteo-bertelle,,Bardahl VR46 Riders Academy,KTM,,18,35,,確認済
2021,Moto3,mario-aji,,Honda Team Asia,ホンダ,,64,36,,確認済
2021,Moto3,david-salvador,,Rivacold Snipers Team,ホンダ,,38,37,,確認済
2021,Moto3,david-alonso,,GAVIOTA GASGAS Aspar Team,ガスガス,,80,38,,確認済
2021,Moto3,jose-antonio-rueda,,Indonesian Racing Gresini Moto3,ホンダ,,95,39,,確認済
2021,MotoE,jordi-torres,,HP Pons 40,エネルジカ,,40,1,100,確認済
2021,MotoE,dominique-aegerter,,Dynavolt Intact GP,エネルジカ,,77,2,93,確認済
2021,MotoE,matteo-ferrari,,Indonesian E-Racing Gresini MotoE,エネルジカ,,11,3,86,確認済
2021,MotoE,eric-granado,,One Energy Racing,エネルジカ,,51,4,84,確認済
2021,MotoE,alessandro-zaccone,,Octo Pramac MotoE,エネルジカ,,61,5,80,確認済
2021,MotoE,mattia-casadei,,Ongetta SIC58 Squadracorse,エネルジカ,,27,6,79,確認済
2021,MotoE,miquel-pons,,LCR E-Team,エネルジカ,,71,7,73,確認済
2021,MotoE,lukas-tulovic,,Tech 3 E-Racing,エネルジカ,,3,8,62,確認済
2021,MotoE,fermin-aldeguer,,OpenBank Aspar Team,エネルジカ,,54,9,51,確認済
2021,MotoE,yonny-hernandez,,Octo Pramac MotoE,エネルジカ,,68,10,47,確認済
2021,MotoE,hikari-okubo,,Avant Ajo MotoE,エネルジカ,,78,11,45,確認済
2021,MotoE,kevin-zannoni,,LCR E-Team,エネルジカ,,21,12,44,確認済
2021,MotoE,corentin-perolari,,Tech 3 E-Racing,エネルジカ,,19,13,31,確認済
2021,MotoE,andrea-mantovani,,Indonesian E-Racing Gresini MotoE,エネルジカ,,9,14,29,確認済
2021,MotoE,maria-herrera,,OpenBank Aspar Team,エネルジカ,,6,15,27,確認済
2021,MotoE,xavi-cardelus,,Avintia Esponsorama Racing,エネルジカ,,18,16,21,確認済
2021,MotoE,jasper-iwema,,HP Pons 40,エネルジカ,,80,17,13,確認済
2021,MotoE,andre-pires,,Avintia Esponsorama Racing,エネルジカ,,14,18,12,確認済
2021,MotoE,stefano-valtulini,,Ongetta SIC58 Squadracorse,エネルジカ,,43,19,1,確認済
2022,MotoGP,francesco-bagnaia,ducati-lenovo,Ducati Lenovo Team,ドゥカティ,デスモセディチ,63,1,265,確認済
2022,MotoGP,fabio-quartararo,yamaha-factory,Monster Energy Yamaha MotoGP,ヤマハ,YZR-M1,20,2,248,確認済
2022,MotoGP,enea-bastianini,gresini,Gresini Racing MotoGP,ドゥカティ,デスモセディチ,23,3,219,確認済
2022,MotoGP,aleix-espargaro,aprilia-racing,Aprilia Racing,アプリリア,RS-GP,41,4,212,確認済
2022,MotoGP,jack-miller,ducati-lenovo,Ducati Lenovo Team,ドゥカティ,デスモセディチ,43,5,189,確認済
2022,MotoGP,brad-binder,ktm-factory,Red Bull KTM Factory Racing,KTM,RC16,33,6,188,確認済
2022,MotoGP,alex-rins,suzuki-factory,Team Suzuki Ecstar,スズキ,GSX-RR,42,7,173,確認済
2022,MotoGP,johann-zarco,pramac,Pramac Racing,ドゥカティ,デスモセディチ,5,8,166,確認済
2022,MotoGP,jorge-martin,pramac,Pramac Racing,ドゥカティ,デスモセディチ,89,9,152,確認済
2022,MotoGP,miguel-oliveira,ktm-factory,Red Bull KTM Factory Racing,KTM,RC16,88,10,149,確認済
2022,MotoGP,maverick-vinales,aprilia-racing,Aprilia Racing,アプリリア,RS-GP,12,11,122,確認済
2022,MotoGP,luca-marini,vr46,Mooney VR46 Racing Team,ドゥカティ,デスモセディチ,10,12,120,確認済
2022,MotoGP,marc-marquez,honda-hrc,Repsol Honda Team,ホンダ,RC213V,93,13,113,確認済
2022,MotoGP,marco-bezzecchi,vr46,Mooney VR46 Racing Team,ドゥカティ,デスモセディチ,72,14,111,確認済
2022,MotoGP,joan-mir,suzuki-factory,Team Suzuki Ecstar,スズキ,GSX-RR,36,15,87,確認済
2022,MotoGP,pol-espargaro,honda-hrc,Repsol Honda Team,ホンダ,RC213V,44,16,56,確認済
2022,MotoGP,alex-marquez,lcr,LCR Honda Castrol,ホンダ,RC213V,73,17,50,確認済
2022,MotoGP,takaaki-nakagami,lcr,LCR Honda Idemitsu,ホンダ,RC213V,30,18,48,確認済
2022,MotoGP,franco-morbidelli,yamaha-factory,Monster Energy Yamaha MotoGP,ヤマハ,YZR-M1,21,19,42,確認済
2022,MotoGP,fabio-di-giannantonio,gresini,Gresini Racing MotoGP,ドゥカティ,デスモセディチ,49,20,24,確認済
2022,MotoGP,andrea-dovizioso,srt-rnf,WithU Yamaha RNF MotoGP Team,ヤマハ,YZR-M1,4,21,15,確認済
2022,MotoGP,raul-fernandez,tech3,Tech3 KTM Factory Racing,KTM,RC16,25,22,14,確認済
2022,MotoGP,remy-gardner,tech3,Tech3 KTM Factory Racing,KTM,RC16,87,23,13,確認済
2022,MotoGP,darryn-binder,srt-rnf,WithU Yamaha RNF MotoGP Team,ヤマハ,YZR-M1,40,24,12,確認済
2022,MotoGP,cal-crutchlow,srt-rnf,WithU Yamaha RNF MotoGP Team,ヤマハ,YZR-M1,35,25,10,確認済
2022,MotoGP,stefan-bradl,honda-hrc,Repsol Honda Team,ホンダ,RC213V,6,26,2,確認済
2022,MotoGP,michele-pirro,ducati-lenovo,Aruba.it Racing,ドゥカティ,デスモセディチ,51,27,,確認済
2022,MotoGP,lorenzo-savadori,aprilia-racing,Aprilia Racing,アプリリア,RS-GP,32,28,,確認済
2022,MotoGP,tetsuta-nagashima,honda-hrc,HRC Team,ホンダ,RC213V,45,29,,確認済
2022,MotoGP,danilo-petrucci,suzuki-factory,Team Suzuki Ecstar,スズキ,GSX-RR,9,30,,確認済
2022,MotoGP,kazuki-watanabe,suzuki-factory,Team Suzuki Ecstar,スズキ,GSX-RR,92,31,,確認済
2022,MotoGP,takuya-tsuda,suzuki-factory,Team Suzuki Ecstar,スズキ,GSX-RR,85,,,確認済
2022,Moto2,augusto-fernandez,ajo,Red Bull KTM Ajo,カレックス,トライアンフ製765cc直3エンジン（共通）,37,1,271.5,確認済
2022,Moto2,ai-ogura,honda-team-asia,Idemitsu Honda Team Asia,カレックス,トライアンフ製765cc直3エンジン（共通）,79,2,242,確認済
2022,Moto2,aron-canet,pons,Flexbox HP40,カレックス,トライアンフ製765cc直3エンジン（共通）,40,3,200,確認済
2022,Moto2,tony-arbolino,marc-vds,Elf Marc VDS Racing Team,カレックス,トライアンフ製765cc直3エンジン（共通）,14,4,191.5,確認済
2022,Moto2,pedro-acosta,ajo,Red Bull KTM Ajo,カレックス,トライアンフ製765cc直3エンジン（共通）,51,5,177,確認済
2022,Moto2,jake-dixon,aspar,GasGas Aspar Team,カレックス,トライアンフ製765cc直3エンジン（共通）,96,6,168.5,確認済
2022,Moto2,celestino-vietti,vr46,Mooney VR46 Racing Team,カレックス,トライアンフ製765cc直3エンジン（共通）,13,7,165,確認済
2022,Moto2,alonso-lopez,speed-up,Speed Up Racing,ボスコスクーロ,トライアンフ製765cc直3エンジン（共通）,21,8,155.5,確認済
2022,Moto2,joe-roberts,italtrans,Italtrans Racing Team,カレックス,トライアンフ製765cc直3エンジン（共通）,16,9,131,確認済
2022,Moto2,somkiat-chantra,honda-team-asia,Idemitsu Honda Team Asia,カレックス,トライアンフ製765cc直3エンジン（共通）,35,10,128,確認済
2022,Moto2,marcel-schrotter,intact,Liqui Moly Intact GP,カレックス,トライアンフ製765cc直3エンジン（共通）,23,11,123.5,確認済
2022,Moto2,albert-arenas,aspar,GasGas Aspar Team,カレックス,トライアンフ製765cc直3エンジン（共通）,75,12,90,確認済
2022,Moto2,bo-bendsneyder,sag,Pertamina Mandalika SAG Team,カレックス,トライアンフ製765cc直3エンジン（共通）,64,13,87,確認済
2022,Moto2,jorge-navarro,pons,Flexbox HP40,カレックス,トライアンフ製765cc直3エンジン（共通）,9,14,83,確認済
2022,Moto2,fermin-aldeguer,speed-up,Speed Up Racing,ボスコスクーロ,トライアンフ製765cc直3エンジン（共通）,54,15,80,確認済
2022,Moto2,manuel-gonzalez,vr46-master-camp,Yamaha VR46 Master Camp Team,カレックス,トライアンフ製765cc直3エンジン（共通）,18,16,76,確認済
2022,Moto2,cameron-beaubier,american-racing,American Racing,カレックス,トライアンフ製765cc直3エンジン（共通）,6,17,73,確認済
2022,Moto2,jeremy-alcoba,intact,Liqui Moly Intact GP,カレックス,トライアンフ製765cc直3エンジン（共通）,52,18,72,確認済
2022,Moto2,sam-lowes,marc-vds,Elf Marc VDS Racing Team,カレックス,トライアンフ製765cc直3エンジン（共通）,22,19,55,確認済
2022,Moto2,filip-salac,gresini,Gresini Racing Moto2,カレックス,トライアンフ製765cc直3エンジン（共通）,12,20,45,確認済
2022,Moto2,barry-baltus,,RW Racing GP,カレックス,,7,21,30,確認済
2022,Moto2,lorenzo-dalla-porta,,Italtrans Racing Team,カレックス,,19,22,21,確認済
2022,Moto2,stefano-manzi,,Yamaha VR46 Master Camp Team,カレックス,,62,23,9,確認済
2022,Moto2,alessandro-zaccone,,Gresini Racing Moto2,カレックス,,61,24,9,確認済
2022,Moto2,keminth-kubo,,Yamaha VR46 Master Camp Team,カレックス,,81,25,7.5,確認済
2022,Moto2,senna-agius,,Elf Marc VDS Racing Team,カレックス,,8,26,7,確認済
2022,Moto2,romano-fenati,,MB Conveyors Speed Up,ボスコスクーロ,,5,27,7,確認済
2022,Moto2,gabriel-rodrigo,,Pertamina Mandalika SAG Team,カレックス,,2,28,6,確認済
2022,Moto2,sean-dylan-kelly,,American Racing,カレックス,,4,29,5.5,確認済
2022,Moto2,marcos-ramirez,,MV Agusta Forward Racing,MVアグスタ,,42,30,5,確認済
2022,Moto2,borja-gomez,,Flexbox HP40,カレックス,,72,31,4,確認済
2022,Moto2,taiga-hada,,Pertamina Mandalika SAG Team,カレックス,,29,32,3.5,確認済
2022,Moto2,mattia-pasini,,Inde GASGAS Aspar Team,カレックス,,11,33,1,確認済
2022,Moto2,zonta-van-den-goorbergh,,RW Racing GP,カレックス,,84,34,,確認済
2022,Moto2,simone-corsi,,MV Agusta Forward Racing,MVアグスタ,,24,35,,確認済
2022,Moto2,niccolo-antonelli,,Mooney VR46 Racing Team,カレックス,,28,36,,確認済
2022,Moto2,alex-escrig,,MV Agusta Forward Racing,MVアグスタ,,17,37,,確認済
2022,Moto2,kasma-daniel,,Petronas MIE Racing RW,カレックス,,27,38,,確認済
2022,Moto2,rory-skinner,,American Racing,カレックス,,33,39,,確認済
2022,Moto2,alex-toledo,,Pertamina Mandalika SAG Team,カレックス,,55,40,,確認済
2022,Moto2,azroy-anuar,,Petronas MIE Racing RW,カレックス,,20,41,,確認済
2022,Moto2,piotr-biesiekirski,,Pertamina Mandalika SAG EUVIC,カレックス,,74,42,,確認済
2022,Moto2,david-sanchis,,MV Agusta Forward Racing,MVアグスタ,,98,,,確認済
2022,Moto3,izan-guevara,aspar,GasGas Aspar Team,ガスガス,,28,1,319,確認済
2022,Moto3,sergio-garcia,aspar,GasGas Aspar Team,ガスガス,,11,2,257,確認済
2022,Moto3,dennis-foggia,leopard,Leopard Racing,ホンダ,,7,3,246,確認済
2022,Moto3,ayumu-sasaki,max-racing,Sterilgarda Husqvarna Max,ハスクバーナ,,71,4,238,確認済
2022,Moto3,deniz-oncu,tech3,Red Bull KTM Tech3,KTM,,53,5,200,確認済
2022,Moto3,jaume-masia,ajo,Red Bull KTM Ajo,KTM,,5,6,177,確認済
2022,Moto3,tatsuki-suzuki,leopard,Leopard Racing,ホンダ,,24,7,130,確認済
2022,Moto3,diogo-moreira,msi,MT Helmets – MSi,KTM,,10,8,112,確認済
2022,Moto3,andrea-migno,snipers,Rivacold Snipers Team,ホンダ,,16,9,103,確認済
2022,Moto3,daniel-holgado,ajo,Red Bull KTM Ajo,KTM,,96,10,103,確認済
2022,Moto3,john-mcphee,max-racing,Sterilgarda Husqvarna Max,ハスクバーナ,,17,11,102,確認済
2022,Moto3,ryusei-yamanaka,msi,MT Helmets – MSi,KTM,,6,12,94,確認済
2022,Moto3,david-munoz,boe,Boé Motorsports,KTM,,44,13,93,確認済
2022,Moto3,riccardo-rossi,sic58,Sic58 Squadra Corse,ホンダ,,54,14,87,確認済
2022,Moto3,carlos-tatay,prustel,CFMoto Racing Prüstel GP,CFMoto,,99,15,87,確認済
2022,Moto3,xavier-artigas,prustel,CFMoto Racing Prüstel GP,CFMoto,,43,16,83,確認済
2022,Moto3,ivan-ortola,mta,Angeluss MTA Team,KTM,,48,17,73,確認済
2022,Moto3,stefano-nepa,mta,Angeluss MTA Team,KTM,,82,18,64,確認済
2022,Moto3,kaito-toba,cip,CIP Green Power,KTM,,27,19,63,確認済
2022,Moto3,adrian-fernandez,tech3,Red Bull KTM Tech3,KTM,,31,20,51,確認済
2022,Moto3,joel-kelso,,CIP Green Power,KTM,,66,21,36,確認済
2022,Moto3,elia-bartolini,,QJMotor Avintia Racing Team,KTM,,23,22,27,確認済
2022,Moto3,scott-ogden,,VisionTrack Racing Team,ホンダ,,19,23,21,確認済
2022,Moto3,matteo-bertelle,,QJMotor Avintia Racing Team,KTM,,18,24,16,確認済
2022,Moto3,lorenzo-fellon,,SIC58 Squadra Corse,ホンダ,,20,25,11,確認済
2022,Moto3,mario-aji,,Honda Team Asia,ホンダ,,64,26,5,確認済
2022,Moto3,taiyo-furusato,,Honda Team Asia,ホンダ,,72,27,2,確認済
2022,Moto3,syarifuddin-azman,,Rivacold Snipers Team,ホンダ,,63,28,,確認済
2022,Moto3,nicola-carraro,,QJMotor Avintia Racing Team,KTM,,9,29,,確認済
2022,Moto3,alberto-surra,,Rivacold Snipers Team,ホンダ,,67,30,,確認済
2022,Moto3,david-salvador,,Sterilgarda Husqvarna Max,ハスクバーナ,,38,31,,確認済
2022,Moto3,ana-carrasco,,BOE Motorsports,KTM,,22,32,,確認済
2022,Moto3,filippo-farioli,,GASGAS Aspar Team,ガスガス,,77,33,,確認済
2022,Moto3,vicente-perez,,Rivacold Snipers Team,ホンダ,,21,34,,確認済
2022,Moto3,luca-lunetta,,QJMotor Avintia Racing Team,KTM,,85,35,,確認済
2022,Moto3,joshua-whatley,,VisionTrack Racing Team,ホンダ,,70,36,,確認済
2022,Moto3,gerard-riu-male,,BOE Motorsports,KTM,,87,37,,確認済
2022,Moto3,jose-antonio-rueda,,Rivacold Snipers Team,ホンダ,,98,38,,確認済
2022,Moto3,marc-garcia,,CIP Green Power,KTM,,41,39,,確認済
2022,Moto3,harrison-voight,,SIC58 Squadra Corse,ホンダ,,29,40,,確認済
2022,Moto3,david-almansa,,Finetwork Team BOE Motorsports,KTM,,95,41,,確認済
2022,Moto3,alessandro-morosi,,MT Helmets - MSI,KTM,,91,42,,確認済
2022,Moto3,maria-herrera,,Angeluss MTA Team,KTM,,69,43,,確認済
2022,Moto3,david-alonso,,GASGAS Aspar Team,ガスガス,,80,44,,確認済
2022,Moto3,kanta-hamada,,Rivacold Snipers Team,ホンダ,,34,,,確認済
2022,Moto3,marcos-uriarte,,Rivacold Snipers Team,ホンダ,,89,,,確認済
2022,MotoE,dominique-aegerter,,Dynavolt Intact GP MotoE,エネルジカ,,77,1,227,確認済
2022,MotoE,eric-granado,,LCR E-Team,エネルジカ,,51,2,192.5,確認済
2022,MotoE,matteo-ferrari,,Felo Gresini MotoE,エネルジカ,,11,3,162.5,確認済
2022,MotoE,mattia-casadei,,Pons Racing 40,エネルジカ,,27,4,156,確認済
2022,MotoE,miquel-pons,,LCR E-Team,エネルジカ,,71,5,124,確認済
2022,MotoE,hikari-okubo,,Avant Ajo MotoE,エネルジカ,,78,6,95.5,確認済
2022,MotoE,niccolo-canepa,,WithU GRT RNF MotoE Team,エネルジカ,,7,7,94.5,確認済
2022,MotoE,hector-garzo,,Tech3 E-racing,エネルジカ,,4,8,86,確認済
2022,MotoE,alex-escrig,,Tech3 E-racing,エネルジカ,,17,9,79,確認済
2022,MotoE,kevin-zannoni,,Ongetta SIC58 Squadracorse,エネルジカ,,21,10,71.5,確認済
2022,MotoE,jordi-torres,,Pons Racing 40,エネルジカ,,40,11,65,確認済
2022,MotoE,kevin-manfredi,,Octo Pramac MotoE,エネルジカ,,34,12,58.5,確認済
2022,MotoE,marc-alcoba,,Openbank Aspar Team,エネルジカ,,70,13,46.5,確認済
2022,MotoE,javier-fores,,Octo Pramac MotoE,エネルジカ,,12,14,35.5,確認済
2022,MotoE,xavi-cardelus,,Avintia Esponsorama Racing,エネルジカ,,18,15,31,確認済
2022,MotoE,andrea-mantovani,,WithU GRT RNF MotoE Team,エネルジカ,,9,16,25,確認済
2022,MotoE,maria-herrera,,OpenBank Aspar Team,エネルジカ,,6,17,21,確認済
2022,MotoE,bradley-smith,,WithU GRT RNF MotoE Team,エネルジカ,,38,18,12,確認済
2022,MotoE,lukas-tulovic,,WithU GRT RNF MotoE Team,エネルジカ,,3,19,10,確認済
2022,MotoE,alessio-finello,,Felo Gresini MotoE,エネルジカ,,72,20,9,確認済
2022,MotoE,massimo-roccoli,,Pons Racing 40,エネルジカ,,55,21,6,確認済
2022,MotoE,unai-orradre,,Avintia Esponsorama Racing,エネルジカ,,10,22,1,確認済
2022,MotoE,yeray-ruiz,,Avintia Esponsorama Racing,エネルジカ,,28,23,,確認済
2023,MotoGP,francesco-bagnaia,ducati-lenovo,Ducati Lenovo Team,ドゥカティ,デスモセディチ,1,1,467,確認済
2023,MotoGP,jorge-martin,pramac,Prima Pramac Racing,ドゥカティ,デスモセディチ,89,2,428,確認済
2023,MotoGP,marco-bezzecchi,vr46,Mooney VR46 Racing Team,ドゥカティ,デスモセディチ,72,3,329,確認済
2023,MotoGP,brad-binder,ktm-factory,Red Bull KTM Factory Racing,KTM,RC16,33,4,293,確認済
2023,MotoGP,johann-zarco,pramac,Prima Pramac Racing,ドゥカティ,デスモセディチ,5,5,225,確認済
2023,MotoGP,aleix-espargaro,aprilia-racing,Aprilia Racing,アプリリア,RS-GP,41,6,206,確認済
2023,MotoGP,maverick-vinales,aprilia-racing,Aprilia Racing,アプリリア,RS-GP,12,7,204,確認済
2023,MotoGP,luca-marini,vr46,Mooney VR46 Racing Team,ドゥカティ,デスモセディチ,10,8,201,確認済
2023,MotoGP,alex-marquez,gresini,Gresini Racing MotoGP,ドゥカティ,デスモセディチ,73,9,177,確認済
2023,MotoGP,fabio-quartararo,yamaha-factory,Monster Energy Yamaha MotoGP,ヤマハ,YZR-M1,20,10,172,確認済
2023,MotoGP,jack-miller,ktm-factory,Red Bull KTM Factory Racing,KTM,RC16,43,11,163,確認済
2023,MotoGP,fabio-di-giannantonio,gresini,Gresini Racing MotoGP,ドゥカティ,デスモセディチ,49,12,151,確認済
2023,MotoGP,franco-morbidelli,yamaha-factory,Monster Energy Yamaha MotoGP,ヤマハ,YZR-M1,21,13,102,確認済
2023,MotoGP,marc-marquez,honda-hrc,Repsol Honda Team,ホンダ,RC213V,93,14,96,確認済
2023,MotoGP,enea-bastianini,ducati-lenovo,Ducati Lenovo Team,ドゥカティ,デスモセディチ,23,15,84,確認済
2023,MotoGP,miguel-oliveira,srt-rnf,CryptoDATA RNF MotoGP Team,アプリリア,RS-GP,88,16,76,確認済
2023,MotoGP,augusto-fernandez,tech3,GASGAS Factory Racing Tech3,KTM,RC16,37,17,71,確認済
2023,MotoGP,takaaki-nakagami,lcr,LCR Honda Idemitsu,ホンダ,RC213V,30,18,56,確認済
2023,MotoGP,alex-rins,lcr,LCR Honda Castrol,ホンダ,RC213V,42,19,54,確認済
2023,MotoGP,raul-fernandez,srt-rnf,CryptoDATA RNF MotoGP Team,アプリリア,RS-GP,25,20,51,確認済
2023,MotoGP,dani-pedrosa,ktm-factory,Red Bull KTM Factory Racing,KTM,RC16,26,21,32,確認済
2023,MotoGP,joan-mir,honda-hrc,Repsol Honda Team,ホンダ,RC213V,36,22,26,確認済
2023,MotoGP,pol-espargaro,tech3,GASGAS Factory Racing Tech3,KTM,RC16,44,23,15,確認済
2023,MotoGP,lorenzo-savadori,srt-rnf,CryptoDATA RNF MotoGP Team,アプリリア,RS-GP,32,24,12,確認済
2023,MotoGP,jonas-folger,tech3,GASGAS Factory Racing Tech3,KTM,RC16,94,25,9,確認済
2023,MotoGP,stefan-bradl,lcr,LCR Honda Castrol,ホンダ,RC213V,6,26,8,確認済
2023,MotoGP,michele-pirro,ducati-lenovo,Ducati Lenovo Team,ドゥカティ,デスモセディチ,51,27,5,確認済
2023,MotoGP,danilo-petrucci,ducati-lenovo,Ducati Lenovo Team,ドゥカティ,デスモセディチ,9,28,5,確認済
2023,MotoGP,cal-crutchlow,yamaha-factory,Yamalube RS4GP Racing Team,ヤマハ,YZR-M1,35,29,3,確認済
2023,MotoGP,iker-lecuona,lcr,LCR Honda Castrol,ホンダ,RC213V,27,30,,確認済
2023,MotoGP,alvaro-bautista,ducati-lenovo,Aruba.it Racing,ドゥカティ,デスモセディチ,19,31,,確認済
2023,Moto2,pedro-acosta,ajo,Red Bull KTM Ajo,カレックス,トライアンフ製765cc直3エンジン（共通）,37,1,332.5,確認済
2023,Moto2,tony-arbolino,marc-vds,Elf Marc VDS Racing Team,カレックス,トライアンフ製765cc直3エンジン（共通）,14,2,249.5,確認済
2023,Moto2,fermin-aldeguer,speed-up,CAG SpeedUp,ボスコスクーロ,トライアンフ製765cc直3エンジン（共通）,54,3,212,確認済
2023,Moto2,jake-dixon,aspar,Indie GASGAS Aspar Team,カレックス,トライアンフ製765cc直3エンジン（共通）,96,4,204,確認済
2023,Moto2,aron-canet,pons,Pons Wegow Los40,カレックス,トライアンフ製765cc直3エンジン（共通）,40,5,195,確認済
2023,Moto2,somkiat-chantra,honda-team-asia,IDEMITSU Honda Team Asia,カレックス,トライアンフ製765cc直3エンジン（共通）,35,6,173.5,確認済
2023,Moto2,alonso-lopez,speed-up,CAG SpeedUp,ボスコスクーロ,トライアンフ製765cc直3エンジン（共通）,21,7,150,確認済
2023,Moto2,manuel-gonzalez,vr46-master-camp,Correos Prepago Yamaha VR46 Team,カレックス,トライアンフ製765cc直3エンジン（共通）,18,8,145.5,確認済
2023,Moto2,ai-ogura,honda-team-asia,IDEMITSU Honda Team Asia,カレックス,トライアンフ製765cc直3エンジン（共通）,79,9,137.5,確認済
2023,Moto2,celestino-vietti,fantic,Fantic Racing,カレックス,トライアンフ製765cc直3エンジン（共通）,13,10,116,確認済
2023,Moto2,filip-salac,gresini,QJmotor Gresini Moto2,カレックス,トライアンフ製765cc直3エンジン（共通）,12,11,110,確認済
2023,Moto2,sam-lowes,marc-vds,Elf Marc VDS Racing Team,カレックス,トライアンフ製765cc直3エンジン（共通）,22,12,104,確認済
2023,Moto2,joe-roberts,italtrans,Italtrans Racing Team,カレックス,トライアンフ製765cc直3エンジン（共通）,16,13,93.5,確認済
2023,Moto2,albert-arenas,ajo,Red Bull KTM Ajo,カレックス,トライアンフ製765cc直3エンジン（共通）,75,14,85,確認済
2023,Moto2,sergio-garcia,pons,Pons Wegow Los40,カレックス,トライアンフ製765cc直3エンジン（共通）,11,15,84,確認済
2023,Moto2,marcos-ramirez,american-racing,OnlyFans American Racing,カレックス,トライアンフ製765cc直3エンジン（共通）,24,16,65,確認済
2023,Moto2,barry-baltus,rw-racing,Fieten Olie Racing GP,カレックス,トライアンフ製765cc直3エンジン（共通）,7,17,55,確認済
2023,Moto2,jeremy-alcoba,gresini,QJmotor Gresini Moto2,カレックス,トライアンフ製765cc直3エンジン（共通）,52,18,48.5,確認済
2023,Moto2,dennis-foggia,italtrans,Italtrans Racing Team,カレックス,トライアンフ製765cc直3エンジン（共通）,71,19,35,確認済
2023,Moto2,darryn-binder,intact,Liqui Moly Husqvarna Intact GP,カレックス,トライアンフ製765cc直3エンジン（共通）,15,20,34,確認済
2023,Moto2,bo-bendsneyder,,Pertamina Mandalika SAG Team,カレックス,,64,21,30,確認済
2023,Moto2,izan-guevara,,Inde GASGAS Aspar Team,カレックス,,28,22,20,確認済
2023,Moto2,zonta-van-den-goorbergh,,Fieten Olie Racing GP,カレックス,,84,23,17,確認済
2023,Moto2,lukas-tulovic,,Liqui Moly Husqvarna Intact GP,カレックス,,3,24,12,確認済
2023,Moto2,mattia-pasini,,Fieten Olie Racing GP,カレックス,,34,25,11,確認済
2023,Moto2,taiga-hada,,Pertamina Mandalika SAG Team,カレックス,,23,26,4.5,確認済
2023,Moto2,alex-escrig,,Forward Team,フォワード,,17,27,3,確認済
2023,Moto2,rory-skinner,,OnlyFans American Racing,カレックス,,33,28,2,確認済
2023,Moto2,sean-dylan-kelly,,Forward Team,カレックス,,4,29,1,確認済
2023,Moto2,borja-gomez,,Fantic Racing,カレックス,,72,30,,確認済
2023,Moto2,kohta-nozane,,Correos Prepago Yamaha VR46 Team,カレックス,,5,31,,確認済
2023,Moto2,jordi-torres,,Inde GASGAS Aspar M2,カレックス,,81,32,,確認済
2023,Moto2,alberto-surra,,Forward Team,フォワード,,67,33,,確認済
2023,Moto2,carlos-tatay,,OnlyFans American Racing,カレックス,,99,34,,確認済
2023,Moto2,lorenzo-dalla-porta,,Pertamina Mandalika SAG Team,カレックス,,19,35,,確認済
2023,Moto2,senna-agius,,Liqui Moly Husqvarna Intact GP,カレックス,,8,36,,確認済
2023,Moto2,mattia-rato,,Pertamina Mandalika SAG Team,カレックス,,73,37,,確認済
2023,Moto2,matteo-ferrari,,QJMOTOR Gresini Moto2,カレックス,,44,38,,確認済
2023,Moto2,soichiro-minamimoto,,Correos Prepago Yamaha VR46 MasterCamp,カレックス,,2,39,,確認済
2023,Moto2,mattia-casadei,,Fantic Racing,カレックス,,9,40,,確認済
2023,Moto2,kasma-daniel,,Correos Prepago Yamaha VR46 MasterCamp,カレックス,,27,41,,確認済
2023,Moto2,yeray-ruiz,,Forward Team,フォワード,,55,42,,確認済
2023,Moto2,david-sanchis,,Forward Team,フォワード,,98,43,,確認済
2023,Moto2,helmi-azman,,Petronas MIE Racing RW,カレックス,,32,44,,確認済
2023,Moto2,lorenzo-baldassarri,,Fantic Racing,カレックス,,43,45,,確認済
2023,Moto2,hector-garzo,,Fieten Olie Racing GP,NTS,,45,46,,確認済
2023,Moto2,azroy-anuar,,Petronas MIE Racing RW,カレックス,,20,,,確認済
2023,Moto3,jaume-masia,leopard,Leopard Racing,ホンダ,,5,1,274,確認済
2023,Moto3,ayumu-sasaki,intact,Liqui Moly Husqvarna Intact GP,ハスクバーナ,,71,2,268,確認済
2023,Moto3,david-alonso,aspar,Valresa GASGAS Aspar Team,ガスガス,,80,3,245,確認済
2023,Moto3,deniz-oncu,ajo,Red Bull KTM Ajo,KTM,,53,4,223,確認済
2023,Moto3,daniel-holgado,tech3,Red Bull KTM Tech3,KTM,,96,5,220,確認済
2023,Moto3,ivan-ortola,mta,Angeluss MTA Team,KTM,,48,6,187,確認済
2023,Moto3,collin-veijer,intact,Liqui Moly Husqvarna Intact GP,ハスクバーナ,,95,7,149,確認済
2023,Moto3,diogo-moreira,msi,MT Helmets - MSI,KTM,,10,8,131,確認済
2023,Moto3,jose-antonio-rueda,ajo,Red Bull KTM Ajo,KTM,,99,9,121,確認済
2023,Moto3,david-munoz,boe,BOE Motorsports,KTM,,44,10,113,確認済
2023,Moto3,kaito-toba,sic58,SIC58 Squadra Corse,ホンダ,,27,11,105,確認済
2023,Moto3,stefano-nepa,mta,Angeluss MTA Team,KTM,,82,12,102,確認済
2023,Moto3,ryusei-yamanaka,aspar,Valresa GASGAS Aspar Team,ガスガス,,6,13,84,確認済
2023,Moto3,riccardo-rossi,sic58,SIC58 Squadra Corse,ホンダ,,54,14,79,確認済
2023,Moto3,xavier-artigas,prustel,CFMOTO Racing Prüstel GP,CFMoto,,43,15,77,確認済
2023,Moto3,taiyo-furusato,honda-team-asia,Honda Team Asia,ホンダ,,72,16,63,確認済
2023,Moto3,joel-kelso,prustel,CFMOTO Racing Prüstel GP,CFMoto,,66,17,61,確認済
2023,Moto3,matteo-bertelle,snipers,Rivacold Snipers Team,ホンダ,,18,18,57,確認済
2023,Moto3,tatsuki-suzuki,leopard,Leopard Racing,ホンダ,,24,19,50,確認済
2023,Moto3,romano-fenati,snipers,Rivacold Snipers Team,ホンダ,,55,20,35,確認済
2023,Moto3,david-salvador,,CIP Green Power,KTM,,38,21,31,確認済
2023,Moto3,adrian-fernandez,,Leopard Racing,ホンダ,,31,22,25,確認済
2023,Moto3,scott-ogden,,VisionTrack Racing Team,ホンダ,,19,23,24,確認済
2023,Moto3,filippo-farioli,,Red Bull KTM Tech3,KTM,,7,24,19,確認済
2023,Moto3,andrea-migno,,CIP Green Power,KTM,,16,25,17,確認済
2023,Moto3,vicente-perez,,BOE Motorsports,KTM,,21,26,15,確認済
2023,Moto3,lorenzo-fellon,,CIP Green Power,KTM,,20,27,6,確認済
2023,Moto3,syarifuddin-azman,,MT Helmets - MSI,KTM,,63,28,5,確認済
2023,Moto3,nicola-carraro,,Rivacold Snipers Team,ホンダ,,9,29,5,確認済
2023,Moto3,joshua-whatley,,VisionTrack Racing Team,ホンダ,,70,30,5,確認済
2023,Moto3,mario-aji,,Honda Team Asia,ホンダ,,64,31,4,確認済
2023,Moto3,david-almansa,,CFMOTO Racing PruestelGP,CFMoto,,92,32,,確認済
2023,Moto3,arbi-aditama,,Honda Team Asia,ホンダ,,93,33,,確認済
2023,Moto3,tatchakorn-buasri,,Honda Team Asia,ホンダ,,33,34,,確認済
2023,Moto3,ana-carrasco,,BOE Motorsports,KTM,,22,35,,確認済
2023,Moto3,luca-lunetta,,MT Helmets - MSI,KTM,,58,36,,確認済
2023,Moto3,danial-shahril,,MT Helmets - MSI,KTM,,57,37,,確認済
2023,Moto3,noah-dettwiler,,CFMOTO Racing PruestelGP,CFMoto,,12,38,,確認済
2023,Moto3,marcos-ruda,,Finetwork Intact GP,ハスクバーナ,,69,39,,確認済
2023,Moto3,krittapat-keankum,,Yamaha Thailand Racing - BOE,KTM,,32,40,,確認済
2023,MotoE,mattia-casadei,,HP Pons Los40,ドゥカティ,,40,1,260,確認済
2023,MotoE,jordi-torres,,Openbank Aspar Team,ドゥカティ,,81,2,217,確認済
2023,MotoE,matteo-ferrari,,Felo Gresini MotoE,ドゥカティ,,11,3,216,確認済
2023,MotoE,hector-garzo,,Dynavolt Intact GP MotoE,ドゥカティ,,4,4,215,確認済
2023,MotoE,randy-krummenacher,,Dynavolt Intact GP MotoE,ドゥカティ,,3,5,167,確認済
2023,MotoE,nicholas-spinelli,,HP Pons Los40,ドゥカティ,,29,6,150,確認済
2023,MotoE,eric-granado,,LCR E-Team,ドゥカティ,,51,7,139,確認済
2023,MotoE,andrea-mantovani,,RNF MotoE Team,ドゥカティ,,9,8,138,確認済
2023,MotoE,kevin-zannoni,,Ongetta SIC58 Squadracorse,ドゥカティ,,21,9,130,確認済
2023,MotoE,kevin-manfredi,,Ongetta SIC58 Squadracorse,ドゥカティ,,34,10,117,確認済
2023,MotoE,alessandro-zaccone,,Tech3 E-racing,ドゥカティ,,61,11,104,確認済
2023,MotoE,miquel-pons,,LCR E-Team,ドゥカティ,,77,12,98,確認済
2023,MotoE,hikari-okubo,,Tech3 E-racing,ドゥカティ,,78,13,79,確認済
2023,MotoE,tito-rabat,,Prettl Pramac MotoE,ドゥカティ,,53,14,57,確認済
2023,MotoE,mika-perez,,RNF MotoE Team,ドゥカティ,,8,15,53,確認済
2023,MotoE,alessio-finello,,Felo Gresini MotoE,ドゥカティ,,72,16,35,確認済
2023,MotoE,luca-salvadori,,Prettl Pramac MotoE,ドゥカティ,,23,17,22,確認済
2023,MotoE,maria-herrera,,OpenBank Aspar Team,ドゥカティ,,6,18,17,確認済
2023,MotoE,oscar-gutierrez,,Prettl Pramac MotoE,ドゥカティ,,99,19,15,確認済
2023,MotoE,andrea-migno,,Prettl Pramac MotoE,ドゥカティ,,16,20,2,確認済
2024,MotoGP,jorge-martin,pramac,Prima Pramac Racing,ドゥカティ,デスモセディチ,89,1,508,確認済
2024,MotoGP,francesco-bagnaia,ducati-lenovo,Ducati Lenovo Team,ドゥカティ,デスモセディチ,1,2,498,確認済
2024,MotoGP,marc-marquez,gresini,Gresini Racing MotoGP,ドゥカティ,デスモセディチ,93,3,392,確認済
2024,MotoGP,enea-bastianini,ducati-lenovo,Ducati Lenovo Team,ドゥカティ,デスモセディチ,23,4,386,確認済
2024,MotoGP,brad-binder,ktm-factory,Red Bull KTM Factory Racing,KTM,RC16,33,5,217,確認済
2024,MotoGP,pedro-acosta,tech3,Red Bull GASGAS Tech3,KTM,RC16,31,6,215,確認済
2024,MotoGP,maverick-vinales,aprilia-racing,Aprilia Racing,アプリリア,RS-GP,12,7,190,確認済
2024,MotoGP,alex-marquez,gresini,Gresini Racing MotoGP,ドゥカティ,デスモセディチ,73,8,173,確認済
2024,MotoGP,franco-morbidelli,pramac,Prima Pramac Racing,ドゥカティ,デスモセディチ,21,9,173,確認済
2024,MotoGP,fabio-di-giannantonio,vr46,Pertamina Enduro VR46 Racing Team,ドゥカティ,デスモセディチ,49,10,165,確認済
2024,MotoGP,aleix-espargaro,aprilia-racing,Aprilia Racing,アプリリア,RS-GP,41,11,163,確認済
2024,MotoGP,marco-bezzecchi,vr46,Pertamina Enduro VR46 Racing Team,ドゥカティ,デスモセディチ,72,12,153,確認済
2024,MotoGP,fabio-quartararo,yamaha-factory,Monster Energy Yamaha MotoGP,ヤマハ,YZR-M1,20,13,113,確認済
2024,MotoGP,jack-miller,ktm-factory,Red Bull KTM Factory Racing,KTM,RC16,43,14,87,確認済
2024,MotoGP,miguel-oliveira,trackhouse,Trackhouse Racing,アプリリア,RS-GP,88,15,75,確認済
2024,MotoGP,raul-fernandez,trackhouse,Trackhouse Racing,アプリリア,RS-GP,25,16,66,確認済
2024,MotoGP,johann-zarco,lcr,LCR Honda,ホンダ,RC213V,5,17,55,確認済
2024,MotoGP,alex-rins,yamaha-factory,Monster Energy Yamaha MotoGP,ヤマハ,YZR-M1,42,18,31,確認済
2024,MotoGP,takaaki-nakagami,lcr,LCR Honda,ホンダ,RC213V,30,19,31,確認済
2024,MotoGP,augusto-fernandez,tech3,Red Bull GASGAS Tech3,KTM,RC16,37,20,27,確認済
2024,MotoGP,joan-mir,honda-hrc,Repsol Honda Team,ホンダ,RC213V,36,21,21,確認済
2024,MotoGP,luca-marini,honda-hrc,Repsol Honda Team,ホンダ,RC213V,10,22,14,確認済
2024,MotoGP,pol-espargaro,,Red Bull KTM Factory Racing,KTM,,44,23,12,確認済
2024,MotoGP,dani-pedrosa,,Red Bull KTM Factory Racing,KTM,,26,24,7,確認済
2024,MotoGP,stefan-bradl,,HRC Test Team,ホンダ,,6,25,2,確認済
2024,MotoGP,remy-gardner,,Monster Energy Yamaha MotoGP Team,ヤマハ,,87,26,,確認済
2024,MotoGP,andrea-iannone,,Pertamina Enduro VR46 Racing Team,ドゥカティ,,29,27,,確認済
2024,MotoGP,lorenzo-savadori,,Trackhouse Racing,アプリリア,,32,28,,確認済
2024,MotoGP,michele-pirro,,Pertamina Enduro VR46 Racing Team,ドゥカティ,,51,29,,確認済
2024,Moto2,ai-ogura,msi,MT Helmets - MSI,ボスコスクーロ,トライアンフ製765cc直3エンジン（共通）,79,1,274,確認済
2024,Moto2,aron-canet,fantic,Fantic Racing,カレックス,トライアンフ製765cc直3エンジン（共通）,44,2,234,確認済
2024,Moto2,manuel-gonzalez,gresini,Gresini Moto2,カレックス,トライアンフ製765cc直3エンジン（共通）,18,3,195,確認済
2024,Moto2,sergio-garcia,msi,MT Helmets - MSI,ボスコスクーロ,トライアンフ製765cc直3エンジン（共通）,3,4,191,確認済
2024,Moto2,fermin-aldeguer,speed-up,Sync SpeedUp,ボスコスクーロ,トライアンフ製765cc直3エンジン（共通）,54,5,182,確認済
2024,Moto2,alonso-lopez,speed-up,Sync SpeedUp,ボスコスクーロ,トライアンフ製765cc直3エンジン（共通）,21,6,179,確認済
2024,Moto2,celestino-vietti,ajo,Red Bull KTM Ajo,カレックス,トライアンフ製765cc直3エンジン（共通）,13,7,165,確認済
2024,Moto2,jake-dixon,aspar,CFMOTO Inde Aspar Team,カレックス,トライアンフ製765cc直3エンジン（共通）,96,8,155,確認済
2024,Moto2,joe-roberts,american-racing,OnlyFans American Racing Team,カレックス,トライアンフ製765cc直3エンジン（共通）,16,9,153,確認済
2024,Moto2,tony-arbolino,marc-vds,Elf Marc VDS Racing Team,カレックス,トライアンフ製765cc直3エンジン（共通）,14,10,149,確認済
2024,Moto2,marcos-ramirez,american-racing,OnlyFans American Racing Team,カレックス,トライアンフ製765cc直3エンジン（共通）,24,11,116,確認済
2024,Moto2,somkiat-chantra,honda-team-asia,IDEMITSU Honda Team Asia,カレックス,トライアンフ製765cc直3エンジン（共通）,35,12,104,確認済
2024,Moto2,diogo-moreira,italtrans,Italtrans Racing Team,カレックス,トライアンフ製765cc直3エンジン（共通）,10,13,80,確認済
2024,Moto2,albert-arenas,gresini,Gresini Moto2,カレックス,トライアンフ製765cc直3エンジン（共通）,75,14,80,確認済
2024,Moto2,jeremy-alcoba,vr46-master-camp,Yamaha VR46 Master Camp Team,カレックス,トライアンフ製765cc直3エンジン（共通）,52,15,79,確認済
2024,Moto2,filip-salac,marc-vds,Elf Marc VDS Racing Team,カレックス,トライアンフ製765cc直3エンジン（共通）,12,16,73,確認済
2024,Moto2,izan-guevara,aspar,CFMOTO Inde Aspar Team,カレックス,トライアンフ製765cc直3エンジン（共通）,28,17,69,確認済
2024,Moto2,senna-agius,intact,Liqui Moly Husqvarna Intact GP,カレックス,トライアンフ製765cc直3エンジン（共通）,81,18,67,確認済
2024,Moto2,darryn-binder,intact,Liqui Moly Husqvarna Intact GP,カレックス,トライアンフ製765cc直3エンジン（共通）,15,19,55,確認済
2024,Moto2,deniz-oncu,ajo,Red Bull KTM Ajo,カレックス,トライアンフ製765cc直3エンジン（共通）,53,20,49,確認済
2024,Moto2,barry-baltus,,RW-Idrofoglia Racing GP,カレックス,,7,21,40,確認済
2024,Moto2,zonta-van-den-goorbergh,,RW-Idrofoglia Racing GP,カレックス,,84,22,31,確認済
2024,Moto2,jorge-navarro,,KLINT Forward Factory Team,フォワード,,9,23,27,確認済
2024,Moto2,dennis-foggia,,Italtrans Racing Team,カレックス,,71,24,18,確認済
2024,Moto2,xavier-artigas,,KLINT Forward Factory Team,フォワード,,43,25,10,確認済
2024,Moto2,ayumu-sasaki,,Yamaha VR46 Master Camp Team,カレックス,,22,26,7,確認済
2024,Moto2,bo-bendsneyder,,Preicanos Racing Team,カレックス,,64,27,7,確認済
2024,Moto2,jaume-masia,,Preicanos Racing Team,カレックス,,5,28,6,確認済
2024,Moto2,mario-aji,,IDEMITSU Honda Team Asia,カレックス,,34,29,4,確認済
2024,Moto2,matteo-ferrari,,QJMOTOR Gresini Moto2,カレックス,,23,30,1,確認済
2024,Moto2,xavi-cardelus,,Fantic Racing,カレックス,,20,31,,確認済
2024,Moto2,marcel-schrotter,,Red Bull KTM Ajo,カレックス,,32,32,,確認済
2024,Moto2,alex-escrig,,KLINT Forward Factory Team,フォワード,,11,33,,確認済
2024,Moto2,mattia-pasini,,Team Ciatti Boscoscuro,ボスコスクーロ,,19,34,,確認済
2024,Moto2,daniel-munoz,,Preicanos Racing Team,カレックス,,17,35,,確認済
2024,Moto2,harrison-voight,,Preicanos Racing Team,カレックス,,29,36,,確認済
2024,Moto2,stefano-manzi,,Yamaha VR46 Master Camp Team,カレックス,,62,37,,確認済
2024,Moto2,helmi-azman,,PETRONAS MIE Racing RW,カレックス,,55,38,,確認済
2024,Moto2,andrea-migno,,Yamaha VR46 Master Camp Team,カレックス,,6,39,,確認済
2024,Moto2,simone-corsi,,KLINT Forward Factory Team,カレックス,,4,40,,確認済
2024,Moto2,unai-orradre,,KLINT Forward Factory Team,フォワード,,40,41,,確認済
2024,Moto2,roberto-garcia,,Fantic Racing,カレックス,,31,42,,確認済
2024,Moto2,alberto-surra,,Sync SpeedUp,ボスコスクーロ,,67,,,確認済
2024,Moto3,david-alonso,aspar,CFMOTO Valresa Aspar Team,CFMoto,,80,1,421,確認済
2024,Moto3,daniel-holgado,tech3,Red Bull GASGAS Tech3,ガスガス,,96,2,256,確認済
2024,Moto3,collin-veijer,intact,Liqui Moly Husqvarna Intact GP,ハスクバーナ,,95,3,242,確認済
2024,Moto3,ivan-ortola,msi,MT Helmets - MSI,KTM,,48,4,224,確認済
2024,Moto3,david-munoz,boe,BOE Motorsports,KTM,,64,5,172,確認済
2024,Moto3,adrian-fernandez,leopard,Leopard Racing,ホンダ,,31,6,158,確認済
2024,Moto3,jose-antonio-rueda,ajo,Red Bull KTM Ajo,KTM,,99,7,157,確認済
2024,Moto3,angel-piqueras,leopard,Leopard Racing,ホンダ,,36,8,153,確認済
2024,Moto3,joel-kelso,boe,BOE Motorsports,KTM,,66,9,138,確認済
2024,Moto3,taiyo-furusato,honda-team-asia,Honda Team Asia,ホンダ,,72,10,137,確認済
2024,Moto3,ryusei-yamanaka,msi,MT Helmets - MSI,KTM,,6,11,131,確認済
2024,Moto3,luca-lunetta,sic58,SIC58 Squadra Corse,ホンダ,,58,12,112,確認済
2024,Moto3,stefano-nepa,mta,LEVELUP - MTA,KTM,,82,13,93,確認済
2024,Moto3,tatsuki-suzuki,intact,Liqui Moly Husqvarna Intact GP,ハスクバーナ,,24,14,91,確認済
2024,Moto3,jacob-roulstone,tech3,Red Bull GASGAS Tech3,ガスガス,,12,15,66,確認済
2024,Moto3,matteo-bertelle,snipers,Kopron Rivacold Snipers Team,ホンダ,,18,16,57,確認済
2024,Moto3,joel-esteban,aspar,CFMOTO Valresa Aspar Team,CFMoto,,78,17,45,確認済
2024,Moto3,riccardo-rossi,cip,CIP Green Power,KTM,,54,18,33,確認済
2024,Moto3,filippo-farioli,sic58,SIC58 Squadra Corse,ホンダ,,7,19,32,確認済
2024,Moto3,scott-ogden,mlav,FleetSafe Honda - MLav Racing,ホンダ,,19,20,23,確認済
2024,Moto3,nicola-carraro,,LEVELUP - MTA,KTM,,10,21,22,確認済
2024,Moto3,david-almansa,,Kopron Rivacold Snipers Team,ホンダ,,22,22,18,確認済
2024,Moto3,xabi-zurutuza,,Red Bull KTM Ajo,KTM,,85,23,13,確認済
2024,Moto3,vicente-perez,,Red Bull KTM Ajo,ホンダ,,21,24,3,確認済
2024,Moto3,noah-dettwiler,,CIP Green Power,KTM,,55,25,2,確認済
2024,Moto3,tatchakorn-buasri,,Honda Team Asia,ホンダ,,5,26,1,確認済
2024,Moto3,eddie-oshea,,FleetSafe Honda - MLav Racing,ホンダ,,8,27,,確認済
2024,Moto3,joshua-whatley,,MLav Racing,ホンダ,,70,28,,確認済
2024,Moto3,jakob-rosenthaler,,Liqui Moly Husqvarna Intact GP,ハスクバーナ,,34,29,,確認済
2024,Moto3,alvaro-carpe,,Red Bull KTM Ajo,KTM,,83,30,,確認済
2024,Moto3,rei-wakamatsu,,FleetSafe Honda - MLav Racing,ホンダ,,32,31,,確認済
2024,Moto3,danial-shahril,,SIC58 Squadra Corse,ホンダ,,57,32,,確認済
2024,Moto3,hamad-al-sahouti,,Rivacold Snipers Team,ホンダ,,71,33,,確認済
2024,Moto3,arbi-aditama,,Honda Team Asia,ホンダ,,93,34,,確認済
2024,Moto3,marcos-uriarte,,CFMOTO Valresa Aspar Team,CFMoto,,89,35,,確認済
2024,MotoE,hector-garzo,,Dynavolt Intact GP MotoE,ドゥカティ,,4,1,246,確認済
2024,MotoE,mattia-casadei,,LCR E-Team,ドゥカティ,,40,2,231,確認済
2024,MotoE,oscar-gutierrez,,Axxis-MSI,ドゥカティ,,99,3,208,確認済
2024,MotoE,kevin-zannoni,,Openbank Aspar Team,ドゥカティ,,21,4,191,確認済
2024,MotoE,alessandro-zaccone,,Tech3 E-racing,ドゥカティ,,61,5,179,確認済
2024,MotoE,jordi-torres,,Openbank Aspar Team,ドゥカティ,,81,6,152,確認済
2024,MotoE,nicholas-spinelli,,Tech3 E-Racing,ドゥカティ,,29,7,149,確認済
2024,MotoE,matteo-ferrari,,Felo Gresini MotoE,ドゥカティ,,11,8,132,確認済
2024,MotoE,andrea-mantovani,,KLINT Forward Factory Team,ドゥカティ,,9,9,113,確認済
2024,MotoE,eric-granado,,LCR E-Team,ドゥカティ,,51,10,112,確認済
2024,MotoE,lukas-tulovic,,Dynavolt Intact GP MotoE,ドゥカティ,,3,11,111,確認済
2024,MotoE,miquel-pons,,Axxis-MSI,ドゥカティ,,77,12,94,確認済
2024,MotoE,massimo-roccoli,,Ongetta SIC58 Squadra Corse,ドゥカティ,,55,13,88,確認済
2024,MotoE,alessio-finello,,Felo Gresini MotoE,ドゥカティ,,72,14,70,確認済
2024,MotoE,kevin-manfredi,,Ongetta SIC58 Squadra Corse,ドゥカティ,,34,15,56,確認済
2024,MotoE,maria-herrera,,KLINT Forward Factory Team,ドゥカティ,,6,16,43,確認済
2024,MotoE,chaz-davies,,Aruba Cloud MotoE Racing Team,ドゥカティ,,7,17,35,確認済
2024,MotoE,armando-pontone,,Aruba Cloud MotoE Racing Team,ドゥカティ,,80,18,23,確認済
2025,MotoGP,marc-marquez,ducati-lenovo,Ducati Lenovo Team,ドゥカティ,デスモセディチ,93,1,545,確認済
2025,MotoGP,alex-marquez,gresini,BK8 Gresini Racing MotoGP,ドゥカティ,デスモセディチ,73,2,467,確認済
2025,MotoGP,marco-bezzecchi,aprilia-racing,Aprilia Racing,アプリリア,RS-GP,72,3,353,確認済
2025,MotoGP,pedro-acosta,ktm-factory,Red Bull KTM Factory Racing,KTM,RC16,37,4,307,確認済
2025,MotoGP,francesco-bagnaia,ducati-lenovo,Ducati Lenovo Team,ドゥカティ,デスモセディチ,63,5,288,確認済
2025,MotoGP,fabio-di-giannantonio,vr46,Pertamina Enduro VR46 Racing Team,ドゥカティ,デスモセディチ,49,6,262,確認済
2025,MotoGP,franco-morbidelli,vr46,Pertamina Enduro VR46 Racing Team,ドゥカティ,デスモセディチ,21,7,231,確認済
2025,MotoGP,fermin-aldeguer,gresini,BK8 Gresini Racing MotoGP,ドゥカティ,デスモセディチ,54,8,214,確認済
2025,MotoGP,fabio-quartararo,yamaha-factory,Monster Energy Yamaha MotoGP,ヤマハ,YZR-M1,20,9,201,確認済
2025,MotoGP,raul-fernandez,trackhouse,Trackhouse MotoGP Team,アプリリア,RS-GP,25,10,172,確認済
2025,MotoGP,brad-binder,ktm-factory,Red Bull KTM Factory Racing,KTM,RC16,33,11,155,確認済
2025,MotoGP,johann-zarco,lcr,LCR Honda,ホンダ,RC213V,5,12,148,確認済
2025,MotoGP,luca-marini,honda-hrc,Honda HRC Castrol,ホンダ,RC213V,10,13,142,確認済
2025,MotoGP,enea-bastianini,tech3,Red Bull KTM Tech3,KTM,RC16,23,14,112,確認済
2025,MotoGP,joan-mir,honda-hrc,Honda HRC Castrol,ホンダ,RC213V,36,15,96,確認済
2025,MotoGP,ai-ogura,trackhouse,Trackhouse MotoGP Team,アプリリア,RS-GP,79,16,89,確認済
2025,MotoGP,jack-miller,pramac,Prima Pramac Yamaha MotoGP,ヤマハ,YZR-M1,43,17,79,確認済
2025,MotoGP,maverick-vinales,tech3,Red Bull KTM Tech3,KTM,RC16,12,18,72,確認済
2025,MotoGP,alex-rins,yamaha-factory,Monster Energy Yamaha MotoGP,ヤマハ,YZR-M1,42,19,68,確認済
2025,MotoGP,miguel-oliveira,pramac,Prima Pramac Yamaha MotoGP,ヤマハ,YZR-M1,88,20,43,確認済
2025,MotoGP,jorge-martin,aprilia-racing,Aprilia Racing,アプリリア,RS-GP,1,21,34,確認済
2025,MotoGP,pol-espargaro,,Red Bull KTM Tech3,KTM,,44,22,29,確認済
2025,MotoGP,takaaki-nakagami,,Honda HRC Test Team,ホンダ,,30,23,10,確認済
2025,MotoGP,lorenzo-savadori,,Aprilia Racing,アプリリア,,32,24,8,確認済
2025,MotoGP,augusto-fernandez,,Yamaha Factory Racing Team,ヤマハ,,7,25,8,確認済
2025,MotoGP,somkiat-chantra,lcr,LCR Honda,ホンダ,RC213V,35,26,7,確認済
2025,MotoGP,nicolo-bulega,,Ducati Lenovo Team,ドゥカティ,,11,27,2,確認済
2025,MotoGP,aleix-espargaro,,Honda HRC Test Team,ホンダ,,41,28,,確認済
2025,MotoGP,michele-pirro,,Ducati Lenovo Team,ドゥカティ,,51,29,,確認済
2025,Moto2,diogo-moreira,italtrans,Italtrans Racing Team,カレックス,トライアンフ製765cc直3エンジン（共通）,10,1,287,確認済
2025,Moto2,manuel-gonzalez,intact,LIQUI MOLY Dynavolt Intact GP,カレックス,トライアンフ製765cc直3エンジン（共通）,18,2,257,確認済
2025,Moto2,barry-baltus,fantic,Fantic Racing,カレックス,トライアンフ製765cc直3エンジン（共通）,7,3,232,確認済
2025,Moto2,aron-canet,fantic,Fantic Racing,カレックス,トライアンフ製765cc直3エンジン（共通）,44,4,227,確認済
2025,Moto2,jake-dixon,marc-vds,ELF Marc VDS Racing Team,ボスコスクーロ,トライアンフ製765cc直3エンジン（共通）,96,5,225,確認済
2025,Moto2,daniel-holgado,aspar,CFMOTO Inde Aspar Team,カレックス,トライアンフ製765cc直3エンジン（共通）,27,6,208,確認済
2025,Moto2,celestino-vietti,speed-up,Sync SpeedRS Team,ボスコスクーロ,トライアンフ製765cc直3エンジン（共通）,13,7,157,確認済
2025,Moto2,albert-arenas,gresini,ITALJET Gresini Moto2,カレックス,トライアンフ製765cc直3エンジン（共通）,75,8,156,確認済
2025,Moto2,david-alonso,aspar,CFMOTO Inde Aspar Team,カレックス,トライアンフ製765cc直3エンジン（共通）,80,9,153,確認済
2025,Moto2,senna-agius,intact,LIQUI MOLY Dynavolt Intact GP,カレックス,トライアンフ製765cc直3エンジン（共通）,81,10,149,確認済
2025,Moto2,izan-guevara,pramac,BLU CRU Pramac Yamaha Moto2,ボスコスクーロ,トライアンフ製765cc直3エンジン（共通）,28,11,134,確認済
2025,Moto2,deniz-oncu,ajo,Red Bull KTM Ajo,カレックス,トライアンフ製765cc直3エンジン（共通）,53,12,100,確認済
2025,Moto2,marcos-ramirez,american-racing,OnlyFans American Racing Team,カレックス,トライアンフ製765cc直3エンジン（共通）,24,13,100,確認済
2025,Moto2,joe-roberts,american-racing,OnlyFans American Racing Team,カレックス,トライアンフ製765cc直3エンジン（共通）,16,14,97,確認済
2025,Moto2,collin-veijer,ajo,Red Bull KTM Ajo,カレックス,トライアンフ製765cc直3エンジン（共通）,95,15,97,確認済
2025,Moto2,ivan-ortola,msi,QJMOTOR - FRINSA - MSI,ボスコスクーロ,トライアンフ製765cc直3エンジン（共通）,4,16,88,確認済
2025,Moto2,filip-salac,marc-vds,ELF Marc VDS Racing Team,ボスコスクーロ,トライアンフ製765cc直3エンジン（共通）,12,17,85,確認済
2025,Moto2,alonso-lopez,speed-up,Sync SpeedRS Team,ボスコスクーロ,トライアンフ製765cc直3エンジン（共通）,21,18,83,確認済
2025,Moto2,tony-arbolino,pramac,BLU CRU Pramac Yamaha Moto2,ボスコスクーロ,トライアンフ製765cc直3エンジン（共通）,14,19,76,確認済
2025,Moto2,daniel-munoz,ajo,Red Bull KTM Ajo,カレックス,トライアンフ製765cc直3エンジン（共通）,17,20,37,確認済
2025,Moto2,adrian-huertas,,Italtrans Racing Team,カレックス,,99,21,27,確認済
2025,Moto2,alex-escrig,,KLINT Forward Factory Team,フォワード,,11,22,25,確認済
2025,Moto2,ayumu-sasaki,,RW - Idrofoglia Racing GP,カレックス,,71,23,24,確認済
2025,Moto2,darryn-binder,,ITALJET Gresini Moto2,カレックス,,15,24,19,確認済
2025,Moto2,zonta-van-den-goorbergh,,RW-Idrofoglia Racing GP,カレックス,,84,25,19,確認済
2025,Moto2,mario-aji,,Idemitsu Honda Team Asia,カレックス,,64,26,8,確認済
2025,Moto2,oscar-gutierrez,,QJMOTOR - FRINSA - MSI,ボスコスクーロ,,66,27,4,確認済
2025,Moto2,sergio-garcia,,QJMOTOR - FRINSA - MSI,ボスコスクーロ,,3,28,3,確認済
2025,Moto2,jorge-navarro,,KLINT Forward Factory Team,フォワード,,9,29,3,確認済
2025,Moto2,yuki-kunii,,Idemitsu Honda Team Asia,カレックス,,92,30,,確認済
2025,Moto2,eric-fernandez,,QJMOTOR - FRINSA - MSI,ボスコスクーロ,,61,31,,確認済
2025,Moto2,unai-orradre,,QJMOTOR - FRINSA - MSI,ボスコスクーロ,,19,32,,確認済
2025,Moto2,nakarin-atiratphuvapat,,Idemitsu Honda Team Asia,カレックス,,41,33,,確認済
2025,Moto2,taiga-hada,,Idemitsu Honda Team Asia,カレックス,,23,34,,確認済
2025,Moto2,xabi-zurutuza,,Onlyfans American Racing Team,カレックス,,85,35,,確認済
2025,Moto2,alberto-ferrandez,,Beta Tools - Boscoscuro,ボスコスクーロ,,93,36,,確認済
2025,Moto2,mattia-pasini,,Fantic Racing Redemption,カレックス,,54,37,,確認済
2025,Moto2,helmi-azman,,PETRONAS MIE Racing RW,カレックス,,55,38,,確認済
2025,Moto2,alessandro-morosi,,Fantic Racing Eagle-1,カレックス,,91,39,,確認済
2025,Moto2,azroy-anuar,,PETRONAS MIE Racing RW,カレックス,,20,40,,確認済
2025,Moto2,hector-garzo,,RW NTS Idrofoglia,NTS,,22,41,,確認済
2025,Moto2,harrison-voight,,QJMOTOR - FRINSA - MSI,ボスコスクーロ,,29,42,,確認済
2025,Moto2,alberto-surra,,Andifer ART,カレックス,,67,43,,確認済
2025,Moto2,milan-pawelec,,AGR Team Fusport,カレックス,,40,,,確認済
2025,Moto3,jose-antonio-rueda,ajo,Red Bull KTM Ajo,KTM,,99,1,365,確認済
2025,Moto3,angel-piqueras,msi,FRINSA - MT Helmets - MSI,KTM,,36,2,281,確認済
2025,Moto3,maximo-quiles,aspar,CFMOTO Valresa Aspar Team,KTM,,28,3,274,確認済
2025,Moto3,alvaro-carpe,ajo,Red Bull KTM Ajo,KTM,,83,4,215,確認済
2025,Moto3,david-munoz,intact,LIQUI MOLY Dynavolt Intact GP,KTM,,64,5,197,確認済
2025,Moto3,joel-kelso,mta,LEVELUP-MTA,KTM,,66,6,193,確認済
2025,Moto3,adrian-fernandez,leopard,Leopard Racing,ホンダ,,31,7,179,確認済
2025,Moto3,taiyo-furusato,honda-team-asia,Honda Team Asia,ホンダ,,72,8,172,確認済
2025,Moto3,ryusei-yamanaka,msi,FRINSA - MT Helmets - MSI,KTM,,6,9,136,確認済
2025,Moto3,valentin-perrone,tech3,Red Bull KTM Tech3,KTM,,73,10,134,確認済
2025,Moto3,david-almansa,leopard,Leopard Racing,ホンダ,,22,11,134,確認済
2025,Moto3,luca-lunetta,sic58,SIC58 Squadra Corse,ホンダ,,58,12,125,確認済
2025,Moto3,guido-pini,intact,LIQUI MOLY Dynavolt Intact GP,KTM,,94,13,111,確認済
2025,Moto3,dennis-foggia,aspar,CFMOTO Valresa Aspar Team,KTM,,71,14,96,確認済
2025,Moto3,scott-ogden,cip,CIP Green Power,KTM,,19,15,62,確認済
2025,Moto3,jacob-roulstone,tech3,Red Bull KTM Tech3,KTM,,12,16,61,確認済
2025,Moto3,matteo-bertelle,mta,LEVELUP-MTA,KTM,,18,17,55,確認済
2025,Moto3,stefano-nepa,sic58,SIC58 Squadra Corse,ホンダ,,82,18,51,確認済
2025,Moto3,joel-esteban,tech3,Red Bull KTM Tech3,KTM,,78,19,33,確認済
2025,Moto3,cormac-buchanan,boe,DENSSI Racing - BOE,KTM,,14,20,32,確認済
2025,Moto3,nicola-carraro,,Rivacold Snipers Team,ホンダ,,10,21,31,確認済
2025,Moto3,riccardo-rossi,,Rivacold Snipers Team,ホンダ,,54,22,24,確認済
2025,Moto3,marcos-uriarte,,LEVELUP-MTA,KTM,,89,23,22,確認済
2025,Moto3,marco-morelli,,GRYD - Mlav Racing,ホンダ,,95,24,18,確認済
2025,Moto3,casey-ogorman,,SIC58 Squadra Corse,ホンダ,,67,25,16,確認済
2025,Moto3,adrian-cruces,,CIP Green Power,KTM,,11,26,14,確認済
2025,Moto3,ruche-moodley,,DENSSI Racing - BOE,KTM,,21,27,14,確認済
2025,Moto3,brian-uriarte,,LIQUI MOLY Dynavolt Intact GP,KTM,,51,28,11,確認済
2025,Moto3,vicente-perez,,LEVELUP-MTA,KTM,,32,29,7,確認済
2025,Moto3,jesus-rios,,Rivacold Snipers Team,ホンダ,,45,30,7,確認済
2025,Moto3,hakim-danish,,FRINSA - MT Helmets - MSI,KTM,,13,31,6,確認済
2025,Moto3,eddie-oshea,,GRYD - Mlav Racing,ホンダ,,8,32,3,確認済
2025,Moto3,tatchakorn-buasri,,Honda Team Asia,ホンダ,,5,33,1,確認済
2025,Moto3,noah-dettwiler,,CIP Green Power,KTM,,55,34,,確認済
2025,Moto3,jakob-rosenthaler,,CFMOTO Gaviota Aspar Team,KTM,,34,35,,確認済
2025,Moto3,lenoxx-phommara,,SIC58 Squadra Corse,ホンダ,,48,36,,確認済
2025,Moto3,arbi-aditama,,Honda Team Asia,ホンダ,,93,37,,確認済
2025,Moto3,zen-mitani,,Honda Team Asia,ホンダ,,2,38,,確認済
2025,Moto3,leonardo-abruzzo,,GRYD - Mlav Racing,ホンダ,,25,39,,確認済
2025,Moto3,max-cook,,GRYD - Mlav Racing,ホンダ,,30,40,,確認済
2025,Moto3,evan-belford,,GRYD - Mlav Racing,ホンダ,,52,,,確認済
2025,Moto3,marcos-ruda,,Angeluss - Mlav Racing,ホンダ,,69,,,確認済
2025,MotoE,alessandro-zaccone,,Aruba Cloud MotoE Team,ドゥカティ,,61,1,198,確認済
2025,MotoE,mattia-casadei,,LCR E-Team,ドゥカティ,,40,2,188,確認済
2025,MotoE,matteo-ferrari,,Felo Gresini MotoE,ドゥカティ,,11,3,168,確認済
2025,MotoE,eric-granado,,LCR E-Team,ドゥカティ,,51,4,162,確認済
2025,MotoE,nicholas-spinelli,,Rivacold Snipers Team MotoE,ドゥカティ,,29,5,159,確認済
2025,MotoE,lorenzo-baldassarri,,Dynavolt Intact GP,ドゥカティ,,7,6,159,確認済
2025,MotoE,andrea-mantovani,,KLINT Forward Factory Team,ドゥカティ,,9,7,135,確認済
2025,MotoE,kevin-zannoni,,Power Electronics Aspar Team,ドゥカティ,,21,8,122,確認済
2025,MotoE,hector-garzo,,Dynavolt Intact GP,ドゥカティ,,1,9,115,確認済
2025,MotoE,oscar-gutierrez,,MSI Racing Team,ドゥカティ,,99,10,104,確認済
2025,MotoE,jordi-torres,,Power Electronics Aspar Team,ドゥカティ,,81,11,104,確認済
2025,MotoE,jacopo-hosciuc,,MSI Racing Team,ドゥカティ,,12,12,84,確認済
2025,MotoE,luca-bernardi,,Aruba Cloud MotoE Team,ドゥカティ,,19,13,56,確認済
2025,MotoE,alessio-finello,,Felo Gresini MotoE,ドゥカティ,,72,14,54,確認済
2025,MotoE,tibor-varga,,Rivacold Snipers Team MotoE,ドゥカティ,,47,15,50,確認済
2025,MotoE,maria-herrera,,KLINT Forward Factory Team,ドゥカティ,,6,16,38,確認済
2025,MotoE,raffaele-fusco,,Ongetta SIC58 Squadra Corse,ドゥカティ,,77,17,36,確認済
2025,MotoE,tommaso-occhi,,Ongetta SIC58 Squadra Corse,ドゥカティ,,28,18,15,確認済
2025,MotoE,diego-perez,,MSI Racing Team,ドゥカティ,,35,19,4,確認済
2026,MotoGP,ai-ogura,trackhouse,Trackhouse MotoGP Team,アプリリア,RS-GP,,,,確認済
2026,MotoGP,alex-marquez,gresini,Gresini Racing MotoGP,ドゥカティ,デスモセディチ,,,,確認済
2026,MotoGP,alex-rins,yamaha-factory,Monster Energy Yamaha MotoGP,ヤマハ,YZR-M1,,,,確認済
2026,MotoGP,brad-binder,ktm-factory,Red Bull KTM Factory Racing,KTM,RC16,,,,確認済
2026,MotoGP,diogo-moreira,lcr,LCR Honda,ホンダ,RC213V,,,,確認済
2026,MotoGP,enea-bastianini,tech3,Red Bull KTM Tech3,KTM,RC16,,,,確認済
2026,MotoGP,fabio-di-giannantonio,vr46,VR46 Racing Team,ドゥカティ,デスモセディチ,,,,確認済
2026,MotoGP,fabio-quartararo,yamaha-factory,Monster Energy Yamaha MotoGP,ヤマハ,YZR-M1,,,,確認済
2026,MotoGP,fermin-aldeguer,gresini,Gresini Racing MotoGP,ドゥカティ,デスモセディチ,,,,確認済
2026,MotoGP,francesco-bagnaia,ducati-lenovo,Ducati Lenovo Team,ドゥカティ,デスモセディチ,,,,確認済
2026,MotoGP,franco-morbidelli,vr46,VR46 Racing Team,ドゥカティ,デスモセディチ,,,,確認済
2026,MotoGP,jack-miller,pramac,Prima Pramac Yamaha MotoGP,ヤマハ,YZR-M1,,,,確認済
2026,MotoGP,joan-mir,honda-hrc,Honda HRC,ホンダ,RC213V,,,,確認済
2026,MotoGP,johann-zarco,lcr,LCR Honda,ホンダ,RC213V,,,,確認済
2026,MotoGP,jorge-martin,aprilia-racing,Aprilia Racing,アプリリア,RS-GP,,,,確認済
2026,MotoGP,luca-marini,honda-hrc,Honda HRC,ホンダ,RC213V,,,,確認済
2026,MotoGP,marc-marquez,ducati-lenovo,Ducati Lenovo Team,ドゥカティ,デスモセディチ,,,,確認済
2026,MotoGP,marco-bezzecchi,aprilia-racing,Aprilia Racing,アプリリア,RS-GP,,,,確認済
2026,MotoGP,maverick-vinales,tech3,Red Bull KTM Tech3,KTM,RC16,,,,確認済
2026,MotoGP,pedro-acosta,ktm-factory,Red Bull KTM Factory Racing,KTM,RC16,,,,確認済
2026,MotoGP,raul-fernandez,trackhouse,Trackhouse MotoGP Team,アプリリア,RS-GP,,,,確認済
2026,MotoGP,toprak-razgatlioglu,pramac,Prima Pramac Yamaha MotoGP,ヤマハ,YZR-M1,,,,確認済
