year,class,round,session,gp_code,gp_name_ja,circuit,date,winner_id,status,note,source
1949,500cc,1,RAC,TT,マン島TT,Isle of Man,1949-06-17,harold-daniell,確認済,,
1949,500cc,2,RAC,SWI,Switzerland Grand Prix,Berne,1949-07-03,leslie-graham,確認済,,
1949,500cc,3,RAC,NED,オランダTT,TT Circuit Assen,1949-07-09,nello-pagani,確認済,,
1949,500cc,4,RAC,BEL,ベルギーGP,Spa-Francorchamps,1949-07-17,bill-doran,確認済,公式リザルトに結果データがないため、上位3名のみ掲載（出典：英語版Wikipedia 各GP記事）,
1949,500cc,5,RAC,ULST,アルスターGP,Belfast,1949-08-20,leslie-graham,確認済,,
1949,500cc,6,RAC,NAT,ネイションズGP,Monza,1949-09-04,nello-pagani,確認済,,
1949,250cc,1,RAC,TT,マン島TT,Isle of Man,1949-06-17,manliefe-barrington,確認済,公式リザルトに結果データがないため、上位3名のみ掲載（出典：英語版Wikipedia 各GP記事）,
1949,250cc,2,RAC,SWI,Switzerland Grand Prix,Berne,1949-07-03,bruno-ruffo,確認済,,
1949,250cc,3,RAC,ULST,アルスターGP,Belfast,1949-08-20,maurice-cann,確認済,公式リザルトに結果データがないため、上位3名のみ掲載（出典：英語版Wikipedia 各GP記事）,
1949,250cc,4,RAC,NAT,ネイションズGP,Monza,1949-09-04,dario-ambrosini,確認済,,
1949,350cc,1,RAC,TT,マン島TT,Isle of Man,1949-06-17,freddie-frith,確認済,,
1949,350cc,2,RAC,SWI,Switzerland Grand Prix,Berne,1949-07-03,freddie-frith,確認済,,
1949,350cc,3,RAC,NED,オランダTT,TT Circuit Assen,1949-07-09,freddie-frith,確認済,公式リザルトに結果データがないため、上位3名のみ掲載（出典：英語版Wikipedia 各GP記事）,
1949,350cc,4,RAC,BEL,ベルギーGP,Spa-Francorchamps,1949-07-17,freddie-frith,確認済,,
1949,350cc,5,RAC,ULST,アルスターGP,Belfast,1949-08-20,freddie-frith,確認済,,
1949,125cc,1,RAC,SWI,Switzerland Grand Prix,Berne,1949-07-03,nello-pagani,確認済,公式リザルトに結果データがないため、優勝者のみ掲載（出典：英語版Wikipedia シーズン記事の日程表）,
1949,125cc,2,RAC,NED,オランダTT,TT Circuit Assen,1949-07-09,nello-pagani,確認済,,
1949,125cc,3,RAC,NAT,ネイションズGP,Monza,1949-09-04,gianni-leoni,確認済,公式リザルトに結果データがないため、上位3名のみ掲載（出典：英語版Wikipedia 各GP記事）,
1950,500cc,1,RAC,TT,マン島TT,Isle of Man,1950-06-09,geoff-duke,確認済,公式リザルトに結果データがないため、優勝者のみ掲載（出典：英語版Wikipedia シーズン記事の日程表）,
1950,500cc,2,RAC,BEL,ベルギーGP,Spa-Francorchamps,1950-07-02,umberto-masetti,確認済,,
1950,500cc,3,RAC,NED,オランダTT,TT Circuit Assen,1950-07-08,umberto-masetti,確認済,,
1950,500cc,4,RAC,SWI,Switzerland Grand Prix,Berne,1950-07-23,leslie-graham,確認済,,
1950,500cc,5,RAC,ULST,アルスターGP,Belfast,1950-08-18,geoff-duke,確認済,,
1950,500cc,6,RAC,NAT,ネイションズGP,Monza,1950-09-10,geoff-duke,確認済,,
1950,250cc,1,RAC,TT,マン島TT,Isle of Man,1950-06-09,dario-ambrosini,確認済,,
1950,250cc,2,RAC,SWI,Switzerland Grand Prix,Berne,1950-07-23,dario-ambrosini,確認済,,
1950,250cc,3,RAC,ULST,アルスターGP,Belfast,1950-08-18,maurice-cann,確認済,公式リザルトに結果データがないため、上位3名のみ掲載（出典：英語版Wikipedia 各GP記事）,
1950,250cc,4,RAC,NAT,ネイションズGP,Monza,1950-09-10,dario-ambrosini,確認済,,
1950,350cc,1,RAC,TT,マン島TT,Isle of Man,1950-06-09,artie-bell,確認済,,
1950,350cc,2,RAC,BEL,ベルギーGP,Spa-Francorchamps,1950-07-02,bob-foster,確認済,公式リザルトに結果データがないため、上位3名のみ掲載（出典：英語版Wikipedia 各GP記事）,
1950,350cc,3,RAC,NED,オランダTT,TT Circuit Assen,1950-07-08,bob-foster,確認済,公式リザルトに結果データがないため、上位3名のみ掲載（出典：英語版Wikipedia 各GP記事）,
1950,350cc,4,RAC,SWI,Switzerland Grand Prix,Berne,1950-07-23,leslie-graham,確認済,公式リザルトに結果データがないため、優勝者のみ掲載（出典：英語版Wikipedia シーズン記事の日程表）,
1950,350cc,5,RAC,ULST,アルスターGP,Belfast,1950-08-18,bob-foster,確認済,,
1950,350cc,6,RAC,NAT,ネイションズGP,Monza,1950-09-10,geoff-duke,確認済,公式リザルトに結果データがないため、上位3名のみ掲載（出典：英語版Wikipedia 各GP記事）,
1950,125cc,1,RAC,NED,オランダTT,TT Circuit Assen,1950-07-08,bruno-ruffo,確認済,,
1950,125cc,2,RAC,ULST,アルスターGP,Belfast,1950-08-18,carlo-ubbiali,確認済,,
1950,125cc,3,RAC,NAT,ネイションズGP,Monza,1950-09-10,gianni-leoni,確認済,,
1951,500cc,1,RAC,SPA,スペインGP,Montjuïc,1951-04-08,umberto-masetti,確認済,,
1951,500cc,2,RAC,SWI,Switzerland Grand Prix,Berne,1951-05-27,fergus-anderson,確認済,,
1951,500cc,3,RAC,TT,マン島TT,Isle of Man,1951-06-08,geoff-duke,確認済,公式リザルトに結果データがないため、優勝者のみ掲載（出典：英語版Wikipedia シーズン記事の日程表）,
1951,500cc,4,RAC,BEL,ベルギーGP,Spa-Francorchamps,1951-07-01,geoff-duke,確認済,公式リザルトに結果データがないため、優勝者のみ掲載（出典：英語版Wikipedia シーズン記事の日程表）,
1951,500cc,5,RAC,NED,オランダTT,TT Circuit Assen,1951-07-07,geoff-duke,確認済,,
1951,500cc,6,RAC,FRA,フランスGP,Albi,1951-07-14,alfredo-milani,確認済,公式リザルトに結果データがないため、優勝者のみ掲載（出典：英語版Wikipedia シーズン記事の日程表）,
1951,500cc,7,RAC,ULST,アルスターGP,Belfast,1951-08-18,geoff-duke,確認済,,
1951,500cc,8,RAC,NAT,ネイションズGP,Monza,1951-09-09,alfredo-milani,確認済,公式リザルトに結果データがないため、優勝者のみ掲載（出典：英語版Wikipedia シーズン記事の日程表）,
1951,250cc,1,RAC,SWI,Switzerland Grand Prix,Berne,1951-05-27,dario-ambrosini,確認済,,
1951,250cc,2,RAC,TT,マン島TT,Isle of Man,1951-06-08,tommy-wood,確認済,公式リザルトに結果データがないため、優勝者のみ掲載（出典：英語版Wikipedia シーズン記事の日程表）,
1951,250cc,3,RAC,FRA,フランスGP,Albi,1951-07-14,bruno-ruffo,確認済,,
1951,250cc,4,RAC,ULST,アルスターGP,Belfast,1951-08-18,bruno-ruffo,確認済,公式リザルトに結果データがないため、優勝者のみ掲載（出典：英語版Wikipedia シーズン記事の日程表）,
1951,250cc,5,RAC,NAT,ネイションズGP,Monza,1951-09-09,enrico-lorenzetti,確認済,,
1951,350cc,1,RAC,SPA,スペインGP,Montjuïc,1951-04-08,tommy-wood,確認済,公式リザルトに結果データがないため、上位3名のみ掲載（出典：英語版Wikipedia 各GP記事）,
1951,350cc,2,RAC,SWI,Switzerland Grand Prix,Berne,1951-05-27,leslie-graham,確認済,公式リザルトに結果データがないため、優勝者のみ掲載（出典：英語版Wikipedia シーズン記事の日程表）,
1951,350cc,3,RAC,TT,マン島TT,Isle of Man,1951-06-08,geoff-duke,確認済,,
1951,350cc,4,RAC,BEL,ベルギーGP,Spa-Francorchamps,1951-07-01,geoff-duke,確認済,公式リザルトに結果データがないため、優勝者のみ掲載（出典：英語版Wikipedia シーズン記事の日程表）,
1951,350cc,5,RAC,NED,オランダTT,TT Circuit Assen,1951-07-07,bill-doran,確認済,公式リザルトに結果データがないため、優勝者のみ掲載（出典：英語版Wikipedia シーズン記事の日程表）,
1951,350cc,6,RAC,FRA,フランスGP,Albi,1951-07-14,geoff-duke,確認済,,
1951,350cc,7,RAC,ULST,アルスターGP,Belfast,1951-08-18,geoff-duke,確認済,公式リザルトに結果データがないため、優勝者のみ掲載（出典：英語版Wikipedia シーズン記事の日程表）,
1951,350cc,8,RAC,NAT,ネイションズGP,Monza,1951-09-09,geoff-duke,確認済,,
1951,125cc,1,RAC,SPA,スペインGP,Montjuïc,1951-04-08,guido-leoni,確認済,,
1951,125cc,2,RAC,TT,マン島TT,Isle of Man,1951-06-08,cromie-mccandless,確認済,,
1951,125cc,3,RAC,NED,オランダTT,TT Circuit Assen,1951-07-07,gianni-leoni,確認済,,
1951,125cc,4,RAC,ULST,アルスターGP,Belfast,1951-08-18,cromie-mccandless,確認済,公式リザルトに結果データがないため、優勝者のみ掲載（出典：英語版Wikipedia シーズン記事の日程表）,
1951,125cc,5,RAC,NAT,ネイションズGP,Monza,1951-09-09,carlo-ubbiali,確認済,,
1952,500cc,1,RAC,SWI,Switzerland Grand Prix,Berne,1952-05-18,jack-brett,確認済,,
1952,500cc,2,RAC,TT,マン島TT,Isle of Man,1952-06-13,reg-armstrong,確認済,,
1952,500cc,3,RAC,NED,オランダTT,TT Circuit Assen,1952-06-28,umberto-masetti,確認済,公式リザルトに結果データがないため、上位3名のみ掲載（出典：英語版Wikipedia 各GP記事）,
1952,500cc,4,RAC,BEL,ベルギーGP,Spa-Francorchamps,1952-07-06,umberto-masetti,確認済,公式リザルトに結果データがないため、上位3名のみ掲載（出典：英語版Wikipedia 各GP記事）,
1952,500cc,5,RAC,WGER,西ドイツGP,Solitude,1952-07-20,reg-armstrong,確認済,公式リザルトに結果データがないため、上位3名のみ掲載（出典：英語版Wikipedia 各GP記事）,
1952,500cc,6,RAC,ULST,アルスターGP,Belfast,1952-08-16,cromie-mccandless,確認済,,
1952,500cc,7,RAC,NAT,ネイションズGP,Monza,1952-09-14,leslie-graham,確認済,,
1952,500cc,8,RAC,SPA,スペインGP,Montjuïc,1952-10-05,leslie-graham,確認済,,
1952,250cc,1,RAC,SWI,Switzerland Grand Prix,Berne,1952-05-18,fergus-anderson,確認済,,
1952,250cc,2,RAC,TT,マン島TT,Isle of Man,1952-06-13,fergus-anderson,確認済,,
1952,250cc,3,RAC,NED,オランダTT,TT Circuit Assen,1952-06-28,enrico-lorenzetti,確認済,,
1952,250cc,4,RAC,WGER,西ドイツGP,Solitude,1952-07-20,roland-felgenheier,確認済,,
1952,250cc,5,RAC,ULST,アルスターGP,Belfast,1952-08-16,maurice-cann,確認済,,
1952,250cc,6,RAC,NAT,ネイションズGP,Monza,1952-09-14,enrico-lorenzetti,確認済,,
1952,350cc,1,RAC,SWI,Switzerland Grand Prix,Berne,1952-05-18,geoff-duke,確認済,公式リザルトに結果データがないため、優勝者のみ掲載（出典：英語版Wikipedia シーズン記事の日程表）,
1952,350cc,2,RAC,TT,マン島TT,Isle of Man,1952-06-13,geoff-duke,確認済,,
1952,350cc,3,RAC,NED,オランダTT,TT Circuit Assen,1952-06-28,geoff-duke,確認済,,
1952,350cc,4,RAC,BEL,ベルギーGP,Spa-Francorchamps,1952-07-06,geoff-duke,確認済,,
1952,350cc,5,RAC,WGER,西ドイツGP,Solitude,1952-07-20,reg-armstrong,確認済,,
1952,350cc,6,RAC,ULST,アルスターGP,Belfast,1952-08-16,ken-kavanagh,確認済,,
1952,350cc,7,RAC,NAT,ネイションズGP,Monza,1952-09-14,ray-amm,確認済,,
1952,125cc,1,RAC,TT,マン島TT,Isle of Man,1952-06-13,cecil-sandford,確認済,公式リザルトに結果データがないため、上位3名のみ掲載（出典：英語版Wikipedia 各GP記事）,
1952,125cc,2,RAC,NED,オランダTT,TT Circuit Assen,1952-06-28,cecil-sandford,確認済,,
1952,125cc,3,RAC,WGER,西ドイツGP,Solitude,1952-07-20,werner-haas,確認済,,
1952,125cc,4,RAC,ULST,アルスターGP,Belfast,1952-08-16,cecil-sandford,確認済,公式リザルトに結果データがないため、上位3名のみ掲載（出典：英語版Wikipedia 各GP記事）,
1952,125cc,5,RAC,NAT,ネイションズGP,Monza,1952-09-14,emilio-mendogni,確認済,公式リザルトに結果データがないため、上位3名のみ掲載（出典：英語版Wikipedia 各GP記事）,
1952,125cc,6,RAC,SPA,スペインGP,Montjuïc,1952-10-05,emilio-mendogni,確認済,公式リザルトに結果データがないため、上位3名のみ掲載（出典：英語版Wikipedia 各GP記事）,
1953,500cc,1,RAC,TT,マン島TT,Isle of Man,1953-06-12,ray-amm,確認済,,
1953,500cc,2,RAC,NED,オランダTT,TT Circuit Assen,1953-06-27,geoff-duke,確認済,,
1953,500cc,3,RAC,BEL,ベルギーGP,Spa-Francorchamps,1953-07-05,alfredo-milani,確認済,公式リザルトに結果データがないため、優勝者のみ掲載（出典：英語版Wikipedia シーズン記事の日程表）,
1953,500cc,4,RAC,WGER,西ドイツGP,Schotten,1953-07-19,walter-zeller,確認済,公式リザルトに結果データがないため、優勝者のみ掲載（出典：英語版Wikipedia シーズン記事の日程表）,
1953,500cc,5,RAC,FRA,フランスGP,Rouen,1953-08-02,geoff-duke,確認済,公式リザルトに結果データがないため、優勝者のみ掲載（出典：英語版Wikipedia シーズン記事の日程表）,
1953,500cc,6,RAC,ULST,アルスターGP,Belfast,1953-08-15,ken-kavanagh,確認済,,
1953,500cc,7,RAC,SWI,Switzerland Grand Prix,Berne,1953-08-23,geoff-duke,確認済,,
1953,500cc,8,RAC,NAT,ネイションズGP,Monza,1953-09-06,geoff-duke,確認済,,
1953,500cc,9,RAC,SPA,スペインGP,Montjuïc,1953-10-04,fergus-anderson,確認済,,
1953,250cc,1,RAC,TT,マン島TT,Isle of Man,1953-06-12,fergus-anderson,確認済,公式リザルトに結果データがないため、優勝者のみ掲載（出典：英語版Wikipedia シーズン記事の日程表）,
1953,250cc,2,RAC,NED,オランダTT,TT Circuit Assen,1953-06-27,werner-haas,確認済,公式リザルトに結果データがないため、優勝者のみ掲載（出典：英語版Wikipedia シーズン記事の日程表）,
1953,250cc,3,RAC,WGER,西ドイツGP,Schotten,1953-07-19,werner-haas,確認済,公式リザルトに結果データがないため、優勝者のみ掲載（出典：英語版Wikipedia シーズン記事の日程表）,
1953,250cc,4,RAC,ULST,アルスターGP,Belfast,1953-08-15,reg-armstrong,確認済,公式リザルトに結果データがないため、優勝者のみ掲載（出典：英語版Wikipedia シーズン記事の日程表）,
1953,250cc,5,RAC,SWI,Switzerland Grand Prix,Berne,1953-08-23,reg-armstrong,確認済,公式リザルトに結果データがないため、優勝者のみ掲載（出典：英語版Wikipedia シーズン記事の日程表）,
1953,250cc,6,RAC,NAT,ネイションズGP,Monza,1953-09-06,enrico-lorenzetti,確認済,公式リザルトに結果データがないため、優勝者のみ掲載（出典：英語版Wikipedia シーズン記事の日程表）,
1953,250cc,7,RAC,SPA,スペインGP,Montjuïc,1953-10-04,enrico-lorenzetti,確認済,公式リザルトに結果データがないため、優勝者のみ掲載（出典：英語版Wikipedia シーズン記事の日程表）,
1953,350cc,1,RAC,TT,マン島TT,Isle of Man,1953-06-12,ray-amm,確認済,,
1953,350cc,2,RAC,NED,オランダTT,TT Circuit Assen,1953-06-27,enrico-lorenzetti,確認済,公式リザルトに結果データがないため、優勝者のみ掲載（出典：英語版Wikipedia シーズン記事の日程表）,
1953,350cc,3,RAC,BEL,ベルギーGP,Spa-Francorchamps,1953-07-05,fergus-anderson,確認済,,
1953,350cc,4,RAC,WGER,西ドイツGP,Schotten,1953-07-19,carlo-bandirola,確認済,公式リザルトに結果データがないため、優勝者のみ掲載（出典：英語版Wikipedia シーズン記事の日程表）,
1953,350cc,5,RAC,FRA,フランスGP,Rouen,1953-08-02,fergus-anderson,確認済,,
1953,350cc,6,RAC,ULST,アルスターGP,Belfast,1953-08-15,ken-mudford,確認済,,
1953,350cc,7,RAC,SWI,Switzerland Grand Prix,Berne,1953-08-23,fergus-anderson,確認済,,
1953,350cc,8,RAC,NAT,ネイションズGP,Monza,1953-09-06,enrico-lorenzetti,確認済,,
1953,125cc,1,RAC,TT,マン島TT,Isle of Man,1953-06-12,leslie-graham,確認済,,
1953,125cc,2,RAC,NED,オランダTT,TT Circuit Assen,1953-06-27,werner-haas,確認済,公式リザルトに結果データがないため、優勝者のみ掲載（出典：英語版Wikipedia シーズン記事の日程表）,
1953,125cc,3,RAC,WGER,西ドイツGP,Schotten,1953-07-19,carlo-ubbiali,確認済,公式リザルトに結果データがないため、優勝者のみ掲載（出典：英語版Wikipedia シーズン記事の日程表）,
1953,125cc,4,RAC,ULST,アルスターGP,Belfast,1953-08-15,werner-haas,確認済,,
1953,125cc,5,RAC,NAT,ネイションズGP,Monza,1953-09-06,werner-haas,確認済,公式リザルトに結果データがないため、優勝者のみ掲載（出典：英語版Wikipedia シーズン記事の日程表）,
1953,125cc,6,RAC,SPA,スペインGP,Montjuïc,1953-10-04,angelo-copeta,確認済,公式リザルトに結果データがないため、優勝者のみ掲載（出典：英語版Wikipedia シーズン記事の日程表）,
1954,500cc,1,RAC,FRA,フランスGP,Rouen,1954-05-30,pierre-monneret,確認済,,
1954,500cc,2,RAC,TT,マン島TT,Isle of Man,1954-06-18,ray-amm,確認済,,
1954,500cc,3,RAC,ULST,アルスターGP,Belfast,1954-06-24,ray-amm,確認済,公式リザルトに結果データがないため、優勝者のみ掲載（出典：英語版Wikipedia シーズン記事の日程表）,
1954,500cc,4,RAC,BEL,ベルギーGP,Spa-Francorchamps,1954-07-04,geoff-duke,確認済,,
1954,500cc,5,RAC,NED,オランダTT,TT Circuit Assen,1954-07-10,geoff-duke,確認済,,
1954,500cc,6,RAC,WGER,西ドイツGP,Solitude,1954-07-25,geoff-duke,確認済,公式リザルトに結果データがないため、優勝者のみ掲載（出典：英語版Wikipedia シーズン記事の日程表）,
1954,500cc,7,RAC,SWI,Switzerland Grand Prix,Berne,1954-08-22,geoff-duke,確認済,公式リザルトに結果データがないため、優勝者のみ掲載（出典：英語版Wikipedia シーズン記事の日程表）,
1954,500cc,8,RAC,NAT,ネイションズGP,Monza,1954-09-12,geoff-duke,確認済,,
1954,500cc,9,RAC,SPA,スペインGP,Montjuïc,1954-10-03,dickie-dale,確認済,,
1954,250cc,1,RAC,FRA,フランスGP,Rouen,1954-05-30,werner-haas,確認済,公式リザルトに結果データがないため、優勝者のみ掲載（出典：英語版Wikipedia シーズン記事の日程表）,
1954,250cc,2,RAC,TT,マン島TT,Isle of Man,1954-06-18,werner-haas,確認済,,
1954,250cc,3,RAC,ULST,アルスターGP,Belfast,1954-06-24,werner-haas,確認済,公式リザルトに結果データがないため、優勝者のみ掲載（出典：英語版Wikipedia シーズン記事の日程表）,
1954,250cc,4,RAC,NED,オランダTT,TT Circuit Assen,1954-07-10,werner-haas,確認済,,
1954,250cc,5,RAC,WGER,西ドイツGP,Solitude,1954-07-25,werner-haas,確認済,,
1954,250cc,6,RAC,SWI,Switzerland Grand Prix,Berne,1954-08-22,rupert-hollaus,確認済,,
1954,250cc,7,RAC,NAT,ネイションズGP,Monza,1954-09-12,arthur-wheeler,確認済,,
1954,350cc,1,RAC,FRA,フランスGP,Rouen,1954-05-30,pierre-monneret,確認済,,
1954,350cc,2,RAC,TT,マン島TT,Isle of Man,1954-06-18,rod-coleman,確認済,公式リザルトに結果データがないため、優勝者のみ掲載（出典：英語版Wikipedia シーズン記事の日程表）,
1954,350cc,3,RAC,ULST,アルスターGP,Belfast,1954-06-24,ray-amm,確認済,,
1954,350cc,4,RAC,BEL,ベルギーGP,Spa-Francorchamps,1954-07-04,ken-kavanagh,確認済,公式リザルトに結果データがないため、優勝者のみ掲載（出典：英語版Wikipedia シーズン記事の日程表）,
1954,350cc,5,RAC,NED,オランダTT,TT Circuit Assen,1954-07-10,fergus-anderson,確認済,公式リザルトに結果データがないため、優勝者のみ掲載（出典：英語版Wikipedia シーズン記事の日程表）,
1954,350cc,6,RAC,WGER,西ドイツGP,Solitude,1954-07-25,ray-amm,確認済,,
1954,350cc,7,RAC,SWI,Switzerland Grand Prix,Berne,1954-08-22,fergus-anderson,確認済,,
1954,350cc,8,RAC,NAT,ネイションズGP,Monza,1954-09-12,fergus-anderson,確認済,公式リザルトに結果データがないため、優勝者のみ掲載（出典：英語版Wikipedia シーズン記事の日程表）,
1954,350cc,9,RAC,SPA,スペインGP,Montjuïc,1954-10-03,fergus-anderson,確認済,公式リザルトに結果データがないため、優勝者のみ掲載（出典：英語版Wikipedia シーズン記事の日程表）,
1954,125cc,1,RAC,TT,マン島TT,Isle of Man,1954-06-18,rupert-hollaus,確認済,,
1954,125cc,2,RAC,ULST,アルスターGP,Belfast,1954-06-24,rupert-hollaus,確認済,,
1954,125cc,3,RAC,NED,オランダTT,TT Circuit Assen,1954-07-10,rupert-hollaus,確認済,,
1954,125cc,4,RAC,WGER,西ドイツGP,Solitude,1954-07-25,rupert-hollaus,確認済,,
1954,125cc,5,RAC,NAT,ネイションズGP,Monza,1954-09-12,guido-sala,確認済,,
1954,125cc,6,RAC,SPA,スペインGP,Montjuïc,1954-10-03,tarquinio-provini,確認済,,
1955,500cc,1,RAC,SPA,スペインGP,Montjuïc,1955-05-01,reg-armstrong,確認済,,
1955,500cc,2,RAC,FRA,フランスGP,Reims,1955-05-15,geoff-duke,確認済,公式リザルトに結果データがないため、ポイント獲得者などの着順のみ掲載（出典：英語版Wikipedia 年間順位表）,
1955,500cc,3,RAC,TT,マン島TT,Isle of Man,1955-06-10,geoff-duke,確認済,公式リザルトに結果データがないため、ポイント獲得者などの着順のみ掲載（出典：英語版Wikipedia 年間順位表）,
1955,500cc,4,RAC,WGER,西ドイツGP,Nurburgring,1955-06-26,geoff-duke,確認済,,
1955,500cc,5,RAC,BEL,ベルギーGP,Spa-Francorchamps,1955-07-03,giuseppe-colnago,確認済,,
1955,500cc,6,RAC,NED,オランダTT,TT Circuit Assen,1955-07-30,geoff-duke,確認済,公式リザルトに結果データがないため、ポイント獲得者などの着順のみ掲載（出典：英語版Wikipedia 年間順位表）,
1955,500cc,7,RAC,ULST,アルスターGP,Belfast,1955-08-13,bill-lomas,確認済,公式リザルトに結果データがないため、ポイント獲得者などの着順のみ掲載（出典：英語版Wikipedia 年間順位表）,
1955,500cc,8,RAC,NAT,ネイションズGP,Monza,1955-09-04,umberto-masetti,確認済,,
1955,250cc,1,RAC,TT,マン島TT,Isle of Man,1955-06-10,bill-lomas,確認済,公式リザルトに結果データがないため、上位3名のみ掲載（出典：英語版Wikipedia 各GP記事）,
1955,250cc,2,RAC,WGER,西ドイツGP,Nurburgring,1955-06-26,hermann-paul-muller,確認済,公式リザルトに結果データがないため、上位3名のみ掲載（出典：英語版Wikipedia 各GP記事）,
1955,250cc,3,RAC,NED,オランダTT,TT Circuit Assen,1955-07-30,luigi-taveri,確認済,,
1955,250cc,4,RAC,ULST,アルスターGP,Belfast,1955-08-13,john-surtees,確認済,公式リザルトに結果データがないため、優勝者のみ掲載（出典：英語版Wikipedia シーズン記事の日程表）,
1955,250cc,5,RAC,NAT,ネイションズGP,Monza,1955-09-04,carlo-ubbiali,確認済,公式リザルトに結果データがないため、上位3名のみ掲載（出典：英語版Wikipedia 各GP記事）,
1955,350cc,1,RAC,FRA,フランスGP,Reims,1955-05-15,duilio-agostini,確認済,,
1955,350cc,2,RAC,TT,マン島TT,Isle of Man,1955-06-10,bill-lomas,確認済,,
1955,350cc,3,RAC,WGER,西ドイツGP,Nurburgring,1955-06-26,bill-lomas,確認済,,
1955,350cc,4,RAC,BEL,ベルギーGP,Spa-Francorchamps,1955-07-03,bill-lomas,確認済,公式リザルトに結果データがないため、上位3名のみ掲載（出典：英語版Wikipedia 各GP記事）,
1955,350cc,5,RAC,NED,オランダTT,TT Circuit Assen,1955-07-30,ken-kavanagh,確認済,,
1955,350cc,6,RAC,ULST,アルスターGP,Belfast,1955-08-13,bill-lomas,確認済,,
1955,350cc,7,RAC,NAT,ネイションズGP,Monza,1955-09-04,dickie-dale,確認済,,
1955,125cc,1,RAC,SPA,スペインGP,Montjuïc,1955-05-01,luigi-taveri,確認済,公式リザルトに結果データがないため、上位3名のみ掲載（出典：英語版Wikipedia 各GP記事）,
1955,125cc,2,RAC,FRA,フランスGP,Reims,1955-05-15,carlo-ubbiali,確認済,公式リザルトに結果データがないため、上位3名のみ掲載（出典：英語版Wikipedia 各GP記事）,
1955,125cc,3,RAC,TT,マン島TT,Isle of Man,1955-06-10,carlo-ubbiali,確認済,,
1955,125cc,4,RAC,WGER,西ドイツGP,Nurburgring,1955-06-26,carlo-ubbiali,確認済,公式リザルトに結果データがないため、上位3名のみ掲載（出典：英語版Wikipedia 各GP記事）,
1955,125cc,5,RAC,NED,オランダTT,TT Circuit Assen,1955-07-30,carlo-ubbiali,確認済,,
1955,125cc,6,RAC,NAT,ネイションズGP,Monza,1955-09-04,carlo-ubbiali,確認済,公式リザルトに結果データがないため、上位3名のみ掲載（出典：英語版Wikipedia 各GP記事）,
1956,500cc,1,RAC,TT,マン島TT,Isle of Man,1956-06-08,john-surtees,確認済,,
1956,500cc,2,RAC,NED,オランダTT,TT Circuit Assen,1956-06-30,john-surtees,確認済,公式リザルトに結果データがないため、ポイント獲得者などの着順のみ掲載（出典：英語版Wikipedia 年間順位表）,
1956,500cc,3,RAC,BEL,ベルギーGP,Spa-Francorchamps,1956-07-08,john-surtees,確認済,,
1956,500cc,4,RAC,WGER,西ドイツGP,Solitude,1956-07-22,reg-armstrong,確認済,公式リザルトに結果データがないため、ポイント獲得者などの着順のみ掲載（出典：英語版Wikipedia 年間順位表）,
1956,500cc,5,RAC,ULST,アルスターGP,Belfast,1956-08-11,john-hartle,確認済,,
1956,500cc,6,RAC,NAT,ネイションズGP,Monza,1956-09-09,geoff-duke,確認済,,
1956,250cc,1,RAC,TT,マン島TT,Isle of Man,1956-06-08,carlo-ubbiali,確認済,,
1956,250cc,2,RAC,NED,オランダTT,TT Circuit Assen,1956-06-30,carlo-ubbiali,確認済,,
1956,250cc,3,RAC,BEL,ベルギーGP,Spa-Francorchamps,1956-07-08,carlo-ubbiali,確認済,公式リザルトに結果データがないため、上位3名のみ掲載（出典：英語版Wikipedia 各GP記事）,
1956,250cc,4,RAC,WGER,西ドイツGP,Solitude,1956-07-22,carlo-ubbiali,確認済,,
1956,250cc,5,RAC,ULST,アルスターGP,Belfast,1956-08-11,luigi-taveri,確認済,公式リザルトに結果データがないため、上位3名のみ掲載（出典：英語版Wikipedia 各GP記事）,
1956,250cc,6,RAC,NAT,ネイションズGP,Monza,1956-09-09,carlo-ubbiali,確認済,,
1956,350cc,1,RAC,TT,マン島TT,Isle of Man,1956-06-08,ken-kavanagh,確認済,公式リザルトに結果データがないため、上位3名のみ掲載（出典：英語版Wikipedia 各GP記事）,
1956,350cc,2,RAC,NED,オランダTT,TT Circuit Assen,1956-06-30,bill-lomas,確認済,,
1956,350cc,3,RAC,BEL,ベルギーGP,Spa-Francorchamps,1956-07-08,john-surtees,確認済,,
1956,350cc,4,RAC,WGER,西ドイツGP,Solitude,1956-07-22,bill-lomas,確認済,公式リザルトに結果データがないため、上位3名のみ掲載（出典：英語版Wikipedia 各GP記事）,
1956,350cc,5,RAC,ULST,アルスターGP,Belfast,1956-08-11,bill-lomas,確認済,,
1956,350cc,6,RAC,NAT,ネイションズGP,Monza,1956-09-09,libero-liberati,確認済,公式リザルトに結果データがないため、上位3名のみ掲載（出典：英語版Wikipedia 各GP記事）,
1956,125cc,1,RAC,TT,マン島TT,Isle of Man,1956-06-08,carlo-ubbiali,確認済,,
1956,125cc,2,RAC,NED,オランダTT,TT Circuit Assen,1956-06-30,carlo-ubbiali,確認済,,
1956,125cc,3,RAC,BEL,ベルギーGP,Spa-Francorchamps,1956-07-08,carlo-ubbiali,確認済,,
1956,125cc,4,RAC,WGER,西ドイツGP,Solitude,1956-07-22,romolo-ferri,確認済,,
1956,125cc,5,RAC,ULST,アルスターGP,Belfast,1956-08-11,carlo-ubbiali,確認済,,
1956,125cc,6,RAC,NAT,ネイションズGP,Monza,1956-09-09,carlo-ubbiali,確認済,,
1957,500cc,1,RAC,WGER,西ドイツGP,Hockenheim,1957-05-19,libero-liberati,確認済,,
1957,500cc,2,RAC,TT,マン島TT,Isle of Man,1957-06-07,bob-mcintyre,確認済,,
1957,500cc,3,RAC,NED,オランダTT,TT Circuit Assen,1957-06-29,john-surtees,確認済,公式リザルトに結果データがないため、ポイント獲得者などの着順のみ掲載（出典：英語版Wikipedia 年間順位表）,
1957,500cc,4,RAC,BEL,ベルギーGP,Spa-Francorchamps,1957-07-07,libero-liberati,確認済,,
1957,500cc,5,RAC,ULST,アルスターGP,Belfast,1957-08-10,libero-liberati,確認済,,
1957,500cc,6,RAC,NAT,ネイションズGP,Monza,1957-09-01,libero-liberati,確認済,,
1957,250cc,1,RAC,WGER,西ドイツGP,Hockenheim,1957-05-19,carlo-ubbiali,確認済,,
1957,250cc,2,RAC,TT,マン島TT,Isle of Man,1957-06-07,cecil-sandford,確認済,,
1957,250cc,3,RAC,NED,オランダTT,TT Circuit Assen,1957-06-29,tarquinio-provini,確認済,,
1957,250cc,4,RAC,BEL,ベルギーGP,Spa-Francorchamps,1957-07-07,john-hartle,確認済,,
1957,250cc,5,RAC,ULST,アルスターGP,Belfast,1957-08-10,cecil-sandford,確認済,,
1957,250cc,6,RAC,NAT,ネイションズGP,Monza,1957-09-01,tarquinio-provini,確認済,,
1957,350cc,1,RAC,WGER,西ドイツGP,Hockenheim,1957-05-19,libero-liberati,確認済,公式リザルトに結果データがないため、優勝者のみ掲載（出典：英語版Wikipedia シーズン記事の日程表）,
1957,350cc,2,RAC,TT,マン島TT,Isle of Man,1957-06-07,bob-mcintyre,確認済,公式リザルトに結果データがないため、優勝者のみ掲載（出典：英語版Wikipedia シーズン記事の日程表）,
1957,350cc,3,RAC,NED,オランダTT,TT Circuit Assen,1957-06-29,keith-campbell,確認済,,
1957,350cc,4,RAC,BEL,ベルギーGP,Spa-Francorchamps,1957-07-07,keith-campbell,確認済,公式リザルトに結果データがないため、優勝者のみ掲載（出典：英語版Wikipedia シーズン記事の日程表）,
1957,350cc,5,RAC,ULST,アルスターGP,Belfast,1957-08-10,keith-campbell,確認済,,
1957,350cc,6,RAC,NAT,ネイションズGP,Monza,1957-09-01,bob-mcintyre,確認済,公式リザルトに結果データがないため、優勝者のみ掲載（出典：英語版Wikipedia シーズン記事の日程表）,
1957,125cc,1,RAC,WGER,西ドイツGP,Hockenheim,1957-05-19,carlo-ubbiali,確認済,,
1957,125cc,2,RAC,TT,マン島TT,Isle of Man,1957-06-07,tarquinio-provini,確認済,,
1957,125cc,3,RAC,NED,オランダTT,TT Circuit Assen,1957-06-29,tarquinio-provini,確認済,,
1957,125cc,4,RAC,BEL,ベルギーGP,Spa-Francorchamps,1957-07-07,tarquinio-provini,確認済,公式リザルトに結果データがないため、優勝者のみ掲載（出典：英語版Wikipedia シーズン記事の日程表）,
1957,125cc,5,RAC,ULST,アルスターGP,Belfast,1957-08-10,luigi-taveri,確認済,公式リザルトに結果データがないため、優勝者のみ掲載（出典：英語版Wikipedia シーズン記事の日程表）,
1957,125cc,6,RAC,NAT,ネイションズGP,Monza,1957-09-01,carlo-ubbiali,確認済,公式リザルトに結果データがないため、優勝者のみ掲載（出典：英語版Wikipedia シーズン記事の日程表）,
1958,500cc,1,RAC,TT,マン島TT,Isle of Man,1958-06-06,john-surtees,確認済,公式リザルトに結果データがないため、ポイント獲得者などの着順のみ掲載（出典：英語版Wikipedia 年間順位表）,
1958,500cc,2,RAC,NED,オランダTT,TT Circuit Assen,1958-06-28,john-surtees,確認済,,
1958,500cc,3,RAC,BEL,ベルギーGP,Spa-Francorchamps,1958-07-06,john-surtees,確認済,,
1958,500cc,4,RAC,WGER,西ドイツGP,Nurburgring,1958-07-20,john-surtees,確認済,公式リザルトに結果データがないため、ポイント獲得者などの着順のみ掲載（出典：英語版Wikipedia 年間順位表）,
1958,500cc,5,RAC,SWE,スウェーデンGP,Hedemora,1958-07-27,geoff-duke,確認済,,
1958,500cc,6,RAC,ULST,アルスターGP,Belfast,1958-08-09,john-surtees,確認済,,
1958,500cc,7,RAC,NAT,ネイションズGP,Monza,1958-09-14,john-surtees,確認済,,
1958,250cc,1,RAC,TT,マン島TT,Isle of Man,1958-06-06,tarquinio-provini,確認済,公式リザルトに結果データがないため、優勝者のみ掲載（出典：英語版Wikipedia シーズン記事の日程表）,
1958,250cc,2,RAC,NED,オランダTT,TT Circuit Assen,1958-06-28,tarquinio-provini,確認済,,
1958,250cc,3,RAC,WGER,西ドイツGP,Nurburgring,1958-07-20,tarquinio-provini,確認済,,
1958,250cc,4,RAC,SWE,スウェーデンGP,Hedemora,1958-07-27,horst-fugner,確認済,,
1958,250cc,5,RAC,ULST,アルスターGP,Belfast,1958-08-09,tarquinio-provini,確認済,公式リザルトに結果データがないため、優勝者のみ掲載（出典：英語版Wikipedia シーズン記事の日程表）,
1958,250cc,6,RAC,NAT,ネイションズGP,Monza,1958-09-14,emilio-mendogni,確認済,公式リザルトに結果データがないため、優勝者のみ掲載（出典：英語版Wikipedia シーズン記事の日程表）,
1958,350cc,1,RAC,TT,マン島TT,Isle of Man,1958-06-06,john-surtees,確認済,,
1958,350cc,2,RAC,NED,オランダTT,TT Circuit Assen,1958-06-28,john-surtees,確認済,公式リザルトに結果データがないため、優勝者のみ掲載（出典：英語版Wikipedia シーズン記事の日程表）,
1958,350cc,3,RAC,BEL,ベルギーGP,Spa-Francorchamps,1958-07-06,john-surtees,確認済,公式リザルトに結果データがないため、優勝者のみ掲載（出典：英語版Wikipedia シーズン記事の日程表）,
1958,350cc,4,RAC,WGER,西ドイツGP,Nurburgring,1958-07-20,john-surtees,確認済,,
1958,350cc,5,RAC,SWE,スウェーデンGP,Hedemora,1958-07-27,geoff-duke,確認済,,
1958,350cc,6,RAC,ULST,アルスターGP,Belfast,1958-08-09,john-surtees,確認済,公式リザルトに結果データがないため、優勝者のみ掲載（出典：英語版Wikipedia シーズン記事の日程表）,
1958,350cc,7,RAC,NAT,ネイションズGP,Monza,1958-09-14,john-surtees,確認済,,
1958,125cc,1,RAC,TT,マン島TT,Isle of Man,1958-06-06,carlo-ubbiali,確認済,,
1958,125cc,2,RAC,NED,オランダTT,TT Circuit Assen,1958-06-28,carlo-ubbiali,確認済,,
1958,125cc,3,RAC,BEL,ベルギーGP,Spa-Francorchamps,1958-07-06,alberto-gandossi,確認済,,
1958,125cc,4,RAC,WGER,西ドイツGP,Nurburgring,1958-07-20,carlo-ubbiali,確認済,,
1958,125cc,5,RAC,SWE,スウェーデンGP,Hedemora,1958-07-27,alberto-gandossi,確認済,公式リザルトに結果データがないため、優勝者のみ掲載（出典：英語版Wikipedia シーズン記事の日程表）,
1958,125cc,6,RAC,ULST,アルスターGP,Belfast,1958-08-09,carlo-ubbiali,確認済,,
1958,125cc,7,RAC,NAT,ネイションズGP,Monza,1958-09-14,bruno-spaggiari,確認済,,
1959,500cc,1,RAC,FRA,フランスGP,Clermont-Ferrand,1959-05-17,john-surtees,確認済,公式リザルトに結果データがないため、ポイント獲得者などの着順のみ掲載（出典：英語版Wikipedia 年間順位表）,
1959,500cc,2,RAC,TT,マン島TT,Isle of Man,1959-06-06,john-surtees,確認済,,
1959,500cc,3,RAC,WGER,西ドイツGP,Hockenheim,1959-06-14,john-surtees,確認済,,
1959,500cc,4,RAC,NED,オランダTT,TT Circuit Assen,1959-06-27,john-surtees,確認済,公式リザルトに結果データがないため、ポイント獲得者などの着順のみ掲載（出典：英語版Wikipedia 年間順位表）,
1959,500cc,5,RAC,BEL,ベルギーGP,Spa-Francorchamps,1959-07-05,john-surtees,確認済,,
1959,500cc,6,RAC,SWE,スウェーデンGP,Kristianstad,1959-07-26,bob-brown,確認済,公式リザルトに結果データがないため、優勝者のみ掲載（出典：英語版Wikipedia シーズン記事の日程表）,
1959,500cc,7,RAC,ULST,アルスターGP,Belfast,1959-08-08,john-surtees,確認済,,
1959,500cc,8,RAC,NAT,ネイションズGP,Monza,1959-09-06,john-surtees,確認済,,
1959,250cc,1,RAC,TT,マン島TT,Isle of Man,1959-06-06,tarquinio-provini,確認済,,
1959,250cc,2,RAC,WGER,西ドイツGP,Hockenheim,1959-06-14,carlo-ubbiali,確認済,公式リザルトに結果データがないため、優勝者のみ掲載（出典：英語版Wikipedia シーズン記事の日程表）,
1959,250cc,3,RAC,NED,オランダTT,TT Circuit Assen,1959-06-27,tarquinio-provini,確認済,,
1959,250cc,4,RAC,BEL,ベルギーGP,Spa-Francorchamps,1959-07-05,gary-hocking,確認済,公式リザルトに結果データがないため、優勝者のみ掲載（出典：英語版Wikipedia シーズン記事の日程表）,
1959,250cc,5,RAC,SWE,スウェーデンGP,Kristianstad,1959-07-26,gary-hocking,確認済,公式リザルトに結果データがないため、優勝者のみ掲載（出典：英語版Wikipedia シーズン記事の日程表）,
1959,250cc,6,RAC,ULST,アルスターGP,Belfast,1959-08-08,gary-hocking,確認済,公式リザルトに結果データがないため、優勝者のみ掲載（出典：英語版Wikipedia シーズン記事の日程表）,
1959,250cc,7,RAC,NAT,ネイションズGP,Monza,1959-09-06,carlo-ubbiali,確認済,,
1959,350cc,1,RAC,FRA,フランスGP,Clermont-Ferrand,1959-05-17,john-surtees,確認済,,
1959,350cc,2,RAC,TT,マン島TT,Isle of Man,1959-06-06,john-surtees,確認済,公式リザルトに結果データがないため、優勝者のみ掲載（出典：英語版Wikipedia シーズン記事の日程表）,
1959,350cc,3,RAC,WGER,西ドイツGP,Hockenheim,1959-06-14,john-surtees,確認済,,
1959,350cc,4,RAC,NED,オランダTT,TT Circuit Assen,1959-06-27,bob-brown,確認済,公式リザルトに結果データがないため、優勝者のみ掲載（出典：英語版Wikipedia シーズン記事の日程表）,
1959,350cc,5,RAC,SWE,スウェーデンGP,Kristianstad,1959-07-26,john-surtees,確認済,,
1959,350cc,6,RAC,ULST,アルスターGP,Belfast,1959-08-08,john-surtees,確認済,,
1959,350cc,7,RAC,NAT,ネイションズGP,Monza,1959-09-06,john-surtees,確認済,,
1959,125cc,1,RAC,TT,マン島TT,Isle of Man,1959-06-06,tarquinio-provini,確認済,,
1959,125cc,2,RAC,WGER,西ドイツGP,Hockenheim,1959-06-14,carlo-ubbiali,確認済,,
1959,125cc,3,RAC,NED,オランダTT,TT Circuit Assen,1959-06-27,carlo-ubbiali,確認済,,
1959,125cc,4,RAC,BEL,ベルギーGP,Spa-Francorchamps,1959-07-05,carlo-ubbiali,確認済,公式リザルトに結果データがないため、優勝者のみ掲載（出典：英語版Wikipedia シーズン記事の日程表）,
1959,125cc,5,RAC,SWE,スウェーデンGP,Kristianstad,1959-07-26,tarquinio-provini,確認済,,
1959,125cc,6,RAC,ULST,アルスターGP,Belfast,1959-08-08,mike-hailwood,確認済,,
1959,125cc,7,RAC,NAT,ネイションズGP,Monza,1959-09-06,ernst-degner,確認済,公式リザルトに結果データがないため、優勝者のみ掲載（出典：英語版Wikipedia シーズン記事の日程表）,
1960,500cc,1,RAC,FRA,フランスGP,Clermont-Ferrand,1960-05-22,john-surtees,確認済,,
1960,500cc,2,RAC,TT,マン島TT,Isle of Man,1960-06-13,john-surtees,確認済,公式リザルトに結果データがないため、ポイント獲得者などの着順のみ掲載（出典：英語版Wikipedia 年間順位表）,
1960,500cc,3,RAC,NED,オランダTT,TT Circuit Assen,1960-06-25,remo-venturi,確認済,,
1960,500cc,4,RAC,BEL,ベルギーGP,Spa-Francorchamps,1960-07-03,john-surtees,確認済,,
1960,500cc,5,RAC,WGER,西ドイツGP,Solitude,1960-07-24,john-surtees,確認済,公式リザルトに結果データがないため、ポイント獲得者などの着順のみ掲載（出典：英語版Wikipedia 年間順位表）,
1960,500cc,6,RAC,ULST,アルスターGP,Belfast,1960-08-06,john-hartle,確認済,,
1960,500cc,7,RAC,NAT,ネイションズGP,Monza,1960-09-11,john-surtees,確認済,公式リザルトに結果データがないため、ポイント獲得者などの着順のみ掲載（出典：英語版Wikipedia 年間順位表）,
1960,250cc,1,RAC,TT,マン島TT,Isle of Man,1960-06-13,gary-hocking,確認済,公式リザルトに結果データがないため、上位3名のみ掲載（出典：英語版Wikipedia 各GP記事）,
1960,250cc,2,RAC,NED,オランダTT,TT Circuit Assen,1960-06-25,carlo-ubbiali,確認済,,
1960,250cc,3,RAC,BEL,ベルギーGP,Spa-Francorchamps,1960-07-03,carlo-ubbiali,確認済,公式リザルトに結果データがないため、上位3名のみ掲載（出典：英語版Wikipedia 各GP記事）,
1960,250cc,4,RAC,WGER,西ドイツGP,Solitude,1960-07-24,gary-hocking,確認済,公式リザルトに結果データがないため、上位3名のみ掲載（出典：英語版Wikipedia 各GP記事）,
1960,250cc,5,RAC,ULST,アルスターGP,Belfast,1960-08-06,carlo-ubbiali,確認済,公式リザルトに結果データがないため、上位3名のみ掲載（出典：英語版Wikipedia 各GP記事）,
1960,250cc,6,RAC,NAT,ネイションズGP,Monza,1960-09-11,carlo-ubbiali,確認済,,
1960,350cc,1,RAC,FRA,フランスGP,Clermont-Ferrand,1960-05-22,gary-hocking,確認済,公式リザルトに結果データがないため、上位3名のみ掲載（出典：英語版Wikipedia 各GP記事）,
1960,350cc,2,RAC,TT,マン島TT,Isle of Man,1960-06-13,john-hartle,確認済,,
1960,350cc,3,RAC,NED,オランダTT,TT Circuit Assen,1960-06-25,john-surtees,確認済,公式リザルトに結果データがないため、上位3名のみ掲載（出典：英語版Wikipedia 各GP記事）,
1960,350cc,4,RAC,ULST,アルスターGP,Belfast,1960-08-06,john-surtees,確認済,,
1960,350cc,5,RAC,NAT,ネイションズGP,Monza,1960-09-11,gary-hocking,確認済,,
1960,125cc,1,RAC,TT,マン島TT,Isle of Man,1960-06-13,carlo-ubbiali,確認済,,
1960,125cc,2,RAC,NED,オランダTT,TT Circuit Assen,1960-06-25,carlo-ubbiali,確認済,,
1960,125cc,3,RAC,BEL,ベルギーGP,Spa-Francorchamps,1960-07-03,ernst-degner,確認済,,
1960,125cc,4,RAC,ULST,アルスターGP,Belfast,1960-08-06,carlo-ubbiali,確認済,公式リザルトに結果データがないため、上位3名のみ掲載（出典：英語版Wikipedia 各GP記事）,
1960,125cc,5,RAC,NAT,ネイションズGP,Monza,1960-09-11,carlo-ubbiali,確認済,,
1961,500cc,1,RAC,WGER,西ドイツGP,Hockenheim,1961-05-14,gary-hocking,確認済,公式リザルトに結果データがないため、ポイント獲得者などの着順のみ掲載（出典：英語版Wikipedia 年間順位表）,
1961,500cc,2,RAC,FRA,フランスGP,Clermont-Ferrand,1961-05-21,gary-hocking,確認済,公式リザルトに結果データがないため、ポイント獲得者などの着順のみ掲載（出典：英語版Wikipedia 年間順位表）,
1961,500cc,3,RAC,TT,マン島TT,Isle of Man,1961-06-12,mike-hailwood,確認済,,
1961,500cc,4,RAC,NED,オランダTT,TT Circuit Assen,1961-06-24,gary-hocking,確認済,,
1961,500cc,5,RAC,BEL,ベルギーGP,Spa-Francorchamps,1961-07-02,gary-hocking,確認済,,
1961,500cc,6,RAC,EGER,東ドイツGP,Sachsenring,1961-07-30,gary-hocking,確認済,,
1961,500cc,7,RAC,ULST,アルスターGP,Belfast,1961-08-12,gary-hocking,確認済,,
1961,500cc,8,RAC,NAT,ネイションズGP,Monza,1961-09-03,mike-hailwood,確認済,,
1961,500cc,9,RAC,SWE,スウェーデンGP,Kristianstad,1961-09-17,gary-hocking,確認済,公式リザルトに結果データがないため、ポイント獲得者などの着順のみ掲載（出典：英語版Wikipedia 年間順位表）,
1961,500cc,10,RAC,ARG,アルゼンチンGP,Oscar A. Galvez,1961-10-15,jorge-kissling,確認済,,
1961,250cc,1,RAC,SPA,スペインGP,Montjuïc,1961-04-23,gary-hocking,確認済,公式リザルトに結果データがないため、優勝者のみ掲載（出典：英語版Wikipedia シーズン記事の日程表）,
1961,250cc,2,RAC,WGER,西ドイツGP,Hockenheim,1961-05-14,kunimitsu-takahashi,確認済,公式リザルトに結果データがないため、優勝者のみ掲載（出典：英語版Wikipedia シーズン記事の日程表）,
1961,250cc,3,RAC,FRA,フランスGP,Clermont-Ferrand,1961-05-21,tom-phillis,確認済,,
1961,250cc,4,RAC,TT,マン島TT,Isle of Man,1961-06-12,mike-hailwood,確認済,公式リザルトに結果データがないため、優勝者のみ掲載（出典：英語版Wikipedia シーズン記事の日程表）,
1961,250cc,5,RAC,NED,オランダTT,TT Circuit Assen,1961-06-24,mike-hailwood,確認済,,
1961,250cc,6,RAC,BEL,ベルギーGP,Spa-Francorchamps,1961-07-02,jim-redman,確認済,公式リザルトに結果データがないため、優勝者のみ掲載（出典：英語版Wikipedia シーズン記事の日程表）,
1961,250cc,7,RAC,EGER,東ドイツGP,Sachsenring,1961-07-30,mike-hailwood,確認済,,
1961,250cc,8,RAC,ULST,アルスターGP,Belfast,1961-08-12,bob-mcintyre,確認済,公式リザルトに結果データがないため、優勝者のみ掲載（出典：英語版Wikipedia シーズン記事の日程表）,
1961,250cc,9,RAC,NAT,ネイションズGP,Monza,1961-09-03,jim-redman,確認済,公式リザルトに結果データがないため、優勝者のみ掲載（出典：英語版Wikipedia シーズン記事の日程表）,
1961,250cc,10,RAC,SWE,スウェーデンGP,Kristianstad,1961-09-17,mike-hailwood,確認済,公式リザルトに結果データがないため、優勝者のみ掲載（出典：英語版Wikipedia シーズン記事の日程表）,
1961,250cc,11,RAC,ARG,アルゼンチンGP,Oscar A. Galvez,1961-10-15,tom-phillis,確認済,公式リザルトに結果データがないため、優勝者のみ掲載（出典：英語版Wikipedia シーズン記事の日程表）,
1961,350cc,1,RAC,WGER,西ドイツGP,Hockenheim,1961-05-14,franta-stastny,確認済,,
1961,350cc,2,RAC,TT,マン島TT,Isle of Man,1961-06-12,phil-read,確認済,公式リザルトに結果データがないため、優勝者のみ掲載（出典：英語版Wikipedia シーズン記事の日程表）,
1961,350cc,3,RAC,NED,オランダTT,TT Circuit Assen,1961-06-24,gary-hocking,確認済,公式リザルトに結果データがないため、優勝者のみ掲載（出典：英語版Wikipedia シーズン記事の日程表）,
1961,350cc,4,RAC,EGER,東ドイツGP,Sachsenring,1961-07-30,gary-hocking,確認済,,
1961,350cc,5,RAC,ULST,アルスターGP,Belfast,1961-08-12,gary-hocking,確認済,公式リザルトに結果データがないため、優勝者のみ掲載（出典：英語版Wikipedia シーズン記事の日程表）,
1961,350cc,6,RAC,NAT,ネイションズGP,Monza,1961-09-03,gary-hocking,確認済,,
1961,350cc,7,RAC,SWE,スウェーデンGP,Kristianstad,1961-09-17,franta-stastny,確認済,,
1961,125cc,1,RAC,SPA,スペインGP,Montjuïc,1961-04-23,tom-phillis,確認済,,
1961,125cc,2,RAC,WGER,西ドイツGP,Hockenheim,1961-05-14,ernst-degner,確認済,,
1961,125cc,3,RAC,FRA,フランスGP,Clermont-Ferrand,1961-05-21,tom-phillis,確認済,,
1961,125cc,4,RAC,TT,マン島TT,Isle of Man,1961-06-12,mike-hailwood,確認済,,
1961,125cc,5,RAC,NED,オランダTT,TT Circuit Assen,1961-06-24,tom-phillis,確認済,,
1961,125cc,6,RAC,BEL,ベルギーGP,Spa-Francorchamps,1961-07-02,luigi-taveri,確認済,,
1961,125cc,7,RAC,EGER,東ドイツGP,Sachsenring,1961-07-30,ernst-degner,確認済,公式リザルトに結果データがないため、優勝者のみ掲載（出典：英語版Wikipedia シーズン記事の日程表）,
1961,125cc,8,RAC,ULST,アルスターGP,Belfast,1961-08-12,kunimitsu-takahashi,確認済,,
1961,125cc,9,RAC,NAT,ネイションズGP,Monza,1961-09-03,ernst-degner,確認済,,
1961,125cc,10,RAC,SWE,スウェーデンGP,Kristianstad,1961-09-17,luigi-taveri,確認済,,
1961,125cc,11,RAC,ARG,アルゼンチンGP,Oscar A. Galvez,1961-10-15,tom-phillis,確認済,,
1962,500cc,1,RAC,TT,マン島TT,Isle of Man,1962-06-08,gary-hocking,確認済,,
1962,500cc,2,RAC,NED,オランダTT,TT Circuit Assen,1962-06-30,mike-hailwood,確認済,公式リザルトに結果データがないため、ポイント獲得者などの着順のみ掲載（出典：英語版Wikipedia 年間順位表）,
1962,500cc,3,RAC,BEL,ベルギーGP,Spa-Francorchamps,1962-07-08,mike-hailwood,確認済,,
1962,500cc,4,RAC,ULST,アルスターGP,Belfast,1962-08-11,mike-hailwood,確認済,公式リザルトに結果データがないため、ポイント獲得者などの着順のみ掲載（出典：英語版Wikipedia 年間順位表）,
1962,500cc,5,RAC,EGER,東ドイツGP,Sachsenring,1962-08-19,mike-hailwood,確認済,,
1962,500cc,6,RAC,NAT,ネイションズGP,Monza,1962-09-09,mike-hailwood,確認済,,
1962,500cc,7,RAC,FIN,フィンランドGP,Tampere,1962-09-23,alan-shepherd,確認済,,
1962,500cc,8,RAC,ARG,アルゼンチンGP,Oscar A. Galvez,1962-10-14,benedicto-caldarella,確認済,,
1962,250cc,1,RAC,SPA,スペインGP,Montjuïc,1962-05-06,jim-redman,確認済,公式リザルトに結果データがないため、優勝者のみ掲載（出典：英語版Wikipedia シーズン記事の日程表）,
1962,250cc,2,RAC,FRA,フランスGP,Clermont-Ferrand,1962-05-13,jim-redman,確認済,公式リザルトに結果データがないため、優勝者のみ掲載（出典：英語版Wikipedia シーズン記事の日程表）,
1962,250cc,3,RAC,TT,マン島TT,Isle of Man,1962-06-08,derek-minter,確認済,公式リザルトに結果データがないため、優勝者のみ掲載（出典：英語版Wikipedia シーズン記事の日程表）,
1962,250cc,4,RAC,NED,オランダTT,TT Circuit Assen,1962-06-30,jim-redman,確認済,,
1962,250cc,5,RAC,BEL,ベルギーGP,Spa-Francorchamps,1962-07-08,bob-mcintyre,確認済,,
1962,250cc,6,RAC,WGER,西ドイツGP,Solitude,1962-07-15,jim-redman,確認済,,
1962,250cc,7,RAC,ULST,アルスターGP,Belfast,1962-08-11,tommy-robb,確認済,公式リザルトに結果データがないため、優勝者のみ掲載（出典：英語版Wikipedia シーズン記事の日程表）,
1962,250cc,8,RAC,EGER,東ドイツGP,Sachsenring,1962-08-19,jim-redman,確認済,,
1962,250cc,9,RAC,NAT,ネイションズGP,Monza,1962-09-09,jim-redman,確認済,公式リザルトに結果データがないため、優勝者のみ掲載（出典：英語版Wikipedia シーズン記事の日程表）,
1962,250cc,10,RAC,ARG,アルゼンチンGP,Oscar A. Galvez,1962-10-14,arthur-wheeler,確認済,,
1962,350cc,1,RAC,TT,マン島TT,Isle of Man,1962-06-08,mike-hailwood,確認済,公式リザルトに結果データがないため、優勝者のみ掲載（出典：英語版Wikipedia シーズン記事の日程表）,
1962,350cc,2,RAC,NED,オランダTT,TT Circuit Assen,1962-06-30,jim-redman,確認済,,
1962,350cc,3,RAC,ULST,アルスターGP,Belfast,1962-08-11,jim-redman,確認済,,
1962,350cc,4,RAC,EGER,東ドイツGP,Sachsenring,1962-08-19,jim-redman,確認済,,
1962,350cc,5,RAC,NAT,ネイションズGP,Monza,1962-09-09,jim-redman,確認済,,
1962,350cc,6,RAC,FIN,フィンランドGP,Tampere,1962-09-23,tommy-robb,確認済,,
1962,125cc,1,RAC,SPA,スペインGP,Montjuïc,1962-05-06,kunimitsu-takahashi,確認済,,
1962,125cc,2,RAC,FRA,フランスGP,Clermont-Ferrand,1962-05-13,kunimitsu-takahashi,確認済,,
1962,125cc,3,RAC,TT,マン島TT,Isle of Man,1962-06-08,luigi-taveri,確認済,,
1962,125cc,4,RAC,NED,オランダTT,TT Circuit Assen,1962-06-30,luigi-taveri,確認済,,
1962,125cc,5,RAC,BEL,ベルギーGP,Spa-Francorchamps,1962-07-08,luigi-taveri,確認済,公式リザルトに結果データがないため、優勝者のみ掲載（出典：英語版Wikipedia シーズン記事の日程表）,
1962,125cc,6,RAC,WGER,西ドイツGP,Solitude,1962-07-15,luigi-taveri,確認済,,
1962,125cc,7,RAC,ULST,アルスターGP,Belfast,1962-08-11,luigi-taveri,確認済,,
1962,125cc,8,RAC,EGER,東ドイツGP,Sachsenring,1962-08-19,luigi-taveri,確認済,,
1962,125cc,9,RAC,NAT,ネイションズGP,Monza,1962-09-09,kenjiro-tanaka,確認済,,
1962,125cc,10,RAC,FIN,フィンランドGP,Tampere,1962-09-23,jim-redman,確認済,,
1962,125cc,11,RAC,ARG,アルゼンチンGP,Oscar A. Galvez,1962-10-14,hugh-anderson,確認済,,
1962,50cc,1,RAC,SPA,スペインGP,Montjuïc,1962-05-06,hans-georg-anscheidt,確認済,,
1962,50cc,2,RAC,FRA,フランスGP,Clermont-Ferrand,1962-05-13,jan-huberts,確認済,,
1962,50cc,3,RAC,TT,マン島TT,Isle of Man,1962-06-08,ernst-degner,確認済,,
1962,50cc,4,RAC,NED,オランダTT,TT Circuit Assen,1962-06-30,ernst-degner,確認済,,
1962,50cc,5,RAC,BEL,ベルギーGP,Spa-Francorchamps,1962-07-08,ernst-degner,確認済,,
1962,50cc,6,RAC,WGER,西ドイツGP,Solitude,1962-07-15,ernst-degner,確認済,公式リザルトに結果データがないため、優勝者のみ掲載（出典：英語版Wikipedia シーズン記事の日程表）,
1962,50cc,7,RAC,EGER,東ドイツGP,Sachsenring,1962-08-19,jan-huberts,確認済,公式リザルトに結果データがないため、優勝者のみ掲載（出典：英語版Wikipedia シーズン記事の日程表）,
1962,50cc,8,RAC,NAT,ネイションズGP,Monza,1962-09-09,hans-georg-anscheidt,確認済,,
1962,50cc,9,RAC,FIN,フィンランドGP,Tampere,1962-09-23,luigi-taveri,確認済,公式リザルトに結果データがないため、優勝者のみ掲載（出典：英語版Wikipedia シーズン記事の日程表）,
1962,50cc,10,RAC,ARG,アルゼンチンGP,Oscar A. Galvez,1962-10-14,hugh-anderson,確認済,公式リザルトに結果データがないため、優勝者のみ掲載（出典：英語版Wikipedia シーズン記事の日程表）,
1963,500cc,1,RAC,TT,マン島TT,Isle of Man,1963-06-14,mike-hailwood,確認済,公式リザルトに結果データがないため、ポイント獲得者などの着順のみ掲載（出典：英語版Wikipedia 年間順位表）,
1963,500cc,2,RAC,NED,オランダTT,TT Circuit Assen,1963-06-29,john-hartle,確認済,公式リザルトに結果データがないため、ポイント獲得者などの着順のみ掲載（出典：英語版Wikipedia 年間順位表）,
1963,500cc,3,RAC,BEL,ベルギーGP,Spa-Francorchamps,1963-07-07,mike-hailwood,確認済,公式リザルトに結果データがないため、ポイント獲得者などの着順のみ掲載（出典：英語版Wikipedia 年間順位表）,
1963,500cc,4,RAC,ULST,アルスターGP,Belfast,1963-08-10,mike-hailwood,確認済,,
1963,500cc,5,RAC,EGER,東ドイツGP,Sachsenring,1963-08-18,mike-hailwood,確認済,公式リザルトに結果データがないため、ポイント獲得者などの着順のみ掲載（出典：英語版Wikipedia 年間順位表）,
1963,500cc,6,RAC,FIN,フィンランドGP,Tampere,1963-09-01,mike-hailwood,確認済,公式リザルトに結果データがないため、ポイント獲得者などの着順のみ掲載（出典：英語版Wikipedia 年間順位表）,
1963,500cc,7,RAC,NAT,ネイションズGP,Monza,1963-09-15,mike-hailwood,確認済,公式リザルトに結果データがないため、ポイント獲得者などの着順のみ掲載（出典：英語版Wikipedia 年間順位表）,
1963,500cc,8,RAC,ARG,アルゼンチンGP,Oscar A. Galvez,1963-10-06,mike-hailwood,確認済,,
1963,250cc,1,RAC,SPA,スペインGP,Montjuïc,1963-05-05,tarquinio-provini,確認済,公式リザルトに結果データがないため、優勝者のみ掲載（出典：英語版Wikipedia シーズン記事の日程表）,
1963,250cc,2,RAC,WGER,西ドイツGP,Hockenheim,1963-05-26,tarquinio-provini,確認済,,
1963,250cc,3,RAC,TT,マン島TT,Isle of Man,1963-06-14,jim-redman,確認済,,
1963,250cc,4,RAC,NED,オランダTT,TT Circuit Assen,1963-06-29,jim-redman,確認済,,
1963,250cc,5,RAC,BEL,ベルギーGP,Spa-Francorchamps,1963-07-07,fumio-ito,確認済,,
1963,250cc,6,RAC,ULST,アルスターGP,Belfast,1963-08-10,jim-redman,確認済,,
1963,250cc,7,RAC,EGER,東ドイツGP,Sachsenring,1963-08-18,mike-hailwood,確認済,,
1963,250cc,8,RAC,NAT,ネイションズGP,Monza,1963-09-15,tarquinio-provini,確認済,,
1963,250cc,9,RAC,ARG,アルゼンチンGP,Oscar A. Galvez,1963-10-06,tarquinio-provini,確認済,公式リザルトに結果データがないため、優勝者のみ掲載（出典：英語版Wikipedia シーズン記事の日程表）,
1963,250cc,10,RAC,JPN,日本GP,Suzuka,1963-10-10,jim-redman,確認済,,
1963,350cc,1,RAC,WGER,西ドイツGP,Hockenheim,1963-05-26,jim-redman,確認済,公式リザルトに結果データがないため、優勝者のみ掲載（出典：英語版Wikipedia シーズン記事の日程表）,
1963,350cc,2,RAC,TT,マン島TT,Isle of Man,1963-06-14,jim-redman,確認済,,
1963,350cc,3,RAC,NED,オランダTT,TT Circuit Assen,1963-06-29,jim-redman,確認済,,
1963,350cc,4,RAC,ULST,アルスターGP,Belfast,1963-08-10,jim-redman,確認済,,
1963,350cc,5,RAC,EGER,東ドイツGP,Sachsenring,1963-08-18,mike-hailwood,確認済,,
1963,350cc,6,RAC,FIN,フィンランドGP,Tampere,1963-09-01,mike-hailwood,確認済,公式リザルトに結果データがないため、優勝者のみ掲載（出典：英語版Wikipedia シーズン記事の日程表）,
1963,350cc,7,RAC,NAT,ネイションズGP,Monza,1963-09-15,jim-redman,確認済,,
1963,350cc,8,RAC,JPN,日本GP,Suzuka,1963-10-10,jim-redman,確認済,公式リザルトに結果データがないため、優勝者のみ掲載（出典：英語版Wikipedia シーズン記事の日程表）,
1963,125cc,1,RAC,SPA,スペインGP,Montjuïc,1963-05-05,luigi-taveri,確認済,,
1963,125cc,2,RAC,WGER,西ドイツGP,Hockenheim,1963-05-26,ernst-degner,確認済,,
1963,125cc,3,RAC,FRA,フランスGP,Clermont-Ferrand,1963-06-02,hugh-anderson,確認済,公式リザルトに結果データがないため、優勝者のみ掲載（出典：英語版Wikipedia シーズン記事の日程表）,
1963,125cc,4,RAC,TT,マン島TT,Isle of Man,1963-06-14,hugh-anderson,確認済,,
1963,125cc,5,RAC,NED,オランダTT,TT Circuit Assen,1963-06-29,hugh-anderson,確認済,,
1963,125cc,6,RAC,BEL,ベルギーGP,Spa-Francorchamps,1963-07-07,bert-schneider,確認済,,
1963,125cc,7,RAC,ULST,アルスターGP,Belfast,1963-08-10,hugh-anderson,確認済,公式リザルトに結果データがないため、優勝者のみ掲載（出典：英語版Wikipedia シーズン記事の日程表）,
1963,125cc,8,RAC,EGER,東ドイツGP,Sachsenring,1963-08-18,hugh-anderson,確認済,,
1963,125cc,9,RAC,FIN,フィンランドGP,Tampere,1963-09-01,hugh-anderson,確認済,,
1963,125cc,10,RAC,NAT,ネイションズGP,Monza,1963-09-15,luigi-taveri,確認済,公式リザルトに結果データがないため、優勝者のみ掲載（出典：英語版Wikipedia シーズン記事の日程表）,
1963,125cc,11,RAC,ARG,アルゼンチンGP,Oscar A. Galvez,1963-10-06,jim-redman,確認済,,
1963,125cc,12,RAC,JPN,日本GP,Suzuka,1963-10-10,frank-perris,確認済,,
1963,50cc,1,RAC,SPA,スペインGP,Montjuïc,1963-05-05,hans-georg-anscheidt,確認済,,
1963,50cc,2,RAC,WGER,西ドイツGP,Hockenheim,1963-05-26,hugh-anderson,確認済,,
1963,50cc,3,RAC,FRA,フランスGP,Clermont-Ferrand,1963-06-02,hans-georg-anscheidt,確認済,,
1963,50cc,4,RAC,TT,マン島TT,Isle of Man,1963-06-14,mitsuo-itoh,確認済,,
1963,50cc,5,RAC,NED,オランダTT,TT Circuit Assen,1963-06-29,ernst-degner,確認済,,
1963,50cc,6,RAC,BEL,ベルギーGP,Spa-Francorchamps,1963-07-07,isao-morishita,確認済,,
1963,50cc,7,RAC,FIN,フィンランドGP,Tampere,1963-09-01,hans-georg-anscheidt,確認済,,
1963,50cc,8,RAC,ARG,アルゼンチンGP,Oscar A. Galvez,1963-10-06,hugh-anderson,確認済,,
1963,50cc,9,RAC,JPN,日本GP,Suzuka,1963-10-10,luigi-taveri,確認済,公式リザルトに結果データがないため、優勝者のみ掲載（出典：英語版Wikipedia シーズン記事の日程表）,
1964,500cc,1,RAC,USA,アメリカGP,Daytona,1964-02-02,mike-hailwood,確認済,,
1964,500cc,2,RAC,TT,マン島TT,Isle of Man,1964-06-12,mike-hailwood,確認済,,
1964,500cc,3,RAC,NED,オランダTT,TT Circuit Assen,1964-06-27,mike-hailwood,確認済,,
1964,500cc,4,RAC,BEL,ベルギーGP,Spa-Francorchamps,1964-07-05,mike-hailwood,確認済,公式リザルトに結果データがないため、ポイント獲得者などの着順のみ掲載（出典：英語版Wikipedia 年間順位表）,
1964,500cc,5,RAC,WGER,西ドイツGP,Solitude,1964-07-19,mike-hailwood,確認済,,
1964,500cc,6,RAC,EGER,東ドイツGP,Sachsenring,1964-07-26,mike-hailwood,確認済,,
1964,500cc,7,RAC,ULST,アルスターGP,Belfast,1964-08-08,phil-read,確認済,,
1964,500cc,8,RAC,FIN,フィンランドGP,Imatra,1964-08-30,jack-ahearn,確認済,公式リザルトに結果データがないため、ポイント獲得者などの着順のみ掲載（出典：英語版Wikipedia 年間順位表）,
1964,500cc,9,RAC,NAT,ネイションズGP,Monza,1964-09-13,mike-hailwood,確認済,公式リザルトに結果データがないため、ポイント獲得者などの着順のみ掲載（出典：英語版Wikipedia 年間順位表）,
1964,250cc,1,RAC,USA,アメリカGP,Daytona,1964-02-02,alan-shepherd,確認済,,
1964,250cc,2,RAC,SPA,スペインGP,Montjuïc,1964-05-03,tarquinio-provini,確認済,公式リザルトに結果データがないため、優勝者のみ掲載（出典：英語版Wikipedia シーズン記事の日程表）,
1964,250cc,3,RAC,FRA,フランスGP,Clermont-Ferrand,1964-05-17,phil-read,確認済,公式リザルトに結果データがないため、優勝者のみ掲載（出典：英語版Wikipedia シーズン記事の日程表）,
1964,250cc,4,RAC,TT,マン島TT,Isle of Man,1964-06-12,jim-redman,確認済,公式リザルトに結果データがないため、優勝者のみ掲載（出典：英語版Wikipedia シーズン記事の日程表）,
1964,250cc,5,RAC,NED,オランダTT,TT Circuit Assen,1964-06-27,jim-redman,確認済,,
1964,250cc,6,RAC,BEL,ベルギーGP,Spa-Francorchamps,1964-07-05,michelle-duff,確認済,,
1964,250cc,7,RAC,WGER,西ドイツGP,Solitude,1964-07-19,phil-read,確認済,,
1964,250cc,8,RAC,EGER,東ドイツGP,Sachsenring,1964-07-26,phil-read,確認済,公式リザルトに結果データがないため、優勝者のみ掲載（出典：英語版Wikipedia シーズン記事の日程表）,
1964,250cc,9,RAC,ULST,アルスターGP,Belfast,1964-08-08,phil-read,確認済,,
1964,250cc,10,RAC,NAT,ネイションズGP,Monza,1964-09-13,phil-read,確認済,,
1964,250cc,11,RAC,JPN,日本GP,Suzuka,1964-11-01,jim-redman,確認済,公式リザルトに結果データがないため、優勝者のみ掲載（出典：英語版Wikipedia シーズン記事の日程表）,
1964,350cc,1,RAC,TT,マン島TT,Isle of Man,1964-06-12,jim-redman,確認済,,
1964,350cc,2,RAC,NED,オランダTT,TT Circuit Assen,1964-06-27,jim-redman,確認済,,
1964,350cc,3,RAC,WGER,西ドイツGP,Solitude,1964-07-19,jim-redman,確認済,公式リザルトに結果データがないため、優勝者のみ掲載（出典：英語版Wikipedia シーズン記事の日程表）,
1964,350cc,4,RAC,EGER,東ドイツGP,Sachsenring,1964-07-26,jim-redman,確認済,,
1964,350cc,5,RAC,ULST,アルスターGP,Belfast,1964-08-08,jim-redman,確認済,,
1964,350cc,6,RAC,FIN,フィンランドGP,Imatra,1964-08-30,jim-redman,確認済,,
1964,350cc,7,RAC,NAT,ネイションズGP,Monza,1964-09-13,jim-redman,確認済,,
1964,350cc,8,RAC,JPN,日本GP,Suzuka,1964-11-01,jim-redman,確認済,,
1964,125cc,1,RAC,USA,アメリカGP,Daytona,1964-02-02,hugh-anderson,確認済,,
1964,125cc,2,RAC,SPA,スペインGP,Montjuïc,1964-05-03,luigi-taveri,確認済,,
1964,125cc,3,RAC,FRA,フランスGP,Clermont-Ferrand,1964-05-17,luigi-taveri,確認済,,
1964,125cc,4,RAC,TT,マン島TT,Isle of Man,1964-06-12,luigi-taveri,確認済,,
1964,125cc,5,RAC,NED,オランダTT,TT Circuit Assen,1964-06-27,jim-redman,確認済,,
1964,125cc,6,RAC,WGER,西ドイツGP,Solitude,1964-07-19,jim-redman,確認済,,
1964,125cc,7,RAC,EGER,東ドイツGP,Sachsenring,1964-07-26,hugh-anderson,確認済,,
1964,125cc,8,RAC,ULST,アルスターGP,Belfast,1964-08-08,hugh-anderson,確認済,公式リザルトに結果データがないため、優勝者のみ掲載（出典：英語版Wikipedia シーズン記事の日程表）,
1964,125cc,9,RAC,FIN,フィンランドGP,Imatra,1964-08-30,luigi-taveri,確認済,,
1964,125cc,10,RAC,NAT,ネイションズGP,Monza,1964-09-13,luigi-taveri,確認済,,
1964,125cc,11,RAC,JPN,日本GP,Suzuka,1964-11-01,ernst-degner,確認済,,
1964,50cc,1,RAC,USA,アメリカGP,Daytona,1964-02-02,hugh-anderson,確認済,公式リザルトに結果データがないため、優勝者のみ掲載（出典：英語版Wikipedia シーズン記事の日程表）,
1964,50cc,2,RAC,SPA,スペインGP,Montjuïc,1964-05-03,hans-georg-anscheidt,確認済,,
1964,50cc,3,RAC,FRA,フランスGP,Clermont-Ferrand,1964-05-17,hugh-anderson,確認済,,
1964,50cc,4,RAC,TT,マン島TT,Isle of Man,1964-06-12,hugh-anderson,確認済,,
1964,50cc,5,RAC,NED,オランダTT,TT Circuit Assen,1964-06-27,ralph-bryans,確認済,公式リザルトに結果データがないため、優勝者のみ掲載（出典：英語版Wikipedia シーズン記事の日程表）,
1964,50cc,6,RAC,BEL,ベルギーGP,Spa-Francorchamps,1964-07-05,ralph-bryans,確認済,,
1964,50cc,7,RAC,WGER,西ドイツGP,Solitude,1964-07-19,ralph-bryans,確認済,,
1964,50cc,8,RAC,FIN,フィンランドGP,Imatra,1964-08-30,hugh-anderson,確認済,,
1964,50cc,9,RAC,JPN,日本GP,Suzuka,1964-11-01,ralph-bryans,確認済,公式リザルトに結果データがないため、優勝者のみ掲載（出典：英語版Wikipedia シーズン記事の日程表）,
1965,500cc,1,RAC,USA,アメリカGP,Daytona,1965-03-21,mike-hailwood,確認済,,
1965,500cc,2,RAC,WGER,西ドイツGP,Nurburgring,1965-04-25,mike-hailwood,確認済,,
1965,500cc,3,RAC,TT,マン島TT,Isle of Man,1965-06-18,mike-hailwood,確認済,,
1965,500cc,4,RAC,NED,オランダTT,TT Circuit Assen,1965-06-26,mike-hailwood,確認済,,
1965,500cc,5,RAC,BEL,ベルギーGP,Spa-Francorchamps,1965-07-04,mike-hailwood,確認済,公式リザルトに結果データがないため、ポイント獲得者などの着順のみ掲載（出典：英語版Wikipedia 年間順位表）,
1965,500cc,6,RAC,EGER,東ドイツGP,Sachsenring,1965-07-18,mike-hailwood,確認済,,
1965,500cc,7,RAC,TCH,チェコスロバキアGP,CREDITAS Autodrom Brno,1965-07-25,mike-hailwood,確認済,公式リザルトに結果データがないため、ポイント獲得者などの着順のみ掲載（出典：英語版Wikipedia 年間順位表）,
1965,500cc,8,RAC,ULST,アルスターGP,Belfast,1965-08-07,dick-creith,確認済,公式リザルトに結果データがないため、ポイント獲得者などの着順のみ掲載（出典：英語版Wikipedia 年間順位表）,
1965,500cc,9,RAC,FIN,フィンランドGP,Imatra,1965-08-22,giacomo-agostini,確認済,,
1965,500cc,10,RAC,NAT,ネイションズGP,Monza,1965-09-05,mike-hailwood,確認済,公式リザルトに結果データがないため、ポイント獲得者などの着順のみ掲載（出典：英語版Wikipedia 年間順位表）,
1965,250cc,1,RAC,USA,アメリカGP,Daytona,1965-03-21,phil-read,確認済,,
1965,250cc,2,RAC,WGER,西ドイツGP,Nurburgring,1965-04-25,phil-read,確認済,公式リザルトに結果データがないため、優勝者のみ掲載（出典：英語版Wikipedia シーズン記事の日程表）,
1965,250cc,3,RAC,SPA,スペインGP,Montjuïc,1965-05-09,phil-read,確認済,,
1965,250cc,4,RAC,FRA,フランスGP,Rouen,1965-05-16,phil-read,確認済,,
1965,250cc,5,RAC,TT,マン島TT,Isle of Man,1965-06-18,jim-redman,確認済,,
1965,250cc,6,RAC,NED,オランダTT,TT Circuit Assen,1965-06-26,phil-read,確認済,,
1965,250cc,7,RAC,BEL,ベルギーGP,Spa-Francorchamps,1965-07-04,jim-redman,確認済,,
1965,250cc,8,RAC,EGER,東ドイツGP,Sachsenring,1965-07-18,jim-redman,確認済,公式リザルトに結果データがないため、優勝者のみ掲載（出典：英語版Wikipedia シーズン記事の日程表）,
1965,250cc,9,RAC,TCH,チェコスロバキアGP,CREDITAS Autodrom Brno,1965-07-25,phil-read,確認済,,
1965,250cc,10,RAC,ULST,アルスターGP,Belfast,1965-08-07,phil-read,確認済,,
1965,250cc,11,RAC,FIN,フィンランドGP,Imatra,1965-08-22,michelle-duff,確認済,公式リザルトに結果データがないため、優勝者のみ掲載（出典：英語版Wikipedia シーズン記事の日程表）,
1965,250cc,12,RAC,NAT,ネイションズGP,Monza,1965-09-05,tarquinio-provini,確認済,,
1965,250cc,13,RAC,JPN,日本GP,Suzuka,1965-10-24,mike-hailwood,確認済,公式リザルトに結果データがないため、優勝者のみ掲載（出典：英語版Wikipedia シーズン記事の日程表）,
1965,350cc,1,RAC,WGER,西ドイツGP,Nurburgring,1965-04-25,giacomo-agostini,確認済,,
1965,350cc,2,RAC,TT,マン島TT,Isle of Man,1965-06-18,jim-redman,確認済,,
1965,350cc,3,RAC,NED,オランダTT,TT Circuit Assen,1965-06-26,jim-redman,確認済,,
1965,350cc,4,RAC,EGER,東ドイツGP,Sachsenring,1965-07-18,jim-redman,確認済,,
1965,350cc,5,RAC,TCH,チェコスロバキアGP,CREDITAS Autodrom Brno,1965-07-25,jim-redman,確認済,,
1965,350cc,6,RAC,ULST,アルスターGP,Belfast,1965-08-07,franta-stastny,確認済,,
1965,350cc,7,RAC,FIN,フィンランドGP,Imatra,1965-08-22,giacomo-agostini,確認済,,
1965,350cc,8,RAC,NAT,ネイションズGP,Monza,1965-09-05,giacomo-agostini,確認済,,
1965,350cc,9,RAC,JPN,日本GP,Suzuka,1965-10-24,mike-hailwood,確認済,,
1965,125cc,1,RAC,USA,アメリカGP,Daytona,1965-03-21,hugh-anderson,確認済,,
1965,125cc,2,RAC,WGER,西ドイツGP,Nurburgring,1965-04-25,hugh-anderson,確認済,,
1965,125cc,3,RAC,SPA,スペインGP,Montjuïc,1965-05-09,hugh-anderson,確認済,,
1965,125cc,4,RAC,FRA,フランスGP,Rouen,1965-05-16,hugh-anderson,確認済,公式リザルトに結果データがないため、優勝者のみ掲載（出典：英語版Wikipedia シーズン記事の日程表）,
1965,125cc,5,RAC,TT,マン島TT,Isle of Man,1965-06-18,phil-read,確認済,公式リザルトに結果データがないため、優勝者のみ掲載（出典：英語版Wikipedia シーズン記事の日程表）,
1965,125cc,6,RAC,NED,オランダTT,TT Circuit Assen,1965-06-26,michelle-duff,確認済,,
1965,125cc,7,RAC,EGER,東ドイツGP,Sachsenring,1965-07-18,frank-perris,確認済,公式リザルトに結果データがないため、優勝者のみ掲載（出典：英語版Wikipedia シーズン記事の日程表）,
1965,125cc,8,RAC,TCH,チェコスロバキアGP,CREDITAS Autodrom Brno,1965-07-25,frank-perris,確認済,,
1965,125cc,9,RAC,ULST,アルスターGP,Belfast,1965-08-07,ernst-degner,確認済,,
1965,125cc,10,RAC,FIN,フィンランドGP,Imatra,1965-08-22,hugh-anderson,確認済,公式リザルトに結果データがないため、優勝者のみ掲載（出典：英語版Wikipedia シーズン記事の日程表）,
1965,125cc,11,RAC,NAT,ネイションズGP,Monza,1965-09-05,hugh-anderson,確認済,,
1965,125cc,12,RAC,JPN,日本GP,Suzuka,1965-10-24,hugh-anderson,確認済,公式リザルトに結果データがないため、優勝者のみ掲載（出典：英語版Wikipedia シーズン記事の日程表）,
1965,50cc,1,RAC,USA,アメリカGP,Daytona,1965-03-21,ernst-degner,確認済,公式リザルトに結果データがないため、優勝者のみ掲載（出典：英語版Wikipedia シーズン記事の日程表）,
1965,50cc,2,RAC,WGER,西ドイツGP,Nurburgring,1965-04-25,ralph-bryans,確認済,,
1965,50cc,3,RAC,SPA,スペインGP,Montjuïc,1965-05-09,hugh-anderson,確認済,公式リザルトに結果データがないため、優勝者のみ掲載（出典：英語版Wikipedia シーズン記事の日程表）,
1965,50cc,4,RAC,FRA,フランスGP,Rouen,1965-05-16,ralph-bryans,確認済,公式リザルトに結果データがないため、優勝者のみ掲載（出典：英語版Wikipedia シーズン記事の日程表）,
1965,50cc,5,RAC,TT,マン島TT,Isle of Man,1965-06-18,luigi-taveri,確認済,,
1965,50cc,6,RAC,NED,オランダTT,TT Circuit Assen,1965-06-26,ralph-bryans,確認済,公式リザルトに結果データがないため、優勝者のみ掲載（出典：英語版Wikipedia シーズン記事の日程表）,
1965,50cc,7,RAC,BEL,ベルギーGP,Spa-Francorchamps,1965-07-04,ernst-degner,確認済,,
1965,50cc,8,RAC,JPN,日本GP,Suzuka,1965-10-24,luigi-taveri,確認済,,
1966,500cc,1,RAC,WGER,西ドイツGP,Hockenheim,1966-05-22,jim-redman,確認済,公式リザルトに結果データがないため、ポイント獲得者などの着順のみ掲載（出典：英語版Wikipedia 年間順位表）,
1966,500cc,2,RAC,NED,オランダTT,TT Circuit Assen,1966-06-25,jim-redman,確認済,,
1966,500cc,3,RAC,BEL,ベルギーGP,Spa-Francorchamps,1966-07-03,giacomo-agostini,確認済,公式リザルトに結果データがないため、ポイント獲得者などの着順のみ掲載（出典：英語版Wikipedia 年間順位表）,
1966,500cc,4,RAC,EGER,東ドイツGP,Sachsenring,1966-07-17,franta-stastny,確認済,公式リザルトに結果データがないため、ポイント獲得者などの着順のみ掲載（出典：英語版Wikipedia 年間順位表）,
1966,500cc,5,RAC,TCH,チェコスロバキアGP,CREDITAS Autodrom Brno,1966-07-24,mike-hailwood,確認済,,
1966,500cc,6,RAC,FIN,フィンランドGP,Imatra,1966-08-07,giacomo-agostini,確認済,公式リザルトに結果データがないため、ポイント獲得者などの着順のみ掲載（出典：英語版Wikipedia 年間順位表）,
1966,500cc,7,RAC,ULST,アルスターGP,Belfast,1966-08-20,mike-hailwood,確認済,,
1966,500cc,8,RAC,TT,マン島TT,Isle of Man,1966-09-02,mike-hailwood,確認済,公式リザルトに結果データがないため、ポイント獲得者などの着順のみ掲載（出典：英語版Wikipedia 年間順位表）,
1966,500cc,9,RAC,NAT,ネイションズGP,Monza,1966-09-11,giacomo-agostini,確認済,,
1966,250cc,1,RAC,SPA,スペインGP,Montjuïc,1966-05-08,mike-hailwood,確認済,公式リザルトに結果データがないため、優勝者のみ掲載（出典：英語版Wikipedia シーズン記事の日程表）,
1966,250cc,2,RAC,WGER,西ドイツGP,Hockenheim,1966-05-22,mike-hailwood,確認済,,
1966,250cc,3,RAC,FRA,フランスGP,Clermont-Ferrand,1966-05-29,mike-hailwood,確認済,公式リザルトに結果データがないため、優勝者のみ掲載（出典：英語版Wikipedia シーズン記事の日程表）,
1966,250cc,4,RAC,NED,オランダTT,TT Circuit Assen,1966-06-25,mike-hailwood,確認済,,
1966,250cc,5,RAC,BEL,ベルギーGP,Spa-Francorchamps,1966-07-03,mike-hailwood,確認済,,
1966,250cc,6,RAC,EGER,東ドイツGP,Sachsenring,1966-07-17,mike-hailwood,確認済,,
1966,250cc,7,RAC,TCH,チェコスロバキアGP,CREDITAS Autodrom Brno,1966-07-24,mike-hailwood,確認済,,
1966,250cc,8,RAC,FIN,フィンランドGP,Imatra,1966-08-07,mike-hailwood,確認済,,
1966,250cc,9,RAC,ULST,アルスターGP,Belfast,1966-08-20,ginger-molloy,確認済,,
1966,250cc,10,RAC,TT,マン島TT,Isle of Man,1966-09-02,mike-hailwood,確認済,,
1966,250cc,11,RAC,NAT,ネイションズGP,Monza,1966-09-11,mike-hailwood,確認済,,
1966,250cc,12,RAC,JPN,日本GP,Fisco,1966-10-17,hiroshi-hasegawa,確認済,,
1966,350cc,1,RAC,WGER,西ドイツGP,Hockenheim,1966-05-22,mike-hailwood,確認済,,
1966,350cc,2,RAC,FRA,フランスGP,Clermont-Ferrand,1966-05-29,mike-hailwood,確認済,公式リザルトに結果データがないため、優勝者のみ掲載（出典：英語版Wikipedia シーズン記事の日程表）,
1966,350cc,3,RAC,NED,オランダTT,TT Circuit Assen,1966-06-25,mike-hailwood,確認済,,
1966,350cc,4,RAC,BEL,ベルギーGP,Spa-Francorchamps,1966-07-03,,要確認,公式リザルトに結果データなし（未収録）,
1966,350cc,5,RAC,EGER,東ドイツGP,Sachsenring,1966-07-17,giacomo-agostini,確認済,公式リザルトに結果データがないため、優勝者のみ掲載（出典：英語版Wikipedia シーズン記事の日程表）,
1966,350cc,6,RAC,TCH,チェコスロバキアGP,CREDITAS Autodrom Brno,1966-07-24,mike-hailwood,確認済,公式リザルトに結果データがないため、優勝者のみ掲載（出典：英語版Wikipedia シーズン記事の日程表）,
1966,350cc,7,RAC,FIN,フィンランドGP,Imatra,1966-08-07,mike-hailwood,確認済,,
1966,350cc,8,RAC,ULST,アルスターGP,Belfast,1966-08-20,mike-hailwood,確認済,公式リザルトに結果データがないため、優勝者のみ掲載（出典：英語版Wikipedia シーズン記事の日程表）,
1966,350cc,9,RAC,TT,マン島TT,Isle of Man,1966-09-02,giacomo-agostini,確認済,,
1966,350cc,10,RAC,NAT,ネイションズGP,Monza,1966-09-11,giacomo-agostini,確認済,公式リザルトに結果データがないため、優勝者のみ掲載（出典：英語版Wikipedia シーズン記事の日程表）,
1966,350cc,11,RAC,JPN,日本GP,Fisco,1966-10-17,phil-read,確認済,,
1966,125cc,1,RAC,SPA,スペインGP,Montjuïc,1966-05-08,bill-ivy,確認済,,
1966,125cc,2,RAC,WGER,西ドイツGP,Hockenheim,1966-05-22,luigi-taveri,確認済,,
1966,125cc,3,RAC,NED,オランダTT,TT Circuit Assen,1966-06-25,bill-ivy,確認済,公式リザルトに結果データがないため、優勝者のみ掲載（出典：英語版Wikipedia シーズン記事の日程表）,
1966,125cc,4,RAC,EGER,東ドイツGP,Sachsenring,1966-07-17,luigi-taveri,確認済,,
1966,125cc,5,RAC,TCH,チェコスロバキアGP,CREDITAS Autodrom Brno,1966-07-24,luigi-taveri,確認済,,
1966,125cc,6,RAC,FIN,フィンランドGP,Imatra,1966-08-07,phil-read,確認済,,
1966,125cc,7,RAC,ULST,アルスターGP,Belfast,1966-08-20,luigi-taveri,確認済,,
1966,125cc,8,RAC,TT,マン島TT,Isle of Man,1966-09-02,bill-ivy,確認済,,
1966,125cc,9,RAC,NAT,ネイションズGP,Monza,1966-09-11,luigi-taveri,確認済,,
1966,125cc,10,RAC,JPN,日本GP,Fisco,1966-10-17,bill-ivy,確認済,,
1966,50cc,1,RAC,SPA,スペインGP,Montjuïc,1966-05-08,luigi-taveri,確認済,,
1966,50cc,2,RAC,WGER,西ドイツGP,Hockenheim,1966-05-22,hans-georg-anscheidt,確認済,,
1966,50cc,3,RAC,NED,オランダTT,TT Circuit Assen,1966-06-25,luigi-taveri,確認済,,
1966,50cc,4,RAC,TT,マン島TT,Isle of Man,1966-09-02,ralph-bryans,確認済,公式リザルトに結果データがないため、優勝者のみ掲載（出典：英語版Wikipedia シーズン記事の日程表）,
1966,50cc,5,RAC,NAT,ネイションズGP,Monza,1966-09-11,hans-georg-anscheidt,確認済,,
1966,50cc,6,RAC,JPN,日本GP,Fisco,1966-10-17,yoshimi-katayama,確認済,公式リザルトに結果データがないため、優勝者のみ掲載（出典：英語版Wikipedia シーズン記事の日程表）,
1967,500cc,1,RAC,WGER,西ドイツGP,Hockenheim,1967-05-07,giacomo-agostini,確認済,,
1967,500cc,2,RAC,TT,マン島TT,Isle of Man,1967-06-16,mike-hailwood,確認済,,
1967,500cc,3,RAC,NED,オランダTT,TT Circuit Assen,1967-06-24,mike-hailwood,確認済,,
1967,500cc,4,RAC,BEL,ベルギーGP,Spa-Francorchamps,1967-07-02,giacomo-agostini,確認済,公式リザルトに結果データがないため、ポイント獲得者などの着順のみ掲載（出典：英語版Wikipedia 年間順位表）,
1967,500cc,5,RAC,EGER,東ドイツGP,Sachsenring,1967-07-16,giacomo-agostini,確認済,,
1967,500cc,6,RAC,TCH,チェコスロバキアGP,CREDITAS Autodrom Brno,1967-07-23,mike-hailwood,確認済,,
1967,500cc,7,RAC,FIN,フィンランドGP,Imatra,1967-08-06,giacomo-agostini,確認済,公式リザルトに結果データがないため、ポイント獲得者などの着順のみ掲載（出典：英語版Wikipedia 年間順位表）,
1967,500cc,8,RAC,ULST,アルスターGP,Belfast,1967-08-19,mike-hailwood,確認済,,
1967,500cc,9,RAC,NAT,ネイションズGP,Monza,1967-09-03,giacomo-agostini,確認済,,
1967,500cc,10,RAC,CAN,カナダGP,Mosport,1967-09-30,mike-hailwood,確認済,,
1967,250cc,1,RAC,SPA,スペインGP,Montjuïc,1967-04-30,phil-read,確認済,,
1967,250cc,2,RAC,WGER,西ドイツGP,Hockenheim,1967-05-07,ralph-bryans,確認済,公式リザルトに結果データがないため、優勝者のみ掲載（出典：英語版Wikipedia シーズン記事の日程表）,
1967,250cc,3,RAC,FRA,フランスGP,Clermont-Ferrand,1967-05-21,bill-ivy,確認済,,
1967,250cc,4,RAC,TT,マン島TT,Isle of Man,1967-06-16,mike-hailwood,確認済,,
1967,250cc,5,RAC,NED,オランダTT,TT Circuit Assen,1967-06-24,mike-hailwood,確認済,,
1967,250cc,6,RAC,BEL,ベルギーGP,Spa-Francorchamps,1967-07-02,bill-ivy,確認済,,
1967,250cc,7,RAC,EGER,東ドイツGP,Sachsenring,1967-07-16,phil-read,確認済,,
1967,250cc,8,RAC,TCH,チェコスロバキアGP,CREDITAS Autodrom Brno,1967-07-23,phil-read,確認済,,
1967,250cc,9,RAC,FIN,フィンランドGP,Imatra,1967-08-06,mike-hailwood,確認済,,
1967,250cc,10,RAC,ULST,アルスターGP,Belfast,1967-08-19,mike-hailwood,確認済,,
1967,250cc,11,RAC,NAT,ネイションズGP,Monza,1967-09-03,phil-read,確認済,公式リザルトに結果データがないため、優勝者のみ掲載（出典：英語版Wikipedia シーズン記事の日程表）,
1967,250cc,12,RAC,CAN,カナダGP,Mosport,1967-09-30,mike-hailwood,確認済,,
1967,250cc,13,RAC,JPN,日本GP,Fisco,1967-10-14,ralph-bryans,確認済,,
1967,350cc,1,RAC,WGER,西ドイツGP,Hockenheim,1967-05-07,mike-hailwood,確認済,,
1967,350cc,2,RAC,TT,マン島TT,Isle of Man,1967-06-16,mike-hailwood,確認済,,
1967,350cc,3,RAC,NED,オランダTT,TT Circuit Assen,1967-06-24,mike-hailwood,確認済,,
1967,350cc,4,RAC,EGER,東ドイツGP,Sachsenring,1967-07-16,mike-hailwood,確認済,公式リザルトに結果データがないため、優勝者のみ掲載（出典：英語版Wikipedia シーズン記事の日程表）,
1967,350cc,5,RAC,TCH,チェコスロバキアGP,CREDITAS Autodrom Brno,1967-07-23,mike-hailwood,確認済,,
1967,350cc,6,RAC,ULST,アルスターGP,Belfast,1967-08-19,giacomo-agostini,確認済,公式リザルトに結果データがないため、優勝者のみ掲載（出典：英語版Wikipedia シーズン記事の日程表）,
1967,350cc,7,RAC,NAT,ネイションズGP,Monza,1967-09-03,ralph-bryans,確認済,,
1967,350cc,8,RAC,JPN,日本GP,Fisco,1967-10-14,mike-hailwood,確認済,,
1967,125cc,1,RAC,SPA,スペインGP,Montjuïc,1967-04-30,bill-ivy,確認済,,
1967,125cc,2,RAC,WGER,西ドイツGP,Hockenheim,1967-05-07,yoshimi-katayama,確認済,,
1967,125cc,3,RAC,FRA,フランスGP,Clermont-Ferrand,1967-05-21,bill-ivy,確認済,,
1967,125cc,4,RAC,TT,マン島TT,Isle of Man,1967-06-16,phil-read,確認済,,
1967,125cc,5,RAC,NED,オランダTT,TT Circuit Assen,1967-06-24,phil-read,確認済,,
1967,125cc,6,RAC,EGER,東ドイツGP,Sachsenring,1967-07-16,bill-ivy,確認済,,
1967,125cc,7,RAC,TCH,チェコスロバキアGP,CREDITAS Autodrom Brno,1967-07-23,bill-ivy,確認済,公式リザルトに結果データがないため、優勝者のみ掲載（出典：英語版Wikipedia シーズン記事の日程表）,
1967,125cc,8,RAC,FIN,フィンランドGP,Imatra,1967-08-06,stuart-graham,確認済,,
1967,125cc,9,RAC,ULST,アルスターGP,Belfast,1967-08-19,bill-ivy,確認済,,
1967,125cc,10,RAC,NAT,ネイションズGP,Monza,1967-09-03,bill-ivy,確認済,,
1967,125cc,11,RAC,CAN,カナダGP,Mosport,1967-09-30,bill-ivy,確認済,公式リザルトに結果データがないため、上位3名のみ掲載（出典：英語版Wikipedia 各GP記事）,
1967,125cc,12,RAC,JPN,日本GP,Fisco,1967-10-14,bill-ivy,確認済,公式リザルトに結果データがないため、優勝者のみ掲載（出典：英語版Wikipedia シーズン記事の日程表）,
1967,50cc,1,RAC,SPA,スペインGP,Montjuïc,1967-04-30,hans-georg-anscheidt,確認済,公式リザルトに結果データがないため、優勝者のみ掲載（出典：英語版Wikipedia シーズン記事の日程表）,
1967,50cc,2,RAC,WGER,西ドイツGP,Hockenheim,1967-05-07,hans-georg-anscheidt,確認済,,
1967,50cc,3,RAC,FRA,フランスGP,Clermont-Ferrand,1967-05-21,yoshimi-katayama,確認済,公式リザルトに結果データがないため、優勝者のみ掲載（出典：英語版Wikipedia シーズン記事の日程表）,
1967,50cc,4,RAC,TT,マン島TT,Isle of Man,1967-06-16,stuart-graham,確認済,公式リザルトに結果データがないため、優勝者のみ掲載（出典：英語版Wikipedia シーズン記事の日程表）,
1967,50cc,5,RAC,NED,オランダTT,TT Circuit Assen,1967-06-24,yoshimi-katayama,確認済,公式リザルトに結果データがないため、優勝者のみ掲載（出典：英語版Wikipedia シーズン記事の日程表）,
1967,50cc,6,RAC,BEL,ベルギーGP,Spa-Francorchamps,1967-07-02,hans-georg-anscheidt,確認済,,
1967,50cc,7,RAC,JPN,日本GP,Fisco,1967-10-14,mitsuo-itoh,確認済,,
1968,500cc,1,RAC,WGER,西ドイツGP,Nurburgring,1968-04-21,giacomo-agostini,確認済,,
1968,500cc,2,RAC,SPA,スペインGP,Montjuïc,1968-05-05,giacomo-agostini,確認済,,
1968,500cc,3,RAC,TT,マン島TT,Isle of Man,1968-06-14,giacomo-agostini,確認済,,
1968,500cc,4,RAC,NED,オランダTT,TT Circuit Assen,1968-06-29,giacomo-agostini,確認済,公式リザルトに結果データがないため、ポイント獲得者などの着順のみ掲載（出典：英語版Wikipedia 年間順位表）,
1968,500cc,5,RAC,BEL,ベルギーGP,Spa-Francorchamps,1968-07-07,giacomo-agostini,確認済,,
1968,500cc,6,RAC,EGER,東ドイツGP,Sachsenring,1968-07-14,giacomo-agostini,確認済,公式リザルトに結果データがないため、ポイント獲得者などの着順のみ掲載（出典：英語版Wikipedia 年間順位表）,
1968,500cc,7,RAC,TCH,チェコスロバキアGP,CREDITAS Autodrom Brno,1968-07-21,giacomo-agostini,確認済,,
1968,500cc,8,RAC,FIN,フィンランドGP,Imatra,1968-08-04,giacomo-agostini,確認済,公式リザルトに結果データがないため、ポイント獲得者などの着順のみ掲載（出典：英語版Wikipedia 年間順位表）,
1968,500cc,9,RAC,ULST,アルスターGP,Belfast,1968-08-17,giacomo-agostini,確認済,公式リザルトに結果データがないため、ポイント獲得者などの着順のみ掲載（出典：英語版Wikipedia 年間順位表）,
1968,500cc,10,RAC,NAT,ネイションズGP,Monza,1968-09-15,giacomo-agostini,確認済,,
1968,250cc,1,RAC,WGER,西ドイツGP,Nurburgring,1968-04-21,bill-ivy,確認済,,
1968,250cc,2,RAC,SPA,スペインGP,Montjuïc,1968-05-05,phil-read,確認済,,
1968,250cc,3,RAC,TT,マン島TT,Isle of Man,1968-06-14,bill-ivy,確認済,,
1968,250cc,4,RAC,NED,オランダTT,TT Circuit Assen,1968-06-29,bill-ivy,確認済,,
1968,250cc,5,RAC,BEL,ベルギーGP,Spa-Francorchamps,1968-07-07,phil-read,確認済,公式リザルトに結果データがないため、優勝者のみ掲載（出典：英語版Wikipedia シーズン記事の日程表）,
1968,250cc,6,RAC,EGER,東ドイツGP,Sachsenring,1968-07-14,bill-ivy,確認済,,
1968,250cc,7,RAC,TCH,チェコスロバキアGP,CREDITAS Autodrom Brno,1968-07-21,phil-read,確認済,,
1968,250cc,8,RAC,FIN,フィンランドGP,Imatra,1968-08-04,phil-read,確認済,,
1968,250cc,9,RAC,ULST,アルスターGP,Belfast,1968-08-17,bill-ivy,確認済,,
1968,250cc,10,RAC,NAT,ネイションズGP,Monza,1968-09-15,phil-read,確認済,,
1968,350cc,1,RAC,WGER,西ドイツGP,Nurburgring,1968-04-21,giacomo-agostini,確認済,,
1968,350cc,2,RAC,TT,マン島TT,Isle of Man,1968-06-14,giacomo-agostini,確認済,,
1968,350cc,3,RAC,NED,オランダTT,TT Circuit Assen,1968-06-29,giacomo-agostini,確認済,,
1968,350cc,4,RAC,EGER,東ドイツGP,Sachsenring,1968-07-14,giacomo-agostini,確認済,,
1968,350cc,5,RAC,TCH,チェコスロバキアGP,CREDITAS Autodrom Brno,1968-07-21,giacomo-agostini,確認済,公式リザルトに結果データがないため、優勝者のみ掲載（出典：英語版Wikipedia シーズン記事の日程表）,
1968,350cc,6,RAC,ULST,アルスターGP,Belfast,1968-08-17,giacomo-agostini,確認済,,
1968,350cc,7,RAC,NAT,ネイションズGP,Monza,1968-09-15,giacomo-agostini,確認済,公式リザルトに結果データがないため、優勝者のみ掲載（出典：英語版Wikipedia シーズン記事の日程表）,
1968,125cc,1,RAC,WGER,西ドイツGP,Nurburgring,1968-04-21,phil-read,確認済,,
1968,125cc,2,RAC,SPA,スペインGP,Montjuïc,1968-05-05,salvador-canellas,確認済,公式リザルトに結果データがないため、優勝者のみ掲載（出典：英語版Wikipedia シーズン記事の日程表）,
1968,125cc,3,RAC,TT,マン島TT,Isle of Man,1968-06-14,phil-read,確認済,,
1968,125cc,4,RAC,NED,オランダTT,TT Circuit Assen,1968-06-29,phil-read,確認済,,
1968,125cc,5,RAC,EGER,東ドイツGP,Sachsenring,1968-07-14,phil-read,確認済,,
1968,125cc,6,RAC,TCH,チェコスロバキアGP,CREDITAS Autodrom Brno,1968-07-21,phil-read,確認済,,
1968,125cc,7,RAC,FIN,フィンランドGP,Imatra,1968-08-04,phil-read,確認済,,
1968,125cc,8,RAC,ULST,アルスターGP,Belfast,1968-08-17,bill-ivy,確認済,,
1968,125cc,9,RAC,NAT,ネイションズGP,Monza,1968-09-15,bill-ivy,確認済,,
1968,50cc,1,RAC,WGER,西ドイツGP,Nurburgring,1968-04-21,hans-georg-anscheidt,確認済,公式リザルトに結果データがないため、優勝者のみ掲載（出典：英語版Wikipedia シーズン記事の日程表）,
1968,50cc,2,RAC,SPA,スペインGP,Montjuïc,1968-05-05,hans-georg-anscheidt,確認済,,
1968,50cc,3,RAC,TT,マン島TT,Isle of Man,1968-06-14,barry-smith,確認済,公式リザルトに結果データがないため、優勝者のみ掲載（出典：英語版Wikipedia シーズン記事の日程表）,
1968,50cc,4,RAC,NED,オランダTT,TT Circuit Assen,1968-06-29,paul-lodewijkx,確認済,,
1968,50cc,5,RAC,BEL,ベルギーGP,Spa-Francorchamps,1968-07-07,hans-georg-anscheidt,確認済,,
1969,500cc,1,RAC,SPA,スペインGP,Jarama,1969-05-04,giacomo-agostini,確認済,,
1969,500cc,2,RAC,WGER,西ドイツGP,Hockenheim,1969-05-11,giacomo-agostini,確認済,,
1969,500cc,3,RAC,FRA,フランスGP,Le Mans,1969-05-18,giacomo-agostini,確認済,,
1969,500cc,4,RAC,TT,マン島TT,Isle of Man,1969-06-13,giacomo-agostini,確認済,,
1969,500cc,5,RAC,NED,オランダTT,TT Circuit Assen,1969-06-28,giacomo-agostini,確認済,,
1969,500cc,6,RAC,BEL,ベルギーGP,Spa-Francorchamps,1969-07-06,giacomo-agostini,確認済,,
1969,500cc,7,RAC,EGER,東ドイツGP,Sachsenring,1969-07-13,giacomo-agostini,確認済,,
1969,500cc,8,RAC,TCH,チェコスロバキアGP,CREDITAS Autodrom Brno,1969-07-20,giacomo-agostini,確認済,,
1969,500cc,9,RAC,FIN,フィンランドGP,Imatra,1969-08-03,giacomo-agostini,確認済,公式リザルトに結果データがないため、ポイント獲得者などの着順のみ掲載（出典：英語版Wikipedia 年間順位表）,
1969,500cc,10,RAC,ULST,アルスターGP,Belfast,1969-08-16,giacomo-agostini,確認済,,
1969,500cc,11,RAC,NAT,ネイションズGP,Imola,1969-09-07,alberto-pagani,確認済,,
1969,500cc,12,RAC,JUG,ユーゴスラビアGP,Opatija,1969-09-14,godfrey-nash,確認済,,
1969,250cc,1,RAC,SPA,スペインGP,Jarama,1969-05-04,santiago-herrero,確認済,,
1969,250cc,2,RAC,WGER,西ドイツGP,Hockenheim,1969-05-11,kent-andersson,確認済,,
1969,250cc,3,RAC,FRA,フランスGP,Le Mans,1969-05-18,santiago-herrero,確認済,,
1969,250cc,4,RAC,TT,マン島TT,Isle of Man,1969-06-13,kel-carruthers,確認済,公式リザルトに結果データがないため、優勝者のみ掲載（出典：英語版Wikipedia シーズン記事の日程表）,
1969,250cc,5,RAC,NED,オランダTT,TT Circuit Assen,1969-06-28,renzo-pasolini,確認済,,
1969,250cc,6,RAC,BEL,ベルギーGP,Spa-Francorchamps,1969-07-06,santiago-herrero,確認済,公式リザルトに結果データがないため、優勝者のみ掲載（出典：英語版Wikipedia シーズン記事の日程表）,
1969,250cc,7,RAC,EGER,東ドイツGP,Sachsenring,1969-07-13,renzo-pasolini,確認済,公式リザルトに結果データがないため、優勝者のみ掲載（出典：英語版Wikipedia シーズン記事の日程表）,
1969,250cc,8,RAC,TCH,チェコスロバキアGP,CREDITAS Autodrom Brno,1969-07-20,renzo-pasolini,確認済,,
1969,250cc,9,RAC,FIN,フィンランドGP,Imatra,1969-08-03,kent-andersson,確認済,,
1969,250cc,10,RAC,ULST,アルスターGP,Belfast,1969-08-16,kel-carruthers,確認済,,
1969,250cc,11,RAC,NAT,ネイションズGP,Imola,1969-09-07,phil-read,確認済,,
1969,250cc,12,RAC,JUG,ユーゴスラビアGP,Opatija,1969-09-14,kel-carruthers,確認済,,
1969,350cc,1,RAC,SPA,スペインGP,Jarama,1969-05-04,giacomo-agostini,確認済,,
1969,350cc,2,RAC,WGER,西ドイツGP,Hockenheim,1969-05-11,giacomo-agostini,確認済,,
1969,350cc,3,RAC,TT,マン島TT,Isle of Man,1969-06-13,giacomo-agostini,確認済,,
1969,350cc,4,RAC,NED,オランダTT,TT Circuit Assen,1969-06-28,giacomo-agostini,確認済,,
1969,350cc,5,RAC,EGER,東ドイツGP,Sachsenring,1969-07-13,giacomo-agostini,確認済,,
1969,350cc,6,RAC,TCH,チェコスロバキアGP,CREDITAS Autodrom Brno,1969-07-20,giacomo-agostini,確認済,公式リザルトに結果データがないため、優勝者のみ掲載（出典：英語版Wikipedia シーズン記事の日程表）,
1969,350cc,7,RAC,FIN,フィンランドGP,Imatra,1969-08-03,giacomo-agostini,確認済,,
1969,350cc,8,RAC,ULST,アルスターGP,Belfast,1969-08-16,giacomo-agostini,確認済,公式リザルトに結果データがないため、優勝者のみ掲載（出典：英語版Wikipedia シーズン記事の日程表）,
1969,350cc,9,RAC,NAT,ネイションズGP,Imola,1969-09-07,phil-read,確認済,,
1969,350cc,10,RAC,JUG,ユーゴスラビアGP,Opatija,1969-09-14,silvio-grassetti,確認済,,
1969,125cc,1,RAC,SPA,スペインGP,Jarama,1969-05-04,cees-van-dongen,確認済,,
1969,125cc,2,RAC,WGER,西ドイツGP,Hockenheim,1969-05-11,dave-simmonds,確認済,公式リザルトに結果データがないため、優勝者のみ掲載（出典：英語版Wikipedia シーズン記事の日程表）,
1969,125cc,3,RAC,FRA,フランスGP,Le Mans,1969-05-18,jean-aureal,確認済,公式リザルトに結果データがないため、優勝者のみ掲載（出典：英語版Wikipedia シーズン記事の日程表）,
1969,125cc,4,RAC,TT,マン島TT,Isle of Man,1969-06-13,dave-simmonds,確認済,,
1969,125cc,5,RAC,NED,オランダTT,TT Circuit Assen,1969-06-28,dave-simmonds,確認済,公式リザルトに結果データがないため、優勝者のみ掲載（出典：英語版Wikipedia シーズン記事の日程表）,
1969,125cc,6,RAC,BEL,ベルギーGP,Spa-Francorchamps,1969-07-06,dave-simmonds,確認済,,
1969,125cc,7,RAC,EGER,東ドイツGP,Sachsenring,1969-07-13,dave-simmonds,確認済,,
1969,125cc,8,RAC,TCH,チェコスロバキアGP,CREDITAS Autodrom Brno,1969-07-20,dave-simmonds,確認済,,
1969,125cc,9,RAC,FIN,フィンランドGP,Imatra,1969-08-03,dave-simmonds,確認済,,
1969,125cc,10,RAC,NAT,ネイションズGP,Imola,1969-09-07,dave-simmonds,確認済,公式リザルトに結果データがないため、優勝者のみ掲載（出典：英語版Wikipedia シーズン記事の日程表）,
1969,125cc,11,RAC,JUG,ユーゴスラビアGP,Opatija,1969-09-14,dieter-braun,確認済,,
1969,50cc,1,RAC,SPA,スペインGP,Jarama,1969-05-04,aalt-toersen,確認済,公式リザルトに結果データがないため、優勝者のみ掲載（出典：英語版Wikipedia シーズン記事の日程表）,
1969,50cc,2,RAC,WGER,西ドイツGP,Hockenheim,1969-05-11,aalt-toersen,確認済,,
1969,50cc,3,RAC,FRA,フランスGP,Le Mans,1969-05-18,aalt-toersen,確認済,,
1969,50cc,4,RAC,NED,オランダTT,TT Circuit Assen,1969-06-28,barry-smith,確認済,,
1969,50cc,5,RAC,BEL,ベルギーGP,Spa-Francorchamps,1969-07-06,barry-smith,確認済,,
1969,50cc,6,RAC,EGER,東ドイツGP,Sachsenring,1969-07-13,angel-nieto,確認済,,
1969,50cc,7,RAC,TCH,チェコスロバキアGP,CREDITAS Autodrom Brno,1969-07-20,paul-lodewijkx,確認済,,
1969,50cc,8,RAC,ULST,アルスターGP,Belfast,1969-08-16,angel-nieto,確認済,,
1969,50cc,9,RAC,NAT,ネイションズGP,Imola,1969-09-07,paul-lodewijkx,確認済,,
1969,50cc,10,RAC,JUG,ユーゴスラビアGP,Opatija,1969-09-14,paul-lodewijkx,確認済,公式リザルトに結果データがないため、優勝者のみ掲載（出典：英語版Wikipedia シーズン記事の日程表）,
1970,500cc,1,RAC,WGER,西ドイツGP,Nurburgring,1970-05-03,giacomo-agostini,確認済,公式リザルトに結果データがないため、ポイント獲得者などの着順のみ掲載（出典：英語版Wikipedia 年間順位表）,
1970,500cc,2,RAC,FRA,フランスGP,Le Mans,1970-05-17,giacomo-agostini,確認済,,
1970,500cc,3,RAC,JUG,ユーゴスラビアGP,Opatija,1970-05-24,giacomo-agostini,確認済,,
1970,500cc,4,RAC,TT,マン島TT,Isle of Man,1970-06-12,giacomo-agostini,確認済,,
1970,500cc,5,RAC,NED,オランダTT,TT Circuit Assen,1970-06-27,giacomo-agostini,確認済,,
1970,500cc,6,RAC,BEL,ベルギーGP,Spa-Francorchamps,1970-07-05,giacomo-agostini,確認済,,
1970,500cc,7,RAC,EGER,東ドイツGP,Sachsenring,1970-07-12,giacomo-agostini,確認済,公式リザルトに結果データがないため、ポイント獲得者などの着順のみ掲載（出典：英語版Wikipedia 年間順位表）,
1970,500cc,8,RAC,FIN,フィンランドGP,Imatra,1970-08-02,giacomo-agostini,確認済,,
1970,500cc,9,RAC,ULST,アルスターGP,Belfast,1970-08-15,giacomo-agostini,確認済,公式リザルトに結果データがないため、ポイント獲得者などの着順のみ掲載（出典：英語版Wikipedia 年間順位表）,
1970,500cc,10,RAC,NAT,ネイションズGP,Monza,1970-09-13,giacomo-agostini,確認済,,
1970,500cc,11,RAC,SPA,スペインGP,Montjuïc,1970-09-27,angelo-bergamonti,確認済,,
1970,250cc,1,RAC,WGER,西ドイツGP,Nurburgring,1970-05-03,kel-carruthers,確認済,,
1970,250cc,2,RAC,FRA,フランスGP,Le Mans,1970-05-17,rodney-gould,確認済,,
1970,250cc,3,RAC,JUG,ユーゴスラビアGP,Opatija,1970-05-24,santiago-herrero,確認済,,
1970,250cc,4,RAC,TT,マン島TT,Isle of Man,1970-06-12,kel-carruthers,確認済,公式リザルトに結果データがないため、優勝者のみ掲載（出典：英語版Wikipedia シーズン記事の日程表）,
1970,250cc,5,RAC,NED,オランダTT,TT Circuit Assen,1970-06-27,rodney-gould,確認済,,
1970,250cc,6,RAC,BEL,ベルギーGP,Spa-Francorchamps,1970-07-05,rodney-gould,確認済,,
1970,250cc,7,RAC,EGER,東ドイツGP,Sachsenring,1970-07-12,rodney-gould,確認済,,
1970,250cc,8,RAC,TCH,チェコスロバキアGP,CREDITAS Autodrom Brno,1970-07-19,kel-carruthers,確認済,公式リザルトに結果データがないため、優勝者のみ掲載（出典：英語版Wikipedia シーズン記事の日程表）,
1970,250cc,9,RAC,FIN,フィンランドGP,Imatra,1970-08-02,rodney-gould,確認済,,
1970,250cc,10,RAC,ULST,アルスターGP,Belfast,1970-08-15,kel-carruthers,確認済,,
1970,250cc,11,RAC,NAT,ネイションズGP,Monza,1970-09-13,rodney-gould,確認済,,
1970,250cc,12,RAC,SPA,スペインGP,Montjuïc,1970-09-27,kent-andersson,確認済,,
1970,350cc,1,RAC,WGER,西ドイツGP,Nurburgring,1970-05-03,giacomo-agostini,確認済,,
1970,350cc,2,RAC,JUG,ユーゴスラビアGP,Opatija,1970-05-24,giacomo-agostini,確認済,公式リザルトに結果データがないため、優勝者のみ掲載（出典：英語版Wikipedia シーズン記事の日程表）,
1970,350cc,3,RAC,TT,マン島TT,Isle of Man,1970-06-12,giacomo-agostini,確認済,,
1970,350cc,4,RAC,NED,オランダTT,TT Circuit Assen,1970-06-27,giacomo-agostini,確認済,,
1970,350cc,5,RAC,EGER,東ドイツGP,Sachsenring,1970-07-12,giacomo-agostini,確認済,,
1970,350cc,6,RAC,TCH,チェコスロバキアGP,CREDITAS Autodrom Brno,1970-07-19,giacomo-agostini,確認済,,
1970,350cc,7,RAC,FIN,フィンランドGP,Imatra,1970-08-02,giacomo-agostini,確認済,公式リザルトに結果データがないため、優勝者のみ掲載（出典：英語版Wikipedia シーズン記事の日程表）,
1970,350cc,8,RAC,ULST,アルスターGP,Belfast,1970-08-15,giacomo-agostini,確認済,,
1970,350cc,9,RAC,NAT,ネイションズGP,Monza,1970-09-13,giacomo-agostini,確認済,,
1970,350cc,10,RAC,SPA,スペインGP,Montjuïc,1970-09-27,angelo-bergamonti,確認済,,
1970,125cc,1,RAC,WGER,西ドイツGP,Nurburgring,1970-05-03,john-dodds,確認済,,
1970,125cc,2,RAC,FRA,フランスGP,Le Mans,1970-05-17,dieter-braun,確認済,,
1970,125cc,3,RAC,JUG,ユーゴスラビアGP,Opatija,1970-05-24,dieter-braun,確認済,,
1970,125cc,4,RAC,TT,マン島TT,Isle of Man,1970-06-12,dieter-braun,確認済,,
1970,125cc,5,RAC,NED,オランダTT,TT Circuit Assen,1970-06-27,dieter-braun,確認済,公式リザルトに結果データがないため、優勝者のみ掲載（出典：英語版Wikipedia シーズン記事の日程表）,
1970,125cc,6,RAC,BEL,ベルギーGP,Spa-Francorchamps,1970-07-05,angel-nieto,確認済,,
1970,125cc,7,RAC,EGER,東ドイツGP,Sachsenring,1970-07-12,angel-nieto,確認済,,
1970,125cc,8,RAC,TCH,チェコスロバキアGP,CREDITAS Autodrom Brno,1970-07-19,gilberto-parlotti,確認済,,
1970,125cc,9,RAC,FIN,フィンランドGP,Imatra,1970-08-02,dave-simmonds,確認済,,
1970,125cc,10,RAC,NAT,ネイションズGP,Monza,1970-09-13,angel-nieto,確認済,公式リザルトに結果データがないため、優勝者のみ掲載（出典：英語版Wikipedia シーズン記事の日程表）,
1970,125cc,11,RAC,SPA,スペインGP,Montjuïc,1970-09-27,angel-nieto,確認済,公式リザルトに結果データがないため、優勝者のみ掲載（出典：英語版Wikipedia シーズン記事の日程表）,
1970,50cc,1,RAC,WGER,西ドイツGP,Nurburgring,1970-05-03,angel-nieto,確認済,,
1970,50cc,2,RAC,FRA,フランスGP,Le Mans,1970-05-17,angel-nieto,確認済,公式リザルトに結果データがないため、上位3名のみ掲載（出典：英語版Wikipedia 各GP記事）,
1970,50cc,3,RAC,JUG,ユーゴスラビアGP,Opatija,1970-05-24,angel-nieto,確認済,,
1970,50cc,4,RAC,NED,オランダTT,TT Circuit Assen,1970-06-27,angel-nieto,確認済,,
1970,50cc,5,RAC,BEL,ベルギーGP,Spa-Francorchamps,1970-07-05,aalt-toersen,確認済,公式リザルトに結果データがないため、優勝者のみ掲載（出典：英語版Wikipedia シーズン記事の日程表）,
1970,50cc,6,RAC,EGER,東ドイツGP,Sachsenring,1970-07-12,aalt-toersen,確認済,,
1970,50cc,7,RAC,TCH,チェコスロバキアGP,CREDITAS Autodrom Brno,1970-07-19,aalt-toersen,確認済,,
1970,50cc,8,RAC,ULST,アルスターGP,Belfast,1970-08-15,angel-nieto,確認済,,
1970,50cc,9,RAC,NAT,ネイションズGP,Monza,1970-09-13,jan-de-vries,確認済,,
1970,50cc,10,RAC,SPA,スペインGP,Montjuïc,1970-09-27,salvador-canellas,確認済,,
1971,500cc,1,RAC,AUT,オーストリアGP,Salzburgring,1971-05-09,giacomo-agostini,確認済,,
1971,500cc,2,RAC,WGER,西ドイツGP,Hockenheim,1971-05-16,giacomo-agostini,確認済,,
1971,500cc,3,RAC,TT,マン島TT,Isle of Man,1971-06-12,giacomo-agostini,確認済,,
1971,500cc,4,RAC,NED,オランダTT,TT Circuit Assen,1971-06-26,giacomo-agostini,確認済,,
1971,500cc,5,RAC,BEL,ベルギーGP,Spa-Francorchamps,1971-07-04,giacomo-agostini,確認済,,
1971,500cc,6,RAC,EGER,東ドイツGP,Sachsenring,1971-07-11,giacomo-agostini,確認済,,
1971,500cc,7,RAC,SWE,スウェーデンGP,Anderstorp,1971-07-25,giacomo-agostini,確認済,公式リザルトに結果データがないため、ポイント獲得者などの着順のみ掲載（出典：英語版Wikipedia 年間順位表）,
1971,500cc,8,RAC,FIN,フィンランドGP,Imatra,1971-08-01,giacomo-agostini,確認済,,
1971,500cc,9,RAC,ULST,アルスターGP,Belfast,1971-08-14,jack-findlay,確認済,,
1971,500cc,10,RAC,NAT,ネイションズGP,Monza,1971-09-12,alberto-pagani,確認済,,
1971,500cc,11,RAC,SPA,スペインGP,Jarama,1971-09-26,dave-simmonds,確認済,,
1971,250cc,1,RAC,AUT,オーストリアGP,Salzburgring,1971-05-09,silvio-grassetti,確認済,,
1971,250cc,2,RAC,WGER,西ドイツGP,Hockenheim,1971-05-16,phil-read,確認済,公式リザルトに結果データがないため、優勝者のみ掲載（出典：英語版Wikipedia シーズン記事の日程表）,
1971,250cc,3,RAC,TT,マン島TT,Isle of Man,1971-06-12,phil-read,確認済,,
1971,250cc,4,RAC,NED,オランダTT,TT Circuit Assen,1971-06-26,phil-read,確認済,,
1971,250cc,5,RAC,BEL,ベルギーGP,Spa-Francorchamps,1971-07-04,silvio-grassetti,確認済,,
1971,250cc,6,RAC,EGER,東ドイツGP,Sachsenring,1971-07-11,dieter-braun,確認済,公式リザルトに結果データがないため、優勝者のみ掲載（出典：英語版Wikipedia シーズン記事の日程表）,
1971,250cc,7,RAC,TCH,チェコスロバキアGP,CREDITAS Autodrom Brno,1971-07-18,janos-drapal,確認済,,
1971,250cc,8,RAC,SWE,スウェーデンGP,Anderstorp,1971-07-25,rodney-gould,確認済,,
1971,250cc,9,RAC,FIN,フィンランドGP,Imatra,1971-08-01,rodney-gould,確認済,,
1971,250cc,10,RAC,ULST,アルスターGP,Belfast,1971-08-14,ray-mccullough,確認済,,
1971,250cc,11,RAC,NAT,ネイションズGP,Monza,1971-09-12,gyula-marsovszky,確認済,公式リザルトに結果データがないため、優勝者のみ掲載（出典：英語版Wikipedia シーズン記事の日程表）,
1971,250cc,12,RAC,SPA,スペインGP,Jarama,1971-09-26,jarno-saarinen,確認済,,
1971,350cc,1,RAC,AUT,オーストリアGP,Salzburgring,1971-05-09,giacomo-agostini,確認済,,
1971,350cc,2,RAC,WGER,西ドイツGP,Hockenheim,1971-05-16,giacomo-agostini,確認済,,
1971,350cc,3,RAC,TT,マン島TT,Isle of Man,1971-06-12,tony-jefferies,確認済,,
1971,350cc,4,RAC,NED,オランダTT,TT Circuit Assen,1971-06-26,giacomo-agostini,確認済,,
1971,350cc,5,RAC,EGER,東ドイツGP,Sachsenring,1971-07-11,giacomo-agostini,確認済,,
1971,350cc,6,RAC,TCH,チェコスロバキアGP,CREDITAS Autodrom Brno,1971-07-18,jarno-saarinen,確認済,,
1971,350cc,7,RAC,SWE,スウェーデンGP,Anderstorp,1971-07-25,giacomo-agostini,確認済,,
1971,350cc,8,RAC,FIN,フィンランドGP,Imatra,1971-08-01,giacomo-agostini,確認済,公式リザルトに結果データがないため、優勝者のみ掲載（出典：英語版Wikipedia シーズン記事の日程表）,
1971,350cc,9,RAC,ULST,アルスターGP,Belfast,1971-08-14,peter-williams,確認済,公式リザルトに結果データがないため、優勝者のみ掲載（出典：英語版Wikipedia シーズン記事の日程表）,
1971,350cc,10,RAC,NAT,ネイションズGP,Monza,1971-09-12,jarno-saarinen,確認済,,
1971,350cc,11,RAC,SPA,スペインGP,Jarama,1971-09-26,teuvo-lansivuori,確認済,公式リザルトに結果データがないため、優勝者のみ掲載（出典：英語版Wikipedia シーズン記事の日程表）,
1971,125cc,1,RAC,AUT,オーストリアGP,Salzburgring,1971-05-09,angel-nieto,確認済,,
1971,125cc,2,RAC,WGER,西ドイツGP,Hockenheim,1971-05-16,dave-simmonds,確認済,,
1971,125cc,3,RAC,TT,マン島TT,Isle of Man,1971-06-12,chas-mortimer,確認済,公式リザルトに結果データがないため、優勝者のみ掲載（出典：英語版Wikipedia シーズン記事の日程表）,
1971,125cc,4,RAC,NED,オランダTT,TT Circuit Assen,1971-06-26,angel-nieto,確認済,公式リザルトに結果データがないため、優勝者のみ掲載（出典：英語版Wikipedia シーズン記事の日程表）,
1971,125cc,5,RAC,BEL,ベルギーGP,Spa-Francorchamps,1971-07-04,barry-sheene,確認済,公式リザルトに結果データがないため、優勝者のみ掲載（出典：英語版Wikipedia シーズン記事の日程表）,
1971,125cc,6,RAC,EGER,東ドイツGP,Sachsenring,1971-07-11,angel-nieto,確認済,,
1971,125cc,7,RAC,TCH,チェコスロバキアGP,CREDITAS Autodrom Brno,1971-07-18,angel-nieto,確認済,公式リザルトに結果データがないため、優勝者のみ掲載（出典：英語版Wikipedia シーズン記事の日程表）,
1971,125cc,8,RAC,SWE,スウェーデンGP,Anderstorp,1971-07-25,barry-sheene,確認済,,
1971,125cc,9,RAC,FIN,フィンランドGP,Imatra,1971-08-01,barry-sheene,確認済,,
1971,125cc,10,RAC,NAT,ネイションズGP,Monza,1971-09-12,gilberto-parlotti,確認済,,
1971,125cc,11,RAC,SPA,スペインGP,Jarama,1971-09-26,angel-nieto,確認済,,
1971,50cc,1,RAC,AUT,オーストリアGP,Salzburgring,1971-05-09,jan-de-vries,確認済,公式リザルトに結果データがないため、優勝者のみ掲載（出典：英語版Wikipedia シーズン記事の日程表）,
1971,50cc,2,RAC,WGER,西ドイツGP,Hockenheim,1971-05-16,jan-de-vries,確認済,,
1971,50cc,3,RAC,NED,オランダTT,TT Circuit Assen,1971-06-26,angel-nieto,確認済,,
1971,50cc,4,RAC,BEL,ベルギーGP,Spa-Francorchamps,1971-07-04,jan-de-vries,確認済,,
1971,50cc,5,RAC,EGER,東ドイツGP,Sachsenring,1971-07-11,angel-nieto,確認済,,
1971,50cc,6,RAC,TCH,チェコスロバキアGP,CREDITAS Autodrom Brno,1971-07-18,barry-sheene,確認済,,
1971,50cc,7,RAC,SWE,スウェーデンGP,Anderstorp,1971-07-25,angel-nieto,確認済,,
1971,50cc,8,RAC,NAT,ネイションズGP,Monza,1971-09-12,jan-de-vries,確認済,,
1971,50cc,9,RAC,SPA,スペインGP,Jarama,1971-09-26,jan-de-vries,確認済,,
1972,500cc,1,RAC,WGER,西ドイツGP,Nurburgring,1972-04-30,giacomo-agostini,確認済,公式リザルトに結果データがないため、ポイント獲得者などの着順のみ掲載（出典：英語版Wikipedia 年間順位表）,
1972,500cc,2,RAC,FRA,フランスGP,Clermont-Ferrand,1972-05-07,giacomo-agostini,確認済,,
1972,500cc,3,RAC,AUT,オーストリアGP,Salzburgring,1972-05-14,giacomo-agostini,確認済,,
1972,500cc,4,RAC,NAT,ネイションズGP,Imola,1972-05-21,giacomo-agostini,確認済,,
1972,500cc,5,RAC,TT,マン島TT,Isle of Man,1972-06-09,giacomo-agostini,確認済,公式リザルトに結果データがないため、ポイント獲得者などの着順のみ掲載（出典：英語版Wikipedia 年間順位表）,
1972,500cc,6,RAC,JUG,ユーゴスラビアGP,Opatija,1972-06-18,alberto-pagani,確認済,,
1972,500cc,7,RAC,NED,オランダTT,TT Circuit Assen,1972-06-24,giacomo-agostini,確認済,,
1972,500cc,8,RAC,BEL,ベルギーGP,Spa-Francorchamps,1972-07-02,giacomo-agostini,確認済,,
1972,500cc,9,RAC,EGER,東ドイツGP,Sachsenring,1972-07-09,giacomo-agostini,確認済,公式リザルトに結果データがないため、ポイント獲得者などの着順のみ掲載（出典：英語版Wikipedia 年間順位表）,
1972,500cc,10,RAC,TCH,チェコスロバキアGP,CREDITAS Autodrom Brno,1972-07-16,giacomo-agostini,確認済,,
1972,500cc,11,RAC,SWE,スウェーデンGP,Anderstorp,1972-07-23,giacomo-agostini,確認済,,
1972,500cc,12,RAC,FIN,フィンランドGP,Imatra,1972-07-30,giacomo-agostini,確認済,,
1972,500cc,13,RAC,SPA,スペインGP,Montjuïc,1972-09-23,chas-mortimer,確認済,,
1972,250cc,1,RAC,WGER,西ドイツGP,Nurburgring,1972-04-30,hideo-kanaya,確認済,,
1972,250cc,2,RAC,FRA,フランスGP,Clermont-Ferrand,1972-05-07,phil-read,確認済,公式リザルトに結果データがないため、優勝者のみ掲載（出典：英語版Wikipedia シーズン記事の日程表）,
1972,250cc,3,RAC,AUT,オーストリアGP,Salzburgring,1972-05-14,borje-jansson,確認済,,
1972,250cc,4,RAC,NAT,ネイションズGP,Imola,1972-05-21,renzo-pasolini,確認済,公式リザルトに結果データがないため、優勝者のみ掲載（出典：英語版Wikipedia シーズン記事の日程表）,
1972,250cc,5,RAC,TT,マン島TT,Isle of Man,1972-06-09,phil-read,確認済,,
1972,250cc,6,RAC,JUG,ユーゴスラビアGP,Opatija,1972-06-18,renzo-pasolini,確認済,公式リザルトに結果データがないため、優勝者のみ掲載（出典：英語版Wikipedia シーズン記事の日程表）,
1972,250cc,7,RAC,NED,オランダTT,TT Circuit Assen,1972-06-24,rodney-gould,確認済,,
1972,250cc,8,RAC,BEL,ベルギーGP,Spa-Francorchamps,1972-07-02,jarno-saarinen,確認済,公式リザルトに結果データがないため、優勝者のみ掲載（出典：英語版Wikipedia シーズン記事の日程表）,
1972,250cc,9,RAC,EGER,東ドイツGP,Sachsenring,1972-07-09,jarno-saarinen,確認済,,
1972,250cc,10,RAC,TCH,チェコスロバキアGP,CREDITAS Autodrom Brno,1972-07-16,jarno-saarinen,確認済,,
1972,250cc,11,RAC,SWE,スウェーデンGP,Anderstorp,1972-07-23,rodney-gould,確認済,公式リザルトに結果データがないため、優勝者のみ掲載（出典：英語版Wikipedia シーズン記事の日程表）,
1972,250cc,12,RAC,FIN,フィンランドGP,Imatra,1972-07-30,jarno-saarinen,確認済,公式リザルトに結果データがないため、優勝者のみ掲載（出典：英語版Wikipedia シーズン記事の日程表）,
1972,250cc,13,RAC,SPA,スペインGP,Montjuïc,1972-09-23,renzo-pasolini,確認済,,
1972,350cc,1,RAC,WGER,西ドイツGP,Nurburgring,1972-04-30,jarno-saarinen,確認済,,
1972,350cc,2,RAC,FRA,フランスGP,Clermont-Ferrand,1972-05-07,jarno-saarinen,確認済,,
1972,350cc,3,RAC,AUT,オーストリアGP,Salzburgring,1972-05-14,giacomo-agostini,確認済,公式リザルトに結果データがないため、優勝者のみ掲載（出典：英語版Wikipedia シーズン記事の日程表）,
1972,350cc,4,RAC,NAT,ネイションズGP,Imola,1972-05-21,giacomo-agostini,確認済,,
1972,350cc,5,RAC,TT,マン島TT,Isle of Man,1972-06-09,giacomo-agostini,確認済,,
1972,350cc,6,RAC,JUG,ユーゴスラビアGP,Opatija,1972-06-18,janos-drapal,確認済,,
1972,350cc,7,RAC,NED,オランダTT,TT Circuit Assen,1972-06-24,giacomo-agostini,確認済,公式リザルトに結果データがないため、優勝者のみ掲載（出典：英語版Wikipedia シーズン記事の日程表）,
1972,350cc,8,RAC,EGER,東ドイツGP,Sachsenring,1972-07-09,phil-read,確認済,,
1972,350cc,9,RAC,TCH,チェコスロバキアGP,CREDITAS Autodrom Brno,1972-07-16,jarno-saarinen,確認済,公式リザルトに結果データがないため、優勝者のみ掲載（出典：英語版Wikipedia シーズン記事の日程表）,
1972,350cc,10,RAC,SWE,スウェーデンGP,Anderstorp,1972-07-23,giacomo-agostini,確認済,,
1972,350cc,11,RAC,FIN,フィンランドGP,Imatra,1972-07-30,giacomo-agostini,確認済,,
1972,350cc,12,RAC,SPA,スペインGP,Montjuïc,1972-09-23,bruno-kneubuhler,確認済,,
1972,125cc,1,RAC,WGER,西ドイツGP,Nurburgring,1972-04-30,gilberto-parlotti,確認済,,
1972,125cc,2,RAC,FRA,フランスGP,Clermont-Ferrand,1972-05-07,gilberto-parlotti,確認済,,
1972,125cc,3,RAC,AUT,オーストリアGP,Salzburgring,1972-05-14,angel-nieto,確認済,,
1972,125cc,4,RAC,NAT,ネイションズGP,Imola,1972-05-21,angel-nieto,確認済,,
1972,125cc,5,RAC,TT,マン島TT,Isle of Man,1972-06-09,chas-mortimer,確認済,,
1972,125cc,6,RAC,JUG,ユーゴスラビアGP,Opatija,1972-06-18,kent-andersson,確認済,,
1972,125cc,7,RAC,NED,オランダTT,TT Circuit Assen,1972-06-24,angel-nieto,確認済,,
1972,125cc,8,RAC,BEL,ベルギーGP,Spa-Francorchamps,1972-07-02,angel-nieto,確認済,,
1972,125cc,9,RAC,EGER,東ドイツGP,Sachsenring,1972-07-09,borje-jansson,確認済,,
1972,125cc,10,RAC,TCH,チェコスロバキアGP,CREDITAS Autodrom Brno,1972-07-16,borje-jansson,確認済,,
1972,125cc,11,RAC,SWE,スウェーデンGP,Anderstorp,1972-07-23,angel-nieto,確認済,,
1972,125cc,12,RAC,FIN,フィンランドGP,Imatra,1972-07-30,kent-andersson,確認済,,
1972,125cc,13,RAC,SPA,スペインGP,Montjuïc,1972-09-23,kent-andersson,確認済,,
1972,50cc,1,RAC,WGER,西ドイツGP,Nurburgring,1972-04-30,jan-de-vries,確認済,,
1972,50cc,2,RAC,NAT,ネイションズGP,Imola,1972-05-21,jan-de-vries,確認済,,
1972,50cc,3,RAC,JUG,ユーゴスラビアGP,Opatija,1972-06-18,jan-bruins,確認済,,
1972,50cc,4,RAC,NED,オランダTT,TT Circuit Assen,1972-06-24,angel-nieto,確認済,,
1972,50cc,5,RAC,BEL,ベルギーGP,Spa-Francorchamps,1972-07-02,angel-nieto,確認済,,
1972,50cc,6,RAC,EGER,東ドイツGP,Sachsenring,1972-07-09,theo-timmer,確認済,,
1972,50cc,7,RAC,SWE,スウェーデンGP,Anderstorp,1972-07-23,jan-de-vries,確認済,,
1972,50cc,8,RAC,SPA,スペインGP,Montjuïc,1972-09-23,angel-nieto,確認済,公式リザルトに結果データがないため、優勝者のみ掲載（出典：英語版Wikipedia シーズン記事の日程表）,
1973,500cc,1,RAC,FRA,フランスGP,Paul Ricard,1973-04-22,jarno-saarinen,確認済,,
1973,500cc,2,RAC,AUT,オーストリアGP,Salzburgring,1973-05-06,jarno-saarinen,確認済,公式リザルトに結果データがないため、ポイント獲得者などの着順のみ掲載（出典：英語版Wikipedia 年間順位表）,
1973,500cc,3,RAC,WGER,西ドイツGP,Hockenheim,1973-05-13,phil-read,確認済,公式リザルトに結果データがないため、ポイント獲得者などの着順のみ掲載（出典：英語版Wikipedia 年間順位表）,
1973,500cc,4,RAC,TT,マン島TT,Isle of Man,1973-06-08,jack-findlay,確認済,,
1973,500cc,5,RAC,JUG,ユーゴスラビアGP,Opatija,1973-06-17,kim-newcombe,確認済,公式リザルトに結果データがないため、ポイント獲得者などの着順のみ掲載（出典：英語版Wikipedia 年間順位表）,
1973,500cc,6,RAC,NED,オランダTT,TT Circuit Assen,1973-06-23,phil-read,確認済,,
1973,500cc,7,RAC,BEL,ベルギーGP,Spa-Francorchamps,1973-07-01,giacomo-agostini,確認済,,
1973,500cc,8,RAC,TCH,チェコスロバキアGP,CREDITAS Autodrom Brno,1973-07-15,giacomo-agostini,確認済,,
1973,500cc,9,RAC,SWE,スウェーデンGP,Anderstorp,1973-07-21,phil-read,確認済,,
1973,500cc,10,RAC,FIN,フィンランドGP,Imatra,1973-07-29,giacomo-agostini,確認済,,
1973,500cc,11,RAC,SPA,スペインGP,Jarama,1973-09-23,phil-read,確認済,,
1973,250cc,1,RAC,FRA,フランスGP,Paul Ricard,1973-04-22,jarno-saarinen,確認済,公式リザルトに結果データがないため、優勝者のみ掲載（出典：英語版Wikipedia シーズン記事の日程表）,
1973,250cc,2,RAC,AUT,オーストリアGP,Salzburgring,1973-05-06,jarno-saarinen,確認済,,
1973,250cc,3,RAC,WGER,西ドイツGP,Hockenheim,1973-05-13,jarno-saarinen,確認済,,
1973,250cc,4,RAC,TT,マン島TT,Isle of Man,1973-06-08,charlie-williams,確認済,公式リザルトに結果データがないため、優勝者のみ掲載（出典：英語版Wikipedia シーズン記事の日程表）,
1973,250cc,5,RAC,JUG,ユーゴスラビアGP,Opatija,1973-06-17,dieter-braun,確認済,,
1973,250cc,6,RAC,NED,オランダTT,TT Circuit Assen,1973-06-23,dieter-braun,確認済,,
1973,250cc,7,RAC,BEL,ベルギーGP,Spa-Francorchamps,1973-07-01,teuvo-lansivuori,確認済,,
1973,250cc,8,RAC,TCH,チェコスロバキアGP,CREDITAS Autodrom Brno,1973-07-15,dieter-braun,確認済,公式リザルトに結果データがないため、優勝者のみ掲載（出典：英語版Wikipedia シーズン記事の日程表）,
1973,250cc,9,RAC,SWE,スウェーデンGP,Anderstorp,1973-07-21,dieter-braun,確認済,公式リザルトに結果データがないため、優勝者のみ掲載（出典：英語版Wikipedia シーズン記事の日程表）,
1973,250cc,10,RAC,FIN,フィンランドGP,Imatra,1973-07-29,teuvo-lansivuori,確認済,,
1973,250cc,11,RAC,SPA,スペインGP,Jarama,1973-09-23,john-dodds,確認済,公式リザルトに結果データがないため、優勝者のみ掲載（出典：英語版Wikipedia シーズン記事の日程表）,
1973,350cc,1,RAC,FRA,フランスGP,Paul Ricard,1973-04-22,giacomo-agostini,確認済,,
1973,350cc,2,RAC,AUT,オーストリアGP,Salzburgring,1973-05-06,janos-drapal,確認済,,
1973,350cc,3,RAC,WGER,西ドイツGP,Hockenheim,1973-05-13,teuvo-lansivuori,確認済,,
1973,350cc,4,RAC,NAT,ネイションズGP,Monza,1973-05-20,giacomo-agostini,確認済,,
1973,350cc,5,RAC,TT,マン島TT,Isle of Man,1973-06-08,tony-rutter,確認済,,
1973,350cc,6,RAC,JUG,ユーゴスラビアGP,Opatija,1973-06-17,janos-drapal,確認済,,
1973,350cc,7,RAC,NED,オランダTT,TT Circuit Assen,1973-06-23,giacomo-agostini,確認済,公式リザルトに結果データがないため、優勝者のみ掲載（出典：英語版Wikipedia シーズン記事の日程表）,
1973,350cc,8,RAC,TCH,チェコスロバキアGP,CREDITAS Autodrom Brno,1973-07-15,teuvo-lansivuori,確認済,,
1973,350cc,9,RAC,SWE,スウェーデンGP,Anderstorp,1973-07-21,teuvo-lansivuori,確認済,,
1973,350cc,10,RAC,FIN,フィンランドGP,Imatra,1973-07-29,giacomo-agostini,確認済,,
1973,350cc,11,RAC,SPA,スペインGP,Jarama,1973-09-23,adu-celso-santos,確認済,,
1973,125cc,1,RAC,FRA,フランスGP,Paul Ricard,1973-04-22,kent-andersson,確認済,,
1973,125cc,2,RAC,AUT,オーストリアGP,Salzburgring,1973-05-06,kent-andersson,確認済,,
1973,125cc,3,RAC,WGER,西ドイツGP,Hockenheim,1973-05-13,kent-andersson,確認済,,
1973,125cc,4,RAC,NAT,ネイションズGP,Monza,1973-05-20,kent-andersson,確認済,公式リザルトに結果データがないため、優勝者のみ掲載（出典：英語版Wikipedia シーズン記事の日程表）,
1973,125cc,5,RAC,TT,マン島TT,Isle of Man,1973-06-08,tommy-robb,確認済,,
1973,125cc,6,RAC,JUG,ユーゴスラビアGP,Opatija,1973-06-17,kent-andersson,確認済,,
1973,125cc,7,RAC,NED,オランダTT,TT Circuit Assen,1973-06-23,eugenio-lazzarini,確認済,,
1973,125cc,8,RAC,BEL,ベルギーGP,Spa-Francorchamps,1973-07-01,jos-schurgers,確認済,,
1973,125cc,9,RAC,TCH,チェコスロバキアGP,CREDITAS Autodrom Brno,1973-07-15,otello-buscherini,確認済,,
1973,125cc,10,RAC,SWE,スウェーデンGP,Anderstorp,1973-07-21,borje-jansson,確認済,,
1973,125cc,11,RAC,FIN,フィンランドGP,Imatra,1973-07-29,otello-buscherini,確認済,公式リザルトに結果データがないため、優勝者のみ掲載（出典：英語版Wikipedia シーズン記事の日程表）,
1973,125cc,12,RAC,SPA,スペインGP,Jarama,1973-09-23,chas-mortimer,確認済,,
1973,50cc,1,RAC,WGER,西ドイツGP,Hockenheim,1973-05-13,theo-timmer,確認済,,
1973,50cc,2,RAC,NAT,ネイションズGP,Monza,1973-05-20,jan-de-vries,確認済,,
1973,50cc,3,RAC,JUG,ユーゴスラビアGP,Opatija,1973-06-17,jan-de-vries,確認済,,
1973,50cc,4,RAC,NED,オランダTT,TT Circuit Assen,1973-06-23,bruno-kneubuhler,確認済,,
1973,50cc,5,RAC,BEL,ベルギーGP,Spa-Francorchamps,1973-07-01,jan-de-vries,確認済,公式リザルトに結果データがないため、優勝者のみ掲載（出典：英語版Wikipedia シーズン記事の日程表）,
1973,50cc,6,RAC,SWE,スウェーデンGP,Anderstorp,1973-07-21,jan-de-vries,確認済,,
1973,50cc,7,RAC,SPA,スペインGP,Jarama,1973-09-23,jan-de-vries,確認済,,
1974,500cc,1,RAC,FRA,フランスGP,Clermont-Ferrand,1974-04-21,phil-read,確認済,,
1974,500cc,2,RAC,WGER,西ドイツGP,Nurburgring,1974-04-28,edmund-czihak,確認済,,
1974,500cc,3,RAC,AUT,オーストリアGP,Salzburgring,1974-05-05,giacomo-agostini,確認済,,
1974,500cc,4,RAC,NAT,ネイションズGP,Imola,1974-05-19,gianfranco-bonera,確認済,,
1974,500cc,5,RAC,TT,マン島TT,Isle of Man,1974-06-06,phil-carpenter,確認済,,
1974,500cc,6,RAC,NED,オランダTT,TT Circuit Assen,1974-06-29,giacomo-agostini,確認済,,
1974,500cc,7,RAC,BEL,ベルギーGP,Spa-Francorchamps,1974-07-07,phil-read,確認済,,
1974,500cc,8,RAC,SWE,スウェーデンGP,Anderstorp,1974-07-21,teuvo-lansivuori,確認済,,
1974,500cc,9,RAC,FIN,フィンランドGP,Imatra,1974-07-28,phil-read,確認済,,
1974,500cc,10,RAC,TCH,チェコスロバキアGP,CREDITAS Autodrom Brno,1974-08-25,phil-read,確認済,,
1974,250cc,1,RAC,WGER,西ドイツGP,Nurburgring,1974-04-28,helmut-kassner,確認済,,
1974,250cc,2,RAC,NAT,ネイションズGP,Imola,1974-05-19,walter-villa,確認済,公式リザルトに結果データがないため、優勝者のみ掲載（出典：英語版Wikipedia シーズン記事の日程表）,
1974,250cc,3,RAC,TT,マン島TT,Isle of Man,1974-06-06,charlie-williams,確認済,,
1974,250cc,4,RAC,NED,オランダTT,TT Circuit Assen,1974-06-29,walter-villa,確認済,,
1974,250cc,5,RAC,BEL,ベルギーGP,Spa-Francorchamps,1974-07-07,kent-andersson,確認済,公式リザルトに結果データがないため、優勝者のみ掲載（出典：英語版Wikipedia シーズン記事の日程表）,
1974,250cc,6,RAC,SWE,スウェーデンGP,Anderstorp,1974-07-21,takazumi-katayama,確認済,,
1974,250cc,7,RAC,FIN,フィンランドGP,Imatra,1974-07-28,walter-villa,確認済,,
1974,250cc,8,RAC,TCH,チェコスロバキアGP,CREDITAS Autodrom Brno,1974-08-25,walter-villa,確認済,公式リザルトに結果データがないため、優勝者のみ掲載（出典：英語版Wikipedia シーズン記事の日程表）,
1974,250cc,9,RAC,JUG,ユーゴスラビアGP,Opatija,1974-09-08,chas-mortimer,確認済,,
1974,250cc,10,RAC,SPA,スペインGP,Montjuïc,1974-09-22,john-dodds,確認済,,
1974,350cc,1,RAC,FRA,フランスGP,Clermont-Ferrand,1974-04-21,giacomo-agostini,確認済,公式リザルトに結果データがないため、優勝者のみ掲載（出典：英語版Wikipedia シーズン記事の日程表）,
1974,350cc,2,RAC,WGER,西ドイツGP,Nurburgring,1974-04-28,helmut-kassner,確認済,,
1974,350cc,3,RAC,AUT,オーストリアGP,Salzburgring,1974-05-05,giacomo-agostini,確認済,,
1974,350cc,4,RAC,NAT,ネイションズGP,Imola,1974-05-19,giacomo-agostini,確認済,,
1974,350cc,5,RAC,TT,マン島TT,Isle of Man,1974-06-06,tony-rutter,確認済,公式リザルトに結果データがないため、優勝者のみ掲載（出典：英語版Wikipedia シーズン記事の日程表）,
1974,350cc,6,RAC,NED,オランダTT,TT Circuit Assen,1974-06-29,giacomo-agostini,確認済,公式リザルトに結果データがないため、優勝者のみ掲載（出典：英語版Wikipedia シーズン記事の日程表）,
1974,350cc,7,RAC,SWE,スウェーデンGP,Anderstorp,1974-07-21,teuvo-lansivuori,確認済,,
1974,350cc,8,RAC,FIN,フィンランドGP,Imatra,1974-07-28,john-dodds,確認済,公式リザルトに結果データがないため、優勝者のみ掲載（出典：英語版Wikipedia シーズン記事の日程表）,
1974,350cc,9,RAC,JUG,ユーゴスラビアGP,Opatija,1974-09-08,giacomo-agostini,確認済,,
1974,350cc,10,RAC,SPA,スペインGP,Montjuïc,1974-09-22,victor-palomo,確認済,公式リザルトに結果データがないため、優勝者のみ掲載（出典：英語版Wikipedia シーズン記事の日程表）,
1974,125cc,1,RAC,FRA,フランスGP,Clermont-Ferrand,1974-04-21,kent-andersson,確認済,,
1974,125cc,2,RAC,WGER,西ドイツGP,Nurburgring,1974-04-28,fritz-reitmaier,確認済,,
1974,125cc,3,RAC,AUT,オーストリアGP,Salzburgring,1974-05-05,kent-andersson,確認済,公式リザルトに結果データがないため、優勝者のみ掲載（出典：英語版Wikipedia シーズン記事の日程表）,
1974,125cc,4,RAC,NAT,ネイションズGP,Imola,1974-05-19,angel-nieto,確認済,,
1974,125cc,5,RAC,NED,オランダTT,TT Circuit Assen,1974-06-29,bruno-kneubuhler,確認済,,
1974,125cc,6,RAC,BEL,ベルギーGP,Spa-Francorchamps,1974-07-07,angel-nieto,確認済,,
1974,125cc,7,RAC,SWE,スウェーデンGP,Anderstorp,1974-07-21,kent-andersson,確認済,公式リザルトに結果データがないため、優勝者のみ掲載（出典：英語版Wikipedia シーズン記事の日程表）,
1974,125cc,8,RAC,TCH,チェコスロバキアGP,CREDITAS Autodrom Brno,1974-08-25,kent-andersson,確認済,,
1974,125cc,9,RAC,JUG,ユーゴスラビアGP,Opatija,1974-09-08,kent-andersson,確認済,,
1974,125cc,10,RAC,SPA,スペインGP,Montjuïc,1974-09-22,benjamin-grau,確認済,,
1974,50cc,1,RAC,FRA,フランスGP,Clermont-Ferrand,1974-04-21,henk-van-kessel,確認済,,
1974,50cc,2,RAC,WGER,西ドイツGP,Nurburgring,1974-04-28,ingo-emmerich,確認済,公式リザルトに結果データがないため、優勝者のみ掲載（出典：英語版Wikipedia シーズン記事の日程表）,
1974,50cc,3,RAC,NAT,ネイションズGP,Imola,1974-05-19,henk-van-kessel,確認済,,
1974,50cc,4,RAC,NED,オランダTT,TT Circuit Assen,1974-06-29,herbert-rittberger,確認済,,
1974,50cc,5,RAC,BEL,ベルギーGP,Spa-Francorchamps,1974-07-07,gerhard-thurow,確認済,,
1974,50cc,6,RAC,SWE,スウェーデンGP,Anderstorp,1974-07-21,henk-van-kessel,確認済,,
1974,50cc,7,RAC,FIN,フィンランドGP,Imatra,1974-07-28,julien-van-zeebroeck,確認済,,
1974,50cc,8,RAC,TCH,チェコスロバキアGP,CREDITAS Autodrom Brno,1974-08-25,henk-van-kessel,確認済,,
1974,50cc,9,RAC,JUG,ユーゴスラビアGP,Opatija,1974-09-08,henk-van-kessel,確認済,公式リザルトに結果データがないため、優勝者のみ掲載（出典：英語版Wikipedia シーズン記事の日程表）,
1974,50cc,10,RAC,SPA,スペインGP,Montjuïc,1974-09-22,henk-van-kessel,確認済,,
1975,500cc,1,RAC,FRA,フランスGP,Paul Ricard,1975-03-30,giacomo-agostini,確認済,,
1975,500cc,2,RAC,AUT,オーストリアGP,Salzburgring,1975-05-04,hideo-kanaya,確認済,公式リザルトに結果データがないため、ポイント獲得者などの着順のみ掲載（出典：英語版Wikipedia 年間順位表）,
1975,500cc,3,RAC,WGER,西ドイツGP,Hockenheim,1975-05-11,giacomo-agostini,確認済,,
1975,500cc,4,RAC,NAT,ネイションズGP,Imola,1975-05-18,giacomo-agostini,確認済,,
1975,500cc,5,RAC,TT,マン島TT,Isle of Man,1975-06-06,mick-grant,確認済,公式リザルトに結果データがないため、ポイント獲得者などの着順のみ掲載（出典：英語版Wikipedia 年間順位表）,
1975,500cc,6,RAC,NED,オランダTT,TT Circuit Assen,1975-06-28,barry-sheene,確認済,,
1975,500cc,7,RAC,BEL,ベルギーGP,Spa-Francorchamps,1975-07-06,phil-read,確認済,,
1975,500cc,8,RAC,SWE,スウェーデンGP,Anderstorp,1975-07-20,barry-sheene,確認済,,
1975,500cc,9,RAC,FIN,フィンランドGP,Imatra,1975-07-27,giacomo-agostini,確認済,公式リザルトに結果データがないため、ポイント獲得者などの着順のみ掲載（出典：英語版Wikipedia 年間順位表）,
1975,500cc,10,RAC,TCH,チェコスロバキアGP,CREDITAS Autodrom Brno,1975-08-24,phil-read,確認済,公式リザルトに結果データがないため、ポイント獲得者などの着順のみ掲載（出典：英語版Wikipedia 年間順位表）,
1975,250cc,1,RAC,FRA,フランスGP,Paul Ricard,1975-03-30,johnny-cecotto,確認済,,
1975,250cc,2,RAC,SPA,スペインGP,Jarama,1975-04-20,walter-villa,確認済,公式リザルトに結果データがないため、優勝者のみ掲載（出典：英語版Wikipedia シーズン記事の日程表）,
1975,250cc,3,RAC,WGER,西ドイツGP,Hockenheim,1975-05-11,walter-villa,確認済,,
1975,250cc,4,RAC,NAT,ネイションズGP,Imola,1975-05-18,walter-villa,確認済,,
1975,250cc,5,RAC,TT,マン島TT,Isle of Man,1975-06-06,chas-mortimer,確認済,,
1975,250cc,6,RAC,NED,オランダTT,TT Circuit Assen,1975-06-28,walter-villa,確認済,,
1975,250cc,7,RAC,BEL,ベルギーGP,Spa-Francorchamps,1975-07-06,johnny-cecotto,確認済,公式リザルトに結果データがないため、上位3名のみ掲載（出典：英語版Wikipedia 各GP記事）,
1975,250cc,8,RAC,SWE,スウェーデンGP,Anderstorp,1975-07-20,walter-villa,確認済,,
1975,250cc,9,RAC,FIN,フィンランドGP,Imatra,1975-07-27,michel-rougerie,確認済,,
1975,250cc,10,RAC,TCH,チェコスロバキアGP,CREDITAS Autodrom Brno,1975-08-24,michel-rougerie,確認済,,
1975,250cc,11,RAC,JUG,ユーゴスラビアGP,Opatija,1975-09-21,dieter-braun,確認済,,
1975,350cc,1,RAC,FRA,フランスGP,Paul Ricard,1975-03-30,johnny-cecotto,確認済,,
1975,350cc,2,RAC,SPA,スペインGP,Jarama,1975-04-20,giacomo-agostini,確認済,,
1975,350cc,3,RAC,AUT,オーストリアGP,Salzburgring,1975-05-04,hideo-kanaya,確認済,,
1975,350cc,4,RAC,WGER,西ドイツGP,Hockenheim,1975-05-11,johnny-cecotto,確認済,公式リザルトに結果データがないため、ポイント獲得者などの着順のみ掲載（出典：英語版Wikipedia 年間順位表）,
1975,350cc,5,RAC,NAT,ネイションズGP,Imola,1975-05-18,johnny-cecotto,確認済,公式リザルトに結果データがないため、ポイント獲得者などの着順のみ掲載（出典：英語版Wikipedia 年間順位表）,
1975,350cc,6,RAC,TT,マン島TT,Isle of Man,1975-06-06,charlie-williams,確認済,,
1975,350cc,7,RAC,NED,オランダTT,TT Circuit Assen,1975-06-28,dieter-braun,確認済,,
1975,350cc,8,RAC,FIN,フィンランドGP,Imatra,1975-07-27,johnny-cecotto,確認済,,
1975,350cc,9,RAC,TCH,チェコスロバキアGP,CREDITAS Autodrom Brno,1975-08-24,otello-buscherini,確認済,,
1975,350cc,10,RAC,JUG,ユーゴスラビアGP,Opatija,1975-09-21,pentti-korhonen,確認済,公式リザルトに結果データがないため、ポイント獲得者などの着順のみ掲載（出典：英語版Wikipedia 年間順位表）,
1975,125cc,1,RAC,FRA,フランスGP,Paul Ricard,1975-03-30,kent-andersson,確認済,公式リザルトに結果データがないため、上位3名のみ掲載（出典：英語版Wikipedia 各GP記事）,
1975,125cc,2,RAC,SPA,スペインGP,Jarama,1975-04-20,paolo-pileri,確認済,,
1975,125cc,3,RAC,AUT,オーストリアGP,Salzburgring,1975-05-04,paolo-pileri,確認済,,
1975,125cc,4,RAC,WGER,西ドイツGP,Hockenheim,1975-05-11,paolo-pileri,確認済,,
1975,125cc,5,RAC,NAT,ネイションズGP,Imola,1975-05-18,paolo-pileri,確認済,,
1975,125cc,6,RAC,NED,オランダTT,TT Circuit Assen,1975-06-28,paolo-pileri,確認済,,
1975,125cc,7,RAC,BEL,ベルギーGP,Spa-Francorchamps,1975-07-06,paolo-pileri,確認済,,
1975,125cc,8,RAC,SWE,スウェーデンGP,Anderstorp,1975-07-20,paolo-pileri,確認済,,
1975,125cc,9,RAC,TCH,チェコスロバキアGP,CREDITAS Autodrom Brno,1975-08-24,leif-gustafsson,確認済,,
1975,125cc,10,RAC,JUG,ユーゴスラビアGP,Opatija,1975-09-21,dieter-braun,確認済,,
1975,50cc,1,RAC,SPA,スペインGP,Jarama,1975-04-20,angel-nieto,確認済,,
1975,50cc,2,RAC,WGER,西ドイツGP,Hockenheim,1975-05-11,angel-nieto,確認済,,
1975,50cc,3,RAC,NAT,ネイションズGP,Imola,1975-05-18,angel-nieto,確認済,,
1975,50cc,4,RAC,NED,オランダTT,TT Circuit Assen,1975-06-28,angel-nieto,確認済,公式リザルトに結果データがないため、上位3名のみ掲載（出典：英語版Wikipedia 各GP記事）,
1975,50cc,5,RAC,BEL,ベルギーGP,Spa-Francorchamps,1975-07-06,julien-van-zeebroeck,確認済,,
1975,50cc,6,RAC,SWE,スウェーデンGP,Anderstorp,1975-07-20,eugenio-lazzarini,確認済,公式リザルトに結果データがないため、上位3名のみ掲載（出典：英語版Wikipedia 各GP記事）,
1975,50cc,7,RAC,FIN,フィンランドGP,Imatra,1975-07-27,angel-nieto,確認済,,
1975,50cc,8,RAC,JUG,ユーゴスラビアGP,Opatija,1975-09-21,angel-nieto,確認済,,
1976,500cc,1,RAC,FRA,フランスGP,Le Mans,1976-04-25,barry-sheene,確認済,,
1976,500cc,2,RAC,AUT,オーストリアGP,Salzburgring,1976-05-02,barry-sheene,確認済,公式リザルトに結果データがないため、ポイント獲得者などの着順のみ掲載（出典：英語版Wikipedia 年間順位表）,
1976,500cc,3,RAC,NAT,ネイションズGP,Autodromo Internazionale del Mugello,1976-05-16,barry-sheene,確認済,,
1976,500cc,4,RAC,TT,マン島TT,Isle of Man,1976-06-12,tom-herron,確認済,,
1976,500cc,5,RAC,NED,オランダTT,TT Circuit Assen,1976-06-26,barry-sheene,確認済,,
1976,500cc,6,RAC,BEL,ベルギーGP,Spa-Francorchamps,1976-07-04,john-williams,確認済,,
1976,500cc,7,RAC,SWE,スウェーデンGP,Anderstorp,1976-07-25,barry-sheene,確認済,,
1976,500cc,8,RAC,FIN,フィンランドGP,Imatra,1976-08-01,pat-hennen,確認済,公式リザルトに結果データがないため、ポイント獲得者などの着順のみ掲載（出典：英語版Wikipedia 年間順位表）,
1976,500cc,9,RAC,TCH,チェコスロバキアGP,CREDITAS Autodrom Brno,1976-08-22,john-newbold,確認済,公式リザルトに結果データがないため、ポイント獲得者などの着順のみ掲載（出典：英語版Wikipedia 年間順位表）,
1976,500cc,10,RAC,WGER,西ドイツGP,Nurburgring,1976-08-29,giacomo-agostini,確認済,公式リザルトに結果データがないため、ポイント獲得者などの着順のみ掲載（出典：英語版Wikipedia 年間順位表）,
1976,250cc,1,RAC,JUG,ユーゴスラビアGP,Opatija,1976-03-23,dieter-braun,確認済,,
1976,250cc,2,RAC,FRA,フランスGP,Le Mans,1976-04-25,walter-villa,確認済,公式リザルトに結果データがないため、上位3名のみ掲載（出典：英語版Wikipedia 各GP記事）,
1976,250cc,3,RAC,NAT,ネイションズGP,Autodromo Internazionale del Mugello,1976-05-16,walter-villa,確認済,,
1976,250cc,4,RAC,TT,マン島TT,Isle of Man,1976-06-12,tom-herron,確認済,,
1976,250cc,5,RAC,NED,オランダTT,TT Circuit Assen,1976-06-26,walter-villa,確認済,,
1976,250cc,6,RAC,BEL,ベルギーGP,Spa-Francorchamps,1976-07-04,walter-villa,確認済,公式リザルトに結果データがないため、上位3名のみ掲載（出典：英語版Wikipedia 各GP記事）,
1976,250cc,7,RAC,SWE,スウェーデンGP,Anderstorp,1976-07-25,takazumi-katayama,確認済,,
1976,250cc,8,RAC,FIN,フィンランドGP,Imatra,1976-08-01,walter-villa,確認済,,
1976,250cc,9,RAC,TCH,チェコスロバキアGP,CREDITAS Autodrom Brno,1976-08-22,walter-villa,確認済,,
1976,250cc,10,RAC,WGER,西ドイツGP,Nurburgring,1976-08-29,walter-villa,確認済,,
1976,250cc,11,RAC,SPA,スペインGP,Montjuïc,1976-09-19,gianfranco-bonera,確認済,,
1976,350cc,1,RAC,JUG,ユーゴスラビアGP,Opatija,1976-03-23,olivier-chevallier,確認済,公式リザルトに結果データがないため、優勝者のみ掲載（出典：英語版Wikipedia シーズン記事の日程表）,
1976,350cc,2,RAC,FRA,フランスGP,Le Mans,1976-04-25,walter-villa,確認済,,
1976,350cc,3,RAC,AUT,オーストリアGP,Salzburgring,1976-05-02,johnny-cecotto,確認済,,
1976,350cc,4,RAC,NAT,ネイションズGP,Autodromo Internazionale del Mugello,1976-05-16,johnny-cecotto,確認済,,
1976,350cc,5,RAC,TT,マン島TT,Isle of Man,1976-06-12,chas-mortimer,確認済,公式リザルトに結果データがないため、上位3名のみ掲載（出典：英語版Wikipedia 各GP記事）,
1976,350cc,6,RAC,NED,オランダTT,TT Circuit Assen,1976-06-26,giacomo-agostini,確認済,,
1976,350cc,7,RAC,FIN,フィンランドGP,Imatra,1976-08-01,walter-villa,確認済,,
1976,350cc,8,RAC,TCH,チェコスロバキアGP,CREDITAS Autodrom Brno,1976-08-22,walter-villa,確認済,,
1976,350cc,9,RAC,WGER,西ドイツGP,Nurburgring,1976-08-29,walter-villa,確認済,,
1976,350cc,10,RAC,SPA,スペインGP,Montjuïc,1976-09-19,kork-ballington,確認済,公式リザルトに結果データがないため、優勝者のみ掲載（出典：英語版Wikipedia シーズン記事の日程表）,
1976,125cc,1,RAC,JUG,ユーゴスラビアGP,Opatija,1976-03-23,pier-paolo-bianchi,確認済,,
1976,125cc,2,RAC,AUT,オーストリアGP,Salzburgring,1976-05-02,pier-paolo-bianchi,確認済,,
1976,125cc,3,RAC,NAT,ネイションズGP,Autodromo Internazionale del Mugello,1976-05-16,pier-paolo-bianchi,確認済,公式リザルトに結果データがないため、上位3名のみ掲載（出典：英語版Wikipedia 各GP記事）,
1976,125cc,4,RAC,NED,オランダTT,TT Circuit Assen,1976-06-26,pier-paolo-bianchi,確認済,,
1976,125cc,5,RAC,BEL,ベルギーGP,Spa-Francorchamps,1976-07-04,angel-nieto,確認済,,
1976,125cc,6,RAC,SWE,スウェーデンGP,Anderstorp,1976-07-25,pier-paolo-bianchi,確認済,,
1976,125cc,7,RAC,FIN,フィンランドGP,Imatra,1976-08-01,pier-paolo-bianchi,確認済,,
1976,125cc,8,RAC,WGER,西ドイツGP,Nurburgring,1976-08-29,anton-mang,確認済,,
1976,125cc,9,RAC,SPA,スペインGP,Montjuïc,1976-09-19,pier-paolo-bianchi,確認済,,
1976,50cc,1,RAC,JUG,ユーゴスラビアGP,Opatija,1976-03-23,ulrich-graf,確認済,,
1976,50cc,2,RAC,FRA,フランスGP,Le Mans,1976-04-25,herbert-rittberger,確認済,,
1976,50cc,3,RAC,NAT,ネイションズGP,Autodromo Internazionale del Mugello,1976-05-16,angel-nieto,確認済,,
1976,50cc,4,RAC,NED,オランダTT,TT Circuit Assen,1976-06-26,angel-nieto,確認済,公式リザルトに結果データがないため、上位3名のみ掲載（出典：英語版Wikipedia 各GP記事）,
1976,50cc,5,RAC,BEL,ベルギーGP,Spa-Francorchamps,1976-07-04,herbert-rittberger,確認済,,
1976,50cc,6,RAC,SWE,スウェーデンGP,Anderstorp,1976-07-25,angel-nieto,確認済,公式リザルトに結果データがないため、上位3名のみ掲載（出典：英語版Wikipedia 各GP記事）,
1976,50cc,7,RAC,FIN,フィンランドGP,Imatra,1976-08-01,julien-van-zeebroeck,確認済,,
1976,50cc,8,RAC,WGER,西ドイツGP,Nurburgring,1976-08-29,angel-nieto,確認済,,
1976,50cc,9,RAC,SPA,スペインGP,Montjuïc,1976-09-19,angel-nieto,確認済,,
1977,500cc,1,RAC,VEN,ベネズエラGP,San Carlos,1977-03-20,barry-sheene,確認済,,
1977,500cc,2,RAC,AUT,オーストリアGP,Salzburgring,1977-05-01,jack-findlay,確認済,,
1977,500cc,3,RAC,WGER,西ドイツGP,Hockenheim,1977-05-08,barry-sheene,確認済,公式リザルトに結果データがないため、ポイント獲得者などの着順のみ掲載（出典：英語版Wikipedia 年間順位表）,
1977,500cc,4,RAC,NAT,ネイションズGP,Imola,1977-05-15,barry-sheene,確認済,,
1977,500cc,5,RAC,FRA,フランスGP,Paul Ricard,1977-05-29,barry-sheene,確認済,公式リザルトに結果データがないため、ポイント獲得者などの着順のみ掲載（出典：英語版Wikipedia 年間順位表）,
1977,500cc,6,RAC,NED,オランダTT,TT Circuit Assen,1977-06-25,wil-hartog,確認済,,
1977,500cc,7,RAC,BEL,ベルギーGP,Spa-Francorchamps,1977-07-03,barry-sheene,確認済,,
1977,500cc,8,RAC,SWE,スウェーデンGP,Anderstorp,1977-07-24,barry-sheene,確認済,公式リザルトに結果データがないため、ポイント獲得者などの着順のみ掲載（出典：英語版Wikipedia 年間順位表）,
1977,500cc,9,RAC,FIN,フィンランドGP,Imatra,1977-07-31,johnny-cecotto,確認済,,
1977,500cc,10,RAC,TCH,チェコスロバキアGP,CREDITAS Autodrom Brno,1977-08-07,johnny-cecotto,確認済,公式リザルトに結果データがないため、ポイント獲得者などの着順のみ掲載（出典：英語版Wikipedia 年間順位表）,
1977,500cc,11,RAC,GBR,イギリスGP,Silverstone Circuit,1977-08-14,pat-hennen,確認済,公式リザルトに結果データがないため、ポイント獲得者などの着順のみ掲載（出典：英語版Wikipedia 年間順位表）,
1977,250cc,1,RAC,VEN,ベネズエラGP,San Carlos,1977-03-20,walter-villa,確認済,公式リザルトに結果データがないため、上位3名のみ掲載（出典：英語版Wikipedia 各GP記事）,
1977,250cc,2,RAC,WGER,西ドイツGP,Hockenheim,1977-05-08,christian-sarron,確認済,,
1977,250cc,3,RAC,NAT,ネイションズGP,Imola,1977-05-15,franco-uncini,確認済,,
1977,250cc,4,RAC,SPA,スペインGP,Jarama,1977-05-22,takazumi-katayama,確認済,,
1977,250cc,5,RAC,FRA,フランスGP,Paul Ricard,1977-05-29,jon-ekerold,確認済,,
1977,250cc,6,RAC,JUG,ユーゴスラビアGP,Opatija,1977-06-19,mario-lega,確認済,,
1977,250cc,7,RAC,NED,オランダTT,TT Circuit Assen,1977-06-25,mick-grant,確認済,,
1977,250cc,8,RAC,BEL,ベルギーGP,Spa-Francorchamps,1977-07-03,walter-villa,確認済,公式リザルトに結果データがないため、上位3名のみ掲載（出典：英語版Wikipedia 各GP記事）,
1977,250cc,9,RAC,SWE,スウェーデンGP,Anderstorp,1977-07-24,mick-grant,確認済,,
1977,250cc,10,RAC,FIN,フィンランドGP,Imatra,1977-07-31,walter-villa,確認済,,
1977,250cc,11,RAC,TCH,チェコスロバキアGP,CREDITAS Autodrom Brno,1977-08-07,franco-uncini,確認済,,
1977,250cc,12,RAC,GBR,イギリスGP,Silverstone Circuit,1977-08-14,kork-ballington,確認済,,
1977,350cc,1,RAC,VEN,ベネズエラGP,San Carlos,1977-03-20,johnny-cecotto,確認済,,
1977,350cc,2,RAC,WGER,西ドイツGP,Hockenheim,1977-05-08,takazumi-katayama,確認済,,
1977,350cc,3,RAC,NAT,ネイションズGP,Imola,1977-05-15,alan-north,確認済,公式リザルトに結果データがないため、上位3名のみ掲載（出典：英語版Wikipedia 各GP記事）,
1977,350cc,4,RAC,SPA,スペインGP,Jarama,1977-05-22,michel-rougerie,確認済,,
1977,350cc,5,RAC,FRA,フランスGP,Paul Ricard,1977-05-29,takazumi-katayama,確認済,,
1977,350cc,6,RAC,JUG,ユーゴスラビアGP,Opatija,1977-06-19,takazumi-katayama,確認済,,
1977,350cc,7,RAC,NED,オランダTT,TT Circuit Assen,1977-06-25,kork-ballington,確認済,公式リザルトに結果データがないため、上位3名のみ掲載（出典：英語版Wikipedia 各GP記事）,
1977,350cc,8,RAC,SWE,スウェーデンGP,Anderstorp,1977-07-24,takazumi-katayama,確認済,,
1977,350cc,9,RAC,FIN,フィンランドGP,Imatra,1977-07-31,takazumi-katayama,確認済,公式リザルトに結果データがないため、上位3名のみ掲載（出典：英語版Wikipedia 各GP記事）,
1977,350cc,10,RAC,TCH,チェコスロバキアGP,CREDITAS Autodrom Brno,1977-08-07,johnny-cecotto,確認済,,
1977,350cc,11,RAC,GBR,イギリスGP,Silverstone Circuit,1977-08-14,kork-ballington,確認済,,
1977,125cc,1,RAC,VEN,ベネズエラGP,San Carlos,1977-03-20,angel-nieto,確認済,,
1977,125cc,2,RAC,AUT,オーストリアGP,Salzburgring,1977-05-01,eugenio-lazzarini,確認済,公式リザルトに結果データがないため、上位3名のみ掲載（出典：英語版Wikipedia 各GP記事）,
1977,125cc,3,RAC,WGER,西ドイツGP,Hockenheim,1977-05-08,pier-paolo-bianchi,確認済,,
1977,125cc,4,RAC,NAT,ネイションズGP,Imola,1977-05-15,pier-paolo-bianchi,確認済,,
1977,125cc,5,RAC,SPA,スペインGP,Jarama,1977-05-22,pier-paolo-bianchi,確認済,公式リザルトに結果データがないため、優勝者のみ掲載（出典：英語版Wikipedia シーズン記事の日程表）,
1977,125cc,6,RAC,FRA,フランスGP,Paul Ricard,1977-05-29,pier-paolo-bianchi,確認済,,
1977,125cc,7,RAC,JUG,ユーゴスラビアGP,Opatija,1977-06-19,pier-paolo-bianchi,確認済,公式リザルトに結果データがないため、優勝者のみ掲載（出典：英語版Wikipedia シーズン記事の日程表）,
1977,125cc,8,RAC,NED,オランダTT,TT Circuit Assen,1977-06-25,angel-nieto,確認済,,
1977,125cc,9,RAC,BEL,ベルギーGP,Spa-Francorchamps,1977-07-03,pier-paolo-bianchi,確認済,,
1977,125cc,10,RAC,SWE,スウェーデンGP,Anderstorp,1977-07-24,angel-nieto,確認済,,
1977,125cc,11,RAC,FIN,フィンランドGP,Imatra,1977-07-31,pier-paolo-bianchi,確認済,,
1977,125cc,12,RAC,GBR,イギリスGP,Silverstone Circuit,1977-08-14,pier-luigi-conforti,確認済,,
1977,50cc,1,RAC,WGER,西ドイツGP,Hockenheim,1977-05-08,herbert-rittberger,確認済,,
1977,50cc,2,RAC,NAT,ネイションズGP,Imola,1977-05-15,eugenio-lazzarini,確認済,,
1977,50cc,3,RAC,SPA,スペインGP,Jarama,1977-05-22,angel-nieto,確認済,,
1977,50cc,4,RAC,JUG,ユーゴスラビアGP,Opatija,1977-06-19,angel-nieto,確認済,,
1977,50cc,5,RAC,NED,オランダTT,TT Circuit Assen,1977-06-25,angel-nieto,確認済,,
1977,50cc,6,RAC,BEL,ベルギーGP,Spa-Francorchamps,1977-07-03,eugenio-lazzarini,確認済,,
1977,50cc,7,RAC,SWE,スウェーデンGP,Anderstorp,1977-07-24,ricardo-tormo,確認済,,
1978,500cc,1,RAC,VEN,ベネズエラGP,San Carlos,1978-03-19,barry-sheene,確認済,公式リザルトに結果データがないため、ポイント獲得者などの着順のみ掲載（出典：英語版Wikipedia 年間順位表）,
1978,500cc,2,RAC,SPA,スペインGP,Jarama,1978-04-16,pat-hennen,確認済,公式リザルトに結果データがないため、ポイント獲得者などの着順のみ掲載（出典：英語版Wikipedia 年間順位表）,
1978,500cc,3,RAC,AUT,オーストリアGP,Salzburgring,1978-04-30,kenny-roberts,確認済,公式リザルトに結果データがないため、ポイント獲得者などの着順のみ掲載（出典：英語版Wikipedia 年間順位表）,
1978,500cc,4,RAC,FRA,フランスGP,Nogaro,1978-05-07,kenny-roberts,確認済,,
1978,500cc,5,RAC,NAT,ネイションズGP,Autodromo Internazionale del Mugello,1978-05-14,kenny-roberts,確認済,,
1978,500cc,6,RAC,NED,オランダTT,TT Circuit Assen,1978-06-24,johnny-cecotto,確認済,,
1978,500cc,7,RAC,BEL,ベルギーGP,Spa-Francorchamps,1978-07-02,wil-hartog,確認済,,
1978,500cc,8,RAC,SWE,スウェーデンGP,Karlskoga,1978-07-23,barry-sheene,確認済,,
1978,500cc,9,RAC,FIN,フィンランドGP,Imatra,1978-07-30,wil-hartog,確認済,,
1978,500cc,10,RAC,GBR,イギリスGP,Silverstone Circuit,1978-08-06,kenny-roberts,確認済,公式リザルトに結果データがないため、ポイント獲得者などの着順のみ掲載（出典：英語版Wikipedia 年間順位表）,
1978,500cc,11,RAC,WGER,西ドイツGP,Nurburgring,1978-08-20,virginio-ferrari,確認済,,
1978,250cc,1,RAC,VEN,ベネズエラGP,San Carlos,1978-03-19,kenny-roberts,確認済,,
1978,250cc,2,RAC,SPA,スペインGP,Jarama,1978-04-16,greg-hansford,確認済,,
1978,250cc,3,RAC,FRA,フランスGP,Nogaro,1978-05-07,greg-hansford,確認済,公式リザルトに結果データがないため、上位3名のみ掲載（出典：英語版Wikipedia 各GP記事）,
1978,250cc,4,RAC,NAT,ネイションズGP,Autodromo Internazionale del Mugello,1978-05-14,kork-ballington,確認済,公式リザルトに結果データがないため、上位3名のみ掲載（出典：英語版Wikipedia 各GP記事）,
1978,250cc,5,RAC,NED,オランダTT,TT Circuit Assen,1978-06-24,kenny-roberts,確認済,,
1978,250cc,6,RAC,BEL,ベルギーGP,Spa-Francorchamps,1978-07-02,paolo-pileri,確認済,公式リザルトに結果データがないため、上位3名のみ掲載（出典：英語版Wikipedia 各GP記事）,
1978,250cc,7,RAC,SWE,スウェーデンGP,Karlskoga,1978-07-23,greg-hansford,確認済,,
1978,250cc,8,RAC,FIN,フィンランドGP,Imatra,1978-07-30,kork-ballington,確認済,公式リザルトに結果データがないため、上位3名のみ掲載（出典：英語版Wikipedia 各GP記事）,
1978,250cc,9,RAC,GBR,イギリスGP,Silverstone Circuit,1978-08-06,anton-mang,確認済,公式リザルトに結果データがないため、上位3名のみ掲載（出典：英語版Wikipedia 各GP記事）,
1978,250cc,10,RAC,WGER,西ドイツGP,Nurburgring,1978-08-20,kork-ballington,確認済,,
1978,250cc,11,RAC,TCH,チェコスロバキアGP,CREDITAS Autodrom Brno,1978-08-27,kork-ballington,確認済,公式リザルトに結果データがないため、優勝者のみ掲載（出典：英語版Wikipedia シーズン記事の日程表）,
1978,250cc,12,RAC,JUG,ユーゴスラビアGP,Rijeka,1978-09-17,greg-hansford,確認済,,
1978,350cc,1,RAC,VEN,ベネズエラGP,San Carlos,1978-03-19,takazumi-katayama,確認済,,
1978,350cc,2,RAC,AUT,オーストリアGP,Salzburgring,1978-04-30,kork-ballington,確認済,,
1978,350cc,3,RAC,FRA,フランスGP,Nogaro,1978-05-07,greg-hansford,確認済,,
1978,350cc,4,RAC,NAT,ネイションズGP,Autodromo Internazionale del Mugello,1978-05-14,kork-ballington,確認済,,
1978,350cc,5,RAC,NED,オランダTT,TT Circuit Assen,1978-06-24,kork-ballington,確認済,公式リザルトに結果データがないため、上位3名のみ掲載（出典：英語版Wikipedia 各GP記事）,
1978,350cc,6,RAC,SWE,スウェーデンGP,Karlskoga,1978-07-23,greg-hansford,確認済,公式リザルトに結果データがないため、上位3名のみ掲載（出典：英語版Wikipedia 各GP記事）,
1978,350cc,7,RAC,FIN,フィンランドGP,Imatra,1978-07-30,kork-ballington,確認済,,
1978,350cc,8,RAC,GBR,イギリスGP,Silverstone Circuit,1978-08-06,kork-ballington,確認済,,
1978,350cc,9,RAC,WGER,西ドイツGP,Nurburgring,1978-08-20,takazumi-katayama,確認済,,
1978,350cc,10,RAC,TCH,チェコスロバキアGP,CREDITAS Autodrom Brno,1978-08-27,kork-ballington,確認済,,
1978,350cc,11,RAC,JUG,ユーゴスラビアGP,Rijeka,1978-09-17,greg-hansford,確認済,公式リザルトに結果データがないため、優勝者のみ掲載（出典：英語版Wikipedia シーズン記事の日程表）,
1978,125cc,1,RAC,VEN,ベネズエラGP,San Carlos,1978-03-19,pier-paolo-bianchi,確認済,,
1978,125cc,2,RAC,SPA,スペインGP,Jarama,1978-04-16,eugenio-lazzarini,確認済,,
1978,125cc,3,RAC,AUT,オーストリアGP,Salzburgring,1978-04-30,eugenio-lazzarini,確認済,,
1978,125cc,4,RAC,FRA,フランスGP,Nogaro,1978-05-07,pier-paolo-bianchi,確認済,公式リザルトに結果データがないため、上位3名のみ掲載（出典：英語版Wikipedia 各GP記事）,
1978,125cc,5,RAC,NAT,ネイションズGP,Autodromo Internazionale del Mugello,1978-05-14,eugenio-lazzarini,確認済,,
1978,125cc,6,RAC,NED,オランダTT,TT Circuit Assen,1978-06-24,eugenio-lazzarini,確認済,,
1978,125cc,7,RAC,BEL,ベルギーGP,Spa-Francorchamps,1978-07-02,pier-paolo-bianchi,確認済,,
1978,125cc,8,RAC,SWE,スウェーデンGP,Karlskoga,1978-07-23,pier-paolo-bianchi,確認済,,
1978,125cc,9,RAC,FIN,フィンランドGP,Imatra,1978-07-30,angel-nieto,確認済,,
1978,125cc,10,RAC,GBR,イギリスGP,Silverstone Circuit,1978-08-06,angel-nieto,確認済,,
1978,125cc,11,RAC,WGER,西ドイツGP,Nurburgring,1978-08-20,angel-nieto,確認済,,
1978,125cc,12,RAC,JUG,ユーゴスラビアGP,Rijeka,1978-09-17,angel-nieto,確認済,,
1978,50cc,1,RAC,SPA,スペインGP,Jarama,1978-04-16,eugenio-lazzarini,確認済,,
1978,50cc,2,RAC,NAT,ネイションズGP,Autodromo Internazionale del Mugello,1978-05-14,ricardo-tormo,確認済,公式リザルトに結果データがないため、上位3名のみ掲載（出典：英語版Wikipedia 各GP記事）,
1978,50cc,3,RAC,NED,オランダTT,TT Circuit Assen,1978-06-24,eugenio-lazzarini,確認済,,
1978,50cc,4,RAC,BEL,ベルギーGP,Spa-Francorchamps,1978-07-02,ricardo-tormo,確認済,,
1978,50cc,5,RAC,WGER,西ドイツGP,Nurburgring,1978-08-20,ricardo-tormo,確認済,公式リザルトに結果データがないため、上位3名のみ掲載（出典：英語版Wikipedia 各GP記事）,
1978,50cc,6,RAC,TCH,チェコスロバキアGP,CREDITAS Autodrom Brno,1978-08-27,ricardo-tormo,確認済,,
1978,50cc,7,RAC,JUG,ユーゴスラビアGP,Rijeka,1978-09-17,ricardo-tormo,確認済,,
1979,500cc,1,RAC,VEN,ベネズエラGP,San Carlos,1979-03-18,barry-sheene,確認済,,
1979,500cc,2,RAC,AUT,オーストリアGP,Salzburgring,1979-04-29,kenny-roberts,確認済,公式リザルトに結果データがないため、ポイント獲得者などの着順のみ掲載（出典：英語版Wikipedia 年間順位表）,
1979,500cc,3,RAC,WGER,西ドイツGP,Hockenheim,1979-05-06,wil-hartog,確認済,,
1979,500cc,4,RAC,NAT,ネイションズGP,Imola,1979-05-13,kenny-roberts,確認済,,
1979,500cc,5,RAC,SPA,スペインGP,Jarama,1979-05-20,kenny-roberts,確認済,,
1979,500cc,6,RAC,JUG,ユーゴスラビアGP,Rijeka,1979-06-17,kenny-roberts,確認済,,
1979,500cc,7,RAC,NED,オランダTT,TT Circuit Assen,1979-06-23,virginio-ferrari,確認済,,
1979,500cc,8,RAC,BEL,ベルギーGP,Spa-Francorchamps,1979-07-01,dennis-ireland,確認済,公式リザルトに結果データがないため、ポイント獲得者などの着順のみ掲載（出典：英語版Wikipedia 年間順位表）,
1979,500cc,9,RAC,SWE,スウェーデンGP,Karlskoga,1979-07-22,barry-sheene,確認済,,
1979,500cc,10,RAC,FIN,フィンランドGP,Imatra,1979-07-29,boet-van-dulmen,確認済,,
1979,500cc,11,RAC,GBR,イギリスGP,Silverstone Circuit,1979-08-12,kenny-roberts,確認済,公式リザルトに結果データがないため、ポイント獲得者などの着順のみ掲載（出典：英語版Wikipedia 年間順位表）,
1979,500cc,12,RAC,FRA,フランスGP,Le Mans,1979-09-02,barry-sheene,確認済,,
1979,250cc,1,RAC,VEN,ベネズエラGP,San Carlos,1979-03-18,walter-villa,確認済,,
1979,250cc,2,RAC,WGER,西ドイツGP,Hockenheim,1979-05-06,kork-ballington,確認済,,
1979,250cc,3,RAC,NAT,ネイションズGP,Imola,1979-05-13,kork-ballington,確認済,,
1979,250cc,4,RAC,SPA,スペインGP,Jarama,1979-05-20,kork-ballington,確認済,,
1979,250cc,5,RAC,JUG,ユーゴスラビアGP,Rijeka,1979-06-17,graziano-rossi,確認済,,
1979,250cc,6,RAC,NED,オランダTT,TT Circuit Assen,1979-06-23,graziano-rossi,確認済,,
1979,250cc,7,RAC,BEL,ベルギーGP,Spa-Francorchamps,1979-07-01,edi-stoellinger,確認済,,
1979,250cc,8,RAC,SWE,スウェーデンGP,Karlskoga,1979-07-22,graziano-rossi,確認済,公式リザルトに結果データがないため、上位3名のみ掲載（出典：英語版Wikipedia 各GP記事）,
1979,250cc,9,RAC,FIN,フィンランドGP,Imatra,1979-07-29,kork-ballington,確認済,,
1979,250cc,10,RAC,GBR,イギリスGP,Silverstone Circuit,1979-08-12,kork-ballington,確認済,,
1979,250cc,11,RAC,TCH,チェコスロバキアGP,CREDITAS Autodrom Brno,1979-08-19,kork-ballington,確認済,公式リザルトに結果データがないため、優勝者のみ掲載（出典：英語版Wikipedia シーズン記事の日程表）,
1979,250cc,12,RAC,FRA,フランスGP,Le Mans,1979-09-02,kork-ballington,確認済,,
1979,350cc,1,RAC,VEN,ベネズエラGP,San Carlos,1979-03-18,carlos-lavado,確認済,,
1979,350cc,2,RAC,AUT,オーストリアGP,Salzburgring,1979-04-29,kork-ballington,確認済,,
1979,350cc,3,RAC,WGER,西ドイツGP,Hockenheim,1979-05-06,jon-ekerold,確認済,公式リザルトに結果データがないため、上位3名のみ掲載（出典：英語版Wikipedia 各GP記事）,
1979,350cc,4,RAC,NAT,ネイションズGP,Imola,1979-05-13,greg-hansford,確認済,,
1979,350cc,5,RAC,SPA,スペインGP,Jarama,1979-05-20,kork-ballington,確認済,公式リザルトに結果データがないため、上位3名のみ掲載（出典：英語版Wikipedia 各GP記事）,
1979,350cc,6,RAC,JUG,ユーゴスラビアGP,Rijeka,1979-06-17,kork-ballington,確認済,,
1979,350cc,7,RAC,NED,オランダTT,TT Circuit Assen,1979-06-23,greg-hansford,確認済,,
1979,350cc,8,RAC,FIN,フィンランドGP,Imatra,1979-07-29,greg-hansford,確認済,公式リザルトに結果データがないため、上位3名のみ掲載（出典：英語版Wikipedia 各GP記事）,
1979,350cc,9,RAC,GBR,イギリスGP,Silverstone Circuit,1979-08-12,kork-ballington,確認済,,
1979,350cc,10,RAC,TCH,チェコスロバキアGP,CREDITAS Autodrom Brno,1979-08-19,kork-ballington,確認済,,
1979,350cc,11,RAC,FRA,フランスGP,Le Mans,1979-09-02,patrick-fernandez,確認済,公式リザルトに結果データがないため、上位3名のみ掲載（出典：英語版Wikipedia 各GP記事）,
1979,125cc,1,RAC,VEN,ベネズエラGP,San Carlos,1979-03-18,angel-nieto,確認済,公式リザルトに結果データがないため、上位3名のみ掲載（出典：英語版Wikipedia 各GP記事）,
1979,125cc,2,RAC,AUT,オーストリアGP,Salzburgring,1979-04-29,angel-nieto,確認済,,
1979,125cc,3,RAC,WGER,西ドイツGP,Hockenheim,1979-05-06,angel-nieto,確認済,,
1979,125cc,4,RAC,NAT,ネイションズGP,Imola,1979-05-13,angel-nieto,確認済,,
1979,125cc,5,RAC,SPA,スペインGP,Jarama,1979-05-20,angel-nieto,確認済,,
1979,125cc,6,RAC,JUG,ユーゴスラビアGP,Rijeka,1979-06-17,angel-nieto,確認済,,
1979,125cc,7,RAC,NED,オランダTT,TT Circuit Assen,1979-06-23,angel-nieto,確認済,公式リザルトに結果データがないため、上位3名のみ掲載（出典：英語版Wikipedia 各GP記事）,
1979,125cc,8,RAC,BEL,ベルギーGP,Spa-Francorchamps,1979-07-01,barry-smith,確認済,,
1979,125cc,9,RAC,SWE,スウェーデンGP,Karlskoga,1979-07-22,pier-paolo-bianchi,確認済,,
1979,125cc,10,RAC,FIN,フィンランドGP,Imatra,1979-07-29,ricardo-tormo,確認済,公式リザルトに結果データがないため、上位3名のみ掲載（出典：英語版Wikipedia 各GP記事）,
1979,125cc,11,RAC,GBR,イギリスGP,Silverstone Circuit,1979-08-12,angel-nieto,確認済,,
1979,125cc,12,RAC,TCH,チェコスロバキアGP,CREDITAS Autodrom Brno,1979-08-19,guy-bertin,確認済,,
1979,125cc,13,RAC,FRA,フランスGP,Le Mans,1979-09-02,guy-bertin,確認済,公式リザルトに結果データがないため、上位3名のみ掲載（出典：英語版Wikipedia 各GP記事）,
1979,50cc,1,RAC,WGER,西ドイツGP,Hockenheim,1979-05-06,gerhard-waibel,確認済,,
1979,50cc,2,RAC,NAT,ネイションズGP,Imola,1979-05-13,eugenio-lazzarini,確認済,公式リザルトに結果データがないため、優勝者のみ掲載（出典：英語版Wikipedia シーズン記事の日程表）,
1979,50cc,3,RAC,SPA,スペインGP,Jarama,1979-05-20,eugenio-lazzarini,確認済,,
1979,50cc,4,RAC,JUG,ユーゴスラビアGP,Rijeka,1979-06-17,eugenio-lazzarini,確認済,公式リザルトに結果データがないため、上位3名のみ掲載（出典：英語版Wikipedia 各GP記事）,
1979,50cc,5,RAC,NED,オランダTT,TT Circuit Assen,1979-06-23,eugenio-lazzarini,確認済,,
1979,50cc,6,RAC,BEL,ベルギーGP,Spa-Francorchamps,1979-07-01,henk-van-kessel,確認済,,
1979,50cc,7,RAC,FRA,フランスGP,Le Mans,1979-09-02,eugenio-lazzarini,確認済,,
1980,500cc,1,RAC,NAT,ネイションズGP,Misano World Circuit Marco Simoncelli,1980-05-11,kenny-roberts,確認済,,
1980,500cc,2,RAC,SPA,スペインGP,Jarama,1980-05-18,kenny-roberts,確認済,,
1980,500cc,3,RAC,FRA,フランスGP,Paul Ricard,1980-05-25,kenny-roberts,確認済,,
1980,500cc,4,RAC,NED,オランダTT,TT Circuit Assen,1980-06-28,jack-middelburg,確認済,,
1980,500cc,5,RAC,BEL,ベルギーGP,Spa-Francorchamps,1980-07-06,randy-mamola,確認済,,
1980,500cc,6,RAC,FIN,フィンランドGP,Imatra,1980-07-27,wil-hartog,確認済,公式リザルトに結果データがないため、ポイント獲得者などの着順のみ掲載（出典：英語版Wikipedia 年間順位表）,
1980,500cc,7,RAC,GBR,イギリスGP,Silverstone Circuit,1980-08-10,randy-mamola,確認済,,
1980,500cc,8,RAC,WGER,西ドイツGP,Nurburgring,1980-08-24,marco-lucchinelli,確認済,,
1980,250cc,1,RAC,NAT,ネイションズGP,Misano World Circuit Marco Simoncelli,1980-05-11,anton-mang,確認済,,
1980,250cc,2,RAC,SPA,スペインGP,Jarama,1980-05-18,kork-ballington,確認済,,
1980,250cc,3,RAC,FRA,フランスGP,Paul Ricard,1980-05-25,kork-ballington,確認済,,
1980,250cc,4,RAC,JUG,ユーゴスラビアGP,Rijeka,1980-06-15,anton-mang,確認済,,
1980,250cc,5,RAC,NED,オランダTT,TT Circuit Assen,1980-06-28,carlos-lavado,確認済,,
1980,250cc,6,RAC,BEL,ベルギーGP,Spa-Francorchamps,1980-07-06,anton-mang,確認済,公式リザルトに結果データがないため、上位3名のみ掲載（出典：英語版Wikipedia 各GP記事）,
1980,250cc,7,RAC,FIN,フィンランドGP,Imatra,1980-07-27,kork-ballington,確認済,,
1980,250cc,8,RAC,GBR,イギリスGP,Silverstone Circuit,1980-08-10,kork-ballington,確認済,公式リザルトに結果データがないため、上位3名のみ掲載（出典：英語版Wikipedia 各GP記事）,
1980,250cc,9,RAC,TCH,チェコスロバキアGP,CREDITAS Autodrom Brno,1980-08-17,anton-mang,確認済,,
1980,250cc,10,RAC,WGER,西ドイツGP,Nurburgring,1980-08-24,kork-ballington,確認済,,
1980,350cc,1,RAC,NAT,ネイションズGP,Misano World Circuit Marco Simoncelli,1980-05-11,johnny-cecotto,確認済,公式リザルトに結果データがないため、上位3名のみ掲載（出典：英語版Wikipedia 各GP記事）,
1980,350cc,2,RAC,FRA,フランスGP,Paul Ricard,1980-05-25,jon-ekerold,確認済,公式リザルトに結果データがないため、上位3名のみ掲載（出典：英語版Wikipedia 各GP記事）,
1980,350cc,3,RAC,NED,オランダTT,TT Circuit Assen,1980-06-28,jon-ekerold,確認済,公式リザルトに結果データがないため、上位3名のみ掲載（出典：英語版Wikipedia 各GP記事）,
1980,350cc,4,RAC,GBR,イギリスGP,Silverstone Circuit,1980-08-10,anton-mang,確認済,,
1980,350cc,5,RAC,TCH,チェコスロバキアGP,CREDITAS Autodrom Brno,1980-08-17,anton-mang,確認済,公式リザルトに結果データがないため、優勝者のみ掲載（出典：英語版Wikipedia シーズン記事の日程表）,
1980,350cc,6,RAC,WGER,西ドイツGP,Nurburgring,1980-08-24,jon-ekerold,確認済,,
1980,125cc,1,RAC,NAT,ネイションズGP,Misano World Circuit Marco Simoncelli,1980-05-11,pier-paolo-bianchi,確認済,,
1980,125cc,2,RAC,SPA,スペインGP,Jarama,1980-05-18,pier-paolo-bianchi,確認済,公式リザルトに結果データがないため、上位3名のみ掲載（出典：英語版Wikipedia 各GP記事）,
1980,125cc,3,RAC,FRA,フランスGP,Paul Ricard,1980-05-25,angel-nieto,確認済,,
1980,125cc,4,RAC,JUG,ユーゴスラビアGP,Rijeka,1980-06-15,guy-bertin,確認済,公式リザルトに結果データがないため、優勝者のみ掲載（出典：英語版Wikipedia シーズン記事の日程表）,
1980,125cc,5,RAC,NED,オランダTT,TT Circuit Assen,1980-06-28,angel-nieto,確認済,,
1980,125cc,6,RAC,BEL,ベルギーGP,Spa-Francorchamps,1980-07-06,angel-nieto,確認済,,
1980,125cc,7,RAC,FIN,フィンランドGP,Imatra,1980-07-27,angel-nieto,確認済,,
1980,125cc,8,RAC,GBR,イギリスGP,Silverstone Circuit,1980-08-10,loris-reggiani,確認済,公式リザルトに結果データがないため、上位3名のみ掲載（出典：英語版Wikipedia 各GP記事）,
1980,125cc,9,RAC,TCH,チェコスロバキアGP,CREDITAS Autodrom Brno,1980-08-17,guy-bertin,確認済,,
1980,125cc,10,RAC,WGER,西ドイツGP,Nurburgring,1980-08-24,guy-bertin,確認済,,
1980,50cc,1,RAC,NAT,ネイションズGP,Misano World Circuit Marco Simoncelli,1980-05-11,eugenio-lazzarini,確認済,,
1980,50cc,2,RAC,SPA,スペインGP,Jarama,1980-05-18,eugenio-lazzarini,確認済,,
1980,50cc,3,RAC,JUG,ユーゴスラビアGP,Rijeka,1980-06-15,ricardo-tormo,確認済,,
1980,50cc,4,RAC,NED,オランダTT,TT Circuit Assen,1980-06-28,ricardo-tormo,確認済,,
1980,50cc,5,RAC,BEL,ベルギーGP,Spa-Francorchamps,1980-07-06,stefan-dorflinger,確認済,,
1980,50cc,6,RAC,WGER,西ドイツGP,Nurburgring,1980-08-24,stefan-dorflinger,確認済,公式リザルトに結果データがないため、上位3名のみ掲載（出典：英語版Wikipedia 各GP記事）,
1981,500cc,1,RAC,AUT,オーストリアGP,Salzburgring,1981-04-26,randy-mamola,確認済,公式リザルトに結果データがないため、ポイント獲得者などの着順のみ掲載（出典：英語版Wikipedia 年間順位表）,
1981,500cc,2,RAC,WGER,西ドイツGP,Hockenheim,1981-05-03,kenny-roberts,確認済,,
1981,500cc,3,RAC,NAT,ネイションズGP,Monza,1981-05-10,kenny-roberts,確認済,,
1981,500cc,4,RAC,FRA,フランスGP,Paul Ricard,1981-05-17,marco-lucchinelli,確認済,公式リザルトに結果データがないため、ポイント獲得者などの着順のみ掲載（出典：英語版Wikipedia 年間順位表）,
1981,500cc,5,RAC,JUG,ユーゴスラビアGP,Rijeka,1981-05-31,randy-mamola,確認済,,
1981,500cc,6,RAC,NED,オランダTT,TT Circuit Assen,1981-06-27,marco-lucchinelli,確認済,,
1981,500cc,7,RAC,BEL,ベルギーGP,Spa-Francorchamps,1981-07-05,marco-lucchinelli,確認済,,
1981,500cc,8,RAC,RSM,サンマリノGP,Imola,1981-07-12,marco-lucchinelli,確認済,公式リザルトに結果データがないため、ポイント獲得者などの着順のみ掲載（出典：英語版Wikipedia 年間順位表）,
1981,500cc,9,RAC,GBR,イギリスGP,Silverstone Circuit,1981-08-02,jack-middelburg,確認済,,
1981,500cc,10,RAC,FIN,フィンランドGP,Imatra,1981-08-09,marco-lucchinelli,確認済,公式リザルトに結果データがないため、ポイント獲得者などの着順のみ掲載（出典：英語版Wikipedia 年間順位表）,
1981,500cc,11,RAC,SWE,スウェーデンGP,Anderstorp,1981-08-16,barry-sheene,確認済,公式リザルトに結果データがないため、ポイント獲得者などの着順のみ掲載（出典：英語版Wikipedia 年間順位表）,
1981,250cc,1,RAC,ARG,アルゼンチンGP,Oscar A. Galvez,1981-03-22,jean-francois-balde,確認済,,
1981,250cc,2,RAC,WGER,西ドイツGP,Hockenheim,1981-05-03,anton-mang,確認済,,
1981,250cc,3,RAC,NAT,ネイションズGP,Monza,1981-05-10,eric-saul,確認済,,
1981,250cc,4,RAC,FRA,フランスGP,Paul Ricard,1981-05-17,anton-mang,確認済,,
1981,250cc,5,RAC,SPA,スペインGP,Jarama,1981-05-24,anton-mang,確認済,公式リザルトに結果データがないため、ポイント獲得者などの着順のみ掲載（出典：英語版Wikipedia 年間順位表）,
1981,250cc,6,RAC,NED,オランダTT,TT Circuit Assen,1981-06-27,anton-mang,確認済,,
1981,250cc,7,RAC,BEL,ベルギーGP,Spa-Francorchamps,1981-07-05,anton-mang,確認済,公式リザルトに結果データがないため、ポイント獲得者などの着順のみ掲載（出典：英語版Wikipedia 年間順位表）,
1981,250cc,8,RAC,RSM,サンマリノGP,Imola,1981-07-12,anton-mang,確認済,,
1981,250cc,9,RAC,GBR,イギリスGP,Silverstone Circuit,1981-08-02,anton-mang,確認済,公式リザルトに結果データがないため、上位3名のみ掲載（出典：英語版Wikipedia 各GP記事）,
1981,250cc,10,RAC,FIN,フィンランドGP,Imatra,1981-08-09,anton-mang,確認済,,
1981,250cc,11,RAC,SWE,スウェーデンGP,Anderstorp,1981-08-16,anton-mang,確認済,,
1981,250cc,12,RAC,TCH,チェコスロバキアGP,CREDITAS Autodrom Brno,1981-08-30,anton-mang,確認済,公式リザルトに結果データがないため、優勝者のみ掲載（出典：英語版Wikipedia シーズン記事の日程表）,
1981,350cc,1,RAC,ARG,アルゼンチンGP,Oscar A. Galvez,1981-03-22,jon-ekerold,確認済,,
1981,350cc,2,RAC,AUT,オーストリアGP,Salzburgring,1981-04-26,patrick-fernandez,確認済,,
1981,350cc,3,RAC,WGER,西ドイツGP,Hockenheim,1981-05-03,anton-mang,確認済,,
1981,350cc,4,RAC,NAT,ネイションズGP,Monza,1981-05-10,jon-ekerold,確認済,,
1981,350cc,5,RAC,JUG,ユーゴスラビアGP,Rijeka,1981-05-31,anton-mang,確認済,,
1981,350cc,6,RAC,NED,オランダTT,TT Circuit Assen,1981-06-27,anton-mang,確認済,,
1981,350cc,7,RAC,GBR,イギリスGP,Silverstone Circuit,1981-08-02,anton-mang,確認済,,
1981,350cc,8,RAC,TCH,チェコスロバキアGP,CREDITAS Autodrom Brno,1981-08-30,anton-mang,確認済,,
1981,125cc,1,RAC,ARG,アルゼンチンGP,Oscar A. Galvez,1981-03-22,angel-nieto,確認済,公式リザルトに結果データがないため、ポイント獲得者などの着順のみ掲載（出典：英語版Wikipedia 年間順位表）,
1981,125cc,2,RAC,AUT,オーストリアGP,Salzburgring,1981-04-26,angel-nieto,確認済,,
1981,125cc,3,RAC,WGER,西ドイツGP,Hockenheim,1981-05-03,angel-nieto,確認済,,
1981,125cc,4,RAC,NAT,ネイションズGP,Monza,1981-05-10,guy-bertin,確認済,公式リザルトに結果データがないため、ポイント獲得者などの着順のみ掲載（出典：英語版Wikipedia 年間順位表）,
1981,125cc,5,RAC,FRA,フランスGP,Paul Ricard,1981-05-17,angel-nieto,確認済,,
1981,125cc,6,RAC,SPA,スペインGP,Jarama,1981-05-24,angel-nieto,確認済,,
1981,125cc,7,RAC,JUG,ユーゴスラビアGP,Rijeka,1981-05-31,loris-reggiani,確認済,,
1981,125cc,8,RAC,NED,オランダTT,TT Circuit Assen,1981-06-27,angel-nieto,確認済,公式リザルトに結果データがないため、ポイント獲得者などの着順のみ掲載（出典：英語版Wikipedia 年間順位表）,
1981,125cc,9,RAC,RSM,サンマリノGP,Imola,1981-07-12,loris-reggiani,確認済,,
1981,125cc,10,RAC,GBR,イギリスGP,Silverstone Circuit,1981-08-02,angel-nieto,確認済,,
1981,125cc,11,RAC,FIN,フィンランドGP,Imatra,1981-08-09,angel-nieto,確認済,,
1981,125cc,12,RAC,SWE,スウェーデンGP,Anderstorp,1981-08-16,ricardo-tormo,確認済,,
1981,50cc,1,RAC,WGER,西ドイツGP,Hockenheim,1981-05-03,stefan-dorflinger,確認済,公式リザルトに結果データがないため、ポイント獲得者などの着順のみ掲載（出典：英語版Wikipedia 年間順位表）,
1981,50cc,2,RAC,NAT,ネイションズGP,Monza,1981-05-10,ricardo-tormo,確認済,,
1981,50cc,3,RAC,SPA,スペインGP,Jarama,1981-05-24,ricardo-tormo,確認済,,
1981,50cc,4,RAC,JUG,ユーゴスラビアGP,Rijeka,1981-05-31,ricardo-tormo,確認済,公式リザルトに結果データがないため、ポイント獲得者などの着順のみ掲載（出典：英語版Wikipedia 年間順位表）,
1981,50cc,5,RAC,NED,オランダTT,TT Circuit Assen,1981-06-27,ricardo-tormo,確認済,,
1981,50cc,6,RAC,BEL,ベルギーGP,Spa-Francorchamps,1981-07-05,ricardo-tormo,確認済,,
1981,50cc,7,RAC,RSM,サンマリノGP,Imola,1981-07-12,ricardo-tormo,確認済,,
1981,50cc,8,RAC,TCH,チェコスロバキアGP,CREDITAS Autodrom Brno,1981-08-30,theo-timmer,確認済,,
1982,500cc,1,RAC,ARG,アルゼンチンGP,Oscar A. Galvez,1982-03-28,kenny-roberts,確認済,,
1982,500cc,2,RAC,AUT,オーストリアGP,Salzburgring,1982-05-02,franco-uncini,確認済,,
1982,500cc,3,RAC,FRA,フランスGP,Nogaro,1982-05-02,michel-frutschi,確認済,,
1982,500cc,4,RAC,SPA,スペインGP,Jarama,1982-05-23,kenny-roberts,確認済,,
1982,500cc,5,RAC,NAT,ネイションズGP,Misano World Circuit Marco Simoncelli,1982-05-30,franco-uncini,確認済,,
1982,500cc,6,RAC,NED,オランダTT,TT Circuit Assen,1982-06-26,franco-uncini,確認済,,
1982,500cc,7,RAC,BEL,ベルギーGP,Spa-Francorchamps,1982-07-04,freddie-spencer,確認済,,
1982,500cc,8,RAC,JUG,ユーゴスラビアGP,Rijeka,1982-07-18,franco-uncini,確認済,,
1982,500cc,9,RAC,GBR,イギリスGP,Silverstone Circuit,1982-08-01,franco-uncini,確認済,,
1982,500cc,10,RAC,SWE,スウェーデンGP,Anderstorp,1982-08-08,takazumi-katayama,確認済,公式リザルトに結果データがないため、ポイント獲得者などの着順のみ掲載（出典：英語版Wikipedia 年間順位表）,
1982,500cc,11,RAC,RSM,サンマリノGP,Autodromo Internazionale del Mugello,1982-09-05,freddie-spencer,確認済,,
1982,500cc,12,RAC,WGER,西ドイツGP,Hockenheim,1982-09-26,randy-mamola,確認済,公式リザルトに結果データがないため、ポイント獲得者などの着順のみ掲載（出典：英語版Wikipedia 年間順位表）,
1982,250cc,1,RAC,FRA,フランスGP,Nogaro,1982-05-02,jean-louis-tournadre,確認済,公式リザルトに結果データがないため、ポイント獲得者などの着順のみ掲載（出典：英語版Wikipedia 年間順位表）,
1982,250cc,2,RAC,SPA,スペインGP,Jarama,1982-05-23,carlos-lavado,確認済,,
1982,250cc,3,RAC,NAT,ネイションズGP,Misano World Circuit Marco Simoncelli,1982-05-30,anton-mang,確認済,,
1982,250cc,4,RAC,NED,オランダTT,TT Circuit Assen,1982-06-26,anton-mang,確認済,公式リザルトに結果データがないため、ポイント獲得者などの着順のみ掲載（出典：英語版Wikipedia 年間順位表）,
1982,250cc,5,RAC,BEL,ベルギーGP,Spa-Francorchamps,1982-07-04,anton-mang,確認済,,
1982,250cc,6,RAC,JUG,ユーゴスラビアGP,Rijeka,1982-07-18,didier-de-radigues,確認済,,
1982,250cc,7,RAC,GBR,イギリスGP,Silverstone Circuit,1982-08-01,martin-wimmer,確認済,,
1982,250cc,8,RAC,SWE,スウェーデンGP,Anderstorp,1982-08-08,roland-freymond,確認済,,
1982,250cc,9,RAC,FIN,フィンランドGP,Imatra,1982-08-15,christian-sarron,確認済,公式リザルトに結果データがないため、ポイント獲得者などの着順のみ掲載（出典：英語版Wikipedia 年間順位表）,
1982,250cc,10,RAC,TCH,チェコスロバキアGP,CREDITAS Autodrom Brno,1982-08-29,carlos-lavado,確認済,,
1982,250cc,11,RAC,RSM,サンマリノGP,Autodromo Internazionale del Mugello,1982-09-05,anton-mang,確認済,公式リザルトに結果データがないため、ポイント獲得者などの着順のみ掲載（出典：英語版Wikipedia 年間順位表）,
1982,250cc,12,RAC,WGER,西ドイツGP,Hockenheim,1982-09-26,anton-mang,確認済,,
1982,350cc,1,RAC,ARG,アルゼンチンGP,Oscar A. Galvez,1982-03-28,carlos-lavado,確認済,,
1982,350cc,2,RAC,AUT,オーストリアGP,Salzburgring,1982-05-02,eric-saul,確認済,公式リザルトに結果データがないため、ポイント獲得者などの着順のみ掲載（出典：英語版Wikipedia 年間順位表）,
1982,350cc,3,RAC,FRA,フランスGP,Nogaro,1982-05-02,jean-francois-balde,確認済,,
1982,350cc,4,RAC,NAT,ネイションズGP,Misano World Circuit Marco Simoncelli,1982-05-30,didier-de-radigues,確認済,,
1982,350cc,5,RAC,NED,オランダTT,TT Circuit Assen,1982-06-26,jean-francois-balde,確認済,,
1982,350cc,6,RAC,GBR,イギリスGP,Silverstone Circuit,1982-08-01,jean-francois-balde,確認済,公式リザルトに結果データがないため、ポイント獲得者などの着順のみ掲載（出典：英語版Wikipedia 年間順位表）,
1982,350cc,7,RAC,FIN,フィンランドGP,Imatra,1982-08-15,anton-mang,確認済,,
1982,350cc,8,RAC,TCH,チェコスロバキアGP,CREDITAS Autodrom Brno,1982-08-29,didier-de-radigues,確認済,,
1982,350cc,9,RAC,WGER,西ドイツGP,Hockenheim,1982-09-26,manfred-herweh,確認済,,
1982,125cc,1,RAC,ARG,アルゼンチンGP,Oscar A. Galvez,1982-03-28,angel-nieto,確認済,公式リザルトに結果データがないため、ポイント獲得者などの着順のみ掲載（出典：英語版Wikipedia 年間順位表）,
1982,125cc,2,RAC,AUT,オーストリアGP,Salzburgring,1982-05-02,angel-nieto,確認済,,
1982,125cc,3,RAC,FRA,フランスGP,Nogaro,1982-05-02,jean-claude-selini,確認済,,
1982,125cc,4,RAC,SPA,スペインGP,Jarama,1982-05-23,angel-nieto,確認済,,
1982,125cc,5,RAC,NAT,ネイションズGP,Misano World Circuit Marco Simoncelli,1982-05-30,angel-nieto,確認済,,
1982,125cc,6,RAC,NED,オランダTT,TT Circuit Assen,1982-06-26,angel-nieto,確認済,,
1982,125cc,7,RAC,BEL,ベルギーGP,Spa-Francorchamps,1982-07-04,ricardo-tormo,確認済,公式リザルトに結果データがないため、ポイント獲得者などの着順のみ掲載（出典：英語版Wikipedia 年間順位表）,
1982,125cc,8,RAC,JUG,ユーゴスラビアGP,Rijeka,1982-07-18,eugenio-lazzarini,確認済,公式リザルトに結果データがないため、ポイント獲得者などの着順のみ掲載（出典：英語版Wikipedia 年間順位表）,
1982,125cc,9,RAC,GBR,イギリスGP,Silverstone Circuit,1982-08-01,angel-nieto,確認済,,
1982,125cc,10,RAC,SWE,スウェーデンGP,Anderstorp,1982-08-08,ivan-palazzese,確認済,,
1982,125cc,11,RAC,FIN,フィンランドGP,Imatra,1982-08-15,ivan-palazzese,確認済,,
1982,125cc,12,RAC,TCH,チェコスロバキアGP,CREDITAS Autodrom Brno,1982-08-29,eugenio-lazzarini,確認済,公式リザルトに結果データがないため、ポイント獲得者などの着順のみ掲載（出典：英語版Wikipedia 年間順位表）,
1982,125cc,13,RAC,RSM,サンマリノGP,Autodromo Internazionale del Mugello,1982-09-05,eugenio-lazzarini,確認済,公式リザルトに結果データがないため、上位3名のみ掲載（出典：英語版Wikipedia 各GP記事）,
1982,50cc,1,RAC,SPA,スペインGP,Jarama,1982-05-23,stefan-dorflinger,確認済,公式リザルトに結果データがないため、ポイント獲得者などの着順のみ掲載（出典：英語版Wikipedia 年間順位表）,
1982,50cc,2,RAC,NAT,ネイションズGP,Misano World Circuit Marco Simoncelli,1982-05-30,stefan-dorflinger,確認済,公式リザルトに結果データがないため、ポイント獲得者などの着順のみ掲載（出典：英語版Wikipedia 年間順位表）,
1982,50cc,3,RAC,NED,オランダTT,TT Circuit Assen,1982-06-26,stefan-dorflinger,確認済,,
1982,50cc,4,RAC,JUG,ユーゴスラビアGP,Rijeka,1982-07-18,eugenio-lazzarini,確認済,,
1982,50cc,5,RAC,RSM,サンマリノGP,Autodromo Internazionale del Mugello,1982-09-05,eugenio-lazzarini,確認済,,
1982,50cc,6,RAC,WGER,西ドイツGP,Hockenheim,1982-09-26,eugenio-lazzarini,確認済,,
1983,500cc,1,RAC,RSA,南アフリカGP,Kyalami,1983-03-19,freddie-spencer,確認済,公式リザルトに結果データがないため、ポイント獲得者などの着順のみ掲載（出典：英語版Wikipedia 年間順位表）,
1983,500cc,2,RAC,FRA,フランスGP,Le Mans,1983-04-03,freddie-spencer,確認済,,
1983,500cc,3,RAC,NAT,ネイションズGP,Monza,1983-04-24,freddie-spencer,確認済,,
1983,500cc,4,RAC,WGER,西ドイツGP,Hockenheim,1983-05-08,kenny-roberts,確認済,,
1983,500cc,5,RAC,SPA,スペインGP,Jarama,1983-05-22,freddie-spencer,確認済,,
1983,500cc,6,RAC,AUT,オーストリアGP,Salzburgring,1983-05-29,kenny-roberts,確認済,,
1983,500cc,7,RAC,JUG,ユーゴスラビアGP,Rijeka,1983-06-12,freddie-spencer,確認済,,
1983,500cc,8,RAC,NED,オランダTT,TT Circuit Assen,1983-06-25,kenny-roberts,確認済,,
1983,500cc,9,RAC,BEL,ベルギーGP,Spa-Francorchamps,1983-07-03,kenny-roberts,確認済,,
1983,500cc,10,RAC,GBR,イギリスGP,Silverstone Circuit,1983-07-31,kenny-roberts,確認済,,
1983,500cc,11,RAC,SWE,スウェーデンGP,Anderstorp,1983-08-07,freddie-spencer,確認済,公式リザルトに結果データがないため、ポイント獲得者などの着順のみ掲載（出典：英語版Wikipedia 年間順位表）,
1983,500cc,12,RAC,RSM,サンマリノGP,Imola,1983-09-04,kenny-roberts,確認済,,
1983,250cc,1,RAC,RSA,南アフリカGP,Kyalami,1983-03-19,jean-francois-balde,確認済,,
1983,250cc,2,RAC,FRA,フランスGP,Le Mans,1983-04-03,alan-carter,確認済,,
1983,250cc,3,RAC,NAT,ネイションズGP,Monza,1983-04-24,carlos-lavado,確認済,,
1983,250cc,4,RAC,WGER,西ドイツGP,Hockenheim,1983-05-08,carlos-lavado,確認済,公式リザルトに結果データがないため、ポイント獲得者などの着順のみ掲載（出典：英語版Wikipedia 年間順位表）,
1983,250cc,5,RAC,SPA,スペインGP,Jarama,1983-05-22,herve-guilleux,確認済,,
1983,250cc,6,RAC,AUT,オーストリアGP,Salzburgring,1983-05-29,manfred-herweh,確認済,,
1983,250cc,7,RAC,JUG,ユーゴスラビアGP,Rijeka,1983-06-12,carlos-lavado,確認済,,
1983,250cc,8,RAC,NED,オランダTT,TT Circuit Assen,1983-06-25,carlos-lavado,確認済,,
1983,250cc,9,RAC,BEL,ベルギーGP,Spa-Francorchamps,1983-07-03,didier-de-radigues,確認済,公式リザルトに結果データがないため、ポイント獲得者などの着順のみ掲載（出典：英語版Wikipedia 年間順位表）,
1983,250cc,10,RAC,GBR,イギリスGP,Silverstone Circuit,1983-07-31,jacques-bolle,確認済,公式リザルトに結果データがないため、ポイント獲得者などの着順のみ掲載（出典：英語版Wikipedia 年間順位表）,
1983,250cc,11,RAC,SWE,スウェーデンGP,Anderstorp,1983-08-07,christian-sarron,確認済,,
1983,125cc,1,RAC,FRA,フランスGP,Le Mans,1983-04-03,ricardo-tormo,確認済,,
1983,125cc,2,RAC,NAT,ネイションズGP,Monza,1983-04-24,angel-nieto,確認済,,
1983,125cc,3,RAC,WGER,西ドイツGP,Hockenheim,1983-05-08,angel-nieto,確認済,,
1983,125cc,4,RAC,SPA,スペインGP,Jarama,1983-05-22,angel-nieto,確認済,公式リザルトに結果データがないため、ポイント獲得者などの着順のみ掲載（出典：英語版Wikipedia 年間順位表）,
1983,125cc,5,RAC,AUT,オーストリアGP,Salzburgring,1983-05-29,angel-nieto,確認済,公式リザルトに結果データがないため、ポイント獲得者などの着順のみ掲載（出典：英語版Wikipedia 年間順位表）,
1983,125cc,6,RAC,JUG,ユーゴスラビアGP,Rijeka,1983-06-12,bruno-kneubuhler,確認済,,
1983,125cc,7,RAC,NED,オランダTT,TT Circuit Assen,1983-06-25,angel-nieto,確認済,,
1983,125cc,8,RAC,BEL,ベルギーGP,Spa-Francorchamps,1983-07-03,eugenio-lazzarini,確認済,,
1983,125cc,9,RAC,GBR,イギリスGP,Silverstone Circuit,1983-07-31,angel-nieto,確認済,,
1983,125cc,10,RAC,SWE,スウェーデンGP,Anderstorp,1983-08-07,bruno-kneubuhler,確認済,,
1983,125cc,11,RAC,RSM,サンマリノGP,Imola,1983-09-04,maurizio-vitali,確認済,公式リザルトに結果データがないため、ポイント獲得者などの着順のみ掲載（出典：英語版Wikipedia 年間順位表）,
1983,50cc,1,RAC,FRA,フランスGP,Le Mans,1983-04-03,stefan-dorflinger,確認済,公式リザルトに結果データがないため、ポイント獲得者などの着順のみ掲載（出典：英語版Wikipedia 年間順位表）,
1983,50cc,2,RAC,NAT,ネイションズGP,Monza,1983-04-24,eugenio-lazzarini,確認済,公式リザルトに結果データがないため、ポイント獲得者などの着順のみ掲載（出典：英語版Wikipedia 年間順位表）,
1983,50cc,3,RAC,WGER,西ドイツGP,Hockenheim,1983-05-08,stefan-dorflinger,確認済,,
1983,50cc,4,RAC,SPA,スペインGP,Jarama,1983-05-22,eugenio-lazzarini,確認済,公式リザルトに結果データがないため、ポイント獲得者などの着順のみ掲載（出典：英語版Wikipedia 年間順位表）,
1983,50cc,5,RAC,JUG,ユーゴスラビアGP,Rijeka,1983-06-12,stefan-dorflinger,確認済,公式リザルトに結果データがないため、ポイント獲得者などの着順のみ掲載（出典：英語版Wikipedia 年間順位表）,
1983,50cc,6,RAC,NED,オランダTT,TT Circuit Assen,1983-06-25,eugenio-lazzarini,確認済,公式リザルトに結果データがないため、ポイント獲得者などの着順のみ掲載（出典：英語版Wikipedia 年間順位表）,
1983,50cc,7,RAC,RSM,サンマリノGP,Imola,1983-09-04,ricardo-tormo,確認済,公式リザルトに結果データがないため、ポイント獲得者などの着順のみ掲載（出典：英語版Wikipedia 年間順位表）,
1984,500cc,1,RAC,RSA,南アフリカGP,Kyalami,1984-03-24,eddie-lawson,確認済,公式リザルトに結果データがないため、ポイント獲得者などの着順のみ掲載（出典：英語版Wikipedia 年間順位表）,
1984,500cc,2,RAC,NAT,ネイションズGP,Misano World Circuit Marco Simoncelli,1984-04-14,freddie-spencer,確認済,,
1984,500cc,3,RAC,SPA,スペインGP,Jarama,1984-05-06,eddie-lawson,確認済,,
1984,500cc,4,RAC,AUT,オーストリアGP,Salzburgring,1984-05-20,eddie-lawson,確認済,公式リザルトに結果データがないため、ポイント獲得者などの着順のみ掲載（出典：英語版Wikipedia 年間順位表）,
1984,500cc,5,RAC,WGER,西ドイツGP,Nurburgring,1984-05-27,freddie-spencer,確認済,,
1984,500cc,6,RAC,FRA,フランスGP,Paul Ricard,1984-06-11,freddie-spencer,確認済,,
1984,500cc,7,RAC,JUG,ユーゴスラビアGP,Rijeka,1984-06-17,freddie-spencer,確認済,,
1984,500cc,8,RAC,NED,オランダTT,TT Circuit Assen,1984-06-30,randy-mamola,確認済,,
1984,500cc,9,RAC,BEL,ベルギーGP,Spa-Francorchamps,1984-07-08,freddie-spencer,確認済,公式リザルトに結果データがないため、ポイント獲得者などの着順のみ掲載（出典：英語版Wikipedia 年間順位表）,
1984,500cc,10,RAC,GBR,イギリスGP,Silverstone Circuit,1984-08-05,randy-mamola,確認済,,
1984,500cc,11,RAC,SWE,スウェーデンGP,Anderstorp,1984-08-12,eddie-lawson,確認済,,
1984,500cc,12,RAC,RSM,サンマリノGP,Autodromo Internazionale del Mugello,1984-09-02,randy-mamola,確認済,,
1984,250cc,1,RAC,RSA,南アフリカGP,Kyalami,1984-03-24,patrick-fernandez,確認済,公式リザルトに結果データがないため、ポイント獲得者などの着順のみ掲載（出典：英語版Wikipedia 年間順位表）,
1984,250cc,2,RAC,NAT,ネイションズGP,Misano World Circuit Marco Simoncelli,1984-04-14,fausto-ricci,確認済,,
1984,250cc,3,RAC,SPA,スペインGP,Jarama,1984-05-06,sito-pons,確認済,公式リザルトに結果データがないため、ポイント獲得者などの着順のみ掲載（出典：英語版Wikipedia 年間順位表）,
1984,250cc,4,RAC,AUT,オーストリアGP,Salzburgring,1984-05-20,christian-sarron,確認済,公式リザルトに結果データがないため、ポイント獲得者などの着順のみ掲載（出典：英語版Wikipedia 年間順位表）,
1984,250cc,5,RAC,WGER,西ドイツGP,Nurburgring,1984-05-27,christian-sarron,確認済,,
1984,250cc,6,RAC,FRA,フランスGP,Paul Ricard,1984-06-11,anton-mang,確認済,公式リザルトに結果データがないため、ポイント獲得者などの着順のみ掲載（出典：英語版Wikipedia 年間順位表）,
1984,250cc,7,RAC,JUG,ユーゴスラビアGP,Rijeka,1984-06-17,manfred-herweh,確認済,,
1984,250cc,8,RAC,NED,オランダTT,TT Circuit Assen,1984-06-30,carlos-lavado,確認済,,
1984,250cc,9,RAC,BEL,ベルギーGP,Spa-Francorchamps,1984-07-08,manfred-herweh,確認済,,
1984,250cc,10,RAC,GBR,イギリスGP,Silverstone Circuit,1984-08-05,christian-sarron,確認済,公式リザルトに結果データがないため、ポイント獲得者などの着順のみ掲載（出典：英語版Wikipedia 年間順位表）,
1984,250cc,11,RAC,SWE,スウェーデンGP,Anderstorp,1984-08-12,manfred-herweh,確認済,,
1984,250cc,12,RAC,RSM,サンマリノGP,Autodromo Internazionale del Mugello,1984-09-02,manfred-herweh,確認済,,
1984,125cc,1,RAC,NAT,ネイションズGP,Misano World Circuit Marco Simoncelli,1984-04-14,angel-nieto,確認済,,
1984,125cc,2,RAC,SPA,スペインGP,Jarama,1984-05-06,angel-nieto,確認済,,
1984,125cc,3,RAC,WGER,西ドイツGP,Nurburgring,1984-05-27,angel-nieto,確認済,公式リザルトに結果データがないため、ポイント獲得者などの着順のみ掲載（出典：英語版Wikipedia 年間順位表）,
1984,125cc,4,RAC,FRA,フランスGP,Paul Ricard,1984-06-11,angel-nieto,確認済,,
1984,125cc,5,RAC,NED,オランダTT,TT Circuit Assen,1984-06-30,angel-nieto,確認済,公式リザルトに結果データがないため、ポイント獲得者などの着順のみ掲載（出典：英語版Wikipedia 年間順位表）,
1984,125cc,6,RAC,GBR,イギリスGP,Silverstone Circuit,1984-08-05,angel-nieto,確認済,,
1984,125cc,7,RAC,SWE,スウェーデンGP,Anderstorp,1984-08-12,fausto-gresini,確認済,公式リザルトに結果データがないため、ポイント獲得者などの着順のみ掲載（出典：英語版Wikipedia 年間順位表）,
1984,125cc,8,RAC,RSM,サンマリノGP,Autodromo Internazionale del Mugello,1984-09-02,maurizio-vitali,確認済,公式リザルトに結果データがないため、ポイント獲得者などの着順のみ掲載（出典：英語版Wikipedia 年間順位表）,
1984,80cc,1,RAC,NAT,ネイションズGP,Misano World Circuit Marco Simoncelli,1984-04-14,pier-paolo-bianchi,確認済,公式リザルトに結果データがないため、ポイント獲得者などの着順のみ掲載（出典：英語版Wikipedia 年間順位表）,
1984,80cc,2,RAC,SPA,スペインGP,Jarama,1984-05-06,pier-paolo-bianchi,確認済,,
1984,80cc,3,RAC,AUT,オーストリアGP,Salzburgring,1984-05-20,stefan-dorflinger,確認済,,
1984,80cc,4,RAC,WGER,西ドイツGP,Nurburgring,1984-05-27,stefan-dorflinger,確認済,,
1984,80cc,5,RAC,JUG,ユーゴスラビアGP,Rijeka,1984-06-17,stefan-dorflinger,確認済,公式リザルトに結果データがないため、ポイント獲得者などの着順のみ掲載（出典：英語版Wikipedia 年間順位表）,
1984,80cc,6,RAC,NED,オランダTT,TT Circuit Assen,1984-06-30,jorge-martinez,確認済,公式リザルトに結果データがないため、ポイント獲得者などの着順のみ掲載（出典：英語版Wikipedia 年間順位表）,
1984,80cc,7,RAC,BEL,ベルギーGP,Spa-Francorchamps,1984-07-08,stefan-dorflinger,確認済,,
1984,80cc,8,RAC,RSM,サンマリノGP,Autodromo Internazionale del Mugello,1984-09-02,gerhard-waibel,確認済,公式リザルトに結果データがないため、ポイント獲得者などの着順のみ掲載（出典：英語版Wikipedia 年間順位表）,
1985,500cc,1,RAC,RSA,南アフリカGP,Kyalami,1985-03-23,eddie-lawson,確認済,,
1985,500cc,2,RAC,SPA,スペインGP,Jarama,1985-05-05,freddie-spencer,確認済,公式リザルトに結果データがないため、ポイント獲得者などの着順のみ掲載（出典：英語版Wikipedia 年間順位表）,
1985,500cc,3,RAC,WGER,西ドイツGP,Hockenheim,1985-05-19,christian-sarron,確認済,公式リザルトに結果データがないため、ポイント獲得者などの着順のみ掲載（出典：英語版Wikipedia 年間順位表）,
1985,500cc,4,RAC,NAT,ネイションズGP,Autodromo Internazionale del Mugello,1985-05-25,freddie-spencer,確認済,,
1985,500cc,5,RAC,AUT,オーストリアGP,Salzburgring,1985-06-02,freddie-spencer,確認済,,
1985,500cc,6,RAC,JUG,ユーゴスラビアGP,Rijeka,1985-06-16,eddie-lawson,確認済,公式リザルトに結果データがないため、ポイント獲得者などの着順のみ掲載（出典：英語版Wikipedia 年間順位表）,
1985,500cc,7,RAC,NED,オランダTT,TT Circuit Assen,1985-06-29,randy-mamola,確認済,,
1985,500cc,8,RAC,BEL,ベルギーGP,Spa-Francorchamps,1985-07-07,freddie-spencer,確認済,,
1985,500cc,9,RAC,FRA,フランスGP,Le Mans,1985-07-21,freddie-spencer,確認済,,
1985,500cc,10,RAC,GBR,イギリスGP,Silverstone Circuit,1985-08-04,freddie-spencer,確認済,公式リザルトに結果データがないため、ポイント獲得者などの着順のみ掲載（出典：英語版Wikipedia 年間順位表）,
1985,500cc,11,RAC,SWE,スウェーデンGP,Anderstorp,1985-08-11,freddie-spencer,確認済,公式リザルトに結果データがないため、ポイント獲得者などの着順のみ掲載（出典：英語版Wikipedia 年間順位表）,
1985,500cc,12,RAC,RSM,サンマリノGP,Misano World Circuit Marco Simoncelli,1985-09-01,eddie-lawson,確認済,,
1985,250cc,1,RAC,RSA,南アフリカGP,Kyalami,1985-03-23,freddie-spencer,確認済,公式リザルトに結果データがないため、ポイント獲得者などの着順のみ掲載（出典：英語版Wikipedia 年間順位表）,
1985,250cc,2,RAC,SPA,スペインGP,Jarama,1985-05-05,carlos-lavado,確認済,,
1985,250cc,3,RAC,WGER,西ドイツGP,Hockenheim,1985-05-19,martin-wimmer,確認済,公式リザルトに結果データがないため、ポイント獲得者などの着順のみ掲載（出典：英語版Wikipedia 年間順位表）,
1985,250cc,4,RAC,NAT,ネイションズGP,Autodromo Internazionale del Mugello,1985-05-25,freddie-spencer,確認済,公式リザルトに結果データがないため、ポイント獲得者などの着順のみ掲載（出典：英語版Wikipedia 年間順位表）,
1985,250cc,5,RAC,AUT,オーストリアGP,Salzburgring,1985-06-02,freddie-spencer,確認済,公式リザルトに結果データがないため、ポイント獲得者などの着順のみ掲載（出典：英語版Wikipedia 年間順位表）,
1985,250cc,6,RAC,JUG,ユーゴスラビアGP,Rijeka,1985-06-16,freddie-spencer,確認済,公式リザルトに結果データがないため、ポイント獲得者などの着順のみ掲載（出典：英語版Wikipedia 年間順位表）,
1985,250cc,7,RAC,NED,オランダTT,TT Circuit Assen,1985-06-29,freddie-spencer,確認済,,
1985,250cc,8,RAC,BEL,ベルギーGP,Spa-Francorchamps,1985-07-07,freddie-spencer,確認済,,
1985,250cc,9,RAC,FRA,フランスGP,Le Mans,1985-07-21,freddie-spencer,確認済,公式リザルトに結果データがないため、ポイント獲得者などの着順のみ掲載（出典：英語版Wikipedia 年間順位表）,
1985,250cc,10,RAC,GBR,イギリスGP,Silverstone Circuit,1985-08-04,anton-mang,確認済,,
1985,250cc,11,RAC,SWE,スウェーデンGP,Anderstorp,1985-08-11,anton-mang,確認済,,
1985,250cc,12,RAC,RSM,サンマリノGP,Misano World Circuit Marco Simoncelli,1985-09-01,carlos-lavado,確認済,,
1985,125cc,1,RAC,SPA,スペインGP,Jarama,1985-05-05,pier-paolo-bianchi,確認済,公式リザルトに結果データがないため、ポイント獲得者などの着順のみ掲載（出典：英語版Wikipedia 年間順位表）,
1985,125cc,2,RAC,WGER,西ドイツGP,Hockenheim,1985-05-19,august-auinger,確認済,,
1985,125cc,3,RAC,NAT,ネイションズGP,Autodromo Internazionale del Mugello,1985-05-25,pier-paolo-bianchi,確認済,,
1985,125cc,4,RAC,AUT,オーストリアGP,Salzburgring,1985-06-02,fausto-gresini,確認済,公式リザルトに結果データがないため、ポイント獲得者などの着順のみ掲載（出典：英語版Wikipedia 年間順位表）,
1985,125cc,5,RAC,NED,オランダTT,TT Circuit Assen,1985-06-29,pier-paolo-bianchi,確認済,,
1985,125cc,6,RAC,BEL,ベルギーGP,Spa-Francorchamps,1985-07-07,fausto-gresini,確認済,公式リザルトに結果データがないため、ポイント獲得者などの着順のみ掲載（出典：英語版Wikipedia 年間順位表）,
1985,125cc,7,RAC,FRA,フランスGP,Le Mans,1985-07-21,ezio-gianola,確認済,,
1985,125cc,8,RAC,GBR,イギリスGP,Silverstone Circuit,1985-08-04,august-auinger,確認済,,
1985,125cc,9,RAC,SWE,スウェーデンGP,Anderstorp,1985-08-11,august-auinger,確認済,公式リザルトに結果データがないため、ポイント獲得者などの着順のみ掲載（出典：英語版Wikipedia 年間順位表）,
1985,125cc,10,RAC,RSM,サンマリノGP,Misano World Circuit Marco Simoncelli,1985-09-01,fausto-gresini,確認済,公式リザルトに結果データがないため、ポイント獲得者などの着順のみ掲載（出典：英語版Wikipedia 年間順位表）,
1985,80cc,1,RAC,SPA,スペインGP,Jarama,1985-05-05,jorge-martinez,確認済,,
1985,80cc,2,RAC,WGER,西ドイツGP,Hockenheim,1985-05-19,stefan-dorflinger,確認済,,
1985,80cc,3,RAC,NAT,ネイションズGP,Autodromo Internazionale del Mugello,1985-05-25,jorge-martinez,確認済,,
1985,80cc,4,RAC,JUG,ユーゴスラビアGP,Rijeka,1985-06-16,stefan-dorflinger,確認済,,
1985,80cc,5,RAC,NED,オランダTT,TT Circuit Assen,1985-06-29,gerd-kafka,確認済,公式リザルトに結果データがないため、ポイント獲得者などの着順のみ掲載（出典：英語版Wikipedia 年間順位表）,
1985,80cc,6,RAC,FRA,フランスGP,Le Mans,1985-07-21,angel-nieto,確認済,,
1985,80cc,7,RAC,RSM,サンマリノGP,Misano World Circuit Marco Simoncelli,1985-09-01,jorge-martinez,確認済,,
1986,500cc,1,RAC,SPA,スペインGP,Jarama,1986-05-04,wayne-gardner,確認済,,
1986,500cc,2,RAC,NAT,ネイションズGP,Monza,1986-05-18,eddie-lawson,確認済,,
1986,500cc,3,RAC,WGER,西ドイツGP,Nurburgring,1986-05-25,eddie-lawson,確認済,公式リザルトに結果データがないため、ポイント獲得者などの着順のみ掲載（出典：英語版Wikipedia 年間順位表）,
1986,500cc,4,RAC,AUT,オーストリアGP,Salzburgring,1986-06-08,eddie-lawson,確認済,公式リザルトに結果データがないため、ポイント獲得者などの着順のみ掲載（出典：英語版Wikipedia 年間順位表）,
1986,500cc,5,RAC,JUG,ユーゴスラビアGP,Rijeka,1986-06-15,eddie-lawson,確認済,,
1986,500cc,6,RAC,FRA,フランスGP,Paul Ricard,1986-06-20,eddie-lawson,確認済,,
1986,500cc,7,RAC,NED,オランダTT,TT Circuit Assen,1986-06-28,wayne-gardner,確認済,,
1986,500cc,8,RAC,BEL,ベルギーGP,Spa-Francorchamps,1986-07-06,randy-mamola,確認済,公式リザルトに結果データがないため、ポイント獲得者などの着順のみ掲載（出典：英語版Wikipedia 年間順位表）,
1986,500cc,9,RAC,GBR,イギリスGP,Silverstone Circuit,1986-08-03,wayne-gardner,確認済,,
1986,500cc,10,RAC,SWE,スウェーデンGP,Anderstorp,1986-08-09,eddie-lawson,確認済,,
1986,500cc,11,RAC,RSM,サンマリノGP,Misano World Circuit Marco Simoncelli,1986-08-24,eddie-lawson,確認済,,
1986,250cc,1,RAC,SPA,スペインGP,Jarama,1986-05-04,carlos-lavado,確認済,,
1986,250cc,2,RAC,NAT,ネイションズGP,Monza,1986-05-18,anton-mang,確認済,,
1986,250cc,3,RAC,WGER,西ドイツGP,Nurburgring,1986-05-25,carlos-lavado,確認済,,
1986,250cc,4,RAC,AUT,オーストリアGP,Salzburgring,1986-06-08,carlos-lavado,確認済,,
1986,250cc,5,RAC,JUG,ユーゴスラビアGP,Rijeka,1986-06-15,sito-pons,確認済,公式リザルトに結果データがないため、上位3名のみ掲載（出典：英語版Wikipedia 各GP記事）,
1986,250cc,6,RAC,FRA,フランスGP,Paul Ricard,1986-06-20,carlos-lavado,確認済,,
1986,250cc,7,RAC,NED,オランダTT,TT Circuit Assen,1986-06-28,carlos-lavado,確認済,,
1986,250cc,8,RAC,BEL,ベルギーGP,Spa-Francorchamps,1986-07-06,sito-pons,確認済,公式リザルトに結果データがないため、上位3名のみ掲載（出典：英語版Wikipedia 各GP記事）,
1986,250cc,9,RAC,GBR,イギリスGP,Silverstone Circuit,1986-08-03,dominique-sarron,確認済,,
1986,250cc,10,RAC,SWE,スウェーデンGP,Anderstorp,1986-08-09,carlos-lavado,確認済,,
1986,250cc,11,RAC,RSM,サンマリノGP,Misano World Circuit Marco Simoncelli,1986-08-24,tadahiko-taira,確認済,,
1986,125cc,1,RAC,SPA,スペインGP,Jarama,1986-05-04,fausto-gresini,確認済,公式リザルトに結果データがないため、上位3名のみ掲載（出典：英語版Wikipedia 各GP記事）,
1986,125cc,2,RAC,NAT,ネイションズGP,Monza,1986-05-18,fausto-gresini,確認済,公式リザルトに結果データがないため、上位3名のみ掲載（出典：英語版Wikipedia 各GP記事）,
1986,125cc,3,RAC,WGER,西ドイツGP,Nurburgring,1986-05-25,luca-cadalora,確認済,,
1986,125cc,4,RAC,AUT,オーストリアGP,Salzburgring,1986-06-08,luca-cadalora,確認済,,
1986,125cc,5,RAC,FRA,フランスGP,Paul Ricard,1986-06-20,luca-cadalora,確認済,公式リザルトに結果データがないため、上位3名のみ掲載（出典：英語版Wikipedia 各GP記事）,
1986,125cc,6,RAC,NED,オランダTT,TT Circuit Assen,1986-06-28,luca-cadalora,確認済,公式リザルトに結果データがないため、上位3名のみ掲載（出典：英語版Wikipedia 各GP記事）,
1986,125cc,7,RAC,BEL,ベルギーGP,Spa-Francorchamps,1986-07-06,domenico-brigaglia,確認済,,
1986,125cc,8,RAC,GBR,イギリスGP,Silverstone Circuit,1986-08-03,august-auinger,確認済,,
1986,125cc,9,RAC,SWE,スウェーデンGP,Anderstorp,1986-08-09,fausto-gresini,確認済,公式リザルトに結果データがないため、上位3名のみ掲載（出典：英語版Wikipedia 各GP記事）,
1986,125cc,10,RAC,RSM,サンマリノGP,Misano World Circuit Marco Simoncelli,1986-08-24,august-auinger,確認済,公式リザルトに結果データがないため、上位3名のみ掲載（出典：英語版Wikipedia 各GP記事）,
1986,125cc,11,RAC,BAW,Baden-Würtemberg,Hockenheim,1986-09-28,fausto-gresini,確認済,公式リザルトに結果データがないため、優勝者のみ掲載（出典：英語版Wikipedia シーズン記事の日程表）,
1986,80cc,1,RAC,SPA,スペインGP,Jarama,1986-05-04,jorge-martinez,確認済,,
1986,80cc,2,RAC,NAT,ネイションズGP,Monza,1986-05-18,stefan-dorflinger,確認済,,
1986,80cc,3,RAC,WGER,西ドイツGP,Nurburgring,1986-05-25,manuel-herreros,確認済,,
1986,80cc,4,RAC,AUT,オーストリアGP,Salzburgring,1986-06-08,jorge-martinez,確認済,公式リザルトに結果データがないため、上位3名のみ掲載（出典：英語版Wikipedia 各GP記事）,
1986,80cc,5,RAC,JUG,ユーゴスラビアGP,Rijeka,1986-06-15,jorge-martinez,確認済,公式リザルトに結果データがないため、上位3名のみ掲載（出典：英語版Wikipedia 各GP記事）,
1986,80cc,6,RAC,NED,オランダTT,TT Circuit Assen,1986-06-28,jorge-martinez,確認済,,
1986,80cc,7,RAC,GBR,イギリスGP,Silverstone Circuit,1986-08-03,ian-mcconnachie,確認済,公式リザルトに結果データがないため、上位3名のみ掲載（出典：英語版Wikipedia 各GP記事）,
1986,80cc,8,RAC,RSM,サンマリノGP,Misano World Circuit Marco Simoncelli,1986-08-24,pier-paolo-bianchi,確認済,,
1986,80cc,9,RAC,BAW,Baden-Würtemberg,Hockenheim,1986-09-28,gerhard-waibel,確認済,,
1987,500cc,1,RAC,JPN,日本GP,Suzuka,1987-03-29,randy-mamola,確認済,,
1987,500cc,2,RAC,SPA,スペインGP,Circuito de Jerez - Ángel Nieto,1987-04-29,wayne-gardner,確認済,,
1987,500cc,3,RAC,WGER,西ドイツGP,Hockenheim,1987-05-17,eddie-lawson,確認済,,
1987,500cc,4,RAC,NAT,ネイションズGP,Monza,1987-05-24,wayne-gardner,確認済,公式リザルトに結果データがないため、ポイント獲得者などの着順のみ掲載（出典：英語版Wikipedia 年間順位表）,
1987,500cc,5,RAC,AUT,オーストリアGP,Salzburgring,1987-06-07,wayne-gardner,確認済,,
1987,500cc,6,RAC,JUG,ユーゴスラビアGP,Rijeka,1987-06-14,wayne-gardner,確認済,,
1987,500cc,7,RAC,NED,オランダTT,TT Circuit Assen,1987-06-27,eddie-lawson,確認済,,
1987,500cc,8,RAC,FRA,フランスGP,Le Mans,1987-07-19,randy-mamola,確認済,,
1987,500cc,9,RAC,GBR,イギリスGP,Donington Park,1987-08-02,eddie-lawson,確認済,,
1987,500cc,10,RAC,SWE,スウェーデンGP,Anderstorp,1987-08-09,wayne-gardner,確認済,,
1987,500cc,11,RAC,TCH,チェコスロバキアGP,CREDITAS Autodrom Brno,1987-08-23,wayne-gardner,確認済,,
1987,500cc,12,RAC,RSM,サンマリノGP,Misano World Circuit Marco Simoncelli,1987-08-30,randy-mamola,確認済,,
1987,500cc,13,RAC,POR,ポルトガルGP,Jarama,1987-09-13,eddie-lawson,確認済,公式リザルトに結果データがないため、ポイント獲得者などの着順のみ掲載（出典：英語版Wikipedia 年間順位表）,
1987,500cc,14,RAC,BRA,ブラジルGP,Autódromo Internacional de Goiânia - Ayrton Senna,1987-09-27,wayne-gardner,確認済,,
1987,500cc,15,RAC,ARG,アルゼンチンGP,Oscar A. Galvez,1987-10-04,eddie-lawson,確認済,公式リザルトに結果データがないため、ポイント獲得者などの着順のみ掲載（出典：英語版Wikipedia 年間順位表）,
1987,250cc,1,RAC,JPN,日本GP,Suzuka,1987-03-29,masaru-kobayashi,確認済,公式リザルトに結果データがないため、上位3名のみ掲載（出典：英語版Wikipedia 各GP記事）,
1987,250cc,2,RAC,SPA,スペインGP,Circuito de Jerez - Ángel Nieto,1987-04-29,martin-wimmer,確認済,,
1987,250cc,3,RAC,WGER,西ドイツGP,Hockenheim,1987-05-17,anton-mang,確認済,,
1987,250cc,4,RAC,NAT,ネイションズGP,Monza,1987-05-24,anton-mang,確認済,公式リザルトに結果データがないため、上位3名のみ掲載（出典：英語版Wikipedia 各GP記事）,
1987,250cc,5,RAC,AUT,オーストリアGP,Salzburgring,1987-06-07,anton-mang,確認済,公式リザルトに結果データがないため、上位3名のみ掲載（出典：英語版Wikipedia 各GP記事）,
1987,250cc,6,RAC,JUG,ユーゴスラビアGP,Rijeka,1987-06-14,carlos-lavado,確認済,公式リザルトに結果データがないため、上位3名のみ掲載（出典：英語版Wikipedia 各GP記事）,
1987,250cc,7,RAC,NED,オランダTT,TT Circuit Assen,1987-06-27,anton-mang,確認済,,
1987,250cc,8,RAC,FRA,フランスGP,Le Mans,1987-07-19,reinhold-roth,確認済,公式リザルトに結果データがないため、上位3名のみ掲載（出典：英語版Wikipedia 各GP記事）,
1987,250cc,9,RAC,GBR,イギリスGP,Donington Park,1987-08-02,anton-mang,確認済,公式リザルトに結果データがないため、上位3名のみ掲載（出典：英語版Wikipedia 各GP記事）,
1987,250cc,10,RAC,SWE,スウェーデンGP,Anderstorp,1987-08-09,anton-mang,確認済,,
1987,250cc,11,RAC,TCH,チェコスロバキアGP,CREDITAS Autodrom Brno,1987-08-23,anton-mang,確認済,公式リザルトに結果データがないため、上位3名のみ掲載（出典：英語版Wikipedia 各GP記事）,
1987,250cc,12,RAC,RSM,サンマリノGP,Misano World Circuit Marco Simoncelli,1987-08-30,loris-reggiani,確認済,,
1987,250cc,13,RAC,POR,ポルトガルGP,Jarama,1987-09-13,anton-mang,確認済,,
1987,250cc,14,RAC,BRA,ブラジルGP,Autódromo Internacional de Goiânia - Ayrton Senna,1987-09-27,dominique-sarron,確認済,公式リザルトに結果データがないため、上位3名のみ掲載（出典：英語版Wikipedia 各GP記事）,
1987,250cc,15,RAC,ARG,アルゼンチンGP,Oscar A. Galvez,1987-10-04,sito-pons,確認済,,
1987,125cc,1,RAC,SPA,スペインGP,Circuito de Jerez - Ángel Nieto,1987-04-29,fausto-gresini,確認済,,
1987,125cc,2,RAC,WGER,西ドイツGP,Hockenheim,1987-05-17,fausto-gresini,確認済,公式リザルトに結果データがないため、上位3名のみ掲載（出典：英語版Wikipedia 各GP記事）,
1987,125cc,3,RAC,NAT,ネイションズGP,Monza,1987-05-24,fausto-gresini,確認済,,
1987,125cc,4,RAC,AUT,オーストリアGP,Salzburgring,1987-06-07,fausto-gresini,確認済,,
1987,125cc,5,RAC,NED,オランダTT,TT Circuit Assen,1987-06-27,fausto-gresini,確認済,,
1987,125cc,6,RAC,FRA,フランスGP,Le Mans,1987-07-19,fausto-gresini,確認済,,
1987,125cc,7,RAC,GBR,イギリスGP,Donington Park,1987-08-02,fausto-gresini,確認済,公式リザルトに結果データがないため、上位3名のみ掲載（出典：英語版Wikipedia 各GP記事）,
1987,125cc,8,RAC,SWE,スウェーデンGP,Anderstorp,1987-08-09,fausto-gresini,確認済,公式リザルトに結果データがないため、上位3名のみ掲載（出典：英語版Wikipedia 各GP記事）,
1987,125cc,9,RAC,TCH,チェコスロバキアGP,CREDITAS Autodrom Brno,1987-08-23,fausto-gresini,確認済,,
1987,125cc,10,RAC,RSM,サンマリノGP,Misano World Circuit Marco Simoncelli,1987-08-30,fausto-gresini,確認済,公式リザルトに結果データがないため、上位3名のみ掲載（出典：英語版Wikipedia 各GP記事）,
1987,125cc,11,RAC,POR,ポルトガルGP,Jarama,1987-09-13,paolo-casoli,確認済,,
1987,80cc,1,RAC,SPA,スペインGP,Circuito de Jerez - Ángel Nieto,1987-04-29,jorge-martinez,確認済,公式リザルトに結果データがないため、上位3名のみ掲載（出典：英語版Wikipedia 各GP記事）,
1987,80cc,2,RAC,WGER,西ドイツGP,Hockenheim,1987-05-17,gerhard-waibel,確認済,,
1987,80cc,3,RAC,NAT,ネイションズGP,Monza,1987-05-24,jorge-martinez,確認済,,
1987,80cc,4,RAC,AUT,オーストリアGP,Salzburgring,1987-06-07,jorge-martinez,確認済,,
1987,80cc,5,RAC,JUG,ユーゴスラビアGP,Rijeka,1987-06-14,jorge-martinez,確認済,,
1987,80cc,6,RAC,NED,オランダTT,TT Circuit Assen,1987-06-27,jorge-martinez,確認済,公式リザルトに結果データがないため、上位3名のみ掲載（出典：英語版Wikipedia 各GP記事）,
1987,80cc,7,RAC,GBR,イギリスGP,Donington Park,1987-08-02,jorge-martinez,確認済,,
1987,80cc,8,RAC,TCH,チェコスロバキアGP,CREDITAS Autodrom Brno,1987-08-23,stefan-dorflinger,確認済,,
1987,80cc,9,RAC,RSM,サンマリノGP,Misano World Circuit Marco Simoncelli,1987-08-30,manuel-herreros,確認済,,
1987,80cc,10,RAC,POR,ポルトガルGP,Jarama,1987-09-13,jorge-martinez,確認済,,
1988,500cc,1,RAC,JPN,日本GP,Suzuka,1988-03-27,kevin-schwantz,確認済,公式リザルトに結果データがないため、ポイント獲得者などの着順のみ掲載（出典：英語版Wikipedia 年間順位表）,
1988,500cc,2,RAC,USA,アメリカGP,Mazda Raceway,1988-04-10,eddie-lawson,確認済,公式リザルトに結果データがないため、ポイント獲得者などの着順のみ掲載（出典：英語版Wikipedia 年間順位表）,
1988,500cc,3,RAC,SPA,スペインGP,Jarama,1988-04-24,kevin-magee,確認済,,
1988,500cc,4,RAC,POR,ポルトガルGP,Circuito de Jerez - Ángel Nieto,1988-05-01,eddie-lawson,確認済,,
1988,500cc,5,RAC,NAT,ネイションズGP,Imola,1988-05-22,eddie-lawson,確認済,,
1988,500cc,6,RAC,WGER,西ドイツGP,Nurburgring,1988-05-29,kevin-schwantz,確認済,,
1988,500cc,7,RAC,AUT,オーストリアGP,Salzburgring,1988-06-12,eddie-lawson,確認済,公式リザルトに結果データがないため、ポイント獲得者などの着順のみ掲載（出典：英語版Wikipedia 年間順位表）,
1988,500cc,8,RAC,NED,オランダTT,TT Circuit Assen,1988-06-25,wayne-gardner,確認済,,
1988,500cc,9,RAC,BEL,ベルギーGP,Spa-Francorchamps,1988-07-03,wayne-gardner,確認済,,
1988,500cc,10,RAC,JUG,ユーゴスラビアGP,Rijeka,1988-07-17,wayne-gardner,確認済,,
1988,500cc,11,RAC,FRA,フランスGP,Paul Ricard,1988-07-24,eddie-lawson,確認済,公式リザルトに結果データがないため、ポイント獲得者などの着順のみ掲載（出典：英語版Wikipedia 年間順位表）,
1988,500cc,12,RAC,GBR,イギリスGP,Donington Park,1988-08-07,wayne-rainey,確認済,公式リザルトに結果データがないため、ポイント獲得者などの着順のみ掲載（出典：英語版Wikipedia 年間順位表）,
1988,500cc,13,RAC,SWE,スウェーデンGP,Anderstorp,1988-08-14,eddie-lawson,確認済,,
1988,500cc,14,RAC,TCH,チェコスロバキアGP,CREDITAS Autodrom Brno,1988-08-28,wayne-gardner,確認済,,
1988,500cc,15,RAC,BRA,ブラジルGP,Autódromo Internacional de Goiânia - Ayrton Senna,1988-09-17,eddie-lawson,確認済,公式リザルトに結果データがないため、ポイント獲得者などの着順のみ掲載（出典：英語版Wikipedia 年間順位表）,
1988,250cc,1,RAC,JPN,日本GP,Suzuka,1988-03-27,anton-mang,確認済,,
1988,250cc,2,RAC,USA,アメリカGP,Mazda Raceway,1988-04-10,jim-filice,確認済,,
1988,250cc,3,RAC,SPA,スペインGP,Jarama,1988-04-24,sito-pons,確認済,公式リザルトに結果データがないため、上位3名のみ掲載（出典：英語版Wikipedia 各GP記事）,
1988,250cc,4,RAC,POR,ポルトガルGP,Circuito de Jerez - Ángel Nieto,1988-05-01,juan-garriga,確認済,,
1988,250cc,5,RAC,NAT,ネイションズGP,Imola,1988-05-22,dominique-sarron,確認済,,
1988,250cc,6,RAC,WGER,西ドイツGP,Nurburgring,1988-05-29,luca-cadalora,確認済,,
1988,250cc,7,RAC,AUT,オーストリアGP,Salzburgring,1988-06-12,jacques-cornu,確認済,,
1988,250cc,8,RAC,NED,オランダTT,TT Circuit Assen,1988-06-25,juan-garriga,確認済,,
1988,250cc,9,RAC,BEL,ベルギーGP,Spa-Francorchamps,1988-07-03,sito-pons,確認済,,
1988,250cc,10,RAC,JUG,ユーゴスラビアGP,Rijeka,1988-07-17,sito-pons,確認済,公式リザルトに結果データがないため、上位3名のみ掲載（出典：英語版Wikipedia 各GP記事）,
1988,250cc,11,RAC,FRA,フランスGP,Paul Ricard,1988-07-24,jacques-cornu,確認済,,
1988,250cc,12,RAC,GBR,イギリスGP,Donington Park,1988-08-07,luca-cadalora,確認済,,
1988,250cc,13,RAC,SWE,スウェーデンGP,Anderstorp,1988-08-14,sito-pons,確認済,公式リザルトに結果データがないため、上位3名のみ掲載（出典：英語版Wikipedia 各GP記事）,
1988,250cc,14,RAC,TCH,チェコスロバキアGP,CREDITAS Autodrom Brno,1988-08-28,juan-garriga,確認済,公式リザルトに結果データがないため、上位3名のみ掲載（出典：英語版Wikipedia 各GP記事）,
1988,250cc,15,RAC,BRA,ブラジルGP,Autódromo Internacional de Goiânia - Ayrton Senna,1988-09-17,dominique-sarron,確認済,,
1988,125cc,1,RAC,SPA,スペインGP,Jarama,1988-04-24,jorge-martinez,確認済,,
1988,125cc,2,RAC,NAT,ネイションズGP,Imola,1988-05-22,jorge-martinez,確認済,,
1988,125cc,3,RAC,WGER,西ドイツGP,Nurburgring,1988-05-29,ezio-gianola,確認済,公式リザルトに結果データがないため、上位3名のみ掲載（出典：英語版Wikipedia 各GP記事）,
1988,125cc,4,RAC,AUT,オーストリアGP,Salzburgring,1988-06-12,jorge-martinez,確認済,,
1988,125cc,5,RAC,NED,オランダTT,TT Circuit Assen,1988-06-25,jorge-martinez,確認済,公式リザルトに結果データがないため、上位3名のみ掲載（出典：英語版Wikipedia 各GP記事）,
1988,125cc,6,RAC,BEL,ベルギーGP,Spa-Francorchamps,1988-07-03,jorge-martinez,確認済,公式リザルトに結果データがないため、上位3名のみ掲載（出典：英語版Wikipedia 各GP記事）,
1988,125cc,7,RAC,JUG,ユーゴスラビアGP,Rijeka,1988-07-17,jorge-martinez,確認済,,
1988,125cc,8,RAC,FRA,フランスGP,Paul Ricard,1988-07-24,jorge-martinez,確認済,公式リザルトに結果データがないため、上位3名のみ掲載（出典：英語版Wikipedia 各GP記事）,
1988,125cc,9,RAC,GBR,イギリスGP,Donington Park,1988-08-07,ezio-gianola,確認済,公式リザルトに結果データがないため、上位3名のみ掲載（出典：英語版Wikipedia 各GP記事）,
1988,125cc,10,RAC,SWE,スウェーデンGP,Anderstorp,1988-08-14,jorge-martinez,確認済,,
1988,125cc,11,RAC,TCH,チェコスロバキアGP,CREDITAS Autodrom Brno,1988-08-28,jorge-martinez,確認済,,
1988,80cc,1,RAC,SPA,スペインGP,Jarama,1988-04-24,stefan-dorflinger,確認済,,
1988,80cc,2,RAC,POR,ポルトガルGP,Circuito de Jerez - Ángel Nieto,1988-05-01,jorge-martinez,確認済,公式リザルトに結果データがないため、上位3名のみ掲載（出典：英語版Wikipedia 各GP記事）,
1988,80cc,3,RAC,NAT,ネイションズGP,Imola,1988-05-22,jorge-martinez,確認済,公式リザルトに結果データがないため、上位3名のみ掲載（出典：英語版Wikipedia 各GP記事）,
1988,80cc,4,RAC,WGER,西ドイツGP,Nurburgring,1988-05-29,jorge-martinez,確認済,,
1988,80cc,5,RAC,NED,オランダTT,TT Circuit Assen,1988-06-25,jorge-martinez,確認済,,
1988,80cc,6,RAC,JUG,ユーゴスラビアGP,Rijeka,1988-07-17,jorge-martinez,確認済,,
1988,80cc,7,RAC,TCH,チェコスロバキアGP,CREDITAS Autodrom Brno,1988-08-28,jorge-martinez,確認済,,
1989,500cc,1,RAC,JPN,日本GP,Suzuka,1989-03-26,kevin-schwantz,確認済,,
1989,500cc,2,RAC,AUS,オーストラリアGP,Phillip Island,1989-04-09,wayne-gardner,確認済,,
1989,500cc,3,RAC,USA,アメリカGP,Mazda Raceway,1989-04-16,wayne-rainey,確認済,公式リザルトに結果データがないため、ポイント獲得者などの着順のみ掲載（出典：英語版Wikipedia 年間順位表）,
1989,500cc,4,RAC,SPA,スペインGP,Circuito de Jerez - Ángel Nieto,1989-04-30,eddie-lawson,確認済,,
1989,500cc,5,RAC,NAT,ネイションズGP,Misano World Circuit Marco Simoncelli,1989-05-14,pierfrancesco-chili,確認済,公式リザルトに結果データがないため、ポイント獲得者などの着順のみ掲載（出典：英語版Wikipedia 年間順位表）,
1989,500cc,6,RAC,WGER,西ドイツGP,Hockenheim,1989-05-28,wayne-rainey,確認済,,
1989,500cc,7,RAC,AUT,オーストリアGP,Salzburgring,1989-06-04,kevin-schwantz,確認済,公式リザルトに結果データがないため、ポイント獲得者などの着順のみ掲載（出典：英語版Wikipedia 年間順位表）,
1989,500cc,8,RAC,JUG,ユーゴスラビアGP,Rijeka,1989-06-11,kevin-schwantz,確認済,,
1989,500cc,9,RAC,NED,オランダTT,TT Circuit Assen,1989-06-24,wayne-rainey,確認済,,
1989,500cc,10,RAC,BEL,ベルギーGP,Spa-Francorchamps,1989-07-02,eddie-lawson,確認済,公式リザルトに結果データがないため、ポイント獲得者などの着順のみ掲載（出典：英語版Wikipedia 年間順位表） レース距離不足のためハーフポイント,
1989,500cc,11,RAC,FRA,フランスGP,Le Mans,1989-07-16,eddie-lawson,確認済,公式リザルトに結果データがないため、ポイント獲得者などの着順のみ掲載（出典：英語版Wikipedia 年間順位表）,
1989,500cc,12,RAC,GBR,イギリスGP,Donington Park,1989-08-06,kevin-schwantz,確認済,,
1989,500cc,13,RAC,SWE,スウェーデンGP,Anderstorp,1989-08-13,eddie-lawson,確認済,公式リザルトに結果データがないため、ポイント獲得者などの着順のみ掲載（出典：英語版Wikipedia 年間順位表）,
1989,500cc,14,RAC,TCH,チェコスロバキアGP,CREDITAS Autodrom Brno,1989-08-27,kevin-schwantz,確認済,,
1989,500cc,15,RAC,BRA,ブラジルGP,Autódromo Internacional de Goiânia - Ayrton Senna,1989-09-17,kevin-schwantz,確認済,公式リザルトに結果データがないため、ポイント獲得者などの着順のみ掲載（出典：英語版Wikipedia 年間順位表）,
1989,250cc,1,RAC,JPN,日本GP,Suzuka,1989-03-26,john-kocinski,確認済,公式リザルトに結果データがないため、上位3名のみ掲載（出典：英語版Wikipedia 各GP記事）,
1989,250cc,2,RAC,AUS,オーストラリアGP,Phillip Island,1989-04-09,sito-pons,確認済,,
1989,250cc,3,RAC,USA,アメリカGP,Mazda Raceway,1989-04-16,john-kocinski,確認済,公式リザルトに結果データがないため、上位3名のみ掲載（出典：英語版Wikipedia 各GP記事）,
1989,250cc,4,RAC,SPA,スペインGP,Circuito de Jerez - Ángel Nieto,1989-04-30,luca-cadalora,確認済,公式リザルトに結果データがないため、上位3名のみ掲載（出典：英語版Wikipedia 各GP記事）,
1989,250cc,5,RAC,NAT,ネイションズGP,Misano World Circuit Marco Simoncelli,1989-05-14,sito-pons,確認済,,
1989,250cc,6,RAC,WGER,西ドイツGP,Hockenheim,1989-05-28,sito-pons,確認済,,
1989,250cc,7,RAC,AUT,オーストリアGP,Salzburgring,1989-06-04,sito-pons,確認済,,
1989,250cc,8,RAC,JUG,ユーゴスラビアGP,Rijeka,1989-06-11,sito-pons,確認済,,
1989,250cc,9,RAC,NED,オランダTT,TT Circuit Assen,1989-06-24,reinhold-roth,確認済,,
1989,250cc,10,RAC,BEL,ベルギーGP,Spa-Francorchamps,1989-07-02,jacques-cornu,確認済,公式リザルトに結果データがないため、上位3名のみ掲載（出典：英語版Wikipedia 各GP記事）,
1989,250cc,11,RAC,FRA,フランスGP,Le Mans,1989-07-16,carlos-cardus,確認済,,
1989,250cc,12,RAC,GBR,イギリスGP,Donington Park,1989-08-06,sito-pons,確認済,,
1989,250cc,13,RAC,SWE,スウェーデンGP,Anderstorp,1989-08-13,sito-pons,確認済,,
1989,250cc,14,RAC,TCH,チェコスロバキアGP,CREDITAS Autodrom Brno,1989-08-27,reinhold-roth,確認済,公式リザルトに結果データがないため、上位3名のみ掲載（出典：英語版Wikipedia 各GP記事）,
1989,250cc,15,RAC,BRA,ブラジルGP,Autódromo Internacional de Goiânia - Ayrton Senna,1989-09-17,luca-cadalora,確認済,公式リザルトに結果データがないため、上位3名のみ掲載（出典：英語版Wikipedia 各GP記事）,
1989,125cc,1,RAC,JPN,日本GP,Suzuka,1989-03-26,ezio-gianola,確認済,,
1989,125cc,2,RAC,AUS,オーストラリアGP,Phillip Island,1989-04-09,alex-criville,確認済,公式リザルトに結果データがないため、上位3名のみ掲載（出典：英語版Wikipedia 各GP記事）,
1989,125cc,3,RAC,SPA,スペインGP,Circuito de Jerez - Ángel Nieto,1989-04-30,alex-criville,確認済,,
1989,125cc,4,RAC,NAT,ネイションズGP,Misano World Circuit Marco Simoncelli,1989-05-14,ezio-gianola,確認済,,
1989,125cc,5,RAC,WGER,西ドイツGP,Hockenheim,1989-05-28,alex-criville,確認済,公式リザルトに結果データがないため、上位3名のみ掲載（出典：英語版Wikipedia 各GP記事）,
1989,125cc,6,RAC,AUT,オーストリアGP,Salzburgring,1989-06-04,hans-spaan,確認済,,
1989,125cc,7,RAC,NED,オランダTT,TT Circuit Assen,1989-06-24,hans-spaan,確認済,公式リザルトに結果データがないため、上位3名のみ掲載（出典：英語版Wikipedia 各GP記事）,
1989,125cc,8,RAC,BEL,ベルギーGP,Spa-Francorchamps,1989-07-02,hans-spaan,確認済,,
1989,125cc,9,RAC,FRA,フランスGP,Le Mans,1989-07-16,jorge-martinez,確認済,,
1989,125cc,10,RAC,GBR,イギリスGP,Donington Park,1989-08-06,hans-spaan,確認済,公式リザルトに結果データがないため、上位3名のみ掲載（出典：英語版Wikipedia 各GP記事）,
1989,125cc,11,RAC,SWE,スウェーデンGP,Anderstorp,1989-08-13,alex-criville,確認済,,
1989,125cc,12,RAC,TCH,チェコスロバキアGP,CREDITAS Autodrom Brno,1989-08-27,alex-criville,確認済,,
1989,80cc,1,RAC,SPA,スペインGP,Circuito de Jerez - Ángel Nieto,1989-04-30,herri-torrontegui,確認済,,
1989,80cc,2,RAC,NAT,ネイションズGP,Misano World Circuit Marco Simoncelli,1989-05-14,jorge-martinez,確認済,,
1989,80cc,3,RAC,WGER,西ドイツGP,Hockenheim,1989-05-28,peter-ottl,確認済,,
1989,80cc,4,RAC,JUG,ユーゴスラビアGP,Rijeka,1989-06-11,peter-ottl,確認済,公式リザルトに結果データがないため、上位3名のみ掲載（出典：英語版Wikipedia 各GP記事）,
1989,80cc,5,RAC,NED,オランダTT,TT Circuit Assen,1989-06-24,peter-ottl,確認済,,
1989,80cc,6,RAC,TCH,チェコスロバキアGP,CREDITAS Autodrom Brno,1989-08-27,herri-torrontegui,確認済,,
1990,500cc,1,RAC,JPN,日本GP,Suzuka,1990-03-25,wayne-rainey,確認済,,
1990,500cc,2,RAC,USA,アメリカGP,Mazda Raceway,1990-04-08,wayne-rainey,確認済,,
1990,500cc,3,RAC,SPA,スペインGP,Circuito de Jerez - Ángel Nieto,1990-05-06,wayne-gardner,確認済,,
1990,500cc,4,RAC,NAT,ネイションズGP,Misano World Circuit Marco Simoncelli,1990-05-20,wayne-rainey,確認済,,
1990,500cc,5,RAC,WGER,西ドイツGP,Nurburgring,1990-05-27,kevin-schwantz,確認済,,
1990,500cc,6,RAC,AUT,オーストリアGP,Salzburgring,1990-06-10,kevin-schwantz,確認済,公式リザルトに結果データがないため、ポイント獲得者などの着順のみ掲載（出典：英語版Wikipedia 年間順位表）,
1990,500cc,7,RAC,JUG,ユーゴスラビアGP,Rijeka,1990-06-15,wayne-rainey,確認済,公式リザルトに結果データがないため、ポイント獲得者などの着順のみ掲載（出典：英語版Wikipedia 年間順位表）,
1990,500cc,8,RAC,NED,オランダTT,TT Circuit Assen,1990-06-30,kevin-schwantz,確認済,,
1990,500cc,9,RAC,BEL,ベルギーGP,Spa-Francorchamps,1990-07-07,wayne-rainey,確認済,公式リザルトに結果データがないため、ポイント獲得者などの着順のみ掲載（出典：英語版Wikipedia 年間順位表）,
1990,500cc,10,RAC,FRA,フランスGP,Le Mans,1990-07-22,kevin-schwantz,確認済,,
1990,500cc,11,RAC,GBR,イギリスGP,Donington Park,1990-08-05,kevin-schwantz,確認済,公式リザルトに結果データがないため、ポイント獲得者などの着順のみ掲載（出典：英語版Wikipedia 年間順位表）,
1990,500cc,12,RAC,SWE,スウェーデンGP,Anderstorp,1990-08-12,wayne-rainey,確認済,,
1990,500cc,13,RAC,TCH,チェコスロバキアGP,CREDITAS Autodrom Brno,1990-08-26,wayne-rainey,確認済,,
1990,500cc,14,RAC,HUN,ハンガリーGP,Hungaroring,1990-09-02,mick-doohan,確認済,,
1990,500cc,15,RAC,AUS,オーストラリアGP,Phillip Island,1990-09-16,wayne-gardner,確認済,公式リザルトに結果データがないため、ポイント獲得者などの着順のみ掲載（出典：英語版Wikipedia 年間順位表）,
1990,250cc,1,RAC,JPN,日本GP,Suzuka,1990-03-25,luca-cadalora,確認済,,
1990,250cc,2,RAC,USA,アメリカGP,Mazda Raceway,1990-04-08,john-kocinski,確認済,公式リザルトに結果データがないため、上位3名のみ掲載（出典：英語版Wikipedia 各GP記事）,
1990,250cc,3,RAC,SPA,スペインGP,Circuito de Jerez - Ángel Nieto,1990-05-06,john-kocinski,確認済,,
1990,250cc,4,RAC,NAT,ネイションズGP,Misano World Circuit Marco Simoncelli,1990-05-20,john-kocinski,確認済,,
1990,250cc,5,RAC,WGER,西ドイツGP,Nurburgring,1990-05-27,wilco-zeelenberg,確認済,公式リザルトに結果データがないため、上位3名のみ掲載（出典：英語版Wikipedia 各GP記事）,
1990,250cc,6,RAC,AUT,オーストリアGP,Salzburgring,1990-06-10,luca-cadalora,確認済,,
1990,250cc,7,RAC,JUG,ユーゴスラビアGP,Rijeka,1990-06-15,carlos-cardus,確認済,公式リザルトに結果データがないため、上位3名のみ掲載（出典：英語版Wikipedia 各GP記事）,
1990,250cc,8,RAC,NED,オランダTT,TT Circuit Assen,1990-06-30,john-kocinski,確認済,,
1990,250cc,9,RAC,BEL,ベルギーGP,Spa-Francorchamps,1990-07-07,john-kocinski,確認済,,
1990,250cc,10,RAC,FRA,フランスGP,Le Mans,1990-07-22,carlos-cardus,確認済,,
1990,250cc,11,RAC,GBR,イギリスGP,Donington Park,1990-08-05,luca-cadalora,確認済,,
1990,250cc,12,RAC,SWE,スウェーデンGP,Anderstorp,1990-08-12,carlos-cardus,確認済,公式リザルトに結果データがないため、上位3名のみ掲載（出典：英語版Wikipedia 各GP記事）,
1990,250cc,13,RAC,TCH,チェコスロバキアGP,CREDITAS Autodrom Brno,1990-08-26,carlos-cardus,確認済,,
1990,250cc,14,RAC,HUN,ハンガリーGP,Hungaroring,1990-09-02,john-kocinski,確認済,,
1990,250cc,15,RAC,AUS,オーストラリアGP,Phillip Island,1990-09-16,john-kocinski,確認済,,
1990,125cc,1,RAC,JPN,日本GP,Suzuka,1990-03-25,hans-spaan,確認済,公式リザルトに結果データがないため、ポイント獲得者などの着順のみ掲載（出典：英語版Wikipedia 年間順位表）,
1990,125cc,2,RAC,SPA,スペインGP,Circuito de Jerez - Ángel Nieto,1990-05-06,jorge-martinez,確認済,公式リザルトに結果データがないため、ポイント獲得者などの着順のみ掲載（出典：英語版Wikipedia 年間順位表）,
1990,125cc,3,RAC,NAT,ネイションズGP,Misano World Circuit Marco Simoncelli,1990-05-20,jorge-martinez,確認済,公式リザルトに結果データがないため、ポイント獲得者などの着順のみ掲載（出典：英語版Wikipedia 年間順位表）,
1990,125cc,4,RAC,WGER,西ドイツGP,Nurburgring,1990-05-27,doriano-romboni,確認済,,
1990,125cc,5,RAC,AUT,オーストリアGP,Salzburgring,1990-06-10,jorge-martinez,確認済,,
1990,125cc,6,RAC,JUG,ユーゴスラビアGP,Rijeka,1990-06-15,stefan-prein,確認済,公式リザルトに結果データがないため、ポイント獲得者などの着順のみ掲載（出典：英語版Wikipedia 年間順位表）,
1990,125cc,7,RAC,NED,オランダTT,TT Circuit Assen,1990-06-30,doriano-romboni,確認済,公式リザルトに結果データがないため、ポイント獲得者などの着順のみ掲載（出典：英語版Wikipedia 年間順位表）,
1990,125cc,8,RAC,BEL,ベルギーGP,Spa-Francorchamps,1990-07-07,hans-spaan,確認済,,
1990,125cc,9,RAC,FRA,フランスGP,Le Mans,1990-07-22,hans-spaan,確認済,公式リザルトに結果データがないため、ポイント獲得者などの着順のみ掲載（出典：英語版Wikipedia 年間順位表）,
1990,125cc,10,RAC,GBR,イギリスGP,Donington Park,1990-08-05,loris-capirossi,確認済,,
1990,125cc,11,RAC,SWE,スウェーデンGP,Anderstorp,1990-08-12,hans-spaan,確認済,,
1990,125cc,12,RAC,TCH,チェコスロバキアGP,CREDITAS Autodrom Brno,1990-08-26,hans-spaan,確認済,公式リザルトに結果データがないため、ポイント獲得者などの着順のみ掲載（出典：英語版Wikipedia 年間順位表）,
1990,125cc,13,RAC,HUN,ハンガリーGP,Hungaroring,1990-09-02,loris-capirossi,確認済,公式リザルトに結果データがないため、ポイント獲得者などの着順のみ掲載（出典：英語版Wikipedia 年間順位表）,
1990,125cc,14,RAC,AUS,オーストラリアGP,Phillip Island,1990-09-16,loris-capirossi,確認済,,
1991,500cc,1,RAC,JPN,日本GP,Suzuka,1991-03-24,kevin-schwantz,確認済,,
1991,500cc,2,RAC,AUS,オーストラリアGP,Eastern Creek,1991-04-07,wayne-rainey,確認済,公式リザルトに結果データがないため、ポイント獲得者などの着順のみ掲載（出典：英語版Wikipedia 年間順位表）,
1991,500cc,3,RAC,USA,アメリカGP,Mazda Raceway,1991-04-21,wayne-rainey,確認済,,
1991,500cc,4,RAC,SPA,スペインGP,Circuito de Jerez - Ángel Nieto,1991-05-12,mick-doohan,確認済,,
1991,500cc,5,RAC,ITA,イタリアGP,Misano World Circuit Marco Simoncelli,1991-05-19,mick-doohan,確認済,,
1991,500cc,6,RAC,GER,ドイツGP,Hockenheim,1991-05-26,kevin-schwantz,確認済,公式リザルトに結果データがないため、ポイント獲得者などの着順のみ掲載（出典：英語版Wikipedia 年間順位表）,
1991,500cc,7,RAC,AUT,オーストリアGP,Salzburgring,1991-06-09,mick-doohan,確認済,,
1991,500cc,8,RAC,EUR,ヨーロッパGP,Jarama,1991-06-16,wayne-rainey,確認済,,
1991,500cc,9,RAC,NED,オランダTT,TT Circuit Assen,1991-06-29,kevin-schwantz,確認済,,
1991,500cc,10,RAC,FRA,フランスGP,Paul Ricard,1991-07-21,wayne-rainey,確認済,,
1991,500cc,11,RAC,GBR,イギリスGP,Donington Park,1991-08-04,kevin-schwantz,確認済,公式リザルトに結果データがないため、ポイント獲得者などの着順のみ掲載（出典：英語版Wikipedia 年間順位表）,
1991,500cc,12,RAC,RSM,サンマリノGP,Autodromo Internazionale del Mugello,1991-08-18,wayne-rainey,確認済,公式リザルトに結果データがないため、ポイント獲得者などの着順のみ掲載（出典：英語版Wikipedia 年間順位表）,
1991,500cc,13,RAC,TCH,チェコスロバキアGP,CREDITAS Autodrom Brno,1991-08-25,wayne-rainey,確認済,公式リザルトに結果データがないため、ポイント獲得者などの着順のみ掲載（出典：英語版Wikipedia 年間順位表）,
1991,500cc,14,RAC,VDU,ヴィテス・デュ・マンGP,Le Mans,1991-09-08,kevin-schwantz,確認済,,
1991,500cc,15,RAC,MAL,マレーシアGP,Shah Alam,1991-09-29,john-kocinski,確認済,,
1991,250cc,1,RAC,JPN,日本GP,Suzuka,1991-03-24,luca-cadalora,確認済,,
1991,250cc,2,RAC,AUS,オーストラリアGP,Eastern Creek,1991-04-07,luca-cadalora,確認済,,
1991,250cc,3,RAC,USA,アメリカGP,Mazda Raceway,1991-04-21,luca-cadalora,確認済,公式リザルトに結果データがないため、ポイント獲得者などの着順のみ掲載（出典：英語版Wikipedia 年間順位表）,
1991,250cc,4,RAC,SPA,スペインGP,Circuito de Jerez - Ángel Nieto,1991-05-12,helmut-bradl,確認済,,
1991,250cc,5,RAC,ITA,イタリアGP,Misano World Circuit Marco Simoncelli,1991-05-19,luca-cadalora,確認済,,
1991,250cc,6,RAC,GER,ドイツGP,Hockenheim,1991-05-26,helmut-bradl,確認済,,
1991,250cc,7,RAC,AUT,オーストリアGP,Salzburgring,1991-06-09,helmut-bradl,確認済,公式リザルトに結果データがないため、ポイント獲得者などの着順のみ掲載（出典：英語版Wikipedia 年間順位表）,
1991,250cc,8,RAC,EUR,ヨーロッパGP,Jarama,1991-06-16,luca-cadalora,確認済,,
1991,250cc,9,RAC,NED,オランダTT,TT Circuit Assen,1991-06-29,pierfrancesco-chili,確認済,,
1991,250cc,10,RAC,FRA,フランスGP,Paul Ricard,1991-07-21,loris-reggiani,確認済,,
1991,250cc,11,RAC,GBR,イギリスGP,Donington Park,1991-08-04,luca-cadalora,確認済,,
1991,250cc,12,RAC,RSM,サンマリノGP,Autodromo Internazionale del Mugello,1991-08-18,luca-cadalora,確認済,,
1991,250cc,13,RAC,TCH,チェコスロバキアGP,CREDITAS Autodrom Brno,1991-08-25,helmut-bradl,確認済,,
1991,250cc,14,RAC,VDU,ヴィテス・デュ・マンGP,Le Mans,1991-09-08,helmut-bradl,確認済,公式リザルトに結果データがないため、上位3名のみ掲載（出典：英語版Wikipedia 各GP記事）,
1991,250cc,15,RAC,MAL,マレーシアGP,Shah Alam,1991-09-29,luca-cadalora,確認済,公式リザルトに結果データがないため、上位3名のみ掲載（出典：英語版Wikipedia 各GP記事）,
1991,125cc,1,RAC,JPN,日本GP,Suzuka,1991-03-24,noboru-ueda,確認済,公式リザルトに結果データがないため、上位3名のみ掲載（出典：英語版Wikipedia 各GP記事）,
1991,125cc,2,RAC,AUS,オーストラリアGP,Eastern Creek,1991-04-07,loris-capirossi,確認済,,
1991,125cc,3,RAC,SPA,スペインGP,Circuito de Jerez - Ángel Nieto,1991-05-12,noboru-ueda,確認済,公式リザルトに結果データがないため、上位3名のみ掲載（出典：英語版Wikipedia 各GP記事）,
1991,125cc,4,RAC,ITA,イタリアGP,Misano World Circuit Marco Simoncelli,1991-05-19,fausto-gresini,確認済,公式リザルトに結果データがないため、上位3名のみ掲載（出典：英語版Wikipedia 各GP記事）,
1991,125cc,5,RAC,GER,ドイツGP,Hockenheim,1991-05-26,ralf-waldmann,確認済,,
1991,125cc,6,RAC,AUT,オーストリアGP,Salzburgring,1991-06-09,fausto-gresini,確認済,,
1991,125cc,7,RAC,EUR,ヨーロッパGP,Jarama,1991-06-16,loris-capirossi,確認済,公式リザルトに結果データがないため、上位3名のみ掲載（出典：英語版Wikipedia 各GP記事）,
1991,125cc,8,RAC,NED,オランダTT,TT Circuit Assen,1991-06-29,ralf-waldmann,確認済,公式リザルトに結果データがないため、上位3名のみ掲載（出典：英語版Wikipedia 各GP記事）,
1991,125cc,9,RAC,FRA,フランスGP,Paul Ricard,1991-07-21,loris-capirossi,確認済,公式リザルトに結果データがないため、上位3名のみ掲載（出典：英語版Wikipedia 各GP記事）,
1991,125cc,10,RAC,GBR,イギリスGP,Donington Park,1991-08-04,loris-capirossi,確認済,,
1991,125cc,11,RAC,RSM,サンマリノGP,Autodromo Internazionale del Mugello,1991-08-18,peter-ottl,確認済,,
1991,125cc,12,RAC,TCH,チェコスロバキアGP,CREDITAS Autodrom Brno,1991-08-25,alessandro-gramigni,確認済,,
1991,125cc,13,RAC,MAL,マレーシアGP,Shah Alam,1991-09-29,loris-capirossi,確認済,,
1992,500cc,1,RAC,JPN,日本GP,Suzuka,1992-03-29,mick-doohan,確認済,,
1992,500cc,2,RAC,AUS,オーストラリアGP,Eastern Creek,1992-04-12,mick-doohan,確認済,,
1992,500cc,3,RAC,MAL,マレーシアGP,Shah Alam,1992-04-19,mick-doohan,確認済,,
1992,500cc,4,RAC,SPA,スペインGP,Circuito de Jerez - Ángel Nieto,1992-05-10,mick-doohan,確認済,,
1992,500cc,5,RAC,ITA,イタリアGP,Autodromo Internazionale del Mugello,1992-05-24,kevin-schwantz,確認済,公式リザルトに結果データがないため、ポイント獲得者などの着順のみ掲載（出典：英語版Wikipedia 年間順位表）,
1992,500cc,6,RAC,EUR,ヨーロッパGP,Circuit de Barcelona-Catalunya,1992-05-31,wayne-rainey,確認済,,
1992,500cc,7,RAC,GER,ドイツGP,Hockenheim,1992-06-14,mick-doohan,確認済,,
1992,500cc,8,RAC,NED,オランダTT,TT Circuit Assen,1992-06-27,alex-criville,確認済,公式リザルトに結果データがないため、ポイント獲得者などの着順のみ掲載（出典：英語版Wikipedia 年間順位表）,
1992,500cc,9,RAC,HUN,ハンガリーGP,Hungaroring,1992-07-12,eddie-lawson,確認済,,
1992,500cc,10,RAC,FRA,フランスGP,Magny Cours,1992-07-19,wayne-rainey,確認済,公式リザルトに結果データがないため、ポイント獲得者などの着順のみ掲載（出典：英語版Wikipedia 年間順位表）,
1992,500cc,11,RAC,GBR,イギリスGP,Donington Park,1992-08-02,wayne-gardner,確認済,,
1992,500cc,12,RAC,BRA,ブラジルGP,Interlagos,1992-08-23,wayne-rainey,確認済,,
1992,500cc,13,RAC,RSA,南アフリカGP,Kyalami,1992-09-06,john-kocinski,確認済,,
1992,250cc,1,RAC,JPN,日本GP,Suzuka,1992-03-29,luca-cadalora,確認済,公式リザルトに結果データがないため、上位3名のみ掲載（出典：英語版Wikipedia 各GP記事）,
1992,250cc,2,RAC,AUS,オーストラリアGP,Eastern Creek,1992-04-12,luca-cadalora,確認済,公式リザルトに結果データがないため、上位3名のみ掲載（出典：英語版Wikipedia 各GP記事）,
1992,250cc,3,RAC,MAL,マレーシアGP,Shah Alam,1992-04-19,luca-cadalora,確認済,公式リザルトに結果データがないため、上位3名のみ掲載（出典：英語版Wikipedia 各GP記事）,
1992,250cc,4,RAC,SPA,スペインGP,Circuito de Jerez - Ángel Nieto,1992-05-10,loris-reggiani,確認済,,
1992,250cc,5,RAC,ITA,イタリアGP,Autodromo Internazionale del Mugello,1992-05-24,luca-cadalora,確認済,,
1992,250cc,6,RAC,EUR,ヨーロッパGP,Circuit de Barcelona-Catalunya,1992-05-31,luca-cadalora,確認済,公式リザルトに結果データがないため、上位3名のみ掲載（出典：英語版Wikipedia 各GP記事）,
1992,250cc,7,RAC,GER,ドイツGP,Hockenheim,1992-06-14,pierfrancesco-chili,確認済,,
1992,250cc,8,RAC,NED,オランダTT,TT Circuit Assen,1992-06-27,pierfrancesco-chili,確認済,,
1992,250cc,9,RAC,HUN,ハンガリーGP,Hungaroring,1992-07-12,luca-cadalora,確認済,公式リザルトに結果データがないため、上位3名のみ掲載（出典：英語版Wikipedia 各GP記事）,
1992,250cc,10,RAC,FRA,フランスGP,Magny Cours,1992-07-19,loris-reggiani,確認済,,
1992,250cc,11,RAC,GBR,イギリスGP,Donington Park,1992-08-02,pierfrancesco-chili,確認済,,
1992,250cc,12,RAC,BRA,ブラジルGP,Interlagos,1992-08-23,luca-cadalora,確認済,公式リザルトに結果データがないため、上位3名のみ掲載（出典：英語版Wikipedia 各GP記事）,
1992,250cc,13,RAC,RSA,南アフリカGP,Kyalami,1992-09-06,max-biaggi,確認済,公式リザルトに結果データがないため、上位3名のみ掲載（出典：英語版Wikipedia 各GP記事）,
1992,125cc,1,RAC,JPN,日本GP,Suzuka,1992-03-29,ralf-waldmann,確認済,,
1992,125cc,2,RAC,AUS,オーストラリアGP,Eastern Creek,1992-04-12,ralf-waldmann,確認済,,
1992,125cc,3,RAC,MAL,マレーシアGP,Shah Alam,1992-04-19,alessandro-gramigni,確認済,,
1992,125cc,4,RAC,SPA,スペインGP,Circuito de Jerez - Ángel Nieto,1992-05-10,ralf-waldmann,確認済,公式リザルトに結果データがないため、上位3名のみ掲載（出典：英語版Wikipedia 各GP記事）,
1992,125cc,5,RAC,ITA,イタリアGP,Autodromo Internazionale del Mugello,1992-05-24,ezio-gianola,確認済,,
1992,125cc,6,RAC,EUR,ヨーロッパGP,Circuit de Barcelona-Catalunya,1992-05-31,ezio-gianola,確認済,,
1992,125cc,7,RAC,GER,ドイツGP,Hockenheim,1992-06-14,bruno-casanova,確認済,公式リザルトに結果データがないため、上位3名のみ掲載（出典：英語版Wikipedia 各GP記事）,
1992,125cc,8,RAC,NED,オランダTT,TT Circuit Assen,1992-06-27,ezio-gianola,確認済,,
1992,125cc,9,RAC,HUN,ハンガリーGP,Hungaroring,1992-07-12,alessandro-gramigni,確認済,,
1992,125cc,10,RAC,FRA,フランスGP,Magny Cours,1992-07-19,ezio-gianola,確認済,,
1992,125cc,11,RAC,GBR,イギリスGP,Donington Park,1992-08-02,fausto-gresini,確認済,公式リザルトに結果データがないため、上位3名のみ掲載（出典：英語版Wikipedia 各GP記事）,
1992,125cc,12,RAC,BRA,ブラジルGP,Interlagos,1992-08-23,dirk-raudies,確認済,,
1992,125cc,13,RAC,RSA,南アフリカGP,Kyalami,1992-09-06,jorge-martinez,確認済,,
1993,500cc,1,RAC,AUS,オーストラリアGP,Eastern Creek,1993-03-28,kevin-schwantz,確認済,,
1993,500cc,2,RAC,MAL,マレーシアGP,Shah Alam,1993-04-04,wayne-rainey,確認済,公式リザルトに結果データがないため、ポイント獲得者などの着順のみ掲載（出典：英語版Wikipedia 年間順位表）,
1993,500cc,3,RAC,JPN,日本GP,Suzuka,1993-04-18,wayne-rainey,確認済,公式リザルトに結果データがないため、ポイント獲得者などの着順のみ掲載（出典：英語版Wikipedia 年間順位表）,
1993,500cc,4,RAC,SPA,スペインGP,Circuito de Jerez - Ángel Nieto,1993-05-02,kevin-schwantz,確認済,,
1993,500cc,5,RAC,AUT,オーストリアGP,Salzburgring,1993-05-16,kevin-schwantz,確認済,,
1993,500cc,6,RAC,GER,ドイツGP,Hockenheim,1993-06-13,daryl-beattie,確認済,,
1993,500cc,7,RAC,NED,オランダTT,TT Circuit Assen,1993-06-26,kevin-schwantz,確認済,,
1993,500cc,8,RAC,EUR,ヨーロッパGP,Circuit de Barcelona-Catalunya,1993-07-04,wayne-rainey,確認済,,
1993,500cc,9,RAC,RSM,サンマリノGP,Autodromo Internazionale del Mugello,1993-07-18,mick-doohan,確認済,公式リザルトに結果データがないため、ポイント獲得者などの着順のみ掲載（出典：英語版Wikipedia 年間順位表）,
1993,500cc,10,RAC,GBR,イギリスGP,Donington Park,1993-08-01,luca-cadalora,確認済,公式リザルトに結果データがないため、ポイント獲得者などの着順のみ掲載（出典：英語版Wikipedia 年間順位表）,
1993,500cc,11,RAC,CZE,チェコGP,CREDITAS Autodrom Brno,1993-08-22,wayne-rainey,確認済,公式リザルトに結果データがないため、ポイント獲得者などの着順のみ掲載（出典：英語版Wikipedia 年間順位表）,
1993,500cc,12,RAC,ITA,イタリアGP,Misano World Circuit Marco Simoncelli,1993-09-05,luca-cadalora,確認済,公式リザルトに結果データがないため、ポイント獲得者などの着順のみ掲載（出典：英語版Wikipedia 年間順位表）,
1993,500cc,13,RAC,USA,アメリカGP,Mazda Raceway,1993-09-12,john-kocinski,確認済,,
1993,500cc,14,RAC,FIM,FIM GP,Jarama,1993-09-26,alex-barros,確認済,,
1993,250cc,1,RAC,AUS,オーストラリアGP,Eastern Creek,1993-03-28,tetsuya-harada,確認済,公式リザルトに結果データがないため、ポイント獲得者などの着順のみ掲載（出典：英語版Wikipedia 年間順位表）,
1993,250cc,2,RAC,MAL,マレーシアGP,Shah Alam,1993-04-04,nobuatsu-aoki,確認済,,
1993,250cc,3,RAC,JPN,日本GP,Suzuka,1993-04-18,tetsuya-harada,確認済,,
1993,250cc,4,RAC,SPA,スペインGP,Circuito de Jerez - Ángel Nieto,1993-05-02,tetsuya-harada,確認済,,
1993,250cc,5,RAC,AUT,オーストリアGP,Salzburgring,1993-05-16,doriano-romboni,確認済,,
1993,250cc,6,RAC,GER,ドイツGP,Hockenheim,1993-06-13,doriano-romboni,確認済,,
1993,250cc,7,RAC,NED,オランダTT,TT Circuit Assen,1993-06-26,loris-capirossi,確認済,公式リザルトに結果データがないため、ポイント獲得者などの着順のみ掲載（出典：英語版Wikipedia 年間順位表）,
1993,250cc,8,RAC,EUR,ヨーロッパGP,Circuit de Barcelona-Catalunya,1993-07-04,max-biaggi,確認済,公式リザルトに結果データがないため、ポイント獲得者などの着順のみ掲載（出典：英語版Wikipedia 年間順位表）,
1993,250cc,9,RAC,RSM,サンマリノGP,Autodromo Internazionale del Mugello,1993-07-18,loris-capirossi,確認済,,
1993,250cc,10,RAC,GBR,イギリスGP,Donington Park,1993-08-01,jean-philippe-ruggia,確認済,,
1993,250cc,11,RAC,CZE,チェコGP,CREDITAS Autodrom Brno,1993-08-22,loris-reggiani,確認済,公式リザルトに結果データがないため、ポイント獲得者などの着順のみ掲載（出典：英語版Wikipedia 年間順位表）,
1993,250cc,12,RAC,ITA,イタリアGP,Misano World Circuit Marco Simoncelli,1993-09-05,jean-philippe-ruggia,確認済,,
1993,250cc,13,RAC,USA,アメリカGP,Mazda Raceway,1993-09-12,loris-capirossi,確認済,公式リザルトに結果データがないため、ポイント獲得者などの着順のみ掲載（出典：英語版Wikipedia 年間順位表）,
1993,250cc,14,RAC,FIM,FIM GP,Jarama,1993-09-26,tetsuya-harada,確認済,,
1993,125cc,1,RAC,AUS,オーストラリアGP,Eastern Creek,1993-03-28,dirk-raudies,確認済,,
1993,125cc,2,RAC,MAL,マレーシアGP,Shah Alam,1993-04-04,dirk-raudies,確認済,,
1993,125cc,3,RAC,JPN,日本GP,Suzuka,1993-04-18,dirk-raudies,確認済,,
1993,125cc,4,RAC,SPA,スペインGP,Circuito de Jerez - Ángel Nieto,1993-05-02,kazuto-sakata,確認済,公式リザルトに結果データがないため、上位3名のみ掲載（出典：英語版Wikipedia 各GP記事）,
1993,125cc,5,RAC,AUT,オーストリアGP,Salzburgring,1993-05-16,takeshi-tsujimura,確認済,公式リザルトに結果データがないため、上位3名のみ掲載（出典：英語版Wikipedia 各GP記事）,
1993,125cc,6,RAC,GER,ドイツGP,Hockenheim,1993-06-13,dirk-raudies,確認済,公式リザルトに結果データがないため、上位3名のみ掲載（出典：英語版Wikipedia 各GP記事）,
1993,125cc,7,RAC,NED,オランダTT,TT Circuit Assen,1993-06-26,dirk-raudies,確認済,,
1993,125cc,8,RAC,EUR,ヨーロッパGP,Circuit de Barcelona-Catalunya,1993-07-04,noboru-ueda,確認済,公式リザルトに結果データがないため、上位3名のみ掲載（出典：英語版Wikipedia 各GP記事）,
1993,125cc,9,RAC,RSM,サンマリノGP,Autodromo Internazionale del Mugello,1993-07-18,dirk-raudies,確認済,,
1993,125cc,10,RAC,GBR,イギリスGP,Donington Park,1993-08-01,dirk-raudies,確認済,,
1993,125cc,11,RAC,CZE,チェコGP,CREDITAS Autodrom Brno,1993-08-22,kazuto-sakata,確認済,,
1993,125cc,12,RAC,ITA,イタリアGP,Misano World Circuit Marco Simoncelli,1993-09-05,dirk-raudies,確認済,,
1993,125cc,13,RAC,USA,アメリカGP,Mazda Raceway,1993-09-12,dirk-raudies,確認済,,
1993,125cc,14,RAC,FIM,FIM GP,Jarama,1993-09-26,ralf-waldmann,確認済,公式リザルトに結果データがないため、上位3名のみ掲載（出典：英語版Wikipedia 各GP記事）,
1994,500cc,1,RAC,AUS,オーストラリアGP,Eastern Creek,1994-03-27,john-kocinski,確認済,公式リザルトに結果データがないため、ポイント獲得者などの着順のみ掲載（出典：英語版Wikipedia 年間順位表）,
1994,500cc,2,RAC,MAL,マレーシアGP,Shah Alam,1994-04-10,mick-doohan,確認済,,
1994,500cc,3,RAC,JPN,日本GP,Suzuka,1994-04-24,kevin-schwantz,確認済,,
1994,500cc,4,RAC,SPA,スペインGP,Circuito de Jerez - Ángel Nieto,1994-05-08,mick-doohan,確認済,,
1994,500cc,5,RAC,AUT,オーストリアGP,Salzburgring,1994-05-22,mick-doohan,確認済,,
1994,500cc,6,RAC,GER,ドイツGP,Hockenheim,1994-06-12,mick-doohan,確認済,公式リザルトに結果データがないため、ポイント獲得者などの着順のみ掲載（出典：英語版Wikipedia 年間順位表）,
1994,500cc,7,RAC,NED,オランダTT,TT Circuit Assen,1994-06-25,mick-doohan,確認済,公式リザルトに結果データがないため、ポイント獲得者などの着順のみ掲載（出典：英語版Wikipedia 年間順位表）,
1994,500cc,8,RAC,ITA,イタリアGP,Autodromo Internazionale del Mugello,1994-07-03,mick-doohan,確認済,,
1994,500cc,9,RAC,FRA,フランスGP,Le Mans,1994-07-17,mick-doohan,確認済,,
1994,500cc,10,RAC,GBR,イギリスGP,Donington Park,1994-07-24,kevin-schwantz,確認済,,
1994,500cc,11,RAC,CZE,チェコGP,CREDITAS Autodrom Brno,1994-08-21,mick-doohan,確認済,,
1994,500cc,12,RAC,USA,アメリカGP,Mazda Raceway,1994-09-11,luca-cadalora,確認済,,
1994,500cc,13,RAC,ARG,アルゼンチンGP,Oscar A. Galvez,1994-09-25,mick-doohan,確認済,公式リザルトに結果データがないため、ポイント獲得者などの着順のみ掲載（出典：英語版Wikipedia 年間順位表）,
1994,500cc,14,RAC,EUR,ヨーロッパGP,Circuit de Barcelona-Catalunya,1994-10-09,luca-cadalora,確認済,,
1994,250cc,1,RAC,AUS,オーストラリアGP,Eastern Creek,1994-03-27,max-biaggi,確認済,公式リザルトに結果データがないため、ポイント獲得者などの着順のみ掲載（出典：英語版Wikipedia 年間順位表）,
1994,250cc,2,RAC,MAL,マレーシアGP,Shah Alam,1994-04-10,max-biaggi,確認済,,
1994,250cc,3,RAC,JPN,日本GP,Suzuka,1994-04-24,tadayuki-okada,確認済,,
1994,250cc,4,RAC,SPA,スペインGP,Circuito de Jerez - Ángel Nieto,1994-05-08,jean-philippe-ruggia,確認済,公式リザルトに結果データがないため、ポイント獲得者などの着順のみ掲載（出典：英語版Wikipedia 年間順位表）,
1994,250cc,5,RAC,AUT,オーストリアGP,Salzburgring,1994-05-22,loris-capirossi,確認済,公式リザルトに結果データがないため、ポイント獲得者などの着順のみ掲載（出典：英語版Wikipedia 年間順位表）,
1994,250cc,6,RAC,GER,ドイツGP,Hockenheim,1994-06-12,loris-capirossi,確認済,,
1994,250cc,7,RAC,NED,オランダTT,TT Circuit Assen,1994-06-25,max-biaggi,確認済,,
1994,250cc,8,RAC,ITA,イタリアGP,Autodromo Internazionale del Mugello,1994-07-03,ralf-waldmann,確認済,,
1994,250cc,9,RAC,FRA,フランスGP,Le Mans,1994-07-17,loris-capirossi,確認済,,
1994,250cc,10,RAC,GBR,イギリスGP,Donington Park,1994-07-24,loris-capirossi,確認済,,
1994,250cc,11,RAC,CZE,チェコGP,CREDITAS Autodrom Brno,1994-08-21,max-biaggi,確認済,公式リザルトに結果データがないため、ポイント獲得者などの着順のみ掲載（出典：英語版Wikipedia 年間順位表）,
1994,250cc,12,RAC,USA,アメリカGP,Mazda Raceway,1994-09-11,doriano-romboni,確認済,公式リザルトに結果データがないため、ポイント獲得者などの着順のみ掲載（出典：英語版Wikipedia 年間順位表）,
1994,250cc,13,RAC,ARG,アルゼンチンGP,Oscar A. Galvez,1994-09-25,tadayuki-okada,確認済,公式リザルトに結果データがないため、ポイント獲得者などの着順のみ掲載（出典：英語版Wikipedia 年間順位表）,
1994,250cc,14,RAC,EUR,ヨーロッパGP,Circuit de Barcelona-Catalunya,1994-10-09,max-biaggi,確認済,,
1994,125cc,1,RAC,AUS,オーストラリアGP,Eastern Creek,1994-03-27,kazuto-sakata,確認済,,
1994,125cc,2,RAC,MAL,マレーシアGP,Shah Alam,1994-04-10,noboru-ueda,確認済,公式リザルトに結果データがないため、ポイント獲得者などの着順のみ掲載（出典：英語版Wikipedia 年間順位表）,
1994,125cc,3,RAC,JPN,日本GP,Suzuka,1994-04-24,takeshi-tsujimura,確認済,公式リザルトに結果データがないため、ポイント獲得者などの着順のみ掲載（出典：英語版Wikipedia 年間順位表）,
1994,125cc,4,RAC,SPA,スペインGP,Circuito de Jerez - Ángel Nieto,1994-05-08,kazuto-sakata,確認済,,
1994,125cc,5,RAC,AUT,オーストリアGP,Salzburgring,1994-05-22,dirk-raudies,確認済,公式リザルトに結果データがないため、ポイント獲得者などの着順のみ掲載（出典：英語版Wikipedia 年間順位表）,
1994,125cc,6,RAC,GER,ドイツGP,Hockenheim,1994-06-12,dirk-raudies,確認済,,
1994,125cc,7,RAC,NED,オランダTT,TT Circuit Assen,1994-06-25,takeshi-tsujimura,確認済,,
1994,125cc,8,RAC,ITA,イタリアGP,Autodromo Internazionale del Mugello,1994-07-03,noboru-ueda,確認済,公式リザルトに結果データがないため、ポイント獲得者などの着順のみ掲載（出典：英語版Wikipedia 年間順位表）,
1994,125cc,9,RAC,FRA,フランスGP,Le Mans,1994-07-17,noboru-ueda,確認済,公式リザルトに結果データがないため、ポイント獲得者などの着順のみ掲載（出典：英語版Wikipedia 年間順位表）,
1994,125cc,10,RAC,GBR,イギリスGP,Donington Park,1994-07-24,takeshi-tsujimura,確認済,公式リザルトに結果データがないため、ポイント獲得者などの着順のみ掲載（出典：英語版Wikipedia 年間順位表）,
1994,125cc,11,RAC,CZE,チェコGP,CREDITAS Autodrom Brno,1994-08-21,kazuto-sakata,確認済,公式リザルトに結果データがないため、ポイント獲得者などの着順のみ掲載（出典：英語版Wikipedia 年間順位表）,
1994,125cc,12,RAC,USA,アメリカGP,Mazda Raceway,1994-09-11,takeshi-tsujimura,確認済,,
1994,125cc,13,RAC,ARG,アルゼンチンGP,Oscar A. Galvez,1994-09-25,jorge-martinez,確認済,,
1994,125cc,14,RAC,EUR,ヨーロッパGP,Circuit de Barcelona-Catalunya,1994-10-09,dirk-raudies,確認済,公式リザルトに結果データがないため、ポイント獲得者などの着順のみ掲載（出典：英語版Wikipedia 年間順位表）,
1995,500cc,1,RAC,AUS,オーストラリアGP,Eastern Creek,1995-03-26,mick-doohan,確認済,,
1995,500cc,2,RAC,MAL,マレーシアGP,Shah Alam,1995-04-02,mick-doohan,確認済,公式リザルトに結果データがないため、ポイント獲得者などの着順のみ掲載（出典：英語版Wikipedia 年間順位表）,
1995,500cc,3,RAC,JPN,日本GP,Suzuka,1995-04-23,daryl-beattie,確認済,,
1995,500cc,4,RAC,SPA,スペインGP,Circuito de Jerez - Ángel Nieto,1995-05-07,alberto-puig,確認済,,
1995,500cc,5,RAC,GER,ドイツGP,Nurburgring,1995-05-21,daryl-beattie,確認済,,
1995,500cc,6,RAC,ITA,イタリアGP,Autodromo Internazionale del Mugello,1995-06-11,mick-doohan,確認済,,
1995,500cc,7,RAC,NED,オランダTT,TT Circuit Assen,1995-06-23,mick-doohan,確認済,,
1995,500cc,8,RAC,FRA,フランスGP,Le Mans,1995-07-09,mick-doohan,確認済,,
1995,500cc,9,RAC,GBR,イギリスGP,Donington Park,1995-07-23,mick-doohan,確認済,,
1995,500cc,10,RAC,CZE,チェコGP,CREDITAS Autodrom Brno,1995-08-20,luca-cadalora,確認済,公式リザルトに結果データがないため、ポイント獲得者などの着順のみ掲載（出典：英語版Wikipedia 年間順位表）,
1995,500cc,11,RAC,BRA,ブラジルGP,Nelson Piquet,1995-09-17,luca-cadalora,確認済,,
1995,500cc,12,RAC,ARG,アルゼンチンGP,Oscar A. Galvez,1995-09-24,mick-doohan,確認済,,
1995,500cc,13,RAC,CAT,カタルーニャGP,Circuit de Barcelona-Catalunya,1995-10-08,alex-criville,確認済,公式リザルトに結果データがないため、ポイント獲得者などの着順のみ掲載（出典：英語版Wikipedia 年間順位表）,
1995,250cc,1,RAC,AUS,オーストラリアGP,Eastern Creek,1995-03-26,ralf-waldmann,確認済,公式リザルトに結果データがないため、ポイント獲得者などの着順のみ掲載（出典：英語版Wikipedia 年間順位表）,
1995,250cc,2,RAC,MAL,マレーシアGP,Shah Alam,1995-04-02,max-biaggi,確認済,,
1995,250cc,3,RAC,JPN,日本GP,Suzuka,1995-04-23,ralf-waldmann,確認済,,
1995,250cc,4,RAC,SPA,スペインGP,Circuito de Jerez - Ángel Nieto,1995-05-07,tetsuya-harada,確認済,,
1995,250cc,5,RAC,GER,ドイツGP,Nurburgring,1995-05-21,max-biaggi,確認済,公式リザルトに結果データがないため、ポイント獲得者などの着順のみ掲載（出典：英語版Wikipedia 年間順位表）,
1995,250cc,6,RAC,ITA,イタリアGP,Autodromo Internazionale del Mugello,1995-06-11,max-biaggi,確認済,,
1995,250cc,7,RAC,NED,オランダTT,TT Circuit Assen,1995-06-23,max-biaggi,確認済,公式リザルトに結果データがないため、ポイント獲得者などの着順のみ掲載（出典：英語版Wikipedia 年間順位表）,
1995,250cc,8,RAC,FRA,フランスGP,Le Mans,1995-07-09,ralf-waldmann,確認済,,
1995,250cc,9,RAC,GBR,イギリスGP,Donington Park,1995-07-23,max-biaggi,確認済,公式リザルトに結果データがないため、ポイント獲得者などの着順のみ掲載（出典：英語版Wikipedia 年間順位表）,
1995,250cc,10,RAC,CZE,チェコGP,CREDITAS Autodrom Brno,1995-08-20,max-biaggi,確認済,,
1995,250cc,11,RAC,BRA,ブラジルGP,Nelson Piquet,1995-09-17,doriano-romboni,確認済,,
1995,250cc,12,RAC,ARG,アルゼンチンGP,Oscar A. Galvez,1995-09-24,max-biaggi,確認済,,
1995,250cc,13,RAC,CAT,カタルーニャGP,Circuit de Barcelona-Catalunya,1995-10-08,max-biaggi,確認済,,
1995,125cc,1,RAC,AUS,オーストラリアGP,Eastern Creek,1995-03-26,haruchika-aoki,確認済,公式リザルトに結果データがないため、ポイント獲得者などの着順のみ掲載（出典：英語版Wikipedia 年間順位表）,
1995,125cc,2,RAC,MAL,マレーシアGP,Shah Alam,1995-04-02,garry-mccoy,確認済,レース距離不足のためハーフポイント,
1995,125cc,3,RAC,JPN,日本GP,Suzuka,1995-04-23,haruchika-aoki,確認済,公式リザルトに結果データがないため、ポイント獲得者などの着順のみ掲載（出典：英語版Wikipedia 年間順位表）,
1995,125cc,4,RAC,SPA,スペインGP,Circuito de Jerez - Ángel Nieto,1995-05-07,haruchika-aoki,確認済,公式リザルトに結果データがないため、ポイント獲得者などの着順のみ掲載（出典：英語版Wikipedia 年間順位表）,
1995,125cc,5,RAC,GER,ドイツGP,Nurburgring,1995-05-21,haruchika-aoki,確認済,,
1995,125cc,6,RAC,ITA,イタリアGP,Autodromo Internazionale del Mugello,1995-06-11,haruchika-aoki,確認済,公式リザルトに結果データがないため、ポイント獲得者などの着順のみ掲載（出典：英語版Wikipedia 年間順位表）,
1995,125cc,7,RAC,NED,オランダTT,TT Circuit Assen,1995-06-23,dirk-raudies,確認済,,
1995,125cc,8,RAC,FRA,フランスGP,Le Mans,1995-07-09,haruchika-aoki,確認済,公式リザルトに結果データがないため、ポイント獲得者などの着順のみ掲載（出典：英語版Wikipedia 年間順位表）,
1995,125cc,9,RAC,GBR,イギリスGP,Donington Park,1995-07-23,kazuto-sakata,確認済,,
1995,125cc,10,RAC,CZE,チェコGP,CREDITAS Autodrom Brno,1995-08-20,kazuto-sakata,確認済,,
1995,125cc,11,RAC,BRA,ブラジルGP,Nelson Piquet,1995-09-17,masaki-tokudome,確認済,公式リザルトに結果データがないため、ポイント獲得者などの着順のみ掲載（出典：英語版Wikipedia 年間順位表）,
1995,125cc,12,RAC,ARG,アルゼンチンGP,Oscar A. Galvez,1995-09-24,emilio-alzamora,確認済,公式リザルトに結果データがないため、ポイント獲得者などの着順のみ掲載（出典：英語版Wikipedia 年間順位表）,
1995,125cc,13,RAC,CAT,カタルーニャGP,Circuit de Barcelona-Catalunya,1995-10-08,haruchika-aoki,確認済,,
1996,500cc,1,RAC,MAL,マレーシアGP,Shah Alam,1996-03-31,luca-cadalora,確認済,,
1996,500cc,2,RAC,INA,インドネシアGP,Sentul,1996-04-07,mick-doohan,確認済,公式リザルトに結果データがないため、ポイント獲得者などの着順のみ掲載（出典：英語版Wikipedia 年間順位表）,
1996,500cc,3,RAC,JPN,日本GP,Suzuka,1996-04-21,norifumi-abe,確認済,,
1996,500cc,4,RAC,SPA,スペインGP,Circuito de Jerez - Ángel Nieto,1996-05-12,mick-doohan,確認済,,
1996,500cc,5,RAC,ITA,イタリアGP,Autodromo Internazionale del Mugello,1996-05-26,mick-doohan,確認済,公式リザルトに結果データがないため、ポイント獲得者などの着順のみ掲載（出典：英語版Wikipedia 年間順位表）,
1996,500cc,6,RAC,FRA,フランスGP,Paul Ricard,1996-06-09,mick-doohan,確認済,,
1996,500cc,7,RAC,NED,オランダTT,TT Circuit Assen,1996-06-29,mick-doohan,確認済,公式リザルトに結果データがないため、ポイント獲得者などの着順のみ掲載（出典：英語版Wikipedia 年間順位表）,
1996,500cc,8,RAC,GER,ドイツGP,Nurburgring,1996-07-07,luca-cadalora,確認済,,
1996,500cc,9,RAC,GBR,イギリスGP,Donington Park,1996-07-21,mick-doohan,確認済,公式リザルトに結果データがないため、ポイント獲得者などの着順のみ掲載（出典：英語版Wikipedia 年間順位表）,
1996,500cc,10,RAC,AUT,オーストリアGP,Red Bull Ring - Spielberg,1996-08-02,alex-criville,確認済,公式リザルトに結果データがないため、ポイント獲得者などの着順のみ掲載（出典：英語版Wikipedia 年間順位表）,
1996,500cc,11,RAC,CZE,チェコGP,CREDITAS Autodrom Brno,1996-08-18,alex-criville,確認済,,
1996,500cc,12,RAC,IMO,イモラGP,Imola,1996-09-01,mick-doohan,確認済,,
1996,500cc,13,RAC,CAT,カタルーニャGP,Circuit de Barcelona-Catalunya,1996-09-15,carlos-checa,確認済,公式リザルトに結果データがないため、ポイント獲得者などの着順のみ掲載（出典：英語版Wikipedia 年間順位表）,
1996,500cc,14,RAC,RIO,リオGP,Nelson Piquet,1996-10-06,mick-doohan,確認済,公式リザルトに結果データがないため、ポイント獲得者などの着順のみ掲載（出典：英語版Wikipedia 年間順位表）,
1996,500cc,15,RAC,AUS,オーストラリアGP,Eastern Creek,1996-10-20,loris-capirossi,確認済,,
1996,250cc,1,RAC,MAL,マレーシアGP,Shah Alam,1996-03-31,max-biaggi,確認済,公式リザルトに結果データがないため、ポイント獲得者などの着順のみ掲載（出典：英語版Wikipedia 年間順位表）,
1996,250cc,2,RAC,INA,インドネシアGP,Sentul,1996-04-07,tetsuya-harada,確認済,,
1996,250cc,3,RAC,JPN,日本GP,Suzuka,1996-04-21,max-biaggi,確認済,公式リザルトに結果データがないため、ポイント獲得者などの着順のみ掲載（出典：英語版Wikipedia 年間順位表）,
1996,250cc,4,RAC,SPA,スペインGP,Circuito de Jerez - Ángel Nieto,1996-05-12,max-biaggi,確認済,公式リザルトに結果データがないため、ポイント獲得者などの着順のみ掲載（出典：英語版Wikipedia 年間順位表）,
1996,250cc,5,RAC,ITA,イタリアGP,Autodromo Internazionale del Mugello,1996-05-26,max-biaggi,確認済,,
1996,250cc,6,RAC,FRA,フランスGP,Paul Ricard,1996-06-09,max-biaggi,確認済,,
1996,250cc,7,RAC,NED,オランダTT,TT Circuit Assen,1996-06-29,ralf-waldmann,確認済,,
1996,250cc,8,RAC,GER,ドイツGP,Nurburgring,1996-07-07,ralf-waldmann,確認済,,
1996,250cc,9,RAC,GBR,イギリスGP,Donington Park,1996-07-21,max-biaggi,確認済,,
1996,250cc,10,RAC,AUT,オーストリアGP,Red Bull Ring - Spielberg,1996-08-02,ralf-waldmann,確認済,公式リザルトに結果データがないため、ポイント獲得者などの着順のみ掲載（出典：英語版Wikipedia 年間順位表）,
1996,250cc,11,RAC,CZE,チェコGP,CREDITAS Autodrom Brno,1996-08-18,max-biaggi,確認済,,
1996,250cc,12,RAC,IMO,イモラGP,Imola,1996-09-01,ralf-waldmann,確認済,公式リザルトに結果データがないため、ポイント獲得者などの着順のみ掲載（出典：英語版Wikipedia 年間順位表）,
1996,250cc,13,RAC,CAT,カタルーニャGP,Circuit de Barcelona-Catalunya,1996-09-15,max-biaggi,確認済,,
1996,250cc,14,RAC,RIO,リオGP,Nelson Piquet,1996-10-06,olivier-jacque,確認済,公式リザルトに結果データがないため、ポイント獲得者などの着順のみ掲載（出典：英語版Wikipedia 年間順位表）,
1996,250cc,15,RAC,AUS,オーストラリアGP,Eastern Creek,1996-10-20,max-biaggi,確認済,公式リザルトに結果データがないため、ポイント獲得者などの着順のみ掲載（出典：英語版Wikipedia 年間順位表）,
1996,125cc,1,RAC,MAL,マレーシアGP,Shah Alam,1996-03-31,stefano-perugini,確認済,,
1996,125cc,2,RAC,INA,インドネシアGP,Sentul,1996-04-07,masaki-tokudome,確認済,,
1996,125cc,3,RAC,JPN,日本GP,Suzuka,1996-04-21,masaki-tokudome,確認済,,
1996,125cc,4,RAC,SPA,スペインGP,Circuito de Jerez - Ángel Nieto,1996-05-12,haruchika-aoki,確認済,,
1996,125cc,5,RAC,ITA,イタリアGP,Autodromo Internazionale del Mugello,1996-05-26,peter-ottl,確認済,,
1996,125cc,6,RAC,FRA,フランスGP,Paul Ricard,1996-06-09,stefano-perugini,確認済,公式リザルトに結果データがないため、ポイント獲得者などの着順のみ掲載（出典：英語版Wikipedia 年間順位表）,
1996,125cc,7,RAC,NED,オランダTT,TT Circuit Assen,1996-06-29,emilio-alzamora,確認済,,
1996,125cc,8,RAC,GER,ドイツGP,Nurburgring,1996-07-07,masaki-tokudome,確認済,公式リザルトに結果データがないため、ポイント獲得者などの着順のみ掲載（出典：英語版Wikipedia 年間順位表）,
1996,125cc,9,RAC,GBR,イギリスGP,Donington Park,1996-07-21,stefano-perugini,確認済,,
1996,125cc,10,RAC,AUT,オーストリアGP,Red Bull Ring - Spielberg,1996-08-02,ivan-goi,確認済,,
1996,125cc,11,RAC,CZE,チェコGP,CREDITAS Autodrom Brno,1996-08-18,valentino-rossi,確認済,公式リザルトに結果データがないため、ポイント獲得者などの着順のみ掲載（出典：英語版Wikipedia 年間順位表）,
1996,125cc,12,RAC,IMO,イモラGP,Imola,1996-09-01,masaki-tokudome,確認済,,
1996,125cc,13,RAC,CAT,カタルーニャGP,Circuit de Barcelona-Catalunya,1996-09-15,tomomi-manako,確認済,,
1996,125cc,14,RAC,RIO,リオGP,Nelson Piquet,1996-10-06,haruchika-aoki,確認済,,
1996,125cc,15,RAC,AUS,オーストラリアGP,Eastern Creek,1996-10-20,garry-mccoy,確認済,公式リザルトに結果データがないため、ポイント獲得者などの着順のみ掲載（出典：英語版Wikipedia 年間順位表）,
1997,500cc,1,RAC,MAL,マレーシアGP,Shah Alam,1997-04-13,mick-doohan,確認済,,
1997,500cc,2,RAC,JPN,日本GP,Suzuka,1997-04-20,mick-doohan,確認済,,
1997,500cc,3,RAC,SPA,スペインGP,Circuito de Jerez - Ángel Nieto,1997-05-04,alex-criville,確認済,,
1997,500cc,4,RAC,ITA,イタリアGP,Autodromo Internazionale del Mugello,1997-05-18,mick-doohan,確認済,,
1997,500cc,5,RAC,AUT,オーストリアGP,Red Bull Ring - Spielberg,1997-06-01,mick-doohan,確認済,,
1997,500cc,6,RAC,FRA,フランスGP,Paul Ricard,1997-06-08,mick-doohan,確認済,,
1997,500cc,7,RAC,NED,オランダTT,TT Circuit Assen,1997-06-28,mick-doohan,確認済,,
1997,500cc,8,RAC,IMO,イモラGP,Imola,1997-07-06,mick-doohan,確認済,,
1997,500cc,9,RAC,GER,ドイツGP,Nurburgring,1997-07-20,mick-doohan,確認済,公式リザルトに結果データがないため、ポイント獲得者などの着順のみ掲載（出典：英語版Wikipedia 年間順位表）,
1997,500cc,10,RAC,RIO,リオGP,Nelson Piquet,1997-08-03,mick-doohan,確認済,,
1997,500cc,11,RAC,GBR,イギリスGP,Donington Park,1997-08-17,mick-doohan,確認済,,
1997,500cc,12,RAC,CZE,チェコGP,CREDITAS Autodrom Brno,1997-08-31,mick-doohan,確認済,,
1997,500cc,13,RAC,CAT,カタルーニャGP,Circuit de Barcelona-Catalunya,1997-09-14,mick-doohan,確認済,,
1997,500cc,14,RAC,INA,インドネシアGP,Sentul,1997-09-28,tadayuki-okada,確認済,,
1997,500cc,15,RAC,AUS,オーストラリアGP,Phillip Island,1997-10-05,alex-criville,確認済,,
1997,250cc,1,RAC,MAL,マレーシアGP,Shah Alam,1997-04-13,max-biaggi,確認済,,
1997,250cc,2,RAC,JPN,日本GP,Suzuka,1997-04-20,daijiro-kato,確認済,公式リザルトに結果データがないため、ポイント獲得者などの着順のみ掲載（出典：英語版Wikipedia 年間順位表）,
1997,250cc,3,RAC,SPA,スペインGP,Circuito de Jerez - Ángel Nieto,1997-05-04,ralf-waldmann,確認済,,
1997,250cc,4,RAC,ITA,イタリアGP,Autodromo Internazionale del Mugello,1997-05-18,max-biaggi,確認済,公式リザルトに結果データがないため、ポイント獲得者などの着順のみ掲載（出典：英語版Wikipedia 年間順位表）,
1997,250cc,5,RAC,AUT,オーストリアGP,Red Bull Ring - Spielberg,1997-06-01,olivier-jacque,確認済,公式リザルトに結果データがないため、ポイント獲得者などの着順のみ掲載（出典：英語版Wikipedia 年間順位表）,
1997,250cc,6,RAC,FRA,フランスGP,Paul Ricard,1997-06-08,tetsuya-harada,確認済,,
1997,250cc,7,RAC,NED,オランダTT,TT Circuit Assen,1997-06-28,tetsuya-harada,確認済,,
1997,250cc,8,RAC,IMO,イモラGP,Imola,1997-07-06,max-biaggi,確認済,,
1997,250cc,9,RAC,GER,ドイツGP,Nurburgring,1997-07-20,tetsuya-harada,確認済,,
1997,250cc,10,RAC,RIO,リオGP,Nelson Piquet,1997-08-03,olivier-jacque,確認済,,
1997,250cc,11,RAC,GBR,イギリスGP,Donington Park,1997-08-17,ralf-waldmann,確認済,公式リザルトに結果データがないため、ポイント獲得者などの着順のみ掲載（出典：英語版Wikipedia 年間順位表）,
1997,250cc,12,RAC,CZE,チェコGP,CREDITAS Autodrom Brno,1997-08-31,max-biaggi,確認済,公式リザルトに結果データがないため、ポイント獲得者などの着順のみ掲載（出典：英語版Wikipedia 年間順位表）,
1997,250cc,13,RAC,CAT,カタルーニャGP,Circuit de Barcelona-Catalunya,1997-09-14,ralf-waldmann,確認済,,
1997,250cc,14,RAC,INA,インドネシアGP,Sentul,1997-09-28,max-biaggi,確認済,公式リザルトに結果データがないため、ポイント獲得者などの着順のみ掲載（出典：英語版Wikipedia 年間順位表）,
1997,250cc,15,RAC,AUS,オーストラリアGP,Phillip Island,1997-10-05,ralf-waldmann,確認済,公式リザルトに結果データがないため、ポイント獲得者などの着順のみ掲載（出典：英語版Wikipedia 年間順位表）,
1997,125cc,1,RAC,MAL,マレーシアGP,Shah Alam,1997-04-13,valentino-rossi,確認済,公式リザルトに結果データがないため、ポイント獲得者などの着順のみ掲載（出典：英語版Wikipedia 年間順位表）,
1997,125cc,2,RAC,JPN,日本GP,Suzuka,1997-04-20,noboru-ueda,確認済,,
1997,125cc,3,RAC,SPA,スペインGP,Circuito de Jerez - Ángel Nieto,1997-05-04,valentino-rossi,確認済,公式リザルトに結果データがないため、ポイント獲得者などの着順のみ掲載（出典：英語版Wikipedia 年間順位表）,
1997,125cc,4,RAC,ITA,イタリアGP,Autodromo Internazionale del Mugello,1997-05-18,valentino-rossi,確認済,,
1997,125cc,5,RAC,AUT,オーストリアGP,Red Bull Ring - Spielberg,1997-06-01,noboru-ueda,確認済,,
1997,125cc,6,RAC,FRA,フランスGP,Paul Ricard,1997-06-08,valentino-rossi,確認済,公式リザルトに結果データがないため、ポイント獲得者などの着順のみ掲載（出典：英語版Wikipedia 年間順位表）,
1997,125cc,7,RAC,NED,オランダTT,TT Circuit Assen,1997-06-28,valentino-rossi,確認済,公式リザルトに結果データがないため、ポイント獲得者などの着順のみ掲載（出典：英語版Wikipedia 年間順位表）,
1997,125cc,8,RAC,IMO,イモラGP,Imola,1997-07-06,valentino-rossi,確認済,公式リザルトに結果データがないため、ポイント獲得者などの着順のみ掲載（出典：英語版Wikipedia 年間順位表）,
1997,125cc,9,RAC,GER,ドイツGP,Nurburgring,1997-07-20,valentino-rossi,確認済,公式リザルトに結果データがないため、ポイント獲得者などの着順のみ掲載（出典：英語版Wikipedia 年間順位表）,
1997,125cc,10,RAC,RIO,リオGP,Nelson Piquet,1997-08-03,valentino-rossi,確認済,公式リザルトに結果データがないため、ポイント獲得者などの着順のみ掲載（出典：英語版Wikipedia 年間順位表）,
1997,125cc,11,RAC,GBR,イギリスGP,Donington Park,1997-08-17,valentino-rossi,確認済,公式リザルトに結果データがないため、ポイント獲得者などの着順のみ掲載（出典：英語版Wikipedia 年間順位表）,
1997,125cc,12,RAC,CZE,チェコGP,CREDITAS Autodrom Brno,1997-08-31,noboru-ueda,確認済,,
1997,125cc,13,RAC,CAT,カタルーニャGP,Circuit de Barcelona-Catalunya,1997-09-14,valentino-rossi,確認済,公式リザルトに結果データがないため、ポイント獲得者などの着順のみ掲載（出典：英語版Wikipedia 年間順位表）,
1997,125cc,14,RAC,INA,インドネシアGP,Sentul,1997-09-28,valentino-rossi,確認済,,
1997,125cc,15,RAC,AUS,オーストラリアGP,Phillip Island,1997-10-05,noboru-ueda,確認済,,
1998,500cc,1,RAC,JPN,日本GP,Suzuka,1998-04-05,max-biaggi,確認済,,https://resources.motogp.com/files/results/1998/500cc/JPN/RAC/classification.pdf
1998,500cc,2,RAC,MAL,マレーシアGP,Johor,1998-04-19,mick-doohan,確認済,,https://resources.motogp.com/files/results/1998/500cc/MAL/RAC/classification.pdf
1998,500cc,3,RAC,SPA,スペインGP,Circuito de Jerez - Ángel Nieto,1998-05-03,alex-criville,確認済,,https://resources.motogp.com/files/results/1998/500cc/SPA/RAC/classification.pdf
1998,500cc,4,RAC,ITA,イタリアGP,Autodromo Internazionale del Mugello,1998-05-17,mick-doohan,確認済,,https://resources.motogp.com/files/results/1998/500cc/ITA/RAC/classification.pdf
1998,500cc,5,RAC,FRA,フランスGP,Paul Ricard,1998-05-31,alex-criville,確認済,,https://resources.motogp.com/files/results/1998/500cc/FRA/RAC/classification.pdf
1998,500cc,6,RAC,MAD,マドリードGP,Jarama,1998-06-14,carlos-checa,確認済,,https://resources.motogp.com/files/results/1998/500cc/MAD/RAC/classification.pdf
1998,500cc,7,RAC,NED,オランダTT,TT Circuit Assen,1998-06-27,mick-doohan,確認済,,https://resources.motogp.com/files/results/1998/500cc/NED/RAC/classification.pdf
1998,500cc,8,RAC,GBR,イギリスGP,Donington Park,1998-07-05,simon-crafar,確認済,,https://resources.motogp.com/files/results/1998/500cc/GBR/RAC/classification.pdf
1998,500cc,9,RAC,GER,ドイツGP,Sachsenring,1998-07-19,mick-doohan,確認済,,https://resources.motogp.com/files/results/1998/500cc/GER/RAC/classification.pdf
1998,500cc,10,RAC,CZE,チェコGP,CREDITAS Autodrom Brno,1998-08-23,max-biaggi,確認済,,https://resources.motogp.com/files/results/1998/500cc/CZE/RAC/classification.pdf
1998,500cc,11,RAC,IMO,イモラGP,Imola,1998-09-06,mick-doohan,確認済,,https://resources.motogp.com/files/results/1998/500cc/IMO/RAC/classification.pdf
1998,500cc,12,RAC,CAT,カタルーニャGP,Circuit de Barcelona-Catalunya,1998-09-20,mick-doohan,確認済,,https://resources.motogp.com/files/results/1998/500cc/CAT/RAC/classification.pdf
1998,500cc,13,RAC,AUS,オーストラリアGP,Phillip Island,1998-10-04,mick-doohan,確認済,,https://resources.motogp.com/files/results/1998/500cc/AUS/RAC/classification.pdf
1998,500cc,14,RAC,ARG,アルゼンチンGP,Oscar A. Galvez,1998-10-25,mick-doohan,確認済,,https://resources.motogp.com/files/results/1998/500cc/ARG/RAC/classification.pdf
1998,250cc,1,RAC,JPN,日本GP,Suzuka,1998-04-05,daijiro-kato,確認済,,https://resources.motogp.com/files/results/1998/250cc/JPN/RAC/classification.pdf
1998,250cc,2,RAC,MAL,マレーシアGP,Johor,1998-04-19,tetsuya-harada,確認済,,https://resources.motogp.com/files/results/1998/250cc/MAL/RAC/classification.pdf
1998,250cc,3,RAC,SPA,スペインGP,Circuito de Jerez - Ángel Nieto,1998-05-03,loris-capirossi,確認済,,https://resources.motogp.com/files/results/1998/250cc/SPA/RAC/classification.pdf
1998,250cc,4,RAC,ITA,イタリアGP,Autodromo Internazionale del Mugello,1998-05-17,marcellino-lucchi,確認済,,https://resources.motogp.com/files/results/1998/250cc/ITA/RAC/classification.pdf
1998,250cc,5,RAC,FRA,フランスGP,Paul Ricard,1998-05-31,tetsuya-harada,確認済,,https://resources.motogp.com/files/results/1998/250cc/FRA/RAC/classification.pdf
1998,250cc,6,RAC,MAD,マドリードGP,Jarama,1998-06-14,tetsuya-harada,確認済,,https://resources.motogp.com/files/results/1998/250cc/MAD/RAC/classification.pdf
1998,250cc,7,RAC,NED,オランダTT,TT Circuit Assen,1998-06-27,valentino-rossi,確認済,,https://resources.motogp.com/files/results/1998/250cc/NED/RAC/classification.pdf
1998,250cc,8,RAC,GBR,イギリスGP,Donington Park,1998-07-05,loris-capirossi,確認済,,https://resources.motogp.com/files/results/1998/250cc/GBR/RAC/classification.pdf
1998,250cc,9,RAC,GER,ドイツGP,Sachsenring,1998-07-19,tetsuya-harada,確認済,,https://resources.motogp.com/files/results/1998/250cc/GER/RAC/classification.pdf
1998,250cc,10,RAC,CZE,チェコGP,CREDITAS Autodrom Brno,1998-08-23,tetsuya-harada,確認済,,https://resources.motogp.com/files/results/1998/250cc/CZE/RAC/classification.pdf
1998,250cc,11,RAC,IMO,イモラGP,Imola,1998-09-06,valentino-rossi,確認済,,https://resources.motogp.com/files/results/1998/250cc/IMO/RAC/classification.pdf
1998,250cc,12,RAC,CAT,カタルーニャGP,Circuit de Barcelona-Catalunya,1998-09-20,valentino-rossi,確認済,,https://resources.motogp.com/files/results/1998/250cc/CAT/RAC/classification.pdf
1998,250cc,13,RAC,AUS,オーストラリアGP,Phillip Island,1998-10-04,valentino-rossi,確認済,,https://resources.motogp.com/files/results/1998/250cc/AUS/RAC/classification.pdf
1998,250cc,14,RAC,ARG,アルゼンチンGP,Oscar A. Galvez,1998-10-25,valentino-rossi,確認済,,https://resources.motogp.com/files/results/1998/250cc/ARG/RAC/classification.pdf
1998,125cc,1,RAC,JPN,日本GP,Suzuka,1998-04-05,kazuto-sakata,確認済,,https://resources.motogp.com/files/results/1998/125cc/JPN/RAC/classification.pdf
1998,125cc,2,RAC,MAL,マレーシアGP,Johor,1998-04-19,noboru-ueda,確認済,,https://resources.motogp.com/files/results/1998/125cc/MAL/RAC/classification.pdf
1998,125cc,3,RAC,SPA,スペインGP,Circuito de Jerez - Ángel Nieto,1998-05-03,kazuto-sakata,確認済,,https://resources.motogp.com/files/results/1998/125cc/SPA/RAC/classification.pdf
1998,125cc,4,RAC,ITA,イタリアGP,Autodromo Internazionale del Mugello,1998-05-17,tomomi-manako,確認済,,https://resources.motogp.com/files/results/1998/125cc/ITA/RAC/classification.pdf
1998,125cc,5,RAC,FRA,フランスGP,Paul Ricard,1998-05-31,kazuto-sakata,確認済,,https://resources.motogp.com/files/results/1998/125cc/FRA/RAC/classification.pdf
1998,125cc,6,RAC,MAD,マドリードGP,Jarama,1998-06-14,lucio-cecchinello,確認済,,https://resources.motogp.com/files/results/1998/125cc/MAD/RAC/classification.pdf
1998,125cc,7,RAC,NED,オランダTT,TT Circuit Assen,1998-06-27,marco-melandri,確認済,,https://resources.motogp.com/files/results/1998/125cc/NED/RAC/classification.pdf
1998,125cc,8,RAC,GBR,イギリスGP,Donington Park,1998-07-05,kazuto-sakata,確認済,,https://resources.motogp.com/files/results/1998/125cc/GBR/RAC/classification.pdf
1998,125cc,9,RAC,GER,ドイツGP,Sachsenring,1998-07-19,tomomi-manako,確認済,,https://resources.motogp.com/files/results/1998/125cc/GER/RAC/classification.pdf
1998,125cc,10,RAC,CZE,チェコGP,CREDITAS Autodrom Brno,1998-08-23,marco-melandri,確認済,,https://resources.motogp.com/files/results/1998/125cc/CZE/RAC/classification.pdf
1998,125cc,11,RAC,IMO,イモラGP,Imola,1998-09-06,tomomi-manako,確認済,,https://resources.motogp.com/files/results/1998/125cc/IMO/RAC/classification.pdf
1998,125cc,12,RAC,CAT,カタルーニャGP,Circuit de Barcelona-Catalunya,1998-09-20,tomomi-manako,確認済,,https://resources.motogp.com/files/results/1998/125cc/CAT/RAC/classification.pdf
1998,125cc,13,RAC,AUS,オーストラリアGP,Phillip Island,1998-10-04,masao-azuma,確認済,,https://resources.motogp.com/files/results/1998/125cc/AUS/RAC/classification.pdf
1998,125cc,14,RAC,ARG,アルゼンチンGP,Oscar A. Galvez,1998-10-25,tomomi-manako,確認済,,https://resources.motogp.com/files/results/1998/125cc/ARG/RAC/classification.pdf
1999,500cc,1,RAC,MAL,マレーシアGP,Petronas Sepang International Circuit,1999-04-18,kenny-roberts-jr,確認済,,https://resources.motogp.com/files/results/1999/500cc/MAL/RAC/classification.pdf
1999,500cc,2,RAC,JPN,日本GP,Mobility Resort Motegi,1999-04-25,kenny-roberts-jr,確認済,,https://resources.motogp.com/files/results/1999/500cc/JPN/RAC/classification.pdf
1999,500cc,3,RAC,SPA,スペインGP,Circuito de Jerez - Ángel Nieto,1999-05-09,alex-criville,確認済,,https://resources.motogp.com/files/results/1999/500cc/SPA/RAC/classification.pdf
1999,500cc,4,RAC,FRA,フランスGP,Paul Ricard,1999-05-23,alex-criville,確認済,,https://resources.motogp.com/files/results/1999/500cc/FRA/RAC/classification.pdf
1999,500cc,5,RAC,ITA,イタリアGP,Autodromo Internazionale del Mugello,1999-06-06,alex-criville,確認済,,https://resources.motogp.com/files/results/1999/500cc/ITA/RAC/classification.pdf
1999,500cc,6,RAC,CAT,カタルーニャGP,Circuit de Barcelona-Catalunya,1999-06-20,alex-criville,確認済,,https://resources.motogp.com/files/results/1999/500cc/CAT/RAC/classification.pdf
1999,500cc,7,RAC,NED,オランダTT,TT Circuit Assen,1999-06-26,tadayuki-okada,確認済,,https://resources.motogp.com/files/results/1999/500cc/NED/RAC/classification.pdf
1999,500cc,8,RAC,GBR,イギリスGP,Donington Park,1999-07-04,alex-criville,確認済,,https://resources.motogp.com/files/results/1999/500cc/GBR/RAC/classification.pdf
1999,500cc,9,RAC,GER,ドイツGP,Sachsenring,1999-07-18,kenny-roberts-jr,確認済,,https://resources.motogp.com/files/results/1999/500cc/GER/RAC/classification.pdf
1999,500cc,10,RAC,CZE,チェコGP,CREDITAS Autodrom Brno,1999-08-22,tadayuki-okada,確認済,,https://resources.motogp.com/files/results/1999/500cc/CZE/RAC/classification.pdf
1999,500cc,11,RAC,IMO,イモラGP,Imola,1999-09-05,alex-criville,確認済,,https://resources.motogp.com/files/results/1999/500cc/IMO/RAC/classification.pdf
1999,500cc,12,RAC,VAL,バレンシアGP,Circuit Ricardo Tormo,1999-09-19,regis-laconi,確認済,,https://resources.motogp.com/files/results/1999/500cc/VAL/RAC/classification.pdf
1999,500cc,13,RAC,AUS,オーストラリアGP,Phillip Island,1999-10-03,tadayuki-okada,確認済,,https://resources.motogp.com/files/results/1999/500cc/AUS/RAC/classification.pdf
1999,500cc,14,RAC,RSA,南アフリカGP,Phakisa Freeway,1999-10-10,max-biaggi,確認済,,https://resources.motogp.com/files/results/1999/500cc/RSA/RAC/classification.pdf
1999,500cc,15,RAC,RIO,リオGP,Nelson Piquet,1999-10-24,norifumi-abe,確認済,,
1999,500cc,16,RAC,ARG,アルゼンチンGP,Oscar A. Galvez,1999-10-31,kenny-roberts-jr,確認済,,https://resources.motogp.com/files/results/1999/500cc/ARG/RAC/classification.pdf
1999,250cc,1,RAC,MAL,マレーシアGP,Petronas Sepang International Circuit,1999-04-18,loris-capirossi,確認済,,https://resources.motogp.com/files/results/1999/250cc/MAL/RAC/classification.pdf
1999,250cc,2,RAC,JPN,日本GP,Mobility Resort Motegi,1999-04-25,shinya-nakano,確認済,,https://resources.motogp.com/files/results/1999/250cc/JPN/RAC/classification.pdf
1999,250cc,3,RAC,SPA,スペインGP,Circuito de Jerez - Ángel Nieto,1999-05-09,valentino-rossi,確認済,,https://resources.motogp.com/files/results/1999/250cc/SPA/RAC/classification.pdf
1999,250cc,4,RAC,FRA,フランスGP,Paul Ricard,1999-05-23,tohru-ukawa,確認済,,https://resources.motogp.com/files/results/1999/250cc/FRA/RAC/classification.pdf
1999,250cc,5,RAC,ITA,イタリアGP,Autodromo Internazionale del Mugello,1999-06-06,valentino-rossi,確認済,,https://resources.motogp.com/files/results/1999/250cc/ITA/RAC/classification.pdf
1999,250cc,6,RAC,CAT,カタルーニャGP,Circuit de Barcelona-Catalunya,1999-06-20,valentino-rossi,確認済,,https://resources.motogp.com/files/results/1999/250cc/CAT/RAC/classification.pdf
1999,250cc,7,RAC,NED,オランダTT,TT Circuit Assen,1999-06-26,loris-capirossi,確認済,,https://resources.motogp.com/files/results/1999/250cc/NED/RAC/classification.pdf
1999,250cc,8,RAC,GBR,イギリスGP,Donington Park,1999-07-04,valentino-rossi,確認済,,https://resources.motogp.com/files/results/1999/250cc/GBR/RAC/classification.pdf
1999,250cc,9,RAC,GER,ドイツGP,Sachsenring,1999-07-18,valentino-rossi,確認済,,https://resources.motogp.com/files/results/1999/250cc/GER/RAC/classification.pdf
1999,250cc,10,RAC,CZE,チェコGP,CREDITAS Autodrom Brno,1999-08-22,valentino-rossi,確認済,,https://resources.motogp.com/files/results/1999/250cc/CZE/RAC/classification.pdf
1999,250cc,11,RAC,IMO,イモラGP,Imola,1999-09-05,loris-capirossi,確認済,,https://resources.motogp.com/files/results/1999/250cc/IMO/RAC/classification.pdf
1999,250cc,12,RAC,VAL,バレンシアGP,Circuit Ricardo Tormo,1999-09-19,tohru-ukawa,確認済,,https://resources.motogp.com/files/results/1999/250cc/VAL/RAC/classification.pdf
1999,250cc,13,RAC,AUS,オーストラリアGP,Phillip Island,1999-10-03,valentino-rossi,確認済,,https://resources.motogp.com/files/results/1999/250cc/AUS/RAC/classification.pdf
1999,250cc,14,RAC,RSA,南アフリカGP,Phakisa Freeway,1999-10-10,valentino-rossi,確認済,,https://resources.motogp.com/files/results/1999/250cc/RSA/RAC/classification.pdf
1999,250cc,15,RAC,RIO,リオGP,Nelson Piquet,1999-10-24,valentino-rossi,確認済,,
1999,250cc,16,RAC,ARG,アルゼンチンGP,Oscar A. Galvez,1999-10-31,olivier-jacque,確認済,,https://resources.motogp.com/files/results/1999/250cc/ARG/RAC/classification.pdf
1999,125cc,1,RAC,MAL,マレーシアGP,Petronas Sepang International Circuit,1999-04-18,masao-azuma,確認済,,https://resources.motogp.com/files/results/1999/125cc/MAL/RAC/classification.pdf
1999,125cc,2,RAC,JPN,日本GP,Mobility Resort Motegi,1999-04-25,masao-azuma,確認済,,https://resources.motogp.com/files/results/1999/125cc/JPN/RAC/classification.pdf
1999,125cc,3,RAC,SPA,スペインGP,Circuito de Jerez - Ángel Nieto,1999-05-09,masao-azuma,確認済,,https://resources.motogp.com/files/results/1999/125cc/SPA/RAC/classification.pdf
1999,125cc,4,RAC,FRA,フランスGP,Paul Ricard,1999-05-23,roberto-locatelli,確認済,,https://resources.motogp.com/files/results/1999/125cc/FRA/RAC/classification.pdf
1999,125cc,5,RAC,ITA,イタリアGP,Autodromo Internazionale del Mugello,1999-06-06,roberto-locatelli,確認済,,https://resources.motogp.com/files/results/1999/125cc/ITA/RAC/classification.pdf
1999,125cc,6,RAC,CAT,カタルーニャGP,Circuit de Barcelona-Catalunya,1999-06-20,arnaud-vincent,確認済,,https://resources.motogp.com/files/results/1999/125cc/CAT/RAC/classification.pdf
1999,125cc,7,RAC,NED,オランダTT,TT Circuit Assen,1999-06-26,masao-azuma,確認済,,https://resources.motogp.com/files/results/1999/125cc/NED/RAC/classification.pdf
1999,125cc,8,RAC,GBR,イギリスGP,Donington Park,1999-07-04,masao-azuma,確認済,,https://resources.motogp.com/files/results/1999/125cc/GBR/RAC/classification.pdf
1999,125cc,9,RAC,GER,ドイツGP,Sachsenring,1999-07-18,marco-melandri,確認済,,https://resources.motogp.com/files/results/1999/125cc/GER/RAC/classification.pdf
1999,125cc,10,RAC,CZE,チェコGP,CREDITAS Autodrom Brno,1999-08-22,marco-melandri,確認済,,https://resources.motogp.com/files/results/1999/125cc/CZE/RAC/classification.pdf
1999,125cc,11,RAC,IMO,イモラGP,Imola,1999-09-05,marco-melandri,確認済,,https://resources.motogp.com/files/results/1999/125cc/IMO/RAC/classification.pdf
1999,125cc,12,RAC,VAL,バレンシアGP,Circuit Ricardo Tormo,1999-09-19,gianluigi-scalvini,確認済,,https://resources.motogp.com/files/results/1999/125cc/VAL/RAC/classification.pdf
1999,125cc,13,RAC,AUS,オーストラリアGP,Phillip Island,1999-10-03,marco-melandri,確認済,,https://resources.motogp.com/files/results/1999/125cc/AUS/RAC/classification.pdf
1999,125cc,14,RAC,RSA,南アフリカGP,Phakisa Freeway,1999-10-10,gianluigi-scalvini,確認済,,https://resources.motogp.com/files/results/1999/125cc/RSA/RAC/classification.pdf
1999,125cc,15,RAC,RIO,リオGP,Nelson Piquet,1999-10-24,noboru-ueda,確認済,公式リザルトに結果データがないため、ポイント獲得者などの着順のみ掲載（出典：英語版Wikipedia 年間順位表）,
1999,125cc,16,RAC,ARG,アルゼンチンGP,Oscar A. Galvez,1999-10-31,marco-melandri,確認済,,https://resources.motogp.com/files/results/1999/125cc/ARG/RAC/classification.pdf
2000,500cc,1,RAC,RSA,南アフリカGP,Phakisa Freeway,2000-03-19,garry-mccoy,確認済,,https://resources.motogp.com/files/results/2000/500cc/RSA/RAC/classification.pdf
2000,500cc,2,RAC,MAL,マレーシアGP,Petronas Sepang International Circuit,2000-04-02,kenny-roberts-jr,確認済,,https://resources.motogp.com/files/results/2000/500cc/MAL/RAC/classification.pdf
2000,500cc,3,RAC,JPN,日本GP,Suzuka,2000-04-09,norifumi-abe,確認済,,https://resources.motogp.com/files/results/2000/500cc/JPN/RAC/classification.pdf
2000,500cc,4,RAC,SPA,スペインGP,Circuito de Jerez - Ángel Nieto,2000-04-30,kenny-roberts-jr,確認済,,https://resources.motogp.com/files/results/2000/500cc/SPA/RAC/classification.pdf
2000,500cc,5,RAC,FRA,フランスGP,Le Mans,2000-05-14,alex-criville,確認済,,https://resources.motogp.com/files/results/2000/500cc/FRA/RAC/classification.pdf
2000,500cc,6,RAC,ITA,イタリアGP,Autodromo Internazionale del Mugello,2000-05-28,loris-capirossi,確認済,,https://resources.motogp.com/files/results/2000/500cc/ITA/RAC/classification.pdf
2000,500cc,7,RAC,CAT,カタルーニャGP,Circuit de Barcelona-Catalunya,2000-06-11,kenny-roberts-jr,確認済,,https://resources.motogp.com/files/results/2000/500cc/CAT/RAC/classification.pdf
2000,500cc,8,RAC,NED,オランダTT,TT Circuit Assen,2000-06-24,alex-barros,確認済,,https://resources.motogp.com/files/results/2000/500cc/NED/RAC/classification.pdf
2000,500cc,9,RAC,GBR,イギリスGP,Donington Park,2000-07-09,valentino-rossi,確認済,,https://resources.motogp.com/files/results/2000/500cc/GBR/RAC/classification.pdf
2000,500cc,10,RAC,GER,ドイツGP,Sachsenring,2000-07-23,alex-barros,確認済,,https://resources.motogp.com/files/results/2000/500cc/GER/RAC/classification.pdf
2000,500cc,11,RAC,CZE,チェコGP,CREDITAS Autodrom Brno,2000-08-20,max-biaggi,確認済,,https://resources.motogp.com/files/results/2000/500cc/CZE/RAC/classification.pdf
2000,500cc,12,RAC,POR,ポルトガルGP,Estoril Circuit,2000-09-03,garry-mccoy,確認済,,https://resources.motogp.com/files/results/2000/500cc/POR/RAC/classification.pdf
2000,500cc,13,RAC,VAL,バレンシアGP,Circuit Ricardo Tormo,2000-09-17,garry-mccoy,確認済,,https://resources.motogp.com/files/results/2000/500cc/VAL/RAC/classification.pdf
2000,500cc,14,RAC,RIO,リオGP,Nelson Piquet,2000-10-07,valentino-rossi,確認済,,
2000,500cc,15,RAC,PAC,パシフィックGP,Mobility Resort Motegi,2000-10-15,kenny-roberts-jr,確認済,,
2000,500cc,16,RAC,AUS,オーストラリアGP,Phillip Island,2000-10-29,max-biaggi,確認済,,https://resources.motogp.com/files/results/2000/500cc/AUS/RAC/classification.pdf
2000,250cc,1,RAC,RSA,南アフリカGP,Phakisa Freeway,2000-03-19,shinya-nakano,確認済,,https://resources.motogp.com/files/results/2000/250cc/RSA/RAC/classification.pdf
2000,250cc,2,RAC,MAL,マレーシアGP,Petronas Sepang International Circuit,2000-04-02,shinya-nakano,確認済,,https://resources.motogp.com/files/results/2000/250cc/MAL/RAC/classification.pdf
2000,250cc,3,RAC,JPN,日本GP,Suzuka,2000-04-09,daijiro-kato,確認済,,https://resources.motogp.com/files/results/2000/250cc/JPN/RAC/classification.pdf
2000,250cc,4,RAC,SPA,スペインGP,Circuito de Jerez - Ángel Nieto,2000-04-30,ralf-waldmann,確認済,,https://resources.motogp.com/files/results/2000/250cc/SPA/RAC/classification.pdf
2000,250cc,5,RAC,FRA,フランスGP,Le Mans,2000-05-14,tohru-ukawa,確認済,,https://resources.motogp.com/files/results/2000/250cc/FRA/RAC/classification.pdf
2000,250cc,6,RAC,ITA,イタリアGP,Autodromo Internazionale del Mugello,2000-05-28,shinya-nakano,確認済,,https://resources.motogp.com/files/results/2000/250cc/ITA/RAC/classification.pdf
2000,250cc,7,RAC,CAT,カタルーニャGP,Circuit de Barcelona-Catalunya,2000-06-11,olivier-jacque,確認済,,https://resources.motogp.com/files/results/2000/250cc/CAT/RAC/classification.pdf
2000,250cc,8,RAC,NED,オランダTT,TT Circuit Assen,2000-06-24,tohru-ukawa,確認済,,https://resources.motogp.com/files/results/2000/250cc/NED/RAC/classification.pdf
2000,250cc,9,RAC,GBR,イギリスGP,Donington Park,2000-07-09,ralf-waldmann,確認済,,https://resources.motogp.com/files/results/2000/250cc/GBR/RAC/classification.pdf
2000,250cc,10,RAC,GER,ドイツGP,Sachsenring,2000-07-23,olivier-jacque,確認済,,https://resources.motogp.com/files/results/2000/250cc/GER/RAC/classification.pdf
2000,250cc,11,RAC,CZE,チェコGP,CREDITAS Autodrom Brno,2000-08-20,shinya-nakano,確認済,,https://resources.motogp.com/files/results/2000/250cc/CZE/RAC/classification.pdf
2000,250cc,12,RAC,POR,ポルトガルGP,Estoril Circuit,2000-09-03,daijiro-kato,確認済,,https://resources.motogp.com/files/results/2000/250cc/POR/RAC/classification.pdf
2000,250cc,13,RAC,VAL,バレンシアGP,Circuit Ricardo Tormo,2000-09-17,shinya-nakano,確認済,,https://resources.motogp.com/files/results/2000/250cc/VAL/RAC/classification.pdf
2000,250cc,14,RAC,RIO,リオGP,Nelson Piquet,2000-10-07,daijiro-kato,確認済,,
2000,250cc,15,RAC,PAC,パシフィックGP,Mobility Resort Motegi,2000-10-15,daijiro-kato,確認済,公式リザルトに結果データがないため、ポイント獲得者などの着順のみ掲載（出典：英語版Wikipedia 年間順位表）,
2000,250cc,16,RAC,AUS,オーストラリアGP,Phillip Island,2000-10-29,olivier-jacque,確認済,,https://resources.motogp.com/files/results/2000/250cc/AUS/RAC/classification.pdf
2000,125cc,1,RAC,RSA,南アフリカGP,Phakisa Freeway,2000-03-19,arnaud-vincent,確認済,,https://resources.motogp.com/files/results/2000/125cc/RSA/RAC/classification.pdf
2000,125cc,2,RAC,MAL,マレーシアGP,Petronas Sepang International Circuit,2000-04-02,roberto-locatelli,確認済,,https://resources.motogp.com/files/results/2000/125cc/MAL/RAC/classification.pdf
2000,125cc,3,RAC,JPN,日本GP,Suzuka,2000-04-09,youichi-ui,確認済,,https://resources.motogp.com/files/results/2000/125cc/JPN/RAC/classification.pdf
2000,125cc,4,RAC,SPA,スペインGP,Circuito de Jerez - Ángel Nieto,2000-04-30,emilio-alzamora,確認済,,https://resources.motogp.com/files/results/2000/125cc/SPA/RAC/classification.pdf
2000,125cc,5,RAC,FRA,フランスGP,Le Mans,2000-05-14,youichi-ui,確認済,,https://resources.motogp.com/files/results/2000/125cc/FRA/RAC/classification.pdf
2000,125cc,6,RAC,ITA,イタリアGP,Autodromo Internazionale del Mugello,2000-05-28,roberto-locatelli,確認済,,https://resources.motogp.com/files/results/2000/125cc/ITA/RAC/classification.pdf
2000,125cc,7,RAC,CAT,カタルーニャGP,Circuit de Barcelona-Catalunya,2000-06-11,simone-sanna,確認済,,https://resources.motogp.com/files/results/2000/125cc/CAT/RAC/classification.pdf
2000,125cc,8,RAC,NED,オランダTT,TT Circuit Assen,2000-06-24,youichi-ui,確認済,,https://resources.motogp.com/files/results/2000/125cc/NED/RAC/classification.pdf
2000,125cc,9,RAC,GBR,イギリスGP,Donington Park,2000-07-09,youichi-ui,確認済,,https://resources.motogp.com/files/results/2000/125cc/GBR/RAC/classification.pdf
2000,125cc,10,RAC,GER,ドイツGP,Sachsenring,2000-07-23,youichi-ui,確認済,,https://resources.motogp.com/files/results/2000/125cc/GER/RAC/classification.pdf
2000,125cc,11,RAC,CZE,チェコGP,CREDITAS Autodrom Brno,2000-08-20,roberto-locatelli,確認済,,https://resources.motogp.com/files/results/2000/125cc/CZE/RAC/classification.pdf
2000,125cc,12,RAC,POR,ポルトガルGP,Estoril Circuit,2000-09-03,emilio-alzamora,確認済,,https://resources.motogp.com/files/results/2000/125cc/POR/RAC/classification.pdf
2000,125cc,13,RAC,VAL,バレンシアGP,Circuit Ricardo Tormo,2000-09-17,roberto-locatelli,確認済,,https://resources.motogp.com/files/results/2000/125cc/VAL/RAC/classification.pdf
2000,125cc,14,RAC,RIO,リオGP,Nelson Piquet,2000-10-07,simone-sanna,確認済,公式リザルトに結果データがないため、ポイント獲得者などの着順のみ掲載（出典：英語版Wikipedia 年間順位表）,
2000,125cc,15,RAC,PAC,パシフィックGP,Mobility Resort Motegi,2000-10-15,roberto-locatelli,確認済,,
2000,125cc,16,RAC,AUS,オーストラリアGP,Phillip Island,2000-10-29,masao-azuma,確認済,,https://resources.motogp.com/files/results/2000/125cc/AUS/RAC/classification.pdf
2001,500cc,1,RAC,JPN,日本GP,Suzuka,2001-04-08,valentino-rossi,確認済,,https://resources.motogp.com/files/results/2001/500cc/JPN/RAC/classification.pdf
2001,500cc,2,RAC,RSA,南アフリカGP,Phakisa Freeway,2001-04-22,valentino-rossi,確認済,,https://resources.motogp.com/files/results/2001/500cc/RSA/RAC/classification.pdf
2001,500cc,3,RAC,SPA,スペインGP,Circuito de Jerez - Ángel Nieto,2001-05-06,valentino-rossi,確認済,,https://resources.motogp.com/files/results/2001/500cc/SPA/RAC/classification.pdf
2001,500cc,4,RAC,FRA,フランスGP,Le Mans,2001-05-20,max-biaggi,確認済,,https://resources.motogp.com/files/results/2001/500cc/FRA/RAC/classification.pdf
2001,500cc,5,RAC,ITA,イタリアGP,Autodromo Internazionale del Mugello,2001-06-03,max-biaggi,確認済,,https://resources.motogp.com/files/results/2001/500cc/ITA/RAC/classification.pdf
2001,500cc,6,RAC,CAT,カタルーニャGP,Circuit de Barcelona-Catalunya,2001-06-17,valentino-rossi,確認済,,https://resources.motogp.com/files/results/2001/500cc/CAT/RAC/classification.pdf
2001,500cc,7,RAC,NED,オランダTT,TT Circuit Assen,2001-06-30,max-biaggi,確認済,,https://resources.motogp.com/files/results/2001/500cc/NED/RAC/classification.pdf
2001,500cc,8,RAC,GBR,イギリスGP,Donington Park,2001-07-08,valentino-rossi,確認済,,https://resources.motogp.com/files/results/2001/500cc/GBR/RAC/classification.pdf
2001,500cc,9,RAC,GER,ドイツGP,Sachsenring,2001-07-22,max-biaggi,確認済,,https://resources.motogp.com/files/results/2001/500cc/GER/RAC/classification.pdf
2001,500cc,10,RAC,CZE,チェコGP,CREDITAS Autodrom Brno,2001-08-26,valentino-rossi,確認済,,https://resources.motogp.com/files/results/2001/500cc/CZE/RAC/classification.pdf
2001,500cc,11,RAC,POR,ポルトガルGP,Estoril Circuit,2001-09-09,valentino-rossi,確認済,,https://resources.motogp.com/files/results/2001/500cc/POR/RAC/classification.pdf
2001,500cc,12,RAC,VAL,バレンシアGP,Circuit Ricardo Tormo,2001-09-23,sete-gibernau,確認済,,https://resources.motogp.com/files/results/2001/500cc/VAL/RAC/classification.pdf
2001,500cc,13,RAC,PAC,パシフィックGP,Mobility Resort Motegi,2001-10-07,valentino-rossi,確認済,,
2001,500cc,14,RAC,AUS,オーストラリアGP,Phillip Island,2001-10-14,valentino-rossi,確認済,,https://resources.motogp.com/files/results/2001/500cc/AUS/RAC/classification.pdf
2001,500cc,15,RAC,MAL,マレーシアGP,Petronas Sepang International Circuit,2001-10-21,valentino-rossi,確認済,,https://resources.motogp.com/files/results/2001/500cc/MAL/RAC/classification.pdf
2001,500cc,16,RAC,RIO,リオGP,Nelson Piquet,2001-11-03,valentino-rossi,確認済,公式リザルトに結果データがないため、ポイント獲得者などの着順のみ掲載（出典：英語版Wikipedia 年間順位表）,
2001,250cc,1,RAC,JPN,日本GP,Suzuka,2001-04-08,daijiro-kato,確認済,,https://resources.motogp.com/files/results/2001/250cc/JPN/RAC/classification.pdf
2001,250cc,2,RAC,RSA,南アフリカGP,Phakisa Freeway,2001-04-22,daijiro-kato,確認済,,https://resources.motogp.com/files/results/2001/250cc/RSA/RAC/classification.pdf
2001,250cc,3,RAC,SPA,スペインGP,Circuito de Jerez - Ángel Nieto,2001-05-06,daijiro-kato,確認済,,https://resources.motogp.com/files/results/2001/250cc/SPA/RAC/classification.pdf
2001,250cc,4,RAC,FRA,フランスGP,Le Mans,2001-05-20,daijiro-kato,確認済,,https://resources.motogp.com/files/results/2001/250cc/FRA/RAC/classification.pdf
2001,250cc,5,RAC,ITA,イタリアGP,Autodromo Internazionale del Mugello,2001-06-03,tetsuya-harada,確認済,,https://resources.motogp.com/files/results/2001/250cc/ITA/RAC/classification.pdf
2001,250cc,6,RAC,CAT,カタルーニャGP,Circuit de Barcelona-Catalunya,2001-06-17,daijiro-kato,確認済,,https://resources.motogp.com/files/results/2001/250cc/CAT/RAC/classification.pdf
2001,250cc,7,RAC,NED,オランダTT,TT Circuit Assen,2001-06-30,jeremy-mcwilliams,確認済,,https://resources.motogp.com/files/results/2001/250cc/NED/RAC/classification.pdf
2001,250cc,8,RAC,GBR,イギリスGP,Donington Park,2001-07-08,daijiro-kato,確認済,,https://resources.motogp.com/files/results/2001/250cc/GBR/RAC/classification.pdf
2001,250cc,9,RAC,GER,ドイツGP,Sachsenring,2001-07-22,marco-melandri,確認済,,https://resources.motogp.com/files/results/2001/250cc/GER/RAC/classification.pdf
2001,250cc,10,RAC,CZE,チェコGP,CREDITAS Autodrom Brno,2001-08-26,tetsuya-harada,確認済,,https://resources.motogp.com/files/results/2001/250cc/CZE/RAC/classification.pdf
2001,250cc,11,RAC,POR,ポルトガルGP,Estoril Circuit,2001-09-09,daijiro-kato,確認済,,https://resources.motogp.com/files/results/2001/250cc/POR/RAC/classification.pdf
2001,250cc,12,RAC,VAL,バレンシアGP,Circuit Ricardo Tormo,2001-09-23,daijiro-kato,確認済,,https://resources.motogp.com/files/results/2001/250cc/VAL/RAC2/classification.pdf
2001,250cc,13,RAC,PAC,パシフィックGP,Mobility Resort Motegi,2001-10-07,tetsuya-harada,確認済,,
2001,250cc,14,RAC,AUS,オーストラリアGP,Phillip Island,2001-10-14,daijiro-kato,確認済,,https://resources.motogp.com/files/results/2001/250cc/AUS/RAC/classification.pdf
2001,250cc,15,RAC,MAL,マレーシアGP,Petronas Sepang International Circuit,2001-10-21,daijiro-kato,確認済,,https://resources.motogp.com/files/results/2001/250cc/MAL/RAC/classification.pdf
2001,250cc,16,RAC,RIO,リオGP,Nelson Piquet,2001-11-03,daijiro-kato,確認済,,
2001,125cc,1,RAC,JPN,日本GP,Suzuka,2001-04-08,masao-azuma,確認済,,https://resources.motogp.com/files/results/2001/125cc/JPN/RAC/classification.pdf
2001,125cc,2,RAC,RSA,南アフリカGP,Phakisa Freeway,2001-04-22,youichi-ui,確認済,,https://resources.motogp.com/files/results/2001/125cc/RSA/RAC/classification.pdf
2001,125cc,3,RAC,SPA,スペインGP,Circuito de Jerez - Ángel Nieto,2001-05-06,masao-azuma,確認済,,https://resources.motogp.com/files/results/2001/125cc/SPA/RAC/classification.pdf
2001,125cc,4,RAC,FRA,フランスGP,Le Mans,2001-05-20,manuel-poggiali,確認済,,https://resources.motogp.com/files/results/2001/125cc/FRA/RAC/classification.pdf
2001,125cc,5,RAC,ITA,イタリアGP,Autodromo Internazionale del Mugello,2001-06-03,noboru-ueda,確認済,,https://resources.motogp.com/files/results/2001/125cc/ITA/RAC/classification.pdf
2001,125cc,6,RAC,CAT,カタルーニャGP,Circuit de Barcelona-Catalunya,2001-06-17,lucio-cecchinello,確認済,,https://resources.motogp.com/files/results/2001/125cc/CAT/RAC/classification.pdf
2001,125cc,7,RAC,NED,オランダTT,TT Circuit Assen,2001-06-30,toni-elias,確認済,,https://resources.motogp.com/files/results/2001/125cc/NED/RAC/classification.pdf
2001,125cc,8,RAC,GBR,イギリスGP,Donington Park,2001-07-08,youichi-ui,確認済,,https://resources.motogp.com/files/results/2001/125cc/GBR/RAC/classification.pdf
2001,125cc,9,RAC,GER,ドイツGP,Sachsenring,2001-07-22,simone-sanna,確認済,,https://resources.motogp.com/files/results/2001/125cc/GER/RAC/classification.pdf
2001,125cc,10,RAC,CZE,チェコGP,CREDITAS Autodrom Brno,2001-08-26,toni-elias,確認済,,https://resources.motogp.com/files/results/2001/125cc/CZE/RAC/classification.pdf
2001,125cc,11,RAC,POR,ポルトガルGP,Estoril Circuit,2001-09-09,manuel-poggiali,確認済,,https://resources.motogp.com/files/results/2001/125cc/POR/RAC/classification.pdf
2001,125cc,12,RAC,VAL,バレンシアGP,Circuit Ricardo Tormo,2001-09-23,manuel-poggiali,確認済,,https://resources.motogp.com/files/results/2001/125cc/VAL/RAC/classification.pdf
2001,125cc,13,RAC,PAC,パシフィックGP,Mobility Resort Motegi,2001-10-07,youichi-ui,確認済,公式リザルトに結果データがないため、ポイント獲得者などの着順のみ掲載（出典：英語版Wikipedia 年間順位表）,
2001,125cc,14,RAC,AUS,オーストラリアGP,Phillip Island,2001-10-14,youichi-ui,確認済,,https://resources.motogp.com/files/results/2001/125cc/AUS/RAC/classification.pdf
2001,125cc,15,RAC,MAL,マレーシアGP,Petronas Sepang International Circuit,2001-10-21,youichi-ui,確認済,,https://resources.motogp.com/files/results/2001/125cc/MAL/RAC/classification.pdf
2001,125cc,16,RAC,RIO,リオGP,Nelson Piquet,2001-11-03,youichi-ui,確認済,公式リザルトに結果データがないため、ポイント獲得者などの着順のみ掲載（出典：英語版Wikipedia 年間順位表）,
2002,MotoGP,1,RAC,JPN,日本GP,Suzuka,2002-04-07,valentino-rossi,確認済,,https://resources.motogp.com/files/results/2002/MotoGP/JPN/RAC/classification.pdf
2002,MotoGP,2,RAC,RSA,南アフリカGP,Phakisa Freeway,2002-04-21,tohru-ukawa,確認済,,https://resources.motogp.com/files/results/2002/MotoGP/RSA/RAC/classification.pdf
2002,MotoGP,3,RAC,SPA,スペインGP,Circuito de Jerez - Ángel Nieto,2002-05-05,valentino-rossi,確認済,,https://resources.motogp.com/files/results/2002/MotoGP/SPA/RAC/classification.pdf
2002,MotoGP,4,RAC,FRA,フランスGP,Le Mans,2002-05-19,valentino-rossi,確認済,,https://resources.motogp.com/files/results/2002/MotoGP/FRA/RAC/classification.pdf
2002,MotoGP,5,RAC,ITA,イタリアGP,Autodromo Internazionale del Mugello,2002-06-02,valentino-rossi,確認済,,https://resources.motogp.com/files/results/2002/MotoGP/ITA/RAC/classification.pdf
2002,MotoGP,6,RAC,CAT,カタルーニャGP,Circuit de Barcelona-Catalunya,2002-06-16,valentino-rossi,確認済,,https://resources.motogp.com/files/results/2002/MotoGP/CAT/RAC/classification.pdf
2002,MotoGP,7,RAC,NED,オランダTT,TT Circuit Assen,2002-06-29,valentino-rossi,確認済,,https://resources.motogp.com/files/results/2002/MotoGP/NED/RAC/classification.pdf
2002,MotoGP,8,RAC,GBR,イギリスGP,Donington Park,2002-07-14,valentino-rossi,確認済,,https://resources.motogp.com/files/results/2002/MotoGP/GBR/RAC/classification.pdf
2002,MotoGP,9,RAC,GER,ドイツGP,Sachsenring,2002-07-21,valentino-rossi,確認済,,https://resources.motogp.com/files/results/2002/MotoGP/GER/RAC/classification.pdf
2002,MotoGP,10,RAC,CZE,チェコGP,CREDITAS Autodrom Brno,2002-08-25,max-biaggi,確認済,,https://resources.motogp.com/files/results/2002/MotoGP/CZE/RAC/classification.pdf
2002,MotoGP,11,RAC,POR,ポルトガルGP,Estoril Circuit,2002-09-08,valentino-rossi,確認済,,https://resources.motogp.com/files/results/2002/MotoGP/POR/RAC/classification.pdf
2002,MotoGP,12,RAC,RIO,リオGP,Nelson Piquet,2002-09-21,valentino-rossi,確認済,,
2002,MotoGP,13,RAC,PAC,パシフィックGP,Mobility Resort Motegi,2002-10-06,alex-barros,確認済,,
2002,MotoGP,14,RAC,MAL,マレーシアGP,Petronas Sepang International Circuit,2002-10-13,max-biaggi,確認済,,https://resources.motogp.com/files/results/2002/MotoGP/MAL/RAC/classification.pdf
2002,MotoGP,15,RAC,AUS,オーストラリアGP,Phillip Island,2002-10-20,valentino-rossi,確認済,,https://resources.motogp.com/files/results/2002/MotoGP/AUS/RAC/classification.pdf
2002,MotoGP,16,RAC,VAL,バレンシアGP,Circuit Ricardo Tormo,2002-11-03,alex-barros,確認済,,https://resources.motogp.com/files/results/2002/MotoGP/VAL/RAC/classification.pdf
2002,250cc,1,RAC,JPN,日本GP,Suzuka,2002-04-07,osamu-miyazaki,確認済,,https://resources.motogp.com/files/results/2002/250cc/JPN/RAC/classification.pdf
2002,250cc,2,RAC,RSA,南アフリカGP,Phakisa Freeway,2002-04-21,marco-melandri,確認済,,https://resources.motogp.com/files/results/2002/250cc/RSA/RAC/classification.pdf
2002,250cc,3,RAC,SPA,スペインGP,Circuito de Jerez - Ángel Nieto,2002-05-05,fonsi-nieto,確認済,,https://resources.motogp.com/files/results/2002/250cc/SPA/RAC/classification.pdf
2002,250cc,4,RAC,FRA,フランスGP,Le Mans,2002-05-19,fonsi-nieto,確認済,,https://resources.motogp.com/files/results/2002/250cc/FRA/RAC/classification.pdf
2002,250cc,5,RAC,ITA,イタリアGP,Autodromo Internazionale del Mugello,2002-06-02,marco-melandri,確認済,,https://resources.motogp.com/files/results/2002/250cc/ITA/RAC/classification.pdf
2002,250cc,6,RAC,CAT,カタルーニャGP,Circuit de Barcelona-Catalunya,2002-06-16,marco-melandri,確認済,,https://resources.motogp.com/files/results/2002/250cc/CAT/RAC/classification.pdf
2002,250cc,7,RAC,NED,オランダTT,TT Circuit Assen,2002-06-29,marco-melandri,確認済,,https://resources.motogp.com/files/results/2002/250cc/NED/RAC/classification.pdf
2002,250cc,8,RAC,GBR,イギリスGP,Donington Park,2002-07-14,marco-melandri,確認済,,https://resources.motogp.com/files/results/2002/250cc/GBR/RAC/classification.pdf
2002,250cc,9,RAC,GER,ドイツGP,Sachsenring,2002-07-21,marco-melandri,確認済,,https://resources.motogp.com/files/results/2002/250cc/GER/RAC/classification.pdf
2002,250cc,10,RAC,CZE,チェコGP,CREDITAS Autodrom Brno,2002-08-25,marco-melandri,確認済,,https://resources.motogp.com/files/results/2002/250cc/CZE/RAC/classification.pdf
2002,250cc,11,RAC,POR,ポルトガルGP,Estoril Circuit,2002-09-08,fonsi-nieto,確認済,,https://resources.motogp.com/files/results/2002/250cc/POR/RAC/classification.pdf
2002,250cc,12,RAC,RIO,リオGP,Nelson Piquet,2002-09-21,sebastian-porto,確認済,,
2002,250cc,13,RAC,PAC,パシフィックGP,Mobility Resort Motegi,2002-10-06,toni-elias,確認済,,
2002,250cc,14,RAC,MAL,マレーシアGP,Petronas Sepang International Circuit,2002-10-13,fonsi-nieto,確認済,,https://resources.motogp.com/files/results/2002/250cc/MAL/RAC/classification.pdf
2002,250cc,15,RAC,AUS,オーストラリアGP,Phillip Island,2002-10-20,marco-melandri,確認済,,https://resources.motogp.com/files/results/2002/250cc/AUS/RAC/classification.pdf
2002,250cc,16,RAC,VAL,バレンシアGP,Circuit Ricardo Tormo,2002-11-03,marco-melandri,確認済,,https://resources.motogp.com/files/results/2002/250cc/VAL/RAC/classification.pdf
2002,125cc,1,RAC,JPN,日本GP,Suzuka,2002-04-07,arnaud-vincent,確認済,,https://resources.motogp.com/files/results/2002/125cc/JPN/RAC/classification.pdf
2002,125cc,2,RAC,RSA,南アフリカGP,Phakisa Freeway,2002-04-21,manuel-poggiali,確認済,,https://resources.motogp.com/files/results/2002/125cc/RSA/RAC/classification.pdf
2002,125cc,3,RAC,SPA,スペインGP,Circuito de Jerez - Ángel Nieto,2002-05-05,lucio-cecchinello,確認済,,https://resources.motogp.com/files/results/2002/125cc/SPA/RAC/classification.pdf
2002,125cc,4,RAC,FRA,フランスGP,Le Mans,2002-05-19,lucio-cecchinello,確認済,,https://resources.motogp.com/files/results/2002/125cc/FRA/RAC/classification.pdf
2002,125cc,5,RAC,ITA,イタリアGP,Autodromo Internazionale del Mugello,2002-06-02,manuel-poggiali,確認済,,https://resources.motogp.com/files/results/2002/125cc/ITA/RAC/classification.pdf
2002,125cc,6,RAC,CAT,カタルーニャGP,Circuit de Barcelona-Catalunya,2002-06-16,manuel-poggiali,確認済,,https://resources.motogp.com/files/results/2002/125cc/CAT/RAC/classification.pdf
2002,125cc,7,RAC,NED,オランダTT,TT Circuit Assen,2002-06-29,dani-pedrosa,確認済,,https://resources.motogp.com/files/results/2002/125cc/NED/RAC/classification.pdf
2002,125cc,8,RAC,GBR,イギリスGP,Donington Park,2002-07-14,arnaud-vincent,確認済,,https://resources.motogp.com/files/results/2002/125cc/GBR/RAC/classification.pdf
2002,125cc,9,RAC,GER,ドイツGP,Sachsenring,2002-07-21,arnaud-vincent,確認済,,https://resources.motogp.com/files/results/2002/125cc/GER/RAC/classification.pdf
2002,125cc,10,RAC,CZE,チェコGP,CREDITAS Autodrom Brno,2002-08-25,lucio-cecchinello,確認済,,https://resources.motogp.com/files/results/2002/125cc/CZE/RAC/classification.pdf
2002,125cc,11,RAC,POR,ポルトガルGP,Estoril Circuit,2002-09-08,arnaud-vincent,確認済,,https://resources.motogp.com/files/results/2002/125cc/POR/RAC/classification.pdf
2002,125cc,12,RAC,RIO,リオGP,Nelson Piquet,2002-09-21,masao-azuma,確認済,公式リザルトに結果データがないため、ポイント獲得者などの着順のみ掲載（出典：英語版Wikipedia 年間順位表）,
2002,125cc,13,RAC,PAC,パシフィックGP,Mobility Resort Motegi,2002-10-06,dani-pedrosa,確認済,公式リザルトに結果データがないため、ポイント獲得者などの着順のみ掲載（出典：英語版Wikipedia 年間順位表）,
2002,125cc,14,RAC,MAL,マレーシアGP,Petronas Sepang International Circuit,2002-10-13,arnaud-vincent,確認済,,https://resources.motogp.com/files/results/2002/125cc/MAL/RAC/classification.pdf
2002,125cc,15,RAC,AUS,オーストラリアGP,Phillip Island,2002-10-20,manuel-poggiali,確認済,,https://resources.motogp.com/files/results/2002/125cc/AUS/RAC/classification.pdf
2002,125cc,16,RAC,VAL,バレンシアGP,Circuit Ricardo Tormo,2002-11-03,dani-pedrosa,確認済,,https://resources.motogp.com/files/results/2002/125cc/VAL/RAC/classification.pdf
2003,MotoGP,1,RAC,JPN,日本GP,Suzuka,2003-04-06,valentino-rossi,確認済,,https://resources.motogp.com/files/results/2003/MotoGP/JPN/RAC/classification.pdf
2003,MotoGP,2,RAC,RSA,南アフリカGP,Phakisa Freeway,2003-04-27,sete-gibernau,確認済,,https://resources.motogp.com/files/results/2003/MotoGP/RSA/RAC/classification.pdf
2003,MotoGP,3,RAC,SPA,スペインGP,Circuito de Jerez - Ángel Nieto,2003-05-11,valentino-rossi,確認済,,https://resources.motogp.com/files/results/2003/MotoGP/SPA/RAC/classification.pdf
2003,MotoGP,4,RAC,FRA,フランスGP,Le Mans,2003-05-25,sete-gibernau,確認済,,https://resources.motogp.com/files/results/2003/MotoGP/FRA/RAC2/classification.pdf
2003,MotoGP,5,RAC,ITA,イタリアGP,Autodromo Internazionale del Mugello,2003-06-08,valentino-rossi,確認済,,https://resources.motogp.com/files/results/2003/MotoGP/ITA/RAC/classification.pdf
2003,MotoGP,6,RAC,CAT,カタルーニャGP,Circuit de Barcelona-Catalunya,2003-06-15,loris-capirossi,確認済,,https://resources.motogp.com/files/results/2003/MotoGP/CAT/RAC/classification.pdf
2003,MotoGP,7,RAC,NED,オランダTT,TT Circuit Assen,2003-06-28,sete-gibernau,確認済,,https://resources.motogp.com/files/results/2003/MotoGP/NED/RAC/classification.pdf
2003,MotoGP,8,RAC,GBR,イギリスGP,Donington Park,2003-07-13,max-biaggi,確認済,,https://resources.motogp.com/files/results/2003/MotoGP/GBR/RAC/classification.pdf
2003,MotoGP,9,RAC,GER,ドイツGP,Sachsenring,2003-07-27,sete-gibernau,確認済,,https://resources.motogp.com/files/results/2003/MotoGP/GER/RAC/classification.pdf
2003,MotoGP,10,RAC,CZE,チェコGP,CREDITAS Autodrom Brno,2003-08-17,valentino-rossi,確認済,,https://resources.motogp.com/files/results/2003/MotoGP/CZE/RAC/classification.pdf
2003,MotoGP,11,RAC,POR,ポルトガルGP,Estoril Circuit,2003-09-07,valentino-rossi,確認済,,https://resources.motogp.com/files/results/2003/MotoGP/POR/RAC/classification.pdf
2003,MotoGP,12,RAC,RIO,リオGP,Nelson Piquet,2003-09-20,valentino-rossi,確認済,,
2003,MotoGP,13,RAC,PAC,パシフィックGP,Mobility Resort Motegi,2003-10-05,max-biaggi,確認済,,
2003,MotoGP,14,RAC,MAL,マレーシアGP,Petronas Sepang International Circuit,2003-10-12,valentino-rossi,確認済,,https://resources.motogp.com/files/results/2003/MotoGP/MAL/RAC/classification.pdf
2003,MotoGP,15,RAC,AUS,オーストラリアGP,Phillip Island,2003-10-19,valentino-rossi,確認済,,https://resources.motogp.com/files/results/2003/MotoGP/AUS/RAC/classification.pdf
2003,MotoGP,16,RAC,VAL,バレンシアGP,Circuit Ricardo Tormo,2003-11-02,valentino-rossi,確認済,,https://resources.motogp.com/files/results/2003/MotoGP/VAL/RAC/classification.pdf
2003,250cc,1,RAC,JPN,日本GP,Suzuka,2003-04-06,manuel-poggiali,確認済,,https://resources.motogp.com/files/results/2003/250cc/JPN/RAC/classification.pdf
2003,250cc,2,RAC,RSA,南アフリカGP,Phakisa Freeway,2003-04-27,manuel-poggiali,確認済,,https://resources.motogp.com/files/results/2003/250cc/RSA/RAC/classification.pdf
2003,250cc,3,RAC,SPA,スペインGP,Circuito de Jerez - Ángel Nieto,2003-05-11,toni-elias,確認済,,https://resources.motogp.com/files/results/2003/250cc/SPA/RAC/classification.pdf
2003,250cc,4,RAC,FRA,フランスGP,Le Mans,2003-05-25,toni-elias,確認済,,https://resources.motogp.com/files/results/2003/250cc/FRA/RAC/classification.pdf
2003,250cc,5,RAC,ITA,イタリアGP,Autodromo Internazionale del Mugello,2003-06-08,manuel-poggiali,確認済,,https://resources.motogp.com/files/results/2003/250cc/ITA/RAC/classification.pdf
2003,250cc,6,RAC,CAT,カタルーニャGP,Circuit de Barcelona-Catalunya,2003-06-15,randy-de-puniet,確認済,,https://resources.motogp.com/files/results/2003/250cc/CAT/RAC/classification.pdf
2003,250cc,7,RAC,NED,オランダTT,TT Circuit Assen,2003-06-28,anthony-west,確認済,,https://resources.motogp.com/files/results/2003/250cc/NED/RAC/classification.pdf
2003,250cc,8,RAC,GBR,イギリスGP,Donington Park,2003-07-13,fonsi-nieto,確認済,,https://resources.motogp.com/files/results/2003/250cc/GBR/RAC/classification.pdf
2003,250cc,9,RAC,GER,ドイツGP,Sachsenring,2003-07-27,roberto-rolfo,確認済,,https://resources.motogp.com/files/results/2003/250cc/GER/RAC/classification.pdf
2003,250cc,10,RAC,CZE,チェコGP,CREDITAS Autodrom Brno,2003-08-17,randy-de-puniet,確認済,,https://resources.motogp.com/files/results/2003/250cc/CZE/RAC/classification.pdf
2003,250cc,11,RAC,POR,ポルトガルGP,Estoril Circuit,2003-09-07,toni-elias,確認済,,https://resources.motogp.com/files/results/2003/250cc/POR/RAC/classification.pdf
2003,250cc,12,RAC,RIO,リオGP,Nelson Piquet,2003-09-20,manuel-poggiali,確認済,,
2003,250cc,13,RAC,PAC,パシフィックGP,Mobility Resort Motegi,2003-10-05,toni-elias,確認済,,
2003,250cc,14,RAC,MAL,マレーシアGP,Petronas Sepang International Circuit,2003-10-12,toni-elias,確認済,,https://resources.motogp.com/files/results/2003/250cc/MAL/RAC/classification.pdf
2003,250cc,15,RAC,AUS,オーストラリアGP,Phillip Island,2003-10-19,roberto-rolfo,確認済,,https://resources.motogp.com/files/results/2003/250cc/AUS/RAC/classification.pdf
2003,250cc,16,RAC,VAL,バレンシアGP,Circuit Ricardo Tormo,2003-11-02,randy-de-puniet,確認済,,https://resources.motogp.com/files/results/2003/250cc/VAL/RAC/classification.pdf
2003,125cc,1,RAC,JPN,日本GP,Suzuka,2003-04-06,stefano-perugini,確認済,,https://resources.motogp.com/files/results/2003/125cc/JPN/RAC/classification.pdf
2003,125cc,2,RAC,RSA,南アフリカGP,Phakisa Freeway,2003-04-27,dani-pedrosa,確認済,,https://resources.motogp.com/files/results/2003/125cc/RSA/RAC/classification.pdf
2003,125cc,3,RAC,SPA,スペインGP,Circuito de Jerez - Ángel Nieto,2003-05-11,lucio-cecchinello,確認済,,https://resources.motogp.com/files/results/2003/125cc/SPA/RAC/classification.pdf
2003,125cc,4,RAC,FRA,フランスGP,Le Mans,2003-05-25,dani-pedrosa,確認済,,https://resources.motogp.com/files/results/2003/125cc/FRA/RAC/classification.pdf
2003,125cc,5,RAC,ITA,イタリアGP,Autodromo Internazionale del Mugello,2003-06-08,lucio-cecchinello,確認済,,https://resources.motogp.com/files/results/2003/125cc/ITA/RAC/classification.pdf
2003,125cc,6,RAC,CAT,カタルーニャGP,Circuit de Barcelona-Catalunya,2003-06-15,dani-pedrosa,確認済,,https://resources.motogp.com/files/results/2003/125cc/CAT/RAC/classification.pdf
2003,125cc,7,RAC,NED,オランダTT,TT Circuit Assen,2003-06-28,steve-jenkner,確認済,,https://resources.motogp.com/files/results/2003/125cc/NED/RAC/classification.pdf
2003,125cc,8,RAC,GBR,イギリスGP,Donington Park,2003-07-13,hector-barbera,確認済,,https://resources.motogp.com/files/results/2003/125cc/GBR/RAC/classification.pdf
2003,125cc,9,RAC,GER,ドイツGP,Sachsenring,2003-07-27,stefano-perugini,確認済,,https://resources.motogp.com/files/results/2003/125cc/GER/RAC/classification.pdf
2003,125cc,10,RAC,CZE,チェコGP,CREDITAS Autodrom Brno,2003-08-17,dani-pedrosa,確認済,,https://resources.motogp.com/files/results/2003/125cc/CZE/RAC/classification.pdf
2003,125cc,11,RAC,POR,ポルトガルGP,Estoril Circuit,2003-09-07,pablo-nieto,確認済,,https://resources.motogp.com/files/results/2003/125cc/POR/RAC/classification.pdf
2003,125cc,12,RAC,RIO,リオGP,Nelson Piquet,2003-09-20,jorge-lorenzo,確認済,公式リザルトに結果データがないため、ポイント獲得者などの着順のみ掲載（出典：英語版Wikipedia 年間順位表）,
2003,125cc,13,RAC,PAC,パシフィックGP,Mobility Resort Motegi,2003-10-05,hector-barbera,確認済,公式リザルトに結果データがないため、ポイント獲得者などの着順のみ掲載（出典：英語版Wikipedia 年間順位表）,
2003,125cc,14,RAC,MAL,マレーシアGP,Petronas Sepang International Circuit,2003-10-12,dani-pedrosa,確認済,,https://resources.motogp.com/files/results/2003/125cc/MAL/RAC/classification.pdf
2003,125cc,15,RAC,AUS,オーストラリアGP,Phillip Island,2003-10-19,andrea-ballerini,確認済,,https://resources.motogp.com/files/results/2003/125cc/AUS/RAC/classification.pdf
2003,125cc,16,RAC,VAL,バレンシアGP,Circuit Ricardo Tormo,2003-11-02,casey-stoner,確認済,,https://resources.motogp.com/files/results/2003/125cc/VAL/RAC/classification.pdf
2004,MotoGP,1,RAC,RSA,南アフリカGP,Phakisa Freeway,2004-04-18,valentino-rossi,確認済,,https://resources.motogp.com/files/results/2004/MotoGP/RSA/RAC/classification.pdf
2004,MotoGP,2,RAC,SPA,スペインGP,Circuito de Jerez - Ángel Nieto,2004-05-02,sete-gibernau,確認済,,https://resources.motogp.com/files/results/2004/MotoGP/SPA/RAC/classification.pdf
2004,MotoGP,3,RAC,FRA,フランスGP,Le Mans,2004-05-16,sete-gibernau,確認済,,https://resources.motogp.com/files/results/2004/MotoGP/FRA/RAC/classification.pdf
2004,MotoGP,4,RAC,ITA,イタリアGP,Autodromo Internazionale del Mugello,2004-06-06,valentino-rossi,確認済,,https://resources.motogp.com/files/results/2004/MotoGP/ITA/RAC2/classification.pdf
2004,MotoGP,5,RAC,CAT,カタルーニャGP,Circuit de Barcelona-Catalunya,2004-06-13,valentino-rossi,確認済,,https://resources.motogp.com/files/results/2004/MotoGP/CAT/RAC/classification.pdf
2004,MotoGP,6,RAC,NED,オランダTT,TT Circuit Assen,2004-06-26,valentino-rossi,確認済,,https://resources.motogp.com/files/results/2004/MotoGP/NED/RAC/classification.pdf
2004,MotoGP,7,RAC,RIO,リオGP,Nelson Piquet,2004-07-04,makoto-tamada,確認済,公式リザルトに結果データがないため、ポイント獲得者などの着順のみ掲載（出典：英語版Wikipedia 年間順位表）,
2004,MotoGP,8,RAC,GER,ドイツGP,Sachsenring,2004-07-18,max-biaggi,確認済,,https://resources.motogp.com/files/results/2004/MotoGP/GER/RAC/classification.pdf
2004,MotoGP,9,RAC,GBR,イギリスGP,Donington Park,2004-07-25,valentino-rossi,確認済,,https://resources.motogp.com/files/results/2004/MotoGP/GBR/RAC/classification.pdf
2004,MotoGP,10,RAC,CZE,チェコGP,CREDITAS Autodrom Brno,2004-08-22,sete-gibernau,確認済,,https://resources.motogp.com/files/results/2004/MotoGP/CZE/RAC/classification.pdf
2004,MotoGP,11,RAC,POR,ポルトガルGP,Estoril Circuit,2004-09-05,valentino-rossi,確認済,,https://resources.motogp.com/files/results/2004/MotoGP/POR/RAC/classification.pdf
2004,MotoGP,12,RAC,JPN,日本GP,Mobility Resort Motegi,2004-09-19,makoto-tamada,確認済,,https://resources.motogp.com/files/results/2004/MotoGP/JPN/RAC/classification.pdf
2004,MotoGP,13,RAC,QAT,カタールGP,Lusail International Circuit,2004-10-02,sete-gibernau,確認済,,https://resources.motogp.com/files/results/2004/MotoGP/QAT/RAC/classification.pdf
2004,MotoGP,14,RAC,MAL,マレーシアGP,Petronas Sepang International Circuit,2004-10-10,valentino-rossi,確認済,,https://resources.motogp.com/files/results/2004/MotoGP/MAL/RAC/classification.pdf
2004,MotoGP,15,RAC,AUS,オーストラリアGP,Phillip Island,2004-10-17,valentino-rossi,確認済,,https://resources.motogp.com/files/results/2004/MotoGP/AUS/RAC/classification.pdf
2004,MotoGP,16,RAC,VAL,バレンシアGP,Circuit Ricardo Tormo,2004-10-31,valentino-rossi,確認済,,https://resources.motogp.com/files/results/2004/MotoGP/VAL/RAC/classification.pdf
2004,250cc,1,RAC,RSA,南アフリカGP,Phakisa Freeway,2004-04-18,dani-pedrosa,確認済,,https://resources.motogp.com/files/results/2004/250cc/RSA/RAC/classification.pdf
2004,250cc,2,RAC,SPA,スペインGP,Circuito de Jerez - Ángel Nieto,2004-05-02,roberto-rolfo,確認済,,https://resources.motogp.com/files/results/2004/250cc/SPA/RAC/classification.pdf
2004,250cc,3,RAC,FRA,フランスGP,Le Mans,2004-05-16,dani-pedrosa,確認済,,https://resources.motogp.com/files/results/2004/250cc/FRA/RAC/classification.pdf
2004,250cc,4,RAC,ITA,イタリアGP,Autodromo Internazionale del Mugello,2004-06-06,sebastian-porto,確認済,,https://resources.motogp.com/files/results/2004/250cc/ITA/RAC/classification.pdf
2004,250cc,5,RAC,CAT,カタルーニャGP,Circuit de Barcelona-Catalunya,2004-06-13,randy-de-puniet,確認済,,https://resources.motogp.com/files/results/2004/250cc/CAT/RAC/classification.pdf
2004,250cc,6,RAC,NED,オランダTT,TT Circuit Assen,2004-06-26,sebastian-porto,確認済,,https://resources.motogp.com/files/results/2004/250cc/NED/RAC/classification.pdf
2004,250cc,7,RAC,RIO,リオGP,Nelson Piquet,2004-07-04,manuel-poggiali,確認済,,
2004,250cc,8,RAC,GER,ドイツGP,Sachsenring,2004-07-18,dani-pedrosa,確認済,,https://resources.motogp.com/files/results/2004/250cc/GER/RAC/classification.pdf
2004,250cc,9,RAC,GBR,イギリスGP,Donington Park,2004-07-25,dani-pedrosa,確認済,,https://resources.motogp.com/files/results/2004/250cc/GBR/RAC/classification.pdf
2004,250cc,10,RAC,CZE,チェコGP,CREDITAS Autodrom Brno,2004-08-22,sebastian-porto,確認済,,https://resources.motogp.com/files/results/2004/250cc/CZE/RAC/classification.pdf
2004,250cc,11,RAC,POR,ポルトガルGP,Estoril Circuit,2004-09-05,toni-elias,確認済,,https://resources.motogp.com/files/results/2004/250cc/POR/RAC/classification.pdf
2004,250cc,12,RAC,JPN,日本GP,Mobility Resort Motegi,2004-09-19,dani-pedrosa,確認済,,https://resources.motogp.com/files/results/2004/250cc/JPN/RAC/classification.pdf
2004,250cc,13,RAC,QAT,カタールGP,Lusail International Circuit,2004-10-02,sebastian-porto,確認済,,https://resources.motogp.com/files/results/2004/250cc/QAT/RAC/classification.pdf
2004,250cc,14,RAC,MAL,マレーシアGP,Petronas Sepang International Circuit,2004-10-10,dani-pedrosa,確認済,,https://resources.motogp.com/files/results/2004/250cc/MAL/RAC/classification.pdf
2004,250cc,15,RAC,AUS,オーストラリアGP,Phillip Island,2004-10-17,sebastian-porto,確認済,,https://resources.motogp.com/files/results/2004/250cc/AUS/RAC/classification.pdf
2004,250cc,16,RAC,VAL,バレンシアGP,Circuit Ricardo Tormo,2004-10-31,dani-pedrosa,確認済,,https://resources.motogp.com/files/results/2004/250cc/VAL/RAC/classification.pdf
2004,125cc,1,RAC,RSA,南アフリカGP,Phakisa Freeway,2004-04-18,andrea-dovizioso,確認済,,https://resources.motogp.com/files/results/2004/125cc/RSA/RAC/classification.pdf
2004,125cc,2,RAC,SPA,スペインGP,Circuito de Jerez - Ángel Nieto,2004-05-02,marco-simoncelli,確認済,,https://resources.motogp.com/files/results/2004/125cc/SPA/RAC/classification.pdf
2004,125cc,3,RAC,FRA,フランスGP,Le Mans,2004-05-16,andrea-dovizioso,確認済,,https://resources.motogp.com/files/results/2004/125cc/FRA/RAC/classification.pdf
2004,125cc,4,RAC,ITA,イタリアGP,Autodromo Internazionale del Mugello,2004-06-06,roberto-locatelli,確認済,,https://resources.motogp.com/files/results/2004/125cc/ITA/RAC/classification.pdf
2004,125cc,5,RAC,CAT,カタルーニャGP,Circuit de Barcelona-Catalunya,2004-06-13,hector-barbera,確認済,,https://resources.motogp.com/files/results/2004/125cc/CAT/RAC/classification.pdf
2004,125cc,6,RAC,NED,オランダTT,TT Circuit Assen,2004-06-26,jorge-lorenzo,確認済,,https://resources.motogp.com/files/results/2004/125cc/NED/RAC/classification.pdf
2004,125cc,7,RAC,RIO,リオGP,Nelson Piquet,2004-07-04,hector-barbera,確認済,,
2004,125cc,8,RAC,GER,ドイツGP,Sachsenring,2004-07-18,roberto-locatelli,確認済,,https://resources.motogp.com/files/results/2004/125cc/GER/RAC/classification.pdf
2004,125cc,9,RAC,GBR,イギリスGP,Donington Park,2004-07-25,andrea-dovizioso,確認済,,https://resources.motogp.com/files/results/2004/125cc/GBR/RAC/classification.pdf
2004,125cc,10,RAC,CZE,チェコGP,CREDITAS Autodrom Brno,2004-08-22,jorge-lorenzo,確認済,,https://resources.motogp.com/files/results/2004/125cc/CZE/RAC/classification.pdf
2004,125cc,11,RAC,POR,ポルトガルGP,Estoril Circuit,2004-09-05,hector-barbera,確認済,,https://resources.motogp.com/files/results/2004/125cc/POR/RAC/classification.pdf
2004,125cc,12,RAC,JPN,日本GP,Mobility Resort Motegi,2004-09-19,andrea-dovizioso,確認済,,https://resources.motogp.com/files/results/2004/125cc/JPN/RAC2/classification.pdf
2004,125cc,13,RAC,QAT,カタールGP,Lusail International Circuit,2004-10-02,jorge-lorenzo,確認済,,https://resources.motogp.com/files/results/2004/125cc/QAT/RAC/classification.pdf
2004,125cc,14,RAC,MAL,マレーシアGP,Petronas Sepang International Circuit,2004-10-10,casey-stoner,確認済,,https://resources.motogp.com/files/results/2004/125cc/MAL/RAC/classification.pdf
2004,125cc,15,RAC,AUS,オーストラリアGP,Phillip Island,2004-10-17,andrea-dovizioso,確認済,,https://resources.motogp.com/files/results/2004/125cc/AUS/RAC/classification.pdf
2004,125cc,16,RAC,VAL,バレンシアGP,Circuit Ricardo Tormo,2004-10-31,hector-barbera,確認済,,https://resources.motogp.com/files/results/2004/125cc/VAL/RAC/classification.pdf
2005,MotoGP,1,RAC,SPA,スペインGP,Circuito de Jerez - Ángel Nieto,2005-04-10,valentino-rossi,確認済,,https://resources.motogp.com/files/results/2005/MotoGP/SPA/RAC/classification.pdf
2005,MotoGP,2,RAC,POR,ポルトガルGP,Estoril Circuit,2005-04-17,alex-barros,確認済,,https://resources.motogp.com/files/results/2005/MotoGP/POR/RAC/classification.pdf
2005,MotoGP,3,RAC,CHN,中国GP,Shanghai Circuit,2005-05-01,valentino-rossi,確認済,,https://resources.motogp.com/files/results/2005/MotoGP/CHN/RAC/classification.pdf
2005,MotoGP,4,RAC,FRA,フランスGP,Le Mans,2005-05-15,valentino-rossi,確認済,,https://resources.motogp.com/files/results/2005/MotoGP/FRA/RAC/classification.pdf
2005,MotoGP,5,RAC,ITA,イタリアGP,Autodromo Internazionale del Mugello,2005-06-05,valentino-rossi,確認済,,https://resources.motogp.com/files/results/2005/MotoGP/ITA/RAC/classification.pdf
2005,MotoGP,6,RAC,CAT,カタルーニャGP,Circuit de Barcelona-Catalunya,2005-06-12,valentino-rossi,確認済,,https://resources.motogp.com/files/results/2005/MotoGP/CAT/RAC/classification.pdf
2005,MotoGP,7,RAC,NED,オランダTT,TT Circuit Assen,2005-06-25,valentino-rossi,確認済,,https://resources.motogp.com/files/results/2005/MotoGP/NED/RAC/classification.pdf
2005,MotoGP,8,RAC,USA,アメリカGP,Mazda Raceway,2005-07-10,nicky-hayden,確認済,,https://resources.motogp.com/files/results/2005/MotoGP/USA/RAC/classification.pdf
2005,MotoGP,9,RAC,GBR,イギリスGP,Donington Park,2005-07-24,valentino-rossi,確認済,,https://resources.motogp.com/files/results/2005/MotoGP/GBR/RAC/classification.pdf
2005,MotoGP,10,RAC,GER,ドイツGP,Sachsenring,2005-07-31,valentino-rossi,確認済,,https://resources.motogp.com/files/results/2005/MotoGP/GER/RAC2/classification.pdf
2005,MotoGP,11,RAC,CZE,チェコGP,CREDITAS Autodrom Brno,2005-08-28,valentino-rossi,確認済,,https://resources.motogp.com/files/results/2005/MotoGP/CZE/RAC/classification.pdf
2005,MotoGP,12,RAC,JPN,日本GP,Mobility Resort Motegi,2005-09-18,loris-capirossi,確認済,,https://resources.motogp.com/files/results/2005/MotoGP/JPN/RAC/classification.pdf
2005,MotoGP,13,RAC,MAL,マレーシアGP,Petronas Sepang International Circuit,2005-09-25,loris-capirossi,確認済,,https://resources.motogp.com/files/results/2005/MotoGP/MAL/RAC/classification.pdf
2005,MotoGP,14,RAC,QAT,カタールGP,Lusail International Circuit,2005-10-01,valentino-rossi,確認済,,https://resources.motogp.com/files/results/2005/MotoGP/QAT/RAC/classification.pdf
2005,MotoGP,15,RAC,AUS,オーストラリアGP,Phillip Island,2005-10-16,valentino-rossi,確認済,,https://resources.motogp.com/files/results/2005/MotoGP/AUS/RAC/classification.pdf
2005,MotoGP,16,RAC,TUR,トルコGP,Istanbul Park Circuit,2005-10-23,marco-melandri,確認済,,https://resources.motogp.com/files/results/2005/MotoGP/TUR/RAC/classification.pdf
2005,MotoGP,17,RAC,VAL,バレンシアGP,Circuit Ricardo Tormo,2005-11-06,marco-melandri,確認済,,https://resources.motogp.com/files/results/2005/MotoGP/VAL/RAC/classification.pdf
2005,250cc,1,RAC,SPA,スペインGP,Circuito de Jerez - Ángel Nieto,2005-04-10,dani-pedrosa,確認済,,https://resources.motogp.com/files/results/2005/250cc/SPA/RAC/classification.pdf
2005,250cc,2,RAC,POR,ポルトガルGP,Estoril Circuit,2005-04-17,casey-stoner,確認済,,https://resources.motogp.com/files/results/2005/250cc/POR/RAC/classification.pdf
2005,250cc,3,RAC,CHN,中国GP,Shanghai Circuit,2005-05-01,casey-stoner,確認済,,https://resources.motogp.com/files/results/2005/250cc/CHN/RAC/classification.pdf
2005,250cc,4,RAC,FRA,フランスGP,Le Mans,2005-05-15,dani-pedrosa,確認済,,https://resources.motogp.com/files/results/2005/250cc/FRA/RAC/classification.pdf
2005,250cc,5,RAC,ITA,イタリアGP,Autodromo Internazionale del Mugello,2005-06-05,dani-pedrosa,確認済,,https://resources.motogp.com/files/results/2005/250cc/ITA/RAC/classification.pdf
2005,250cc,6,RAC,CAT,カタルーニャGP,Circuit de Barcelona-Catalunya,2005-06-12,dani-pedrosa,確認済,,https://resources.motogp.com/files/results/2005/250cc/CAT/RAC/classification.pdf
2005,250cc,7,RAC,NED,オランダTT,TT Circuit Assen,2005-06-25,sebastian-porto,確認済,,https://resources.motogp.com/files/results/2005/250cc/NED/RAC/classification.pdf
2005,250cc,8,RAC,GBR,イギリスGP,Donington Park,2005-07-24,randy-de-puniet,確認済,,https://resources.motogp.com/files/results/2005/250cc/GBR/RAC/classification.pdf
2005,250cc,9,RAC,GER,ドイツGP,Sachsenring,2005-07-31,dani-pedrosa,確認済,,https://resources.motogp.com/files/results/2005/250cc/GER/RAC/classification.pdf
2005,250cc,10,RAC,CZE,チェコGP,CREDITAS Autodrom Brno,2005-08-28,dani-pedrosa,確認済,,https://resources.motogp.com/files/results/2005/250cc/CZE/RAC/classification.pdf
2005,250cc,11,RAC,JPN,日本GP,Mobility Resort Motegi,2005-09-18,hiroshi-aoyama,確認済,,https://resources.motogp.com/files/results/2005/250cc/JPN/RAC/classification.pdf
2005,250cc,12,RAC,MAL,マレーシアGP,Petronas Sepang International Circuit,2005-09-25,casey-stoner,確認済,,https://resources.motogp.com/files/results/2005/250cc/MAL/RAC/classification.pdf
2005,250cc,13,RAC,QAT,カタールGP,Lusail International Circuit,2005-10-01,casey-stoner,確認済,,https://resources.motogp.com/files/results/2005/250cc/QAT/RAC/classification.pdf
2005,250cc,14,RAC,AUS,オーストラリアGP,Phillip Island,2005-10-16,dani-pedrosa,確認済,,https://resources.motogp.com/files/results/2005/250cc/AUS/RAC/classification.pdf
2005,250cc,15,RAC,TUR,トルコGP,Istanbul Park Circuit,2005-10-23,casey-stoner,確認済,,https://resources.motogp.com/files/results/2005/250cc/TUR/RAC/classification.pdf
2005,250cc,16,RAC,VAL,バレンシアGP,Circuit Ricardo Tormo,2005-11-06,dani-pedrosa,確認済,,https://resources.motogp.com/files/results/2005/250cc/VAL/RAC/classification.pdf
2005,125cc,1,RAC,SPA,スペインGP,Circuito de Jerez - Ángel Nieto,2005-04-10,marco-simoncelli,確認済,,https://resources.motogp.com/files/results/2005/125cc/SPA/RAC/classification.pdf
2005,125cc,2,RAC,POR,ポルトガルGP,Estoril Circuit,2005-04-17,mika-kallio,確認済,,https://resources.motogp.com/files/results/2005/125cc/POR/RAC/classification.pdf
2005,125cc,3,RAC,CHN,中国GP,Shanghai Circuit,2005-05-01,mattia-pasini,確認済,,https://resources.motogp.com/files/results/2005/125cc/CHN/RAC/classification.pdf
2005,125cc,4,RAC,FRA,フランスGP,Le Mans,2005-05-15,thomas-luthi,確認済,,https://resources.motogp.com/files/results/2005/125cc/FRA/RAC/classification.pdf
2005,125cc,5,RAC,ITA,イタリアGP,Autodromo Internazionale del Mugello,2005-06-05,gabor-talmacsi,確認済,,https://resources.motogp.com/files/results/2005/125cc/ITA/RAC/classification.pdf
2005,125cc,6,RAC,CAT,カタルーニャGP,Circuit de Barcelona-Catalunya,2005-06-12,mattia-pasini,確認済,,https://resources.motogp.com/files/results/2005/125cc/CAT/RAC/classification.pdf
2005,125cc,7,RAC,NED,オランダTT,TT Circuit Assen,2005-06-25,gabor-talmacsi,確認済,,https://resources.motogp.com/files/results/2005/125cc/NED/RAC/classification.pdf
2005,125cc,8,RAC,GBR,イギリスGP,Donington Park,2005-07-24,julian-simon,確認済,,https://resources.motogp.com/files/results/2005/125cc/GBR/RAC2/classification.pdf
2005,125cc,9,RAC,GER,ドイツGP,Sachsenring,2005-07-31,mika-kallio,確認済,,https://resources.motogp.com/files/results/2005/125cc/GER/RAC/classification.pdf
2005,125cc,10,RAC,CZE,チェコGP,CREDITAS Autodrom Brno,2005-08-28,thomas-luthi,確認済,,https://resources.motogp.com/files/results/2005/125cc/CZE/RAC/classification.pdf
2005,125cc,11,RAC,JPN,日本GP,Mobility Resort Motegi,2005-09-18,mika-kallio,確認済,,https://resources.motogp.com/files/results/2005/125cc/JPN/RAC/classification.pdf
2005,125cc,12,RAC,MAL,マレーシアGP,Petronas Sepang International Circuit,2005-09-25,thomas-luthi,確認済,,https://resources.motogp.com/files/results/2005/125cc/MAL/RAC/classification.pdf
2005,125cc,13,RAC,QAT,カタールGP,Lusail International Circuit,2005-10-01,gabor-talmacsi,確認済,,https://resources.motogp.com/files/results/2005/125cc/QAT/RAC/classification.pdf
2005,125cc,14,RAC,AUS,オーストラリアGP,Phillip Island,2005-10-16,thomas-luthi,確認済,,https://resources.motogp.com/files/results/2005/125cc/AUS/RAC/classification.pdf
2005,125cc,15,RAC,TUR,トルコGP,Istanbul Park Circuit,2005-10-23,mike-di-meglio,確認済,,https://resources.motogp.com/files/results/2005/125cc/TUR/RAC/classification.pdf
2005,125cc,16,RAC,VAL,バレンシアGP,Circuit Ricardo Tormo,2005-11-06,mika-kallio,確認済,,https://resources.motogp.com/files/results/2005/125cc/VAL/RAC/classification.pdf
2006,MotoGP,1,RAC,SPA,スペインGP,Circuito de Jerez - Ángel Nieto,2006-03-26,loris-capirossi,確認済,,https://resources.motogp.com/files/results/2006/MotoGP/SPA/RAC/classification.pdf
2006,MotoGP,2,RAC,QAT,カタールGP,Lusail International Circuit,2006-04-08,valentino-rossi,確認済,,https://resources.motogp.com/files/results/2006/MotoGP/QAT/RAC/classification.pdf
2006,MotoGP,3,RAC,TUR,トルコGP,Istanbul Park Circuit,2006-04-30,marco-melandri,確認済,,https://resources.motogp.com/files/results/2006/MotoGP/TUR/RAC/classification.pdf
2006,MotoGP,4,RAC,CHN,中国GP,Shanghai Circuit,2006-05-14,dani-pedrosa,確認済,,https://resources.motogp.com/files/results/2006/MotoGP/CHN/RAC/classification.pdf
2006,MotoGP,5,RAC,FRA,フランスGP,Le Mans,2006-05-21,marco-melandri,確認済,,https://resources.motogp.com/files/results/2006/MotoGP/FRA/RAC/classification.pdf
2006,MotoGP,6,RAC,ITA,イタリアGP,Autodromo Internazionale del Mugello,2006-06-04,valentino-rossi,確認済,,https://resources.motogp.com/files/results/2006/MotoGP/ITA/RAC/classification.pdf
2006,MotoGP,7,RAC,CAT,カタルーニャGP,Circuit de Barcelona-Catalunya,2006-06-18,valentino-rossi,確認済,,https://resources.motogp.com/files/results/2006/MotoGP/CAT/RAC/classification.pdf
2006,MotoGP,8,RAC,NED,オランダTT,TT Circuit Assen,2006-06-24,nicky-hayden,確認済,,https://resources.motogp.com/files/results/2006/MotoGP/NED/RAC/classification.pdf
2006,MotoGP,9,RAC,GBR,イギリスGP,Donington Park,2006-07-02,dani-pedrosa,確認済,,https://resources.motogp.com/files/results/2006/MotoGP/GBR/RAC/classification.pdf
2006,MotoGP,10,RAC,GER,ドイツGP,Sachsenring,2006-07-16,valentino-rossi,確認済,,https://resources.motogp.com/files/results/2006/MotoGP/GER/RAC/classification.pdf
2006,MotoGP,11,RAC,USA,アメリカGP,Mazda Raceway,2006-07-23,nicky-hayden,確認済,,https://resources.motogp.com/files/results/2006/MotoGP/USA/RAC/classification.pdf
2006,MotoGP,12,RAC,CZE,チェコGP,CREDITAS Autodrom Brno,2006-08-20,loris-capirossi,確認済,,https://resources.motogp.com/files/results/2006/MotoGP/CZE/RAC/classification.pdf
2006,MotoGP,13,RAC,MAL,マレーシアGP,Petronas Sepang International Circuit,2006-09-10,valentino-rossi,確認済,,https://resources.motogp.com/files/results/2006/MotoGP/MAL/RAC/classification.pdf
2006,MotoGP,14,RAC,AUS,オーストラリアGP,Phillip Island,2006-09-17,marco-melandri,確認済,,https://resources.motogp.com/files/results/2006/MotoGP/AUS/RAC/classification.pdf
2006,MotoGP,15,RAC,JPN,日本GP,Mobility Resort Motegi,2006-09-24,loris-capirossi,確認済,,https://resources.motogp.com/files/results/2006/MotoGP/JPN/RAC/classification.pdf
2006,MotoGP,16,RAC,POR,ポルトガルGP,Estoril Circuit,2006-10-15,toni-elias,確認済,,https://resources.motogp.com/files/results/2006/MotoGP/POR/RAC/classification.pdf
2006,MotoGP,17,RAC,VAL,バレンシアGP,Circuit Ricardo Tormo,2006-10-29,troy-bayliss,確認済,,https://resources.motogp.com/files/results/2006/MotoGP/VAL/RAC/classification.pdf
2006,250cc,1,RAC,SPA,スペインGP,Circuito de Jerez - Ángel Nieto,2006-03-26,jorge-lorenzo,確認済,,https://resources.motogp.com/files/results/2006/250cc/SPA/RAC/classification.pdf
2006,250cc,2,RAC,QAT,カタールGP,Lusail International Circuit,2006-04-08,jorge-lorenzo,確認済,,https://resources.motogp.com/files/results/2006/250cc/QAT/RAC/classification.pdf
2006,250cc,3,RAC,TUR,トルコGP,Istanbul Park Circuit,2006-04-30,hiroshi-aoyama,確認済,,https://resources.motogp.com/files/results/2006/250cc/TUR/RAC/classification.pdf
2006,250cc,4,RAC,CHN,中国GP,Shanghai Circuit,2006-05-14,hector-barbera,確認済,,https://resources.motogp.com/files/results/2006/250cc/CHN/RAC/classification.pdf
2006,250cc,5,RAC,FRA,フランスGP,Le Mans,2006-05-21,yuki-takahashi,確認済,,https://resources.motogp.com/files/results/2006/250cc/FRA/RAC/classification.pdf
2006,250cc,6,RAC,ITA,イタリアGP,Autodromo Internazionale del Mugello,2006-06-04,jorge-lorenzo,確認済,,https://resources.motogp.com/files/results/2006/250cc/ITA/RAC/classification.pdf
2006,250cc,7,RAC,CAT,カタルーニャGP,Circuit de Barcelona-Catalunya,2006-06-18,andrea-dovizioso,確認済,,https://resources.motogp.com/files/results/2006/250cc/CAT/RAC/classification.pdf
2006,250cc,8,RAC,NED,オランダTT,TT Circuit Assen,2006-06-24,jorge-lorenzo,確認済,,https://resources.motogp.com/files/results/2006/250cc/NED/RAC/classification.pdf
2006,250cc,9,RAC,GBR,イギリスGP,Donington Park,2006-07-02,jorge-lorenzo,確認済,,https://resources.motogp.com/files/results/2006/250cc/GBR/RAC/classification.pdf
2006,250cc,10,RAC,GER,ドイツGP,Sachsenring,2006-07-16,yuki-takahashi,確認済,,https://resources.motogp.com/files/results/2006/250cc/GER/RAC/classification.pdf
2006,250cc,11,RAC,CZE,チェコGP,CREDITAS Autodrom Brno,2006-08-20,jorge-lorenzo,確認済,,https://resources.motogp.com/files/results/2006/250cc/CZE/RAC/classification.pdf
2006,250cc,12,RAC,MAL,マレーシアGP,Petronas Sepang International Circuit,2006-09-10,jorge-lorenzo,確認済,,https://resources.motogp.com/files/results/2006/250cc/MAL/RAC/classification.pdf
2006,250cc,13,RAC,AUS,オーストラリアGP,Phillip Island,2006-09-17,jorge-lorenzo,確認済,,https://resources.motogp.com/files/results/2006/250cc/AUS/RAC/classification.pdf
2006,250cc,14,RAC,JPN,日本GP,Mobility Resort Motegi,2006-09-24,hiroshi-aoyama,確認済,,https://resources.motogp.com/files/results/2006/250cc/JPN/RAC/classification.pdf
2006,250cc,15,RAC,POR,ポルトガルGP,Estoril Circuit,2006-10-15,andrea-dovizioso,確認済,,https://resources.motogp.com/files/results/2006/250cc/POR/RAC/classification.pdf
2006,250cc,16,RAC,VAL,バレンシアGP,Circuit Ricardo Tormo,2006-10-29,alex-de-angelis,確認済,,https://resources.motogp.com/files/results/2006/250cc/VAL/RAC/classification.pdf
2006,125cc,1,RAC,SPA,スペインGP,Circuito de Jerez - Ángel Nieto,2006-03-26,alvaro-bautista,確認済,,https://resources.motogp.com/files/results/2006/125cc/SPA/RAC/classification.pdf
2006,125cc,2,RAC,QAT,カタールGP,Lusail International Circuit,2006-04-08,alvaro-bautista,確認済,,https://resources.motogp.com/files/results/2006/125cc/QAT/RAC/classification.pdf
2006,125cc,3,RAC,TUR,トルコGP,Istanbul Park Circuit,2006-04-30,hector-faubel,確認済,,https://resources.motogp.com/files/results/2006/125cc/TUR/RAC/classification.pdf
2006,125cc,4,RAC,CHN,中国GP,Shanghai Circuit,2006-05-14,mika-kallio,確認済,,https://resources.motogp.com/files/results/2006/125cc/CHN/RAC/classification.pdf
2006,125cc,5,RAC,FRA,フランスGP,Le Mans,2006-05-21,thomas-luthi,確認済,,https://resources.motogp.com/files/results/2006/125cc/FRA/RAC/classification.pdf
2006,125cc,6,RAC,ITA,イタリアGP,Autodromo Internazionale del Mugello,2006-06-04,mattia-pasini,確認済,,https://resources.motogp.com/files/results/2006/125cc/ITA/RAC/classification.pdf
2006,125cc,7,RAC,CAT,カタルーニャGP,Circuit de Barcelona-Catalunya,2006-06-18,alvaro-bautista,確認済,,https://resources.motogp.com/files/results/2006/125cc/CAT/RAC/classification.pdf
2006,125cc,8,RAC,NED,オランダTT,TT Circuit Assen,2006-06-24,mika-kallio,確認済,,https://resources.motogp.com/files/results/2006/125cc/NED/RAC/classification.pdf
2006,125cc,9,RAC,GBR,イギリスGP,Donington Park,2006-07-02,alvaro-bautista,確認済,,https://resources.motogp.com/files/results/2006/125cc/GBR/RAC/classification.pdf
2006,125cc,10,RAC,GER,ドイツGP,Sachsenring,2006-07-16,mattia-pasini,確認済,,https://resources.motogp.com/files/results/2006/125cc/GER/RAC/classification.pdf
2006,125cc,11,RAC,CZE,チェコGP,CREDITAS Autodrom Brno,2006-08-20,alvaro-bautista,確認済,,https://resources.motogp.com/files/results/2006/125cc/CZE/RAC/classification.pdf
2006,125cc,12,RAC,MAL,マレーシアGP,Petronas Sepang International Circuit,2006-09-10,alvaro-bautista,確認済,,https://resources.motogp.com/files/results/2006/125cc/MAL/RAC/classification.pdf
2006,125cc,13,RAC,AUS,オーストラリアGP,Phillip Island,2006-09-17,alvaro-bautista,確認済,,https://resources.motogp.com/files/results/2006/125cc/AUS/RAC/classification.pdf
2006,125cc,14,RAC,JPN,日本GP,Mobility Resort Motegi,2006-09-24,mika-kallio,確認済,,https://resources.motogp.com/files/results/2006/125cc/JPN/RAC/classification.pdf
2006,125cc,15,RAC,POR,ポルトガルGP,Estoril Circuit,2006-10-15,alvaro-bautista,確認済,,https://resources.motogp.com/files/results/2006/125cc/POR/RAC/classification.pdf
2006,125cc,16,RAC,VAL,バレンシアGP,Circuit Ricardo Tormo,2006-10-29,hector-faubel,確認済,,https://resources.motogp.com/files/results/2006/125cc/VAL/RAC/classification.pdf
2007,MotoGP,1,RAC,QAT,カタールGP,Lusail International Circuit,2007-03-10,casey-stoner,確認済,,https://resources.motogp.com/files/results/2007/MotoGP/QAT/RAC/classification.pdf
2007,MotoGP,2,RAC,SPA,スペインGP,Circuito de Jerez - Ángel Nieto,2007-03-25,valentino-rossi,確認済,,https://resources.motogp.com/files/results/2007/MotoGP/SPA/RAC/classification.pdf
2007,MotoGP,3,RAC,TUR,トルコGP,Istanbul Park Circuit,2007-04-22,casey-stoner,確認済,,https://resources.motogp.com/files/results/2007/MotoGP/TUR/RAC/classification.pdf
2007,MotoGP,4,RAC,CHN,中国GP,Shanghai Circuit,2007-05-06,casey-stoner,確認済,,https://resources.motogp.com/files/results/2007/MotoGP/CHN/RAC/classification.pdf
2007,MotoGP,5,RAC,FRA,フランスGP,Le Mans,2007-05-20,chris-vermeulen,確認済,,https://resources.motogp.com/files/results/2007/MotoGP/FRA/RAC/classification.pdf
2007,MotoGP,6,RAC,ITA,イタリアGP,Autodromo Internazionale del Mugello,2007-06-03,valentino-rossi,確認済,,https://resources.motogp.com/files/results/2007/MotoGP/ITA/RAC/classification.pdf
2007,MotoGP,7,RAC,CAT,カタルーニャGP,Circuit de Barcelona-Catalunya,2007-06-10,casey-stoner,確認済,,https://resources.motogp.com/files/results/2007/MotoGP/CAT/RAC/classification.pdf
2007,MotoGP,8,RAC,GBR,イギリスGP,Donington Park,2007-06-24,casey-stoner,確認済,,https://resources.motogp.com/files/results/2007/MotoGP/GBR/RAC/classification.pdf
2007,MotoGP,9,RAC,NED,オランダTT,TT Circuit Assen,2007-06-30,valentino-rossi,確認済,,https://resources.motogp.com/files/results/2007/MotoGP/NED/RAC/classification.pdf
2007,MotoGP,10,RAC,GER,ドイツGP,Sachsenring,2007-07-15,dani-pedrosa,確認済,,https://resources.motogp.com/files/results/2007/MotoGP/GER/RAC/classification.pdf
2007,MotoGP,11,RAC,USA,アメリカGP,Mazda Raceway,2007-07-22,casey-stoner,確認済,,https://resources.motogp.com/files/results/2007/MotoGP/USA/RAC/classification.pdf
2007,MotoGP,12,RAC,CZE,チェコGP,CREDITAS Autodrom Brno,2007-08-19,casey-stoner,確認済,,https://resources.motogp.com/files/results/2007/MotoGP/CZE/RAC/classification.pdf
2007,MotoGP,13,RAC,RSM,サンマリノGP,Misano World Circuit Marco Simoncelli,2007-09-02,casey-stoner,確認済,,https://resources.motogp.com/files/results/2007/MotoGP/RSM/RAC/classification.pdf
2007,MotoGP,14,RAC,POR,ポルトガルGP,Estoril Circuit,2007-09-16,valentino-rossi,確認済,,https://resources.motogp.com/files/results/2007/MotoGP/POR/RAC/classification.pdf
2007,MotoGP,15,RAC,JPN,日本GP,Mobility Resort Motegi,2007-09-23,loris-capirossi,確認済,,https://resources.motogp.com/files/results/2007/MotoGP/JPN/RAC/classification.pdf
2007,MotoGP,16,RAC,AUS,オーストラリアGP,Phillip Island,2007-10-14,casey-stoner,確認済,,https://resources.motogp.com/files/results/2007/MotoGP/AUS/RAC/classification.pdf
2007,MotoGP,17,RAC,MAL,マレーシアGP,Petronas Sepang International Circuit,2007-10-21,casey-stoner,確認済,,https://resources.motogp.com/files/results/2007/MotoGP/MAL/RAC/classification.pdf
2007,MotoGP,18,RAC,VAL,バレンシアGP,Circuit Ricardo Tormo,2007-11-04,dani-pedrosa,確認済,,https://resources.motogp.com/files/results/2007/MotoGP/VAL/RAC/classification.pdf
2007,250cc,1,RAC,QAT,カタールGP,Lusail International Circuit,2007-03-10,jorge-lorenzo,確認済,,https://resources.motogp.com/files/results/2007/250cc/QAT/RAC/classification.pdf
2007,250cc,2,RAC,SPA,スペインGP,Circuito de Jerez - Ángel Nieto,2007-03-25,jorge-lorenzo,確認済,,https://resources.motogp.com/files/results/2007/250cc/SPA/RAC/classification.pdf
2007,250cc,3,RAC,TUR,トルコGP,Istanbul Park Circuit,2007-04-22,andrea-dovizioso,確認済,,https://resources.motogp.com/files/results/2007/250cc/TUR/RAC/classification.pdf
2007,250cc,4,RAC,CHN,中国GP,Shanghai Circuit,2007-05-06,jorge-lorenzo,確認済,,https://resources.motogp.com/files/results/2007/250cc/CHN/RAC/classification.pdf
2007,250cc,5,RAC,FRA,フランスGP,Le Mans,2007-05-20,jorge-lorenzo,確認済,,https://resources.motogp.com/files/results/2007/250cc/FRA/RAC/classification.pdf
2007,250cc,6,RAC,ITA,イタリアGP,Autodromo Internazionale del Mugello,2007-06-03,alvaro-bautista,確認済,,https://resources.motogp.com/files/results/2007/250cc/ITA/RAC/classification.pdf
2007,250cc,7,RAC,CAT,カタルーニャGP,Circuit de Barcelona-Catalunya,2007-06-10,jorge-lorenzo,確認済,,https://resources.motogp.com/files/results/2007/250cc/CAT/RAC/classification.pdf
2007,250cc,8,RAC,GBR,イギリスGP,Donington Park,2007-06-24,andrea-dovizioso,確認済,,https://resources.motogp.com/files/results/2007/250cc/GBR/RAC/classification.pdf
2007,250cc,9,RAC,NED,オランダTT,TT Circuit Assen,2007-06-30,jorge-lorenzo,確認済,,https://resources.motogp.com/files/results/2007/250cc/NED/RAC/classification.pdf
2007,250cc,10,RAC,GER,ドイツGP,Sachsenring,2007-07-15,hiroshi-aoyama,確認済,,https://resources.motogp.com/files/results/2007/250cc/GER/RAC/classification.pdf
2007,250cc,11,RAC,CZE,チェコGP,CREDITAS Autodrom Brno,2007-08-19,jorge-lorenzo,確認済,,https://resources.motogp.com/files/results/2007/250cc/CZE/RAC/classification.pdf
2007,250cc,12,RAC,RSM,サンマリノGP,Misano World Circuit Marco Simoncelli,2007-09-02,jorge-lorenzo,確認済,,https://resources.motogp.com/files/results/2007/250cc/RSM/RAC/classification.pdf
2007,250cc,13,RAC,POR,ポルトガルGP,Estoril Circuit,2007-09-16,alvaro-bautista,確認済,,https://resources.motogp.com/files/results/2007/250cc/POR/RAC/classification.pdf
2007,250cc,14,RAC,JPN,日本GP,Mobility Resort Motegi,2007-09-23,mika-kallio,確認済,,https://resources.motogp.com/files/results/2007/250cc/JPN/RAC/classification.pdf
2007,250cc,15,RAC,AUS,オーストラリアGP,Phillip Island,2007-10-14,jorge-lorenzo,確認済,,https://resources.motogp.com/files/results/2007/250cc/AUS/RAC/classification.pdf
2007,250cc,16,RAC,MAL,マレーシアGP,Petronas Sepang International Circuit,2007-10-21,hiroshi-aoyama,確認済,,https://resources.motogp.com/files/results/2007/250cc/MAL/RAC/classification.pdf
2007,250cc,17,RAC,VAL,バレンシアGP,Circuit Ricardo Tormo,2007-11-04,mika-kallio,確認済,,https://resources.motogp.com/files/results/2007/250cc/VAL/RAC/classification.pdf
2007,125cc,1,RAC,QAT,カタールGP,Lusail International Circuit,2007-03-10,hector-faubel,確認済,,https://resources.motogp.com/files/results/2007/125cc/QAT/RAC/classification.pdf
2007,125cc,2,RAC,SPA,スペインGP,Circuito de Jerez - Ángel Nieto,2007-03-25,gabor-talmacsi,確認済,,https://resources.motogp.com/files/results/2007/125cc/SPA/RAC/classification.pdf
2007,125cc,3,RAC,TUR,トルコGP,Istanbul Park Circuit,2007-04-22,simone-corsi,確認済,,https://resources.motogp.com/files/results/2007/125cc/TUR/RAC/classification.pdf
2007,125cc,4,RAC,CHN,中国GP,Shanghai Circuit,2007-05-06,lukas-pesek,確認済,,https://resources.motogp.com/files/results/2007/125cc/CHN/RAC/classification.pdf
2007,125cc,5,RAC,FRA,フランスGP,Le Mans,2007-05-20,sergio-gadea,確認済,,https://resources.motogp.com/files/results/2007/125cc/FRA/RAC/classification.pdf
2007,125cc,6,RAC,ITA,イタリアGP,Autodromo Internazionale del Mugello,2007-06-03,hector-faubel,確認済,,https://resources.motogp.com/files/results/2007/125cc/ITA/RAC/classification.pdf
2007,125cc,7,RAC,CAT,カタルーニャGP,Circuit de Barcelona-Catalunya,2007-06-10,tomoyoshi-koyama,確認済,,https://resources.motogp.com/files/results/2007/125cc/CAT/RAC/classification.pdf
2007,125cc,8,RAC,GBR,イギリスGP,Donington Park,2007-06-24,mattia-pasini,確認済,,https://resources.motogp.com/files/results/2007/125cc/GBR/RAC/classification.pdf
2007,125cc,9,RAC,NED,オランダTT,TT Circuit Assen,2007-06-30,mattia-pasini,確認済,,https://resources.motogp.com/files/results/2007/125cc/NED/RAC/classification.pdf
2007,125cc,10,RAC,GER,ドイツGP,Sachsenring,2007-07-15,gabor-talmacsi,確認済,,https://resources.motogp.com/files/results/2007/125cc/GER/RAC/classification.pdf
2007,125cc,11,RAC,CZE,チェコGP,CREDITAS Autodrom Brno,2007-08-19,hector-faubel,確認済,,https://resources.motogp.com/files/results/2007/125cc/CZE/RAC/classification.pdf
2007,125cc,12,RAC,RSM,サンマリノGP,Misano World Circuit Marco Simoncelli,2007-09-02,mattia-pasini,確認済,,https://resources.motogp.com/files/results/2007/125cc/RSM/RAC/classification.pdf
2007,125cc,13,RAC,POR,ポルトガルGP,Estoril Circuit,2007-09-16,hector-faubel,確認済,,https://resources.motogp.com/files/results/2007/125cc/POR/RAC/classification.pdf
2007,125cc,14,RAC,JPN,日本GP,Mobility Resort Motegi,2007-09-23,mattia-pasini,確認済,,https://resources.motogp.com/files/results/2007/125cc/JPN/RAC/classification.pdf
2007,125cc,15,RAC,AUS,オーストラリアGP,Phillip Island,2007-10-14,lukas-pesek,確認済,,https://resources.motogp.com/files/results/2007/125cc/AUS/RAC/classification.pdf
2007,125cc,16,RAC,MAL,マレーシアGP,Petronas Sepang International Circuit,2007-10-21,gabor-talmacsi,確認済,,https://resources.motogp.com/files/results/2007/125cc/MAL/RAC/classification.pdf
2007,125cc,17,RAC,VAL,バレンシアGP,Circuit Ricardo Tormo,2007-11-04,hector-faubel,確認済,,https://resources.motogp.com/files/results/2007/125cc/VAL/RAC/classification.pdf
2008,MotoGP,1,RAC,QAT,カタールGP,Lusail International Circuit,2008-03-09,casey-stoner,確認済,,https://resources.motogp.com/files/results/2008/MotoGP/QAT/RAC/classification.pdf
2008,MotoGP,2,RAC,SPA,スペインGP,Circuito de Jerez - Ángel Nieto,2008-03-30,dani-pedrosa,確認済,,https://resources.motogp.com/files/results/2008/MotoGP/SPA/RAC/classification.pdf
2008,MotoGP,3,RAC,POR,ポルトガルGP,Estoril Circuit,2008-04-13,jorge-lorenzo,確認済,,https://resources.motogp.com/files/results/2008/MotoGP/POR/RAC/classification.pdf
2008,MotoGP,4,RAC,CHN,中国GP,Shanghai Circuit,2008-05-04,valentino-rossi,確認済,,https://resources.motogp.com/files/results/2008/MotoGP/CHN/RAC/classification.pdf
2008,MotoGP,5,RAC,FRA,フランスGP,Le Mans,2008-05-18,valentino-rossi,確認済,,https://resources.motogp.com/files/results/2008/MotoGP/FRA/RAC/classification.pdf
2008,MotoGP,6,RAC,ITA,イタリアGP,Autodromo Internazionale del Mugello,2008-06-01,valentino-rossi,確認済,,https://resources.motogp.com/files/results/2008/MotoGP/ITA/RAC/classification.pdf
2008,MotoGP,7,RAC,CAT,カタルーニャGP,Circuit de Barcelona-Catalunya,2008-06-08,dani-pedrosa,確認済,,https://resources.motogp.com/files/results/2008/MotoGP/CAT/RAC/classification.pdf
2008,MotoGP,8,RAC,GBR,イギリスGP,Donington Park,2008-06-22,casey-stoner,確認済,,https://resources.motogp.com/files/results/2008/MotoGP/GBR/RAC/classification.pdf
2008,MotoGP,9,RAC,NED,オランダTT,TT Circuit Assen,2008-06-28,casey-stoner,確認済,,https://resources.motogp.com/files/results/2008/MotoGP/NED/RAC/classification.pdf
2008,MotoGP,10,RAC,GER,ドイツGP,Sachsenring,2008-07-13,casey-stoner,確認済,,https://resources.motogp.com/files/results/2008/MotoGP/GER/RAC/classification.pdf
2008,MotoGP,11,RAC,USA,アメリカGP,Mazda Raceway,2008-07-20,valentino-rossi,確認済,,https://resources.motogp.com/files/results/2008/MotoGP/USA/RAC/classification.pdf
2008,MotoGP,12,RAC,CZE,チェコGP,CREDITAS Autodrom Brno,2008-08-17,valentino-rossi,確認済,,https://resources.motogp.com/files/results/2008/MotoGP/CZE/RAC/classification.pdf
2008,MotoGP,13,RAC,RSM,サンマリノGP,Misano World Circuit Marco Simoncelli,2008-08-31,valentino-rossi,確認済,,https://resources.motogp.com/files/results/2008/MotoGP/RSM/RAC/classification.pdf
2008,MotoGP,14,RAC,INP,インディアナポリスGP,Indianapolis Motor Speedway,2008-09-14,valentino-rossi,確認済,,https://resources.motogp.com/files/results/2008/MotoGP/INP/RAC/classification.pdf
2008,MotoGP,15,RAC,JPN,日本GP,Mobility Resort Motegi,2008-09-28,valentino-rossi,確認済,,https://resources.motogp.com/files/results/2008/MotoGP/JPN/RAC/classification.pdf
2008,MotoGP,16,RAC,AUS,オーストラリアGP,Phillip Island,2008-10-05,casey-stoner,確認済,,https://resources.motogp.com/files/results/2008/MotoGP/AUS/RAC/classification.pdf
2008,MotoGP,17,RAC,MAL,マレーシアGP,Petronas Sepang International Circuit,2008-10-19,valentino-rossi,確認済,,https://resources.motogp.com/files/results/2008/MotoGP/MAL/RAC/classification.pdf
2008,MotoGP,18,RAC,VAL,バレンシアGP,Circuit Ricardo Tormo,2008-10-26,casey-stoner,確認済,,https://resources.motogp.com/files/results/2008/MotoGP/VAL/RAC/classification.pdf
2008,250cc,1,RAC,QAT,カタールGP,Lusail International Circuit,2008-03-09,mattia-pasini,確認済,,https://resources.motogp.com/files/results/2008/250cc/QAT/RAC/classification.pdf
2008,250cc,2,RAC,SPA,スペインGP,Circuito de Jerez - Ángel Nieto,2008-03-30,mika-kallio,確認済,,https://resources.motogp.com/files/results/2008/250cc/SPA/RAC/classification.pdf
2008,250cc,3,RAC,POR,ポルトガルGP,Estoril Circuit,2008-04-13,alvaro-bautista,確認済,,https://resources.motogp.com/files/results/2008/250cc/POR/RAC/classification.pdf
2008,250cc,4,RAC,CHN,中国GP,Shanghai Circuit,2008-05-04,mika-kallio,確認済,,https://resources.motogp.com/files/results/2008/250cc/CHN/RAC/classification.pdf
2008,250cc,5,RAC,FRA,フランスGP,Le Mans,2008-05-18,alex-debon,確認済,,https://resources.motogp.com/files/results/2008/250cc/FRA/RAC/classification.pdf
2008,250cc,6,RAC,ITA,イタリアGP,Autodromo Internazionale del Mugello,2008-06-01,marco-simoncelli,確認済,,https://resources.motogp.com/files/results/2008/250cc/ITA/RAC/classification.pdf
2008,250cc,7,RAC,CAT,カタルーニャGP,Circuit de Barcelona-Catalunya,2008-06-08,marco-simoncelli,確認済,,https://resources.motogp.com/files/results/2008/250cc/CAT/RAC/classification.pdf
2008,250cc,8,RAC,GBR,イギリスGP,Donington Park,2008-06-22,mika-kallio,確認済,,https://resources.motogp.com/files/results/2008/250cc/GBR/RAC/classification.pdf
2008,250cc,9,RAC,NED,オランダTT,TT Circuit Assen,2008-06-28,alvaro-bautista,確認済,,https://resources.motogp.com/files/results/2008/250cc/NED/RAC/classification.pdf
2008,250cc,10,RAC,GER,ドイツGP,Sachsenring,2008-07-13,marco-simoncelli,確認済,,https://resources.motogp.com/files/results/2008/250cc/GER/RAC/classification.pdf
2008,250cc,11,RAC,CZE,チェコGP,CREDITAS Autodrom Brno,2008-08-17,alex-debon,確認済,,https://resources.motogp.com/files/results/2008/250cc/CZE/RAC/classification.pdf
2008,250cc,12,RAC,RSM,サンマリノGP,Misano World Circuit Marco Simoncelli,2008-08-31,alvaro-bautista,確認済,,https://resources.motogp.com/files/results/2008/250cc/RSM/RAC/classification.pdf
2008,250cc,13,RAC,INP,インディアナポリスGP,Indianapolis Motor Speedway,2008-09-14,,確認済,中止（ハリケーン・アイクの影響による悪天候）,
2008,250cc,14,RAC,JPN,日本GP,Mobility Resort Motegi,2008-09-28,marco-simoncelli,確認済,,https://resources.motogp.com/files/results/2008/250cc/JPN/RAC/classification.pdf
2008,250cc,15,RAC,AUS,オーストラリアGP,Phillip Island,2008-10-05,marco-simoncelli,確認済,,https://resources.motogp.com/files/results/2008/250cc/AUS/RAC/classification.pdf
2008,250cc,16,RAC,MAL,マレーシアGP,Petronas Sepang International Circuit,2008-10-19,alvaro-bautista,確認済,,https://resources.motogp.com/files/results/2008/250cc/MAL/RAC/classification.pdf
2008,250cc,17,RAC,VAL,バレンシアGP,Circuit Ricardo Tormo,2008-10-26,marco-simoncelli,確認済,,https://resources.motogp.com/files/results/2008/250cc/VAL/RAC/classification.pdf
2008,125cc,1,RAC,QAT,カタールGP,Lusail International Circuit,2008-03-09,sergio-gadea,確認済,,https://resources.motogp.com/files/results/2008/125cc/QAT/RAC/classification.pdf
2008,125cc,2,RAC,SPA,スペインGP,Circuito de Jerez - Ángel Nieto,2008-03-30,simone-corsi,確認済,,https://resources.motogp.com/files/results/2008/125cc/SPA/RAC/classification.pdf
2008,125cc,3,RAC,POR,ポルトガルGP,Estoril Circuit,2008-04-13,simone-corsi,確認済,,https://resources.motogp.com/files/results/2008/125cc/POR/RAC/classification.pdf
2008,125cc,4,RAC,CHN,中国GP,Shanghai Circuit,2008-05-04,andrea-iannone,確認済,,https://resources.motogp.com/files/results/2008/125cc/CHN/RAC/classification.pdf
2008,125cc,5,RAC,FRA,フランスGP,Le Mans,2008-05-18,mike-di-meglio,確認済,,https://resources.motogp.com/files/results/2008/125cc/FRA/RAC2/classification.pdf
2008,125cc,6,RAC,ITA,イタリアGP,Autodromo Internazionale del Mugello,2008-06-01,simone-corsi,確認済,,https://resources.motogp.com/files/results/2008/125cc/ITA/RAC/classification.pdf
2008,125cc,7,RAC,CAT,カタルーニャGP,Circuit de Barcelona-Catalunya,2008-06-08,mike-di-meglio,確認済,,https://resources.motogp.com/files/results/2008/125cc/CAT/RAC/classification.pdf
2008,125cc,8,RAC,GBR,イギリスGP,Donington Park,2008-06-22,scott-redding,確認済,,https://resources.motogp.com/files/results/2008/125cc/GBR/RAC/classification.pdf
2008,125cc,9,RAC,NED,オランダTT,TT Circuit Assen,2008-06-28,gabor-talmacsi,確認済,,https://resources.motogp.com/files/results/2008/125cc/NED/RAC2/classification.pdf
2008,125cc,10,RAC,GER,ドイツGP,Sachsenring,2008-07-13,mike-di-meglio,確認済,,https://resources.motogp.com/files/results/2008/125cc/GER/RAC/classification.pdf
2008,125cc,11,RAC,CZE,チェコGP,CREDITAS Autodrom Brno,2008-08-17,stefan-bradl,確認済,,https://resources.motogp.com/files/results/2008/125cc/CZE/RAC/classification.pdf
2008,125cc,12,RAC,RSM,サンマリノGP,Misano World Circuit Marco Simoncelli,2008-08-31,gabor-talmacsi,確認済,,https://resources.motogp.com/files/results/2008/125cc/RSM/RAC/classification.pdf
2008,125cc,13,RAC,INP,インディアナポリスGP,Indianapolis Motor Speedway,2008-09-14,nicolas-terol,確認済,,https://resources.motogp.com/files/results/2008/125cc/INP/RAC/classification.pdf
2008,125cc,14,RAC,JPN,日本GP,Mobility Resort Motegi,2008-09-28,stefan-bradl,確認済,,https://resources.motogp.com/files/results/2008/125cc/JPN/RAC/classification.pdf
2008,125cc,15,RAC,AUS,オーストラリアGP,Phillip Island,2008-10-05,mike-di-meglio,確認済,,https://resources.motogp.com/files/results/2008/125cc/AUS/RAC/classification.pdf
2008,125cc,16,RAC,MAL,マレーシアGP,Petronas Sepang International Circuit,2008-10-19,gabor-talmacsi,確認済,,https://resources.motogp.com/files/results/2008/125cc/MAL/RAC/classification.pdf
2008,125cc,17,RAC,VAL,バレンシアGP,Circuit Ricardo Tormo,2008-10-26,simone-corsi,確認済,,https://resources.motogp.com/files/results/2008/125cc/VAL/RAC/classification.pdf
2009,MotoGP,1,RAC,QAT,カタールGP,Lusail International Circuit,2009-04-12,casey-stoner,確認済,,https://resources.motogp.com/files/results/2009/QAT/MotoGP/RAC/Classification.pdf
2009,MotoGP,2,RAC,JPN,日本GP,Mobility Resort Motegi,2009-04-26,jorge-lorenzo,確認済,,https://resources.motogp.com/files/results/2009/JPN/MotoGP/RAC/Classification.pdf
2009,MotoGP,3,RAC,SPA,スペインGP,Circuito de Jerez - Ángel Nieto,2009-05-03,valentino-rossi,確認済,,https://resources.motogp.com/files/results/2009/SPA/MotoGP/RAC/Classification.pdf
2009,MotoGP,4,RAC,FRA,フランスGP,Le Mans,2009-05-17,jorge-lorenzo,確認済,,https://resources.motogp.com/files/results/2009/FRA/MotoGP/RAC/Classification.pdf
2009,MotoGP,5,RAC,ITA,イタリアGP,Autodromo Internazionale del Mugello,2009-05-31,casey-stoner,確認済,,https://resources.motogp.com/files/results/2009/ITA/MotoGP/RAC/Classification.pdf
2009,MotoGP,6,RAC,CAT,カタルーニャGP,Circuit de Barcelona-Catalunya,2009-06-14,valentino-rossi,確認済,,https://resources.motogp.com/files/results/2009/CAT/MotoGP/RAC/Classification.pdf
2009,MotoGP,7,RAC,NED,オランダTT,TT Circuit Assen,2009-06-27,valentino-rossi,確認済,,https://resources.motogp.com/files/results/2009/NED/MotoGP/RAC/Classification.pdf
2009,MotoGP,8,RAC,USA,アメリカGP,Mazda Raceway,2009-07-05,dani-pedrosa,確認済,,https://resources.motogp.com/files/results/2009/USA/MotoGP/RAC/Classification.pdf
2009,MotoGP,9,RAC,GER,ドイツGP,Sachsenring,2009-07-19,valentino-rossi,確認済,,https://resources.motogp.com/files/results/2009/GER/MotoGP/RAC/Classification.pdf
2009,MotoGP,10,RAC,GBR,イギリスGP,Donington Park,2009-07-26,andrea-dovizioso,確認済,,https://resources.motogp.com/files/results/2009/GBR/MotoGP/RAC/Classification.pdf
2009,MotoGP,11,RAC,CZE,チェコGP,CREDITAS Autodrom Brno,2009-08-16,valentino-rossi,確認済,,https://resources.motogp.com/files/results/2009/CZE/MotoGP/RAC/Classification.pdf
2009,MotoGP,12,RAC,INP,インディアナポリスGP,Indianapolis Motor Speedway,2009-08-30,jorge-lorenzo,確認済,,https://resources.motogp.com/files/results/2009/INP/MotoGP/RAC/Classification.pdf
2009,MotoGP,13,RAC,RSM,サンマリノGP,Misano World Circuit Marco Simoncelli,2009-09-06,valentino-rossi,確認済,,https://resources.motogp.com/files/results/2009/RSM/MotoGP/RAC/Classification.pdf
2009,MotoGP,14,RAC,POR,ポルトガルGP,Estoril Circuit,2009-10-04,jorge-lorenzo,確認済,,https://resources.motogp.com/files/results/2009/POR/MotoGP/RAC/Classification.pdf
2009,MotoGP,15,RAC,AUS,オーストラリアGP,Phillip Island,2009-10-18,casey-stoner,確認済,,https://resources.motogp.com/files/results/2009/AUS/MotoGP/RAC/Classification.pdf
2009,MotoGP,16,RAC,MAL,マレーシアGP,Petronas Sepang International Circuit,2009-10-25,casey-stoner,確認済,,https://resources.motogp.com/files/results/2009/MAL/MotoGP/RAC/Classification.pdf
2009,MotoGP,17,RAC,VAL,バレンシアGP,Circuit Ricardo Tormo,2009-11-08,dani-pedrosa,確認済,,https://resources.motogp.com/files/results/2009/VAL/MotoGP/RAC/Classification.pdf
2009,250cc,1,RAC,QAT,カタールGP,Lusail International Circuit,2009-04-12,hector-barbera,確認済,,https://resources.motogp.com/files/results/2009/QAT/250cc/RAC/Classification.pdf
2009,250cc,2,RAC,JPN,日本GP,Mobility Resort Motegi,2009-04-26,alvaro-bautista,確認済,,https://resources.motogp.com/files/results/2009/JPN/250cc/RAC/Classification.pdf
2009,250cc,3,RAC,SPA,スペインGP,Circuito de Jerez - Ángel Nieto,2009-05-03,hiroshi-aoyama,確認済,,https://resources.motogp.com/files/results/2009/SPA/250cc/RAC/Classification.pdf
2009,250cc,4,RAC,FRA,フランスGP,Le Mans,2009-05-17,marco-simoncelli,確認済,,https://resources.motogp.com/files/results/2009/FRA/250cc/RAC/Classification.pdf
2009,250cc,5,RAC,ITA,イタリアGP,Autodromo Internazionale del Mugello,2009-05-31,mattia-pasini,確認済,,https://resources.motogp.com/files/results/2009/ITA/250cc/RAC/Classification.pdf
2009,250cc,6,RAC,CAT,カタルーニャGP,Circuit de Barcelona-Catalunya,2009-06-14,alvaro-bautista,確認済,,https://resources.motogp.com/files/results/2009/CAT/250cc/RAC/Classification.pdf
2009,250cc,7,RAC,NED,オランダTT,TT Circuit Assen,2009-06-27,hiroshi-aoyama,確認済,,https://resources.motogp.com/files/results/2009/NED/250cc/RAC/Classification.pdf
2009,250cc,8,RAC,GER,ドイツGP,Sachsenring,2009-07-19,marco-simoncelli,確認済,,https://resources.motogp.com/files/results/2009/GER/250cc/RAC/Classification.pdf
2009,250cc,9,RAC,GBR,イギリスGP,Donington Park,2009-07-26,hiroshi-aoyama,確認済,,https://resources.motogp.com/files/results/2009/GBR/250cc/RAC/Classification.pdf
2009,250cc,10,RAC,CZE,チェコGP,CREDITAS Autodrom Brno,2009-08-16,marco-simoncelli,確認済,,https://resources.motogp.com/files/results/2009/CZE/250cc/RAC/Classification.pdf
2009,250cc,11,RAC,INP,インディアナポリスGP,Indianapolis Motor Speedway,2009-08-30,marco-simoncelli,確認済,,https://resources.motogp.com/files/results/2009/INP/250cc/RAC/Classification.pdf
2009,250cc,12,RAC,RSM,サンマリノGP,Misano World Circuit Marco Simoncelli,2009-09-06,hector-barbera,確認済,,https://resources.motogp.com/files/results/2009/RSM/250cc/RAC/Classification.pdf
2009,250cc,13,RAC,POR,ポルトガルGP,Estoril Circuit,2009-10-04,marco-simoncelli,確認済,,https://resources.motogp.com/files/results/2009/POR/250cc/RAC/Classification.pdf
2009,250cc,14,RAC,AUS,オーストラリアGP,Phillip Island,2009-10-18,marco-simoncelli,確認済,,https://resources.motogp.com/files/results/2009/AUS/250cc/RAC/Classification.pdf
2009,250cc,15,RAC,MAL,マレーシアGP,Petronas Sepang International Circuit,2009-10-25,hiroshi-aoyama,確認済,,https://resources.motogp.com/files/results/2009/MAL/250cc/RAC/Classification.pdf
2009,250cc,16,RAC,VAL,バレンシアGP,Circuit Ricardo Tormo,2009-11-08,hector-barbera,確認済,,https://resources.motogp.com/files/results/2009/VAL/250cc/RAC/Classification.pdf
2009,125cc,1,RAC,QAT,カタールGP,Lusail International Circuit,2009-04-12,andrea-iannone,確認済,,https://resources.motogp.com/files/results/2009/QAT/125cc/RAC/Classification.pdf
2009,125cc,2,RAC,JPN,日本GP,Mobility Resort Motegi,2009-04-26,andrea-iannone,確認済,,https://resources.motogp.com/files/results/2009/JPN/125cc/RAC/Classification.pdf
2009,125cc,3,RAC,SPA,スペインGP,Circuito de Jerez - Ángel Nieto,2009-05-03,bradley-smith,確認済,,https://resources.motogp.com/files/results/2009/SPA/125cc/RAC/Classification.pdf
2009,125cc,4,RAC,FRA,フランスGP,Le Mans,2009-05-17,julian-simon,確認済,,https://resources.motogp.com/files/results/2009/FRA/125cc/RAC/Classification.pdf
2009,125cc,5,RAC,ITA,イタリアGP,Autodromo Internazionale del Mugello,2009-05-31,bradley-smith,確認済,,https://resources.motogp.com/files/results/2009/ITA/125cc/RAC/Classification.pdf
2009,125cc,6,RAC,CAT,カタルーニャGP,Circuit de Barcelona-Catalunya,2009-06-14,andrea-iannone,確認済,,https://resources.motogp.com/files/results/2009/CAT/125cc/RAC/Classification.pdf
2009,125cc,7,RAC,NED,オランダTT,TT Circuit Assen,2009-06-27,sergio-gadea,確認済,,https://resources.motogp.com/files/results/2009/NED/125cc/RAC/Classification.pdf
2009,125cc,8,RAC,GER,ドイツGP,Sachsenring,2009-07-19,julian-simon,確認済,,https://resources.motogp.com/files/results/2009/GER/125cc/RAC/Classification.pdf
2009,125cc,9,RAC,GBR,イギリスGP,Donington Park,2009-07-26,julian-simon,確認済,,https://resources.motogp.com/files/results/2009/GBR/125cc/RAC2/Classification.pdf
2009,125cc,10,RAC,CZE,チェコGP,CREDITAS Autodrom Brno,2009-08-16,nicolas-terol,確認済,,https://resources.motogp.com/files/results/2009/CZE/125cc/RAC/Classification.pdf
2009,125cc,11,RAC,INP,インディアナポリスGP,Indianapolis Motor Speedway,2009-08-30,pol-espargaro,確認済,,https://resources.motogp.com/files/results/2009/INP/125cc/RAC/Classification.pdf
2009,125cc,12,RAC,RSM,サンマリノGP,Misano World Circuit Marco Simoncelli,2009-09-06,julian-simon,確認済,,https://resources.motogp.com/files/results/2009/RSM/125cc/RAC/Classification.pdf
2009,125cc,13,RAC,POR,ポルトガルGP,Estoril Circuit,2009-10-04,pol-espargaro,確認済,,https://resources.motogp.com/files/results/2009/POR/125cc/RAC/Classification.pdf
2009,125cc,14,RAC,AUS,オーストラリアGP,Phillip Island,2009-10-18,julian-simon,確認済,,https://resources.motogp.com/files/results/2009/AUS/125cc/RAC/Classification.pdf
2009,125cc,15,RAC,MAL,マレーシアGP,Petronas Sepang International Circuit,2009-10-25,julian-simon,確認済,,https://resources.motogp.com/files/results/2009/MAL/125cc/RAC/Classification.pdf
2009,125cc,16,RAC,VAL,バレンシアGP,Circuit Ricardo Tormo,2009-11-08,julian-simon,確認済,,https://resources.motogp.com/files/results/2009/VAL/125cc/RAC/Classification.pdf
2010,MotoGP,1,RAC,QAT,カタールGP,Lusail International Circuit,2010-04-11,valentino-rossi,確認済,,https://resources.motogp.com/files/results/2010/QAT/MotoGP/RAC/Classification.pdf
2010,MotoGP,2,RAC,SPA,スペインGP,Circuito de Jerez - Ángel Nieto,2010-05-02,jorge-lorenzo,確認済,,https://resources.motogp.com/files/results/2010/SPA/MotoGP/RAC/Classification.pdf
2010,MotoGP,3,RAC,FRA,フランスGP,Le Mans,2010-05-23,jorge-lorenzo,確認済,,https://resources.motogp.com/files/results/2010/FRA/MotoGP/RAC/Classification.pdf
2010,MotoGP,4,RAC,ITA,イタリアGP,Autodromo Internazionale del Mugello,2010-06-06,dani-pedrosa,確認済,,https://resources.motogp.com/files/results/2010/ITA/MotoGP/RAC/Classification.pdf
2010,MotoGP,5,RAC,GBR,イギリスGP,Silverstone Circuit,2010-06-20,jorge-lorenzo,確認済,,https://resources.motogp.com/files/results/2010/GBR/MotoGP/RAC/Classification.pdf
2010,MotoGP,6,RAC,NED,オランダTT,TT Circuit Assen,2010-06-26,jorge-lorenzo,確認済,,https://resources.motogp.com/files/results/2010/NED/MotoGP/RAC/Classification.pdf
2010,MotoGP,7,RAC,CAT,カタルーニャGP,Circuit de Barcelona-Catalunya,2010-07-04,jorge-lorenzo,確認済,,https://resources.motogp.com/files/results/2010/CAT/MotoGP/RAC/Classification.pdf
2010,MotoGP,8,RAC,GER,ドイツGP,Sachsenring,2010-07-18,dani-pedrosa,確認済,,https://resources.motogp.com/files/results/2010/GER/MotoGP/RAC2/Classification.pdf
2010,MotoGP,9,RAC,USA,アメリカGP,Mazda Raceway,2010-07-25,jorge-lorenzo,確認済,,https://resources.motogp.com/files/results/2010/USA/MotoGP/RAC/Classification.pdf
2010,MotoGP,10,RAC,CZE,チェコGP,CREDITAS Autodrom Brno,2010-08-15,jorge-lorenzo,確認済,,https://resources.motogp.com/files/results/2010/CZE/MotoGP/RAC/Classification.pdf
2010,MotoGP,11,RAC,INP,インディアナポリスGP,Indianapolis Motor Speedway,2010-08-29,dani-pedrosa,確認済,,https://resources.motogp.com/files/results/2010/INP/MotoGP/RAC/Classification.pdf
2010,MotoGP,12,RAC,RSM,サンマリノGP,Misano World Circuit Marco Simoncelli,2010-09-05,dani-pedrosa,確認済,,https://resources.motogp.com/files/results/2010/RSM/MotoGP/RAC/Classification.pdf
2010,MotoGP,13,RAC,ARA,アラゴンGP,MotorLand Aragón,2010-09-19,casey-stoner,確認済,,https://resources.motogp.com/files/results/2010/ARA/MotoGP/RAC/Classification.pdf
2010,MotoGP,14,RAC,JPN,日本GP,Mobility Resort Motegi,2010-10-03,casey-stoner,確認済,,https://resources.motogp.com/files/results/2010/JPN/MotoGP/RAC/Classification.pdf
2010,MotoGP,15,RAC,MAL,マレーシアGP,Petronas Sepang International Circuit,2010-10-10,valentino-rossi,確認済,,https://resources.motogp.com/files/results/2010/MAL/MotoGP/RAC/Classification.pdf
2010,MotoGP,16,RAC,AUS,オーストラリアGP,Phillip Island,2010-10-17,casey-stoner,確認済,,https://resources.motogp.com/files/results/2010/AUS/MotoGP/RAC/Classification.pdf
2010,MotoGP,17,RAC,POR,ポルトガルGP,Estoril Circuit,2010-10-31,jorge-lorenzo,確認済,,https://resources.motogp.com/files/results/2010/POR/MotoGP/RAC/Classification.pdf
2010,MotoGP,18,RAC,VAL,バレンシアGP,Circuit Ricardo Tormo,2010-11-07,jorge-lorenzo,確認済,,https://resources.motogp.com/files/results/2010/VAL/MotoGP/RAC/Classification.pdf
2010,Moto2,1,RAC,QAT,カタールGP,Lusail International Circuit,2010-04-11,shoya-tomizawa,確認済,,https://resources.motogp.com/files/results/2010/QAT/Moto2/RAC/Classification.pdf
2010,Moto2,2,RAC,SPA,スペインGP,Circuito de Jerez - Ángel Nieto,2010-05-02,toni-elias,確認済,,https://resources.motogp.com/files/results/2010/SPA/Moto2/RAC/Classification.pdf
2010,Moto2,3,RAC,FRA,フランスGP,Le Mans,2010-05-23,toni-elias,確認済,,https://resources.motogp.com/files/results/2010/FRA/Moto2/RAC/Classification.pdf
2010,Moto2,4,RAC,ITA,イタリアGP,Autodromo Internazionale del Mugello,2010-06-06,andrea-iannone,確認済,,https://resources.motogp.com/files/results/2010/ITA/Moto2/RAC/Classification.pdf
2010,Moto2,5,RAC,GBR,イギリスGP,Silverstone Circuit,2010-06-20,jules-cluzel,確認済,,https://resources.motogp.com/files/results/2010/GBR/Moto2/RAC/Classification.pdf
2010,Moto2,6,RAC,NED,オランダTT,TT Circuit Assen,2010-06-26,andrea-iannone,確認済,,https://resources.motogp.com/files/results/2010/NED/Moto2/RAC/Classification.pdf
2010,Moto2,7,RAC,CAT,カタルーニャGP,Circuit de Barcelona-Catalunya,2010-07-04,yuki-takahashi,確認済,,https://resources.motogp.com/files/results/2010/CAT/Moto2/RAC/Classification.pdf
2010,Moto2,8,RAC,GER,ドイツGP,Sachsenring,2010-07-18,toni-elias,確認済,,https://resources.motogp.com/files/results/2010/GER/Moto2/RAC/Classification.pdf
2010,Moto2,9,RAC,CZE,チェコGP,CREDITAS Autodrom Brno,2010-08-15,toni-elias,確認済,,https://resources.motogp.com/files/results/2010/CZE/Moto2/RAC/Classification.pdf
2010,Moto2,10,RAC,INP,インディアナポリスGP,Indianapolis Motor Speedway,2010-08-29,toni-elias,確認済,,https://resources.motogp.com/files/results/2010/INP/Moto2/RAC/Classification.pdf
2010,Moto2,11,RAC,RSM,サンマリノGP,Misano World Circuit Marco Simoncelli,2010-09-05,toni-elias,確認済,,https://resources.motogp.com/files/results/2010/RSM/Moto2/RAC/Classification.pdf
2010,Moto2,12,RAC,ARA,アラゴンGP,MotorLand Aragón,2010-09-19,andrea-iannone,確認済,,https://resources.motogp.com/files/results/2010/ARA/Moto2/RAC/Classification.pdf
2010,Moto2,13,RAC,JPN,日本GP,Mobility Resort Motegi,2010-10-03,toni-elias,確認済,,https://resources.motogp.com/files/results/2010/JPN/Moto2/RAC/Classification.pdf
2010,Moto2,14,RAC,MAL,マレーシアGP,Petronas Sepang International Circuit,2010-10-10,roberto-rolfo,確認済,,https://resources.motogp.com/files/results/2010/MAL/Moto2/RAC/Classification.pdf
2010,Moto2,15,RAC,AUS,オーストラリアGP,Phillip Island,2010-10-17,alex-de-angelis,確認済,,https://resources.motogp.com/files/results/2010/AUS/Moto2/RAC/Classification.pdf
2010,Moto2,16,RAC,POR,ポルトガルGP,Estoril Circuit,2010-10-31,stefan-bradl,確認済,,https://resources.motogp.com/files/results/2010/POR/Moto2/RAC/Classification.pdf
2010,Moto2,17,RAC,VAL,バレンシアGP,Circuit Ricardo Tormo,2010-11-07,karel-abraham,確認済,,https://resources.motogp.com/files/results/2010/VAL/Moto2/RAC/Classification.pdf
2010,125cc,1,RAC,QAT,カタールGP,Lusail International Circuit,2010-04-11,nicolas-terol,確認済,,https://resources.motogp.com/files/results/2010/QAT/125cc/RAC/Classification.pdf
2010,125cc,2,RAC,SPA,スペインGP,Circuito de Jerez - Ángel Nieto,2010-05-02,pol-espargaro,確認済,,https://resources.motogp.com/files/results/2010/SPA/125cc/RAC/Classification.pdf
2010,125cc,3,RAC,FRA,フランスGP,Le Mans,2010-05-23,pol-espargaro,確認済,,https://resources.motogp.com/files/results/2010/FRA/125cc/RAC/Classification.pdf
2010,125cc,4,RAC,ITA,イタリアGP,Autodromo Internazionale del Mugello,2010-06-06,marc-marquez,確認済,,https://resources.motogp.com/files/results/2010/ITA/125cc/RAC/Classification.pdf
2010,125cc,5,RAC,GBR,イギリスGP,Silverstone Circuit,2010-06-20,marc-marquez,確認済,,https://resources.motogp.com/files/results/2010/GBR/125cc/RAC/Classification.pdf
2010,125cc,6,RAC,NED,オランダTT,TT Circuit Assen,2010-06-26,marc-marquez,確認済,,https://resources.motogp.com/files/results/2010/NED/125cc/RAC/Classification.pdf
2010,125cc,7,RAC,CAT,カタルーニャGP,Circuit de Barcelona-Catalunya,2010-07-04,marc-marquez,確認済,,https://resources.motogp.com/files/results/2010/CAT/125cc/RAC/Classification.pdf
2010,125cc,8,RAC,GER,ドイツGP,Sachsenring,2010-07-18,marc-marquez,確認済,,https://resources.motogp.com/files/results/2010/GER/125cc/RAC/Classification.pdf
2010,125cc,9,RAC,CZE,チェコGP,CREDITAS Autodrom Brno,2010-08-15,nicolas-terol,確認済,,https://resources.motogp.com/files/results/2010/CZE/125cc/RAC/Classification.pdf
2010,125cc,10,RAC,INP,インディアナポリスGP,Indianapolis Motor Speedway,2010-08-29,nicolas-terol,確認済,,https://resources.motogp.com/files/results/2010/INP/125cc/RAC/Classification.pdf
2010,125cc,11,RAC,RSM,サンマリノGP,Misano World Circuit Marco Simoncelli,2010-09-05,marc-marquez,確認済,,https://resources.motogp.com/files/results/2010/RSM/125cc/RAC/Classification.pdf
2010,125cc,12,RAC,ARA,アラゴンGP,MotorLand Aragón,2010-09-19,pol-espargaro,確認済,,https://resources.motogp.com/files/results/2010/ARA/125cc/RAC/Classification.pdf
2010,125cc,13,RAC,JPN,日本GP,Mobility Resort Motegi,2010-10-03,marc-marquez,確認済,,https://resources.motogp.com/files/results/2010/JPN/125cc/RAC/Classification.pdf
2010,125cc,14,RAC,MAL,マレーシアGP,Petronas Sepang International Circuit,2010-10-10,marc-marquez,確認済,,https://resources.motogp.com/files/results/2010/MAL/125cc/RAC/Classification.pdf
2010,125cc,15,RAC,AUS,オーストラリアGP,Phillip Island,2010-10-17,marc-marquez,確認済,,https://resources.motogp.com/files/results/2010/AUS/125cc/RAC/Classification.pdf
2010,125cc,16,RAC,POR,ポルトガルGP,Estoril Circuit,2010-10-31,marc-marquez,確認済,,https://resources.motogp.com/files/results/2010/POR/125cc/RAC2/Classification.pdf
2010,125cc,17,RAC,VAL,バレンシアGP,Circuit Ricardo Tormo,2010-11-07,bradley-smith,確認済,,https://resources.motogp.com/files/results/2010/VAL/125cc/RAC/Classification.pdf
2011,MotoGP,1,RAC,QAT,カタールGP,Lusail International Circuit,2011-03-20,casey-stoner,確認済,,https://resources.motogp.com/files/results/2011/QAT/MotoGP/RAC/Classification.pdf
2011,MotoGP,2,RAC,SPA,スペインGP,Circuito de Jerez - Ángel Nieto,2011-04-03,jorge-lorenzo,確認済,,https://resources.motogp.com/files/results/2011/SPA/MotoGP/RAC/Classification.pdf
2011,MotoGP,3,RAC,POR,ポルトガルGP,Estoril Circuit,2011-05-01,dani-pedrosa,確認済,,https://resources.motogp.com/files/results/2011/POR/MotoGP/RAC/Classification.pdf
2011,MotoGP,4,RAC,FRA,フランスGP,Le Mans,2011-05-15,casey-stoner,確認済,,https://resources.motogp.com/files/results/2011/FRA/MotoGP/RAC/Classification.pdf
2011,MotoGP,5,RAC,CAT,カタルーニャGP,Circuit de Barcelona-Catalunya,2011-06-05,casey-stoner,確認済,,https://resources.motogp.com/files/results/2011/CAT/MotoGP/RAC/Classification.pdf
2011,MotoGP,6,RAC,GBR,イギリスGP,Silverstone Circuit,2011-06-12,casey-stoner,確認済,,https://resources.motogp.com/files/results/2011/GBR/MotoGP/RAC/Classification.pdf
2011,MotoGP,7,RAC,NED,オランダTT,TT Circuit Assen,2011-06-25,ben-spies,確認済,,https://resources.motogp.com/files/results/2011/NED/MotoGP/RAC/Classification.pdf
2011,MotoGP,8,RAC,ITA,イタリアGP,Autodromo Internazionale del Mugello,2011-07-03,jorge-lorenzo,確認済,,https://resources.motogp.com/files/results/2011/ITA/MotoGP/RAC/Classification.pdf
2011,MotoGP,9,RAC,GER,ドイツGP,Sachsenring,2011-07-17,dani-pedrosa,確認済,,https://resources.motogp.com/files/results/2011/GER/MotoGP/RAC/Classification.pdf
2011,MotoGP,10,RAC,USA,アメリカGP,Mazda Raceway,2011-07-24,casey-stoner,確認済,,https://resources.motogp.com/files/results/2011/USA/MotoGP/RAC/Classification.pdf
2011,MotoGP,11,RAC,CZE,チェコGP,CREDITAS Autodrom Brno,2011-08-14,casey-stoner,確認済,,https://resources.motogp.com/files/results/2011/CZE/MotoGP/RAC/Classification.pdf
2011,MotoGP,12,RAC,INP,インディアナポリスGP,Indianapolis Motor Speedway,2011-08-28,casey-stoner,確認済,,https://resources.motogp.com/files/results/2011/INP/MotoGP/RAC/Classification.pdf
2011,MotoGP,13,RAC,RSM,サンマリノGP,Misano World Circuit Marco Simoncelli,2011-09-04,jorge-lorenzo,確認済,,https://resources.motogp.com/files/results/2011/RSM/MotoGP/RAC/Classification.pdf
2011,MotoGP,14,RAC,ARA,アラゴンGP,MotorLand Aragón,2011-09-18,casey-stoner,確認済,,https://resources.motogp.com/files/results/2011/ARA/MotoGP/RAC/Classification.pdf
2011,MotoGP,15,RAC,JPN,日本GP,Mobility Resort Motegi,2011-10-02,dani-pedrosa,確認済,,https://resources.motogp.com/files/results/2011/JPN/MotoGP/RAC/Classification.pdf
2011,MotoGP,16,RAC,AUS,オーストラリアGP,Phillip Island,2011-10-16,casey-stoner,確認済,,https://resources.motogp.com/files/results/2011/AUS/MotoGP/RAC/Classification.pdf
2011,MotoGP,17,RAC,MAL,マレーシアGP,Petronas Sepang International Circuit,2011-10-23,,確認済,中止（2周目のマルコ・シモンチェリの事故による）,
2011,MotoGP,18,RAC,VAL,バレンシアGP,Circuit Ricardo Tormo,2011-11-06,casey-stoner,確認済,,https://resources.motogp.com/files/results/2011/VAL/MotoGP/RAC/Classification.pdf
2011,Moto2,1,RAC,QAT,カタールGP,Lusail International Circuit,2011-03-20,stefan-bradl,確認済,,https://resources.motogp.com/files/results/2011/QAT/Moto2/RAC/Classification.pdf
2011,Moto2,2,RAC,SPA,スペインGP,Circuito de Jerez - Ángel Nieto,2011-04-03,andrea-iannone,確認済,,https://resources.motogp.com/files/results/2011/SPA/Moto2/RAC/Classification.pdf
2011,Moto2,3,RAC,POR,ポルトガルGP,Estoril Circuit,2011-05-01,stefan-bradl,確認済,,https://resources.motogp.com/files/results/2011/POR/Moto2/RAC/Classification.pdf
2011,Moto2,4,RAC,FRA,フランスGP,Le Mans,2011-05-15,marc-marquez,確認済,,https://resources.motogp.com/files/results/2011/FRA/Moto2/RAC/Classification.pdf
2011,Moto2,5,RAC,CAT,カタルーニャGP,Circuit de Barcelona-Catalunya,2011-06-05,stefan-bradl,確認済,,https://resources.motogp.com/files/results/2011/CAT/Moto2/RAC/Classification.pdf
2011,Moto2,6,RAC,GBR,イギリスGP,Silverstone Circuit,2011-06-12,stefan-bradl,確認済,,https://resources.motogp.com/files/results/2011/GBR/Moto2/RAC/Classification.pdf
2011,Moto2,7,RAC,NED,オランダTT,TT Circuit Assen,2011-06-25,marc-marquez,確認済,,https://resources.motogp.com/files/results/2011/NED/Moto2/RAC/Classification.pdf
2011,Moto2,8,RAC,ITA,イタリアGP,Autodromo Internazionale del Mugello,2011-07-03,marc-marquez,確認済,,https://resources.motogp.com/files/results/2011/ITA/Moto2/RAC/Classification.pdf
2011,Moto2,9,RAC,GER,ドイツGP,Sachsenring,2011-07-17,marc-marquez,確認済,,https://resources.motogp.com/files/results/2011/GER/Moto2/RAC/Classification.pdf
2011,Moto2,10,RAC,CZE,チェコGP,CREDITAS Autodrom Brno,2011-08-14,andrea-iannone,確認済,,https://resources.motogp.com/files/results/2011/CZE/Moto2/RAC/Classification.pdf
2011,Moto2,11,RAC,INP,インディアナポリスGP,Indianapolis Motor Speedway,2011-08-28,marc-marquez,確認済,,https://resources.motogp.com/files/results/2011/INP/Moto2/RAC/Classification.pdf
2011,Moto2,12,RAC,RSM,サンマリノGP,Misano World Circuit Marco Simoncelli,2011-09-04,marc-marquez,確認済,,https://resources.motogp.com/files/results/2011/RSM/Moto2/RAC/Classification.pdf
2011,Moto2,13,RAC,ARA,アラゴンGP,MotorLand Aragón,2011-09-18,marc-marquez,確認済,,https://resources.motogp.com/files/results/2011/ARA/Moto2/RAC/Classification.pdf
2011,Moto2,14,RAC,JPN,日本GP,Mobility Resort Motegi,2011-10-02,andrea-iannone,確認済,,https://resources.motogp.com/files/results/2011/JPN/Moto2/RAC/Classification.pdf
2011,Moto2,15,RAC,AUS,オーストラリアGP,Phillip Island,2011-10-16,alex-de-angelis,確認済,,https://resources.motogp.com/files/results/2011/AUS/Moto2/RAC/Classification.pdf
2011,Moto2,16,RAC,MAL,マレーシアGP,Petronas Sepang International Circuit,2011-10-23,thomas-luthi,確認済,,https://resources.motogp.com/files/results/2011/MAL/Moto2/RAC/Classification.pdf
2011,Moto2,17,RAC,VAL,バレンシアGP,Circuit Ricardo Tormo,2011-11-06,michele-pirro,確認済,,https://resources.motogp.com/files/results/2011/VAL/Moto2/RAC/Classification.pdf
2011,125cc,1,RAC,QAT,カタールGP,Lusail International Circuit,2011-03-20,nicolas-terol,確認済,,https://resources.motogp.com/files/results/2011/QAT/125cc/RAC/Classification.pdf
2011,125cc,2,RAC,SPA,スペインGP,Circuito de Jerez - Ángel Nieto,2011-04-03,nicolas-terol,確認済,,https://resources.motogp.com/files/results/2011/SPA/125cc/RAC/Classification.pdf
2011,125cc,3,RAC,POR,ポルトガルGP,Estoril Circuit,2011-05-01,nicolas-terol,確認済,,https://resources.motogp.com/files/results/2011/POR/125cc/RAC/Classification.pdf
2011,125cc,4,RAC,FRA,フランスGP,Le Mans,2011-05-15,maverick-vinales,確認済,,https://resources.motogp.com/files/results/2011/FRA/125cc/RAC/Classification.pdf
2011,125cc,5,RAC,CAT,カタルーニャGP,Circuit de Barcelona-Catalunya,2011-06-05,nicolas-terol,確認済,,https://resources.motogp.com/files/results/2011/CAT/125cc/RAC/Classification.pdf
2011,125cc,6,RAC,GBR,イギリスGP,Silverstone Circuit,2011-06-12,jonas-folger,確認済,,https://resources.motogp.com/files/results/2011/GBR/125cc/RAC/Classification.pdf
2011,125cc,7,RAC,NED,オランダTT,TT Circuit Assen,2011-06-25,maverick-vinales,確認済,,https://resources.motogp.com/files/results/2011/NED/125cc/RAC/Classification.pdf
2011,125cc,8,RAC,ITA,イタリアGP,Autodromo Internazionale del Mugello,2011-07-03,nicolas-terol,確認済,,https://resources.motogp.com/files/results/2011/ITA/125cc/RAC/Classification.pdf
2011,125cc,9,RAC,GER,ドイツGP,Sachsenring,2011-07-17,hector-faubel,確認済,,https://resources.motogp.com/files/results/2011/GER/125cc/RAC/Classification.pdf
2011,125cc,10,RAC,CZE,チェコGP,CREDITAS Autodrom Brno,2011-08-14,sandro-cortese,確認済,,https://resources.motogp.com/files/results/2011/CZE/125cc/RAC/Classification.pdf
2011,125cc,11,RAC,INP,インディアナポリスGP,Indianapolis Motor Speedway,2011-08-28,nicolas-terol,確認済,,https://resources.motogp.com/files/results/2011/INP/125cc/RAC/Classification.pdf
2011,125cc,12,RAC,RSM,サンマリノGP,Misano World Circuit Marco Simoncelli,2011-09-04,nicolas-terol,確認済,,https://resources.motogp.com/files/results/2011/RSM/125cc/RAC/Classification.pdf
2011,125cc,13,RAC,ARA,アラゴンGP,MotorLand Aragón,2011-09-18,nicolas-terol,確認済,,https://resources.motogp.com/files/results/2011/ARA/125cc/RAC/Classification.pdf
2011,125cc,14,RAC,JPN,日本GP,Mobility Resort Motegi,2011-10-02,johann-zarco,確認済,,https://resources.motogp.com/files/results/2011/JPN/125cc/RAC/Classification.pdf
2011,125cc,15,RAC,AUS,オーストラリアGP,Phillip Island,2011-10-16,sandro-cortese,確認済,,https://resources.motogp.com/files/results/2011/AUS/125cc/RAC/Classification.pdf
2011,125cc,16,RAC,MAL,マレーシアGP,Petronas Sepang International Circuit,2011-10-23,maverick-vinales,確認済,,https://resources.motogp.com/files/results/2011/MAL/125cc/RAC/Classification.pdf
2011,125cc,17,RAC,VAL,バレンシアGP,Circuit Ricardo Tormo,2011-11-06,maverick-vinales,確認済,,https://resources.motogp.com/files/results/2011/VAL/125cc/RAC/Classification.pdf
2012,MotoGP,1,RAC,QAT,カタールGP,Lusail International Circuit,2012-04-08,jorge-lorenzo,確認済,,https://resources.motogp.com/files/results/2012/QAT/MotoGP/RAC/Classification.pdf
2012,MotoGP,2,RAC,SPA,スペインGP,Circuito de Jerez - Ángel Nieto,2012-04-29,casey-stoner,確認済,,https://resources.motogp.com/files/results/2012/SPA/MotoGP/RAC/Classification.pdf
2012,MotoGP,3,RAC,POR,ポルトガルGP,Estoril Circuit,2012-05-06,casey-stoner,確認済,,https://resources.motogp.com/files/results/2012/POR/MotoGP/RAC/Classification.pdf
2012,MotoGP,4,RAC,FRA,フランスGP,Le Mans,2012-05-20,jorge-lorenzo,確認済,,https://resources.motogp.com/files/results/2012/FRA/MotoGP/RAC/Classification.pdf
2012,MotoGP,5,RAC,CAT,カタルーニャGP,Circuit de Barcelona-Catalunya,2012-06-03,jorge-lorenzo,確認済,,https://resources.motogp.com/files/results/2012/CAT/MotoGP/RAC/Classification.pdf
2012,MotoGP,6,RAC,GBR,イギリスGP,Silverstone Circuit,2012-06-17,jorge-lorenzo,確認済,,https://resources.motogp.com/files/results/2012/GBR/MotoGP/RAC/Classification.pdf
2012,MotoGP,7,RAC,NED,オランダTT,TT Circuit Assen,2012-06-30,casey-stoner,確認済,,https://resources.motogp.com/files/results/2012/NED/MotoGP/RAC/Classification.pdf
2012,MotoGP,8,RAC,GER,ドイツGP,Sachsenring,2012-07-08,dani-pedrosa,確認済,,https://resources.motogp.com/files/results/2012/GER/MotoGP/RAC/Classification.pdf
2012,MotoGP,9,RAC,ITA,イタリアGP,Autodromo Internazionale del Mugello,2012-07-15,jorge-lorenzo,確認済,,https://resources.motogp.com/files/results/2012/ITA/MotoGP/RAC/Classification.pdf
2012,MotoGP,10,RAC,USA,アメリカGP,Mazda Raceway,2012-07-29,casey-stoner,確認済,,https://resources.motogp.com/files/results/2012/USA/MotoGP/RAC/Classification.pdf
2012,MotoGP,11,RAC,INP,インディアナポリスGP,Indianapolis Motor Speedway,2012-08-19,dani-pedrosa,確認済,,https://resources.motogp.com/files/results/2012/INP/MotoGP/RAC/Classification.pdf
2012,MotoGP,12,RAC,CZE,チェコGP,CREDITAS Autodrom Brno,2012-08-26,dani-pedrosa,確認済,,https://resources.motogp.com/files/results/2012/CZE/MotoGP/RAC/Classification.pdf
2012,MotoGP,13,RAC,RSM,サンマリノGP,Misano World Circuit Marco Simoncelli,2012-09-16,jorge-lorenzo,確認済,,https://resources.motogp.com/files/results/2012/RSM/MotoGP/RAC/Classification.pdf
2012,MotoGP,14,RAC,ARA,アラゴンGP,MotorLand Aragón,2012-09-30,dani-pedrosa,確認済,,https://resources.motogp.com/files/results/2012/ARA/MotoGP/RAC/Classification.pdf
2012,MotoGP,15,RAC,JPN,日本GP,Mobility Resort Motegi,2012-10-14,dani-pedrosa,確認済,,https://resources.motogp.com/files/results/2012/JPN/MotoGP/RAC/Classification.pdf
2012,MotoGP,16,RAC,MAL,マレーシアGP,Petronas Sepang International Circuit,2012-10-21,dani-pedrosa,確認済,,https://resources.motogp.com/files/results/2012/MAL/MotoGP/RAC/Classification.pdf
2012,MotoGP,17,RAC,AUS,オーストラリアGP,Phillip Island,2012-10-28,casey-stoner,確認済,,https://resources.motogp.com/files/results/2012/AUS/MotoGP/RAC/Classification.pdf
2012,MotoGP,18,RAC,VAL,バレンシアGP,Circuit Ricardo Tormo,2012-11-11,dani-pedrosa,確認済,,https://resources.motogp.com/files/results/2012/VAL/MotoGP/RAC/Classification.pdf
2012,Moto2,1,RAC,QAT,カタールGP,Lusail International Circuit,2012-04-08,marc-marquez,確認済,,https://resources.motogp.com/files/results/2012/QAT/Moto2/RAC/Classification.pdf
2012,Moto2,2,RAC,SPA,スペインGP,Circuito de Jerez - Ángel Nieto,2012-04-29,pol-espargaro,確認済,,https://resources.motogp.com/files/results/2012/SPA/Moto2/RAC/Classification.pdf
2012,Moto2,3,RAC,POR,ポルトガルGP,Estoril Circuit,2012-05-06,marc-marquez,確認済,,https://resources.motogp.com/files/results/2012/POR/Moto2/RAC/Classification.pdf
2012,Moto2,4,RAC,FRA,フランスGP,Le Mans,2012-05-20,thomas-luthi,確認済,,https://resources.motogp.com/files/results/2012/FRA/Moto2/RAC/Classification.pdf
2012,Moto2,5,RAC,CAT,カタルーニャGP,Circuit de Barcelona-Catalunya,2012-06-03,andrea-iannone,確認済,,https://resources.motogp.com/files/results/2012/CAT/Moto2/RAC/Classification.pdf
2012,Moto2,6,RAC,GBR,イギリスGP,Silverstone Circuit,2012-06-17,pol-espargaro,確認済,,https://resources.motogp.com/files/results/2012/GBR/Moto2/RAC/Classification.pdf
2012,Moto2,7,RAC,NED,オランダTT,TT Circuit Assen,2012-06-30,marc-marquez,確認済,,https://resources.motogp.com/files/results/2012/NED/Moto2/RAC/Classification.pdf
2012,Moto2,8,RAC,GER,ドイツGP,Sachsenring,2012-07-08,marc-marquez,確認済,,https://resources.motogp.com/files/results/2012/GER/Moto2/RAC/Classification.pdf
2012,Moto2,9,RAC,ITA,イタリアGP,Autodromo Internazionale del Mugello,2012-07-15,andrea-iannone,確認済,,https://resources.motogp.com/files/results/2012/ITA/Moto2/RAC/Classification.pdf
2012,Moto2,10,RAC,INP,インディアナポリスGP,Indianapolis Motor Speedway,2012-08-19,marc-marquez,確認済,,https://resources.motogp.com/files/results/2012/INP/Moto2/RAC/Classification.pdf
2012,Moto2,11,RAC,CZE,チェコGP,CREDITAS Autodrom Brno,2012-08-26,marc-marquez,確認済,,https://resources.motogp.com/files/results/2012/CZE/Moto2/RAC/Classification.pdf
2012,Moto2,12,RAC,RSM,サンマリノGP,Misano World Circuit Marco Simoncelli,2012-09-16,marc-marquez,確認済,,https://resources.motogp.com/files/results/2012/RSM/Moto2/RAC2/Classification.pdf
2012,Moto2,13,RAC,ARA,アラゴンGP,MotorLand Aragón,2012-09-30,pol-espargaro,確認済,,https://resources.motogp.com/files/results/2012/ARA/Moto2/RAC/Classification.pdf
2012,Moto2,14,RAC,JPN,日本GP,Mobility Resort Motegi,2012-10-14,marc-marquez,確認済,,https://resources.motogp.com/files/results/2012/JPN/Moto2/RAC/Classification.pdf
2012,Moto2,15,RAC,MAL,マレーシアGP,Petronas Sepang International Circuit,2012-10-21,alex-de-angelis,確認済,,https://resources.motogp.com/files/results/2012/MAL/Moto2/RAC/Classification.pdf
2012,Moto2,16,RAC,AUS,オーストラリアGP,Phillip Island,2012-10-28,pol-espargaro,確認済,,https://resources.motogp.com/files/results/2012/AUS/Moto2/RAC/Classification.pdf
2012,Moto2,17,RAC,VAL,バレンシアGP,Circuit Ricardo Tormo,2012-11-11,marc-marquez,確認済,,https://resources.motogp.com/files/results/2012/VAL/Moto2/RAC/Classification.pdf
2012,Moto3,1,RAC,QAT,カタールGP,Lusail International Circuit,2012-04-08,maverick-vinales,確認済,,https://resources.motogp.com/files/results/2012/QAT/Moto3/RAC/Classification.pdf
2012,Moto3,2,RAC,SPA,スペインGP,Circuito de Jerez - Ángel Nieto,2012-04-29,romano-fenati,確認済,,https://resources.motogp.com/files/results/2012/SPA/Moto3/RAC/Classification.pdf
2012,Moto3,3,RAC,POR,ポルトガルGP,Estoril Circuit,2012-05-06,sandro-cortese,確認済,,https://resources.motogp.com/files/results/2012/POR/Moto3/RAC/Classification.pdf
2012,Moto3,4,RAC,FRA,フランスGP,Le Mans,2012-05-20,louis-rossi,確認済,,https://resources.motogp.com/files/results/2012/FRA/Moto3/RAC/Classification.pdf
2012,Moto3,5,RAC,CAT,カタルーニャGP,Circuit de Barcelona-Catalunya,2012-06-03,maverick-vinales,確認済,,https://resources.motogp.com/files/results/2012/CAT/Moto3/RAC/Classification.pdf
2012,Moto3,6,RAC,GBR,イギリスGP,Silverstone Circuit,2012-06-17,maverick-vinales,確認済,,https://resources.motogp.com/files/results/2012/GBR/Moto3/RAC/Classification.pdf
2012,Moto3,7,RAC,NED,オランダTT,TT Circuit Assen,2012-06-30,maverick-vinales,確認済,,https://resources.motogp.com/files/results/2012/NED/Moto3/RAC/Classification.pdf
2012,Moto3,8,RAC,GER,ドイツGP,Sachsenring,2012-07-08,sandro-cortese,確認済,,https://resources.motogp.com/files/results/2012/GER/Moto3/RAC/Classification.pdf
2012,Moto3,9,RAC,ITA,イタリアGP,Autodromo Internazionale del Mugello,2012-07-15,maverick-vinales,確認済,,https://resources.motogp.com/files/results/2012/ITA/Moto3/RAC/Classification.pdf
2012,Moto3,10,RAC,INP,インディアナポリスGP,Indianapolis Motor Speedway,2012-08-19,luis-salom,確認済,,https://resources.motogp.com/files/results/2012/INP/Moto3/RAC/Classification.pdf
2012,Moto3,11,RAC,CZE,チェコGP,CREDITAS Autodrom Brno,2012-08-26,jonas-folger,確認済,,https://resources.motogp.com/files/results/2012/CZE/Moto3/RAC/Classification.pdf
2012,Moto3,12,RAC,RSM,サンマリノGP,Misano World Circuit Marco Simoncelli,2012-09-16,sandro-cortese,確認済,,https://resources.motogp.com/files/results/2012/RSM/Moto3/RAC/Classification.pdf
2012,Moto3,13,RAC,ARA,アラゴンGP,MotorLand Aragón,2012-09-30,luis-salom,確認済,,https://resources.motogp.com/files/results/2012/ARA/Moto3/RAC/Classification.pdf
2012,Moto3,14,RAC,JPN,日本GP,Mobility Resort Motegi,2012-10-14,danny-kent,確認済,,https://resources.motogp.com/files/results/2012/JPN/Moto3/RAC/Classification.pdf
2012,Moto3,15,RAC,MAL,マレーシアGP,Petronas Sepang International Circuit,2012-10-21,sandro-cortese,確認済,,https://resources.motogp.com/files/results/2012/MAL/Moto3/RAC/Classification.pdf
2012,Moto3,16,RAC,AUS,オーストラリアGP,Phillip Island,2012-10-28,sandro-cortese,確認済,,https://resources.motogp.com/files/results/2012/AUS/Moto3/RAC/Classification.pdf
2012,Moto3,17,RAC,VAL,バレンシアGP,Circuit Ricardo Tormo,2012-11-11,danny-kent,確認済,,https://resources.motogp.com/files/results/2012/VAL/Moto3/RAC/Classification.pdf
2013,MotoGP,1,RAC,QAT,カタールGP,Lusail International Circuit,2013-04-07,jorge-lorenzo,確認済,,https://resources.motogp.com/files/results/2013/QAT/MotoGP/RAC/Classification.pdf
2013,MotoGP,2,RAC,AME,アメリカズGP,Circuit Of The Americas,2013-04-21,marc-marquez,確認済,,https://resources.motogp.com/files/results/2013/AME/MotoGP/RAC/Classification.pdf
2013,MotoGP,3,RAC,SPA,スペインGP,Circuito de Jerez - Ángel Nieto,2013-05-05,dani-pedrosa,確認済,,https://resources.motogp.com/files/results/2013/SPA/MotoGP/RAC/Classification.pdf
2013,MotoGP,4,RAC,FRA,フランスGP,Le Mans,2013-05-19,dani-pedrosa,確認済,,https://resources.motogp.com/files/results/2013/FRA/MotoGP/RAC/Classification.pdf
2013,MotoGP,5,RAC,ITA,イタリアGP,Autodromo Internazionale del Mugello,2013-06-02,jorge-lorenzo,確認済,,https://resources.motogp.com/files/results/2013/ITA/MotoGP/RAC/Classification.pdf
2013,MotoGP,6,RAC,CAT,カタルーニャGP,Circuit de Barcelona-Catalunya,2013-06-16,jorge-lorenzo,確認済,,https://resources.motogp.com/files/results/2013/CAT/MotoGP/RAC/Classification.pdf
2013,MotoGP,7,RAC,NED,オランダTT,TT Circuit Assen,2013-06-29,valentino-rossi,確認済,,https://resources.motogp.com/files/results/2013/NED/MotoGP/RAC/Classification.pdf
2013,MotoGP,8,RAC,GER,ドイツGP,Sachsenring,2013-07-14,marc-marquez,確認済,,https://resources.motogp.com/files/results/2013/GER/MotoGP/RAC/Classification.pdf
2013,MotoGP,9,RAC,USA,アメリカズGP,Mazda Raceway,2013-07-21,marc-marquez,確認済,,https://resources.motogp.com/files/results/2013/USA/MotoGP/RAC/Classification.pdf
2013,MotoGP,10,RAC,INP,インディアナポリスGP,Indianapolis Motor Speedway,2013-08-18,marc-marquez,確認済,,https://resources.motogp.com/files/results/2013/INP/MotoGP/RAC/Classification.pdf
2013,MotoGP,11,RAC,CZE,チェコGP,CREDITAS Autodrom Brno,2013-08-25,marc-marquez,確認済,,https://resources.motogp.com/files/results/2013/CZE/MotoGP/RAC/Classification.pdf
2013,MotoGP,12,RAC,GBR,イギリスGP,Silverstone Circuit,2013-09-01,jorge-lorenzo,確認済,,https://resources.motogp.com/files/results/2013/GBR/MotoGP/RAC/Classification.pdf
2013,MotoGP,13,RAC,RSM,サンマリノGP,Misano World Circuit Marco Simoncelli,2013-09-15,jorge-lorenzo,確認済,,https://resources.motogp.com/files/results/2013/RSM/MotoGP/RAC/Classification.pdf
2013,MotoGP,14,RAC,ARA,アラゴンGP,MotorLand Aragón,2013-09-29,marc-marquez,確認済,,https://resources.motogp.com/files/results/2013/ARA/MotoGP/RAC/Classification.pdf
2013,MotoGP,15,RAC,MAL,マレーシアGP,Petronas Sepang International Circuit,2013-10-13,dani-pedrosa,確認済,,https://resources.motogp.com/files/results/2013/MAL/MotoGP/RAC/Classification.pdf
2013,MotoGP,16,RAC,AUS,オーストラリアGP,Phillip Island,2013-10-20,jorge-lorenzo,確認済,,https://resources.motogp.com/files/results/2013/AUS/MotoGP/RAC/Classification.pdf
2013,MotoGP,17,RAC,JPN,日本GP,Mobility Resort Motegi,2013-10-27,jorge-lorenzo,確認済,,https://resources.motogp.com/files/results/2013/JPN/MotoGP/RAC/Classification.pdf
2013,MotoGP,18,RAC,VAL,バレンシアGP,Circuit Ricardo Tormo,2013-11-10,jorge-lorenzo,確認済,,https://resources.motogp.com/files/results/2013/VAL/MotoGP/RAC/Classification.pdf
2013,Moto2,1,RAC,QAT,カタールGP,Lusail International Circuit,2013-04-07,pol-espargaro,確認済,,https://resources.motogp.com/files/results/2013/QAT/Moto2/RAC/Classification.pdf
2013,Moto2,2,RAC,AME,アメリカズGP,Circuit Of The Americas,2013-04-21,nicolas-terol,確認済,,https://resources.motogp.com/files/results/2013/AME/Moto2/RAC/Classification.pdf
2013,Moto2,3,RAC,SPA,スペインGP,Circuito de Jerez - Ángel Nieto,2013-05-05,tito-rabat,確認済,,https://resources.motogp.com/files/results/2013/SPA/Moto2/RAC/Classification.pdf
2013,Moto2,4,RAC,FRA,フランスGP,Le Mans,2013-05-19,scott-redding,確認済,,https://resources.motogp.com/files/results/2013/FRA/Moto2/RAC/Classification.pdf
2013,Moto2,5,RAC,ITA,イタリアGP,Autodromo Internazionale del Mugello,2013-06-02,scott-redding,確認済,,https://resources.motogp.com/files/results/2013/ITA/Moto2/RAC/Classification.pdf
2013,Moto2,6,RAC,CAT,カタルーニャGP,Circuit de Barcelona-Catalunya,2013-06-16,pol-espargaro,確認済,,https://resources.motogp.com/files/results/2013/CAT/Moto2/RAC/Classification.pdf
2013,Moto2,7,RAC,NED,オランダTT,TT Circuit Assen,2013-06-29,pol-espargaro,確認済,,https://resources.motogp.com/files/results/2013/NED/Moto2/RAC/Classification.pdf
2013,Moto2,8,RAC,GER,ドイツGP,Sachsenring,2013-07-14,jordi-torres,確認済,,https://resources.motogp.com/files/results/2013/GER/Moto2/RAC/Classification.pdf
2013,Moto2,9,RAC,INP,インディアナポリスGP,Indianapolis Motor Speedway,2013-08-18,tito-rabat,確認済,,https://resources.motogp.com/files/results/2013/INP/Moto2/RAC/Classification.pdf
2013,Moto2,10,RAC,CZE,チェコGP,CREDITAS Autodrom Brno,2013-08-25,mika-kallio,確認済,,https://resources.motogp.com/files/results/2013/CZE/Moto2/RAC/Classification.pdf
2013,Moto2,11,RAC,GBR,イギリスGP,Silverstone Circuit,2013-09-01,scott-redding,確認済,,https://resources.motogp.com/files/results/2013/GBR/Moto2/RAC/Classification.pdf
2013,Moto2,12,RAC,RSM,サンマリノGP,Misano World Circuit Marco Simoncelli,2013-09-15,pol-espargaro,確認済,,https://resources.motogp.com/files/results/2013/RSM/Moto2/RAC/Classification.pdf
2013,Moto2,13,RAC,ARA,アラゴンGP,MotorLand Aragón,2013-09-29,nicolas-terol,確認済,,https://resources.motogp.com/files/results/2013/ARA/Moto2/RAC/Classification.pdf
2013,Moto2,14,RAC,MAL,マレーシアGP,Petronas Sepang International Circuit,2013-10-13,tito-rabat,確認済,,https://resources.motogp.com/files/results/2013/MAL/Moto2/RAC/Classification.pdf
2013,Moto2,15,RAC,AUS,オーストラリアGP,Phillip Island,2013-10-20,pol-espargaro,確認済,,https://resources.motogp.com/files/results/2013/AUS/Moto2/RAC/Classification.pdf
2013,Moto2,16,RAC,JPN,日本GP,Mobility Resort Motegi,2013-10-27,pol-espargaro,確認済,,https://resources.motogp.com/files/results/2013/JPN/Moto2/RAC/Classification.pdf
2013,Moto2,17,RAC,VAL,バレンシアGP,Circuit Ricardo Tormo,2013-11-10,nicolas-terol,確認済,,https://resources.motogp.com/files/results/2013/VAL/Moto2/RAC/Classification.pdf
2013,Moto3,1,RAC,QAT,カタールGP,Lusail International Circuit,2013-04-07,luis-salom,確認済,,https://resources.motogp.com/files/results/2013/QAT/Moto3/RAC/Classification.pdf
2013,Moto3,2,RAC,AME,アメリカズGP,Circuit Of The Americas,2013-04-21,alex-rins,確認済,,https://resources.motogp.com/files/results/2013/AME/Moto3/RAC/Classification.pdf
2013,Moto3,3,RAC,SPA,スペインGP,Circuito de Jerez - Ángel Nieto,2013-05-05,maverick-vinales,確認済,,https://resources.motogp.com/files/results/2013/SPA/Moto3/RAC/Classification.pdf
2013,Moto3,4,RAC,FRA,フランスGP,Le Mans,2013-05-19,maverick-vinales,確認済,,https://resources.motogp.com/files/results/2013/FRA/Moto3/RAC/Classification.pdf
2013,Moto3,5,RAC,ITA,イタリアGP,Autodromo Internazionale del Mugello,2013-06-02,luis-salom,確認済,,https://resources.motogp.com/files/results/2013/ITA/Moto3/RAC/Classification.pdf
2013,Moto3,6,RAC,CAT,カタルーニャGP,Circuit de Barcelona-Catalunya,2013-06-16,luis-salom,確認済,,https://resources.motogp.com/files/results/2013/CAT/Moto3/RAC/Classification.pdf
2013,Moto3,7,RAC,NED,オランダTT,TT Circuit Assen,2013-06-29,luis-salom,確認済,,https://resources.motogp.com/files/results/2013/NED/Moto3/RAC/Classification.pdf
2013,Moto3,8,RAC,GER,ドイツGP,Sachsenring,2013-07-14,alex-rins,確認済,,https://resources.motogp.com/files/results/2013/GER/Moto3/RAC/Classification.pdf
2013,Moto3,9,RAC,INP,インディアナポリスGP,Indianapolis Motor Speedway,2013-08-18,alex-rins,確認済,,https://resources.motogp.com/files/results/2013/INP/Moto3/RAC/Classification.pdf
2013,Moto3,10,RAC,CZE,チェコGP,CREDITAS Autodrom Brno,2013-08-25,luis-salom,確認済,,https://resources.motogp.com/files/results/2013/CZE/Moto3/RAC/Classification.pdf
2013,Moto3,11,RAC,GBR,イギリスGP,Silverstone Circuit,2013-09-01,luis-salom,確認済,,https://resources.motogp.com/files/results/2013/GBR/Moto3/RAC/Classification.pdf
2013,Moto3,12,RAC,RSM,サンマリノGP,Misano World Circuit Marco Simoncelli,2013-09-15,alex-rins,確認済,,https://resources.motogp.com/files/results/2013/RSM/Moto3/RAC/Classification.pdf
2013,Moto3,13,RAC,ARA,アラゴンGP,MotorLand Aragón,2013-09-29,alex-rins,確認済,,https://resources.motogp.com/files/results/2013/ARA/Moto3/RAC/Classification.pdf
2013,Moto3,14,RAC,MAL,マレーシアGP,Petronas Sepang International Circuit,2013-10-13,luis-salom,確認済,,https://resources.motogp.com/files/results/2013/MAL/Moto3/RAC/Classification.pdf
2013,Moto3,15,RAC,AUS,オーストラリアGP,Phillip Island,2013-10-20,alex-rins,確認済,,https://resources.motogp.com/files/results/2013/AUS/Moto3/RAC/Classification.pdf
2013,Moto3,16,RAC,JPN,日本GP,Mobility Resort Motegi,2013-10-27,alex-marquez,確認済,,https://resources.motogp.com/files/results/2013/JPN/Moto3/RAC/Classification.pdf
2013,Moto3,17,RAC,VAL,バレンシアGP,Circuit Ricardo Tormo,2013-11-10,maverick-vinales,確認済,,https://resources.motogp.com/files/results/2013/VAL/Moto3/RAC/Classification.pdf
2014,MotoGP,1,RAC,QAT,カタールGP,Lusail International Circuit,2014-03-23,marc-marquez,確認済,,https://resources.motogp.com/files/results/2014/QAT/MotoGP/RAC/Classification.pdf
2014,MotoGP,2,RAC,AME,アメリカズGP,Circuit Of The Americas,2014-04-13,marc-marquez,確認済,,https://resources.motogp.com/files/results/2014/AME/MotoGP/RAC/Classification.pdf
2014,MotoGP,3,RAC,ARG,アルゼンチンGP,Termas de Río Hondo,2014-04-27,marc-marquez,確認済,,https://resources.motogp.com/files/results/2014/ARG/MotoGP/RAC/Classification.pdf
2014,MotoGP,4,RAC,SPA,スペインGP,Circuito de Jerez - Ángel Nieto,2014-05-04,marc-marquez,確認済,,https://resources.motogp.com/files/results/2014/SPA/MotoGP/RAC/Classification.pdf
2014,MotoGP,5,RAC,FRA,フランスGP,Le Mans,2014-05-18,marc-marquez,確認済,,https://resources.motogp.com/files/results/2014/FRA/MotoGP/RAC/Classification.pdf
2014,MotoGP,6,RAC,ITA,イタリアGP,Autodromo Internazionale del Mugello,2014-06-01,marc-marquez,確認済,,
2014,MotoGP,7,RAC,CAT,カタルーニャGP,Circuit de Barcelona-Catalunya,2014-06-15,marc-marquez,確認済,,https://resources.motogp.com/files/results/2014/CAT/MotoGP/RAC/Classification.pdf
2014,MotoGP,8,RAC,NED,オランダTT,TT Circuit Assen,2014-06-28,marc-marquez,確認済,,https://resources.motogp.com/files/results/2014/NED/MotoGP/RAC/Classification.pdf
2014,MotoGP,9,RAC,GER,ドイツGP,Sachsenring,2014-07-13,marc-marquez,確認済,,https://resources.motogp.com/files/results/2014/GER/MotoGP/RAC/Classification.pdf
2014,MotoGP,10,RAC,INP,インディアナポリスGP,Indianapolis Motor Speedway,2014-08-10,marc-marquez,確認済,,https://resources.motogp.com/files/results/2014/INP/MotoGP/RAC/Classification.pdf
2014,MotoGP,11,RAC,CZE,チェコGP,CREDITAS Autodrom Brno,2014-08-17,dani-pedrosa,確認済,,https://resources.motogp.com/files/results/2014/CZE/MotoGP/RAC/Classification.pdf
2014,MotoGP,12,RAC,GBR,イギリスGP,Silverstone Circuit,2014-08-31,marc-marquez,確認済,,https://resources.motogp.com/files/results/2014/GBR/MotoGP/RAC/Classification.pdf
2014,MotoGP,13,RAC,RSM,サンマリノGP,Misano World Circuit Marco Simoncelli,2014-09-14,valentino-rossi,確認済,,https://resources.motogp.com/files/results/2014/RSM/MotoGP/RAC/Classification.pdf
2014,MotoGP,14,RAC,ARA,アラゴンGP,MotorLand Aragón,2014-09-28,jorge-lorenzo,確認済,,https://resources.motogp.com/files/results/2014/ARA/MotoGP/RAC/Classification.pdf
2014,MotoGP,15,RAC,JPN,日本GP,Mobility Resort Motegi,2014-10-12,jorge-lorenzo,確認済,,https://resources.motogp.com/files/results/2014/JPN/MotoGP/RAC/Classification.pdf
2014,MotoGP,16,RAC,AUS,オーストラリアGP,Phillip Island,2014-10-19,valentino-rossi,確認済,,https://resources.motogp.com/files/results/2014/AUS/MotoGP/RAC/Classification.pdf
2014,MotoGP,17,RAC,MAL,マレーシアGP,Petronas Sepang International Circuit,2014-10-26,marc-marquez,確認済,,https://resources.motogp.com/files/results/2014/MAL/MotoGP/RAC/Classification.pdf
2014,MotoGP,18,RAC,VAL,バレンシアGP,Circuit Ricardo Tormo,2014-11-09,marc-marquez,確認済,,https://resources.motogp.com/files/results/2014/VAL/MotoGP/RAC/Classification.pdf
2014,Moto2,1,RAC,QAT,カタールGP,Lusail International Circuit,2014-03-23,tito-rabat,確認済,,https://resources.motogp.com/files/results/2014/QAT/Moto2/RAC/Classification.pdf
2014,Moto2,2,RAC,AME,アメリカズGP,Circuit Of The Americas,2014-04-13,maverick-vinales,確認済,,https://resources.motogp.com/files/results/2014/AME/Moto2/RAC/Classification.pdf
2014,Moto2,3,RAC,ARG,アルゼンチンGP,Termas de Río Hondo,2014-04-27,tito-rabat,確認済,,https://resources.motogp.com/files/results/2014/ARG/Moto2/RAC/Classification.pdf
2014,Moto2,4,RAC,SPA,スペインGP,Circuito de Jerez - Ángel Nieto,2014-05-04,mika-kallio,確認済,,https://resources.motogp.com/files/results/2014/SPA/Moto2/RAC/Classification.pdf
2014,Moto2,5,RAC,FRA,フランスGP,Le Mans,2014-05-18,mika-kallio,確認済,,https://resources.motogp.com/files/results/2014/FRA/Moto2/RAC/Classification.pdf
2014,Moto2,6,RAC,ITA,イタリアGP,Autodromo Internazionale del Mugello,2014-06-01,tito-rabat,確認済,,
2014,Moto2,7,RAC,CAT,カタルーニャGP,Circuit de Barcelona-Catalunya,2014-06-15,tito-rabat,確認済,,https://resources.motogp.com/files/results/2014/CAT/Moto2/RAC/Classification.pdf
2014,Moto2,8,RAC,NED,オランダTT,TT Circuit Assen,2014-06-28,anthony-west,確認済,,https://resources.motogp.com/files/results/2014/NED/Moto2/RAC/Classification.pdf
2014,Moto2,9,RAC,GER,ドイツGP,Sachsenring,2014-07-13,dominique-aegerter,確認済,,https://resources.motogp.com/files/results/2014/GER/Moto2/RAC/Classification.pdf
2014,Moto2,10,RAC,INP,インディアナポリスGP,Indianapolis Motor Speedway,2014-08-10,mika-kallio,確認済,,https://resources.motogp.com/files/results/2014/INP/Moto2/RAC/Classification.pdf
2014,Moto2,11,RAC,CZE,チェコGP,CREDITAS Autodrom Brno,2014-08-17,tito-rabat,確認済,,https://resources.motogp.com/files/results/2014/CZE/Moto2/RAC/Classification.pdf
2014,Moto2,12,RAC,GBR,イギリスGP,Silverstone Circuit,2014-08-31,tito-rabat,確認済,,https://resources.motogp.com/files/results/2014/GBR/Moto2/RAC/Classification.pdf
2014,Moto2,13,RAC,RSM,サンマリノGP,Misano World Circuit Marco Simoncelli,2014-09-14,tito-rabat,確認済,,https://resources.motogp.com/files/results/2014/RSM/Moto2/RAC/Classification.pdf
2014,Moto2,14,RAC,ARA,アラゴンGP,MotorLand Aragón,2014-09-28,maverick-vinales,確認済,,https://resources.motogp.com/files/results/2014/ARA/Moto2/RAC/Classification.pdf
2014,Moto2,15,RAC,JPN,日本GP,Mobility Resort Motegi,2014-10-12,thomas-luthi,確認済,,https://resources.motogp.com/files/results/2014/JPN/Moto2/RAC/Classification.pdf
2014,Moto2,16,RAC,AUS,オーストラリアGP,Phillip Island,2014-10-19,maverick-vinales,確認済,,https://resources.motogp.com/files/results/2014/AUS/Moto2/RAC/Classification.pdf
2014,Moto2,17,RAC,MAL,マレーシアGP,Petronas Sepang International Circuit,2014-10-26,maverick-vinales,確認済,,https://resources.motogp.com/files/results/2014/MAL/Moto2/RAC/Classification.pdf
2014,Moto2,18,RAC,VAL,バレンシアGP,Circuit Ricardo Tormo,2014-11-09,thomas-luthi,確認済,,https://resources.motogp.com/files/results/2014/VAL/Moto2/RAC/Classification.pdf
2014,Moto3,1,RAC,QAT,カタールGP,Lusail International Circuit,2014-03-23,jack-miller,確認済,,https://resources.motogp.com/files/results/2014/QAT/Moto3/RAC/Classification.pdf
2014,Moto3,2,RAC,AME,アメリカズGP,Circuit Of The Americas,2014-04-13,jack-miller,確認済,,https://resources.motogp.com/files/results/2014/AME/Moto3/RAC/Classification.pdf
2014,Moto3,3,RAC,ARG,アルゼンチンGP,Termas de Río Hondo,2014-04-27,romano-fenati,確認済,,https://resources.motogp.com/files/results/2014/ARG/Moto3/RAC/Classification.pdf
2014,Moto3,4,RAC,SPA,スペインGP,Circuito de Jerez - Ángel Nieto,2014-05-04,romano-fenati,確認済,,https://resources.motogp.com/files/results/2014/SPA/Moto3/RAC/Classification.pdf
2014,Moto3,5,RAC,FRA,フランスGP,Le Mans,2014-05-18,jack-miller,確認済,,https://resources.motogp.com/files/results/2014/FRA/Moto3/RAC/Classification.pdf
2014,Moto3,6,RAC,ITA,イタリアGP,Autodromo Internazionale del Mugello,2014-06-01,romano-fenati,確認済,,
2014,Moto3,7,RAC,CAT,カタルーニャGP,Circuit de Barcelona-Catalunya,2014-06-15,alex-marquez,確認済,,https://resources.motogp.com/files/results/2014/CAT/Moto3/RAC/Classification.pdf
2014,Moto3,8,RAC,NED,オランダTT,TT Circuit Assen,2014-06-28,alex-marquez,確認済,,https://resources.motogp.com/files/results/2014/NED/Moto3/RAC/Classification.pdf
2014,Moto3,9,RAC,GER,ドイツGP,Sachsenring,2014-07-13,jack-miller,確認済,,https://resources.motogp.com/files/results/2014/GER/Moto3/RAC/Classification.pdf
2014,Moto3,10,RAC,INP,インディアナポリスGP,Indianapolis Motor Speedway,2014-08-10,efren-vazquez,確認済,,https://resources.motogp.com/files/results/2014/INP/Moto3/RAC/Classification.pdf
2014,Moto3,11,RAC,CZE,チェコGP,CREDITAS Autodrom Brno,2014-08-17,alexis-masbou,確認済,,https://resources.motogp.com/files/results/2014/CZE/Moto3/RAC/Classification.pdf
2014,Moto3,12,RAC,GBR,イギリスGP,Silverstone Circuit,2014-08-31,alex-rins,確認済,,https://resources.motogp.com/files/results/2014/GBR/Moto3/RAC/Classification.pdf
2014,Moto3,13,RAC,RSM,サンマリノGP,Misano World Circuit Marco Simoncelli,2014-09-14,alex-rins,確認済,,https://resources.motogp.com/files/results/2014/RSM/Moto3/RAC/Classification.pdf
2014,Moto3,14,RAC,ARA,アラゴンGP,MotorLand Aragón,2014-09-28,romano-fenati,確認済,,https://resources.motogp.com/files/results/2014/ARA/Moto3/RAC/Classification.pdf
2014,Moto3,15,RAC,JPN,日本GP,Mobility Resort Motegi,2014-10-12,alex-marquez,確認済,,https://resources.motogp.com/files/results/2014/JPN/Moto3/RAC/Classification.pdf
2014,Moto3,16,RAC,AUS,オーストラリアGP,Phillip Island,2014-10-19,jack-miller,確認済,,https://resources.motogp.com/files/results/2014/AUS/Moto3/RAC/Classification.pdf
2014,Moto3,17,RAC,MAL,マレーシアGP,Petronas Sepang International Circuit,2014-10-26,efren-vazquez,確認済,,https://resources.motogp.com/files/results/2014/MAL/Moto3/RAC/Classification.pdf
2014,Moto3,18,RAC,VAL,バレンシアGP,Circuit Ricardo Tormo,2014-11-09,jack-miller,確認済,,https://resources.motogp.com/files/results/2014/VAL/Moto3/RAC/Classification.pdf
2015,MotoGP,1,RAC,QAT,カタールGP,Lusail International Circuit,2015-03-29,valentino-rossi,確認済,,https://resources.motogp.com/files/results/2015/QAT/MotoGP/RAC/Classification.pdf
2015,MotoGP,2,RAC,AME,アメリカズGP,Circuit Of The Americas,2015-04-12,marc-marquez,確認済,,https://resources.motogp.com/files/results/2015/AME/MotoGP/RAC/Classification.pdf
2015,MotoGP,3,RAC,ARG,アルゼンチンGP,Termas de Río Hondo,2015-04-19,valentino-rossi,確認済,,https://resources.motogp.com/files/results/2015/ARG/MotoGP/RAC/Classification.pdf
2015,MotoGP,4,RAC,SPA,スペインGP,Circuito de Jerez - Ángel Nieto,2015-05-03,jorge-lorenzo,確認済,,https://resources.motogp.com/files/results/2015/SPA/MotoGP/RAC/Classification.pdf
2015,MotoGP,5,RAC,FRA,フランスGP,Le Mans,2015-05-17,jorge-lorenzo,確認済,,https://resources.motogp.com/files/results/2015/FRA/MotoGP/RAC/Classification.pdf
2015,MotoGP,6,RAC,ITA,イタリアGP,Autodromo Internazionale del Mugello,2015-05-31,jorge-lorenzo,確認済,,https://resources.motogp.com/files/results/2015/ITA/MotoGP/RAC/Classification.pdf
2015,MotoGP,7,RAC,CAT,カタルーニャGP,Circuit de Barcelona-Catalunya,2015-06-14,jorge-lorenzo,確認済,,https://resources.motogp.com/files/results/2015/CAT/MotoGP/RAC/Classification.pdf
2015,MotoGP,8,RAC,NED,オランダTT,TT Circuit Assen,2015-06-27,valentino-rossi,確認済,,https://resources.motogp.com/files/results/2015/NED/MotoGP/RAC/Classification.pdf
2015,MotoGP,9,RAC,GER,ドイツGP,Sachsenring,2015-07-12,marc-marquez,確認済,,https://resources.motogp.com/files/results/2015/GER/MotoGP/RAC/Classification.pdf
2015,MotoGP,10,RAC,INP,インディアナポリスGP,Indianapolis Motor Speedway,2015-08-09,marc-marquez,確認済,,https://resources.motogp.com/files/results/2015/INP/MotoGP/RAC/Classification.pdf
2015,MotoGP,11,RAC,CZE,チェコGP,CREDITAS Autodrom Brno,2015-08-16,jorge-lorenzo,確認済,,https://resources.motogp.com/files/results/2015/CZE/MotoGP/RAC/Classification.pdf
2015,MotoGP,12,RAC,GBR,イギリスGP,Silverstone Circuit,2015-08-30,valentino-rossi,確認済,,https://resources.motogp.com/files/results/2015/GBR/MotoGP/RAC/Classification.pdf
2015,MotoGP,13,RAC,RSM,サンマリノGP,Misano World Circuit Marco Simoncelli,2015-09-13,marc-marquez,確認済,,https://resources.motogp.com/files/results/2015/RSM/MotoGP/RAC/Classification.pdf
2015,MotoGP,14,RAC,ARA,アラゴンGP,MotorLand Aragón,2015-09-27,jorge-lorenzo,確認済,,https://resources.motogp.com/files/results/2015/ARA/MotoGP/RAC/Classification.pdf
2015,MotoGP,15,RAC,JPN,日本GP,Mobility Resort Motegi,2015-10-11,dani-pedrosa,確認済,,https://resources.motogp.com/files/results/2015/JPN/MotoGP/RAC/Classification.pdf
2015,MotoGP,16,RAC,AUS,オーストラリアGP,Phillip Island,2015-10-18,marc-marquez,確認済,,https://resources.motogp.com/files/results/2015/AUS/MotoGP/RAC/Classification.pdf
2015,MotoGP,17,RAC,MAL,マレーシアGP,Petronas Sepang International Circuit,2015-10-25,dani-pedrosa,確認済,,https://resources.motogp.com/files/results/2015/MAL/MotoGP/RAC/Classification.pdf
2015,MotoGP,18,RAC,VAL,バレンシアGP,Circuit Ricardo Tormo,2015-11-08,jorge-lorenzo,確認済,,https://resources.motogp.com/files/results/2015/VAL/MotoGP/RAC/Classification.pdf
2015,Moto2,1,RAC,QAT,カタールGP,Lusail International Circuit,2015-03-29,jonas-folger,確認済,,https://resources.motogp.com/files/results/2015/QAT/Moto2/RAC/Classification.pdf
2015,Moto2,2,RAC,AME,アメリカズGP,Circuit Of The Americas,2015-04-12,sam-lowes,確認済,,https://resources.motogp.com/files/results/2015/AME/Moto2/RAC/Classification.pdf
2015,Moto2,3,RAC,ARG,アルゼンチンGP,Termas de Río Hondo,2015-04-19,johann-zarco,確認済,,https://resources.motogp.com/files/results/2015/ARG/Moto2/RAC/Classification.pdf
2015,Moto2,4,RAC,SPA,スペインGP,Circuito de Jerez - Ángel Nieto,2015-05-03,jonas-folger,確認済,,https://resources.motogp.com/files/results/2015/SPA/Moto2/RAC/Classification.pdf
2015,Moto2,5,RAC,FRA,フランスGP,Le Mans,2015-05-17,thomas-luthi,確認済,,https://resources.motogp.com/files/results/2015/FRA/Moto2/RAC/Classification.pdf
2015,Moto2,6,RAC,ITA,イタリアGP,Autodromo Internazionale del Mugello,2015-05-31,tito-rabat,確認済,,https://resources.motogp.com/files/results/2015/ITA/Moto2/RAC/Classification.pdf
2015,Moto2,7,RAC,CAT,カタルーニャGP,Circuit de Barcelona-Catalunya,2015-06-14,johann-zarco,確認済,,https://resources.motogp.com/files/results/2015/CAT/Moto2/RAC/Classification.pdf
2015,Moto2,8,RAC,NED,オランダTT,TT Circuit Assen,2015-06-27,johann-zarco,確認済,,https://resources.motogp.com/files/results/2015/NED/Moto2/RAC/Classification.pdf
2015,Moto2,9,RAC,GER,ドイツGP,Sachsenring,2015-07-12,xavier-simeon,確認済,,https://resources.motogp.com/files/results/2015/GER/Moto2/RAC/Classification.pdf
2015,Moto2,10,RAC,INP,インディアナポリスGP,Indianapolis Motor Speedway,2015-08-09,alex-rins,確認済,,https://resources.motogp.com/files/results/2015/INP/Moto2/RAC/Classification.pdf
2015,Moto2,11,RAC,CZE,チェコGP,CREDITAS Autodrom Brno,2015-08-16,johann-zarco,確認済,,https://resources.motogp.com/files/results/2015/CZE/Moto2/RAC/Classification.pdf
2015,Moto2,12,RAC,GBR,イギリスGP,Silverstone Circuit,2015-08-30,johann-zarco,確認済,,https://resources.motogp.com/files/results/2015/GBR/Moto2/RAC/Classification.pdf
2015,Moto2,13,RAC,RSM,サンマリノGP,Misano World Circuit Marco Simoncelli,2015-09-13,johann-zarco,確認済,,https://resources.motogp.com/files/results/2015/RSM/Moto2/RAC/Classification.pdf
2015,Moto2,14,RAC,ARA,アラゴンGP,MotorLand Aragón,2015-09-27,tito-rabat,確認済,,https://resources.motogp.com/files/results/2015/ARA/Moto2/RAC/Classification.pdf
2015,Moto2,15,RAC,JPN,日本GP,Mobility Resort Motegi,2015-10-11,johann-zarco,確認済,,https://resources.motogp.com/files/results/2015/JPN/Moto2/RAC/Classification.pdf
2015,Moto2,16,RAC,AUS,オーストラリアGP,Phillip Island,2015-10-18,alex-rins,確認済,,https://resources.motogp.com/files/results/2015/AUS/Moto2/RAC/Classification.pdf
2015,Moto2,17,RAC,MAL,マレーシアGP,Petronas Sepang International Circuit,2015-10-25,johann-zarco,確認済,,https://resources.motogp.com/files/results/2015/MAL/Moto2/RAC/Classification.pdf
2015,Moto2,18,RAC,VAL,バレンシアGP,Circuit Ricardo Tormo,2015-11-08,tito-rabat,確認済,,https://resources.motogp.com/files/results/2015/VAL/Moto2/RAC/Classification.pdf
2015,Moto3,1,RAC,QAT,カタールGP,Lusail International Circuit,2015-03-29,alexis-masbou,確認済,,https://resources.motogp.com/files/results/2015/QAT/Moto3/RAC/Classification.pdf
2015,Moto3,2,RAC,AME,アメリカズGP,Circuit Of The Americas,2015-04-12,danny-kent,確認済,,https://resources.motogp.com/files/results/2015/AME/Moto3/RAC/Classification.pdf
2015,Moto3,3,RAC,ARG,アルゼンチンGP,Termas de Río Hondo,2015-04-19,danny-kent,確認済,,https://resources.motogp.com/files/results/2015/ARG/Moto3/RAC/Classification.pdf
2015,Moto3,4,RAC,SPA,スペインGP,Circuito de Jerez - Ángel Nieto,2015-05-03,danny-kent,確認済,,https://resources.motogp.com/files/results/2015/SPA/Moto3/RAC/Classification.pdf
2015,Moto3,5,RAC,FRA,フランスGP,Le Mans,2015-05-17,romano-fenati,確認済,,https://resources.motogp.com/files/results/2015/FRA/Moto3/RAC/Classification.pdf
2015,Moto3,6,RAC,ITA,イタリアGP,Autodromo Internazionale del Mugello,2015-05-31,miguel-oliveira,確認済,,https://resources.motogp.com/files/results/2015/ITA/Moto3/RAC/Classification.pdf
2015,Moto3,7,RAC,CAT,カタルーニャGP,Circuit de Barcelona-Catalunya,2015-06-14,danny-kent,確認済,,https://resources.motogp.com/files/results/2015/CAT/Moto3/RAC/Classification.pdf
2015,Moto3,8,RAC,NED,オランダTT,TT Circuit Assen,2015-06-27,miguel-oliveira,確認済,,https://resources.motogp.com/files/results/2015/NED/Moto3/RAC/Classification.pdf
2015,Moto3,9,RAC,GER,ドイツGP,Sachsenring,2015-07-12,danny-kent,確認済,,https://resources.motogp.com/files/results/2015/GER/Moto3/RAC/Classification.pdf
2015,Moto3,10,RAC,INP,インディアナポリスGP,Indianapolis Motor Speedway,2015-08-09,livio-loi,確認済,,https://resources.motogp.com/files/results/2015/INP/Moto3/RAC/Classification.pdf
2015,Moto3,11,RAC,CZE,チェコGP,CREDITAS Autodrom Brno,2015-08-16,niccolo-antonelli,確認済,,https://resources.motogp.com/files/results/2015/CZE/Moto3/RAC/Classification.pdf
2015,Moto3,12,RAC,GBR,イギリスGP,Silverstone Circuit,2015-08-30,danny-kent,確認済,,https://resources.motogp.com/files/results/2015/GBR/Moto3/RAC/Classification.pdf
2015,Moto3,13,RAC,RSM,サンマリノGP,Misano World Circuit Marco Simoncelli,2015-09-13,enea-bastianini,確認済,,https://resources.motogp.com/files/results/2015/RSM/Moto3/RAC/Classification.pdf
2015,Moto3,14,RAC,ARA,アラゴンGP,MotorLand Aragón,2015-09-27,miguel-oliveira,確認済,,https://resources.motogp.com/files/results/2015/ARA/Moto3/RAC/Classification.pdf
2015,Moto3,15,RAC,JPN,日本GP,Mobility Resort Motegi,2015-10-11,niccolo-antonelli,確認済,,https://resources.motogp.com/files/results/2015/JPN/Moto3/RAC/Classification.pdf
2015,Moto3,16,RAC,AUS,オーストラリアGP,Phillip Island,2015-10-18,miguel-oliveira,確認済,,https://resources.motogp.com/files/results/2015/AUS/Moto3/RAC/Classification.pdf
2015,Moto3,17,RAC,MAL,マレーシアGP,Petronas Sepang International Circuit,2015-10-25,miguel-oliveira,確認済,,https://resources.motogp.com/files/results/2015/MAL/Moto3/RAC/Classification.pdf
2015,Moto3,18,RAC,VAL,バレンシアGP,Circuit Ricardo Tormo,2015-11-08,miguel-oliveira,確認済,,https://resources.motogp.com/files/results/2015/VAL/Moto3/RAC/Classification.pdf
2016,MotoGP,1,RAC,QAT,カタールGP,Lusail International Circuit,2016-03-20,jorge-lorenzo,確認済,,https://resources.motogp.com/files/results/2016/QAT/MotoGP/RAC/Classification.pdf
2016,MotoGP,2,RAC,ARG,アルゼンチンGP,Termas de Río Hondo,2016-04-03,marc-marquez,確認済,,https://resources.motogp.com/files/results/2016/ARG/MotoGP/RAC/Classification.pdf
2016,MotoGP,3,RAC,AME,アメリカズGP,Circuit Of The Americas,2016-04-10,marc-marquez,確認済,,https://resources.motogp.com/files/results/2016/AME/MotoGP/RAC/Classification.pdf
2016,MotoGP,4,RAC,SPA,スペインGP,Circuito de Jerez - Ángel Nieto,2016-04-24,valentino-rossi,確認済,,https://resources.motogp.com/files/results/2016/SPA/MotoGP/RAC/Classification.pdf
2016,MotoGP,5,RAC,FRA,フランスGP,Le Mans,2016-05-08,jorge-lorenzo,確認済,,https://resources.motogp.com/files/results/2016/FRA/MotoGP/RAC/Classification.pdf
2016,MotoGP,6,RAC,ITA,イタリアGP,Autodromo Internazionale del Mugello,2016-05-22,jorge-lorenzo,確認済,,https://resources.motogp.com/files/results/2016/ITA/MotoGP/RAC/Classification.pdf
2016,MotoGP,7,RAC,CAT,カタルーニャGP,Circuit de Barcelona-Catalunya,2016-06-05,valentino-rossi,確認済,,https://resources.motogp.com/files/results/2016/CAT/MotoGP/RAC/Classification.pdf
2016,MotoGP,8,RAC,NED,オランダTT,TT Circuit Assen,2016-06-26,jack-miller,確認済,,https://resources.motogp.com/files/results/2016/NED/MotoGP/RAC2/Classification.pdf
2016,MotoGP,9,RAC,GER,ドイツGP,Sachsenring,2016-07-17,marc-marquez,確認済,,https://resources.motogp.com/files/results/2016/GER/MotoGP/RAC/Classification.pdf
2016,MotoGP,10,RAC,AUT,オーストリアGP,Red Bull Ring - Spielberg,2016-08-14,andrea-iannone,確認済,,https://resources.motogp.com/files/results/2016/AUT/MotoGP/RAC/Classification.pdf
2016,MotoGP,11,RAC,CZE,チェコGP,CREDITAS Autodrom Brno,2016-08-21,cal-crutchlow,確認済,,https://resources.motogp.com/files/results/2016/CZE/MotoGP/RAC/Classification.pdf
2016,MotoGP,12,RAC,GBR,イギリスGP,Silverstone Circuit,2016-09-04,maverick-vinales,確認済,,https://resources.motogp.com/files/results/2016/GBR/MotoGP/RAC/Classification.pdf
2016,MotoGP,13,RAC,RSM,サンマリノGP,Misano World Circuit Marco Simoncelli,2016-09-11,dani-pedrosa,確認済,,https://resources.motogp.com/files/results/2016/RSM/MotoGP/RAC/Classification.pdf
2016,MotoGP,14,RAC,ARA,アラゴンGP,MotorLand Aragón,2016-09-25,marc-marquez,確認済,,https://resources.motogp.com/files/results/2016/ARA/MotoGP/RAC/Classification.pdf
2016,MotoGP,15,RAC,JPN,日本GP,Mobility Resort Motegi,2016-10-16,marc-marquez,確認済,,https://resources.motogp.com/files/results/2016/JPN/MotoGP/RAC/Classification.pdf
2016,MotoGP,16,RAC,AUS,オーストラリアGP,Phillip Island,2016-10-23,cal-crutchlow,確認済,,https://resources.motogp.com/files/results/2016/AUS/MotoGP/RAC/Classification.pdf
2016,MotoGP,17,RAC,MAL,マレーシアGP,Petronas Sepang International Circuit,2016-10-30,andrea-dovizioso,確認済,,https://resources.motogp.com/files/results/2016/MAL/MotoGP/RAC/Classification.pdf
2016,MotoGP,18,RAC,VAL,バレンシアGP,Circuit Ricardo Tormo,2016-11-13,jorge-lorenzo,確認済,,https://resources.motogp.com/files/results/2016/VAL/MotoGP/RAC/Classification.pdf
2016,Moto2,1,RAC,QAT,カタールGP,Lusail International Circuit,2016-03-20,thomas-luthi,確認済,,https://resources.motogp.com/files/results/2016/QAT/Moto2/RAC/Classification.pdf
2016,Moto2,2,RAC,ARG,アルゼンチンGP,Termas de Río Hondo,2016-04-03,johann-zarco,確認済,,https://resources.motogp.com/files/results/2016/ARG/Moto2/RAC/Classification.pdf
2016,Moto2,3,RAC,AME,アメリカズGP,Circuit Of The Americas,2016-04-10,alex-rins,確認済,,https://resources.motogp.com/files/results/2016/AME/Moto2/RAC/Classification.pdf
2016,Moto2,4,RAC,SPA,スペインGP,Circuito de Jerez - Ángel Nieto,2016-04-24,sam-lowes,確認済,,https://resources.motogp.com/files/results/2016/SPA/Moto2/RAC/Classification.pdf
2016,Moto2,5,RAC,FRA,フランスGP,Le Mans,2016-05-08,alex-rins,確認済,,https://resources.motogp.com/files/results/2016/FRA/Moto2/RAC/Classification.pdf
2016,Moto2,6,RAC,ITA,イタリアGP,Autodromo Internazionale del Mugello,2016-05-22,johann-zarco,確認済,,https://resources.motogp.com/files/results/2016/ITA/Moto2/RAC2/Classification.pdf
2016,Moto2,7,RAC,CAT,カタルーニャGP,Circuit de Barcelona-Catalunya,2016-06-05,johann-zarco,確認済,,https://resources.motogp.com/files/results/2016/CAT/Moto2/RAC/Classification.pdf
2016,Moto2,8,RAC,NED,オランダTT,TT Circuit Assen,2016-06-26,takaaki-nakagami,確認済,,https://resources.motogp.com/files/results/2016/NED/Moto2/RAC/Classification.pdf
2016,Moto2,9,RAC,GER,ドイツGP,Sachsenring,2016-07-17,johann-zarco,確認済,,https://resources.motogp.com/files/results/2016/GER/Moto2/RAC/Classification.pdf
2016,Moto2,10,RAC,AUT,オーストリアGP,Red Bull Ring - Spielberg,2016-08-14,johann-zarco,確認済,,https://resources.motogp.com/files/results/2016/AUT/Moto2/RAC/Classification.pdf
2016,Moto2,11,RAC,CZE,チェコGP,CREDITAS Autodrom Brno,2016-08-21,jonas-folger,確認済,,https://resources.motogp.com/files/results/2016/CZE/Moto2/RAC/Classification.pdf
2016,Moto2,12,RAC,GBR,イギリスGP,Silverstone Circuit,2016-09-04,thomas-luthi,確認済,,https://resources.motogp.com/files/results/2016/GBR/Moto2/RAC/Classification.pdf
2016,Moto2,13,RAC,RSM,サンマリノGP,Misano World Circuit Marco Simoncelli,2016-09-11,lorenzo-baldassarri,確認済,,https://resources.motogp.com/files/results/2016/RSM/Moto2/RAC/Classification.pdf
2016,Moto2,14,RAC,ARA,アラゴンGP,MotorLand Aragón,2016-09-25,sam-lowes,確認済,,https://resources.motogp.com/files/results/2016/ARA/Moto2/RAC/Classification.pdf
2016,Moto2,15,RAC,JPN,日本GP,Mobility Resort Motegi,2016-10-16,thomas-luthi,確認済,,https://resources.motogp.com/files/results/2016/JPN/Moto2/RAC/Classification.pdf
2016,Moto2,16,RAC,AUS,オーストラリアGP,Phillip Island,2016-10-23,thomas-luthi,確認済,,https://resources.motogp.com/files/results/2016/AUS/Moto2/RAC/Classification.pdf
2016,Moto2,17,RAC,MAL,マレーシアGP,Petronas Sepang International Circuit,2016-10-30,johann-zarco,確認済,,https://resources.motogp.com/files/results/2016/MAL/Moto2/RAC/Classification.pdf
2016,Moto2,18,RAC,VAL,バレンシアGP,Circuit Ricardo Tormo,2016-11-13,johann-zarco,確認済,,https://resources.motogp.com/files/results/2016/VAL/Moto2/RAC/Classification.pdf
2016,Moto3,1,RAC,QAT,カタールGP,Lusail International Circuit,2016-03-20,niccolo-antonelli,確認済,,https://resources.motogp.com/files/results/2016/QAT/Moto3/RAC/Classification.pdf
2016,Moto3,2,RAC,ARG,アルゼンチンGP,Termas de Río Hondo,2016-04-03,khairul-idham-pawi,確認済,,https://resources.motogp.com/files/results/2016/ARG/Moto3/RAC/Classification.pdf
2016,Moto3,3,RAC,AME,アメリカズGP,Circuit Of The Americas,2016-04-10,romano-fenati,確認済,,https://resources.motogp.com/files/results/2016/AME/Moto3/RAC/Classification.pdf
2016,Moto3,4,RAC,SPA,スペインGP,Circuito de Jerez - Ángel Nieto,2016-04-24,brad-binder,確認済,,https://resources.motogp.com/files/results/2016/SPA/Moto3/RAC/Classification.pdf
2016,Moto3,5,RAC,FRA,フランスGP,Le Mans,2016-05-08,brad-binder,確認済,,https://resources.motogp.com/files/results/2016/FRA/Moto3/RAC/Classification.pdf
2016,Moto3,6,RAC,ITA,イタリアGP,Autodromo Internazionale del Mugello,2016-05-22,brad-binder,確認済,,https://resources.motogp.com/files/results/2016/ITA/Moto3/RAC/Classification.pdf
2016,Moto3,7,RAC,CAT,カタルーニャGP,Circuit de Barcelona-Catalunya,2016-06-05,jorge-navarro,確認済,,https://resources.motogp.com/files/results/2016/CAT/Moto3/RAC/Classification.pdf
2016,Moto3,8,RAC,NED,オランダTT,TT Circuit Assen,2016-06-26,francesco-bagnaia,確認済,,https://resources.motogp.com/files/results/2016/NED/Moto3/RAC/Classification.pdf
2016,Moto3,9,RAC,GER,ドイツGP,Sachsenring,2016-07-17,khairul-idham-pawi,確認済,,https://resources.motogp.com/files/results/2016/GER/Moto3/RAC/Classification.pdf
2016,Moto3,10,RAC,AUT,オーストリアGP,Red Bull Ring - Spielberg,2016-08-14,joan-mir,確認済,,https://resources.motogp.com/files/results/2016/AUT/Moto3/RAC/Classification.pdf
2016,Moto3,11,RAC,CZE,チェコGP,CREDITAS Autodrom Brno,2016-08-21,john-mcphee,確認済,,https://resources.motogp.com/files/results/2016/CZE/Moto3/RAC/Classification.pdf
2016,Moto3,12,RAC,GBR,イギリスGP,Silverstone Circuit,2016-09-04,brad-binder,確認済,,https://resources.motogp.com/files/results/2016/GBR/Moto3/RAC/Classification.pdf
2016,Moto3,13,RAC,RSM,サンマリノGP,Misano World Circuit Marco Simoncelli,2016-09-11,brad-binder,確認済,,https://resources.motogp.com/files/results/2016/RSM/Moto3/RAC/Classification.pdf
2016,Moto3,14,RAC,ARA,アラゴンGP,MotorLand Aragón,2016-09-25,jorge-navarro,確認済,,https://resources.motogp.com/files/results/2016/ARA/Moto3/RAC/Classification.pdf
2016,Moto3,15,RAC,JPN,日本GP,Mobility Resort Motegi,2016-10-16,enea-bastianini,確認済,,https://resources.motogp.com/files/results/2016/JPN/Moto3/RAC/Classification.pdf
2016,Moto3,16,RAC,AUS,オーストラリアGP,Phillip Island,2016-10-23,brad-binder,確認済,,https://resources.motogp.com/files/results/2016/AUS/Moto3/RAC2/Classification.pdf
2016,Moto3,17,RAC,MAL,マレーシアGP,Petronas Sepang International Circuit,2016-10-30,francesco-bagnaia,確認済,,https://resources.motogp.com/files/results/2016/MAL/Moto3/RAC/Classification.pdf
2016,Moto3,18,RAC,VAL,バレンシアGP,Circuit Ricardo Tormo,2016-11-13,brad-binder,確認済,,https://resources.motogp.com/files/results/2016/VAL/Moto3/RAC/Classification.pdf
2017,MotoGP,1,RAC,QAT,カタールGP,Lusail International Circuit,2017-03-26,maverick-vinales,確認済,,https://resources.motogp.com/files/results/2017/QAT/MotoGP/RAC/Classification.pdf
2017,MotoGP,2,RAC,ARG,アルゼンチンGP,Termas de Río Hondo,2017-04-09,maverick-vinales,確認済,,https://resources.motogp.com/files/results/2017/ARG/MotoGP/RAC/Classification.pdf
2017,MotoGP,3,RAC,AME,アメリカズGP,Circuit Of The Americas,2017-04-23,marc-marquez,確認済,,https://resources.motogp.com/files/results/2017/AME/MotoGP/RAC/Classification.pdf
2017,MotoGP,4,RAC,SPA,スペインGP,Circuito de Jerez - Ángel Nieto,2017-05-07,dani-pedrosa,確認済,,https://resources.motogp.com/files/results/2017/SPA/MotoGP/RAC/Classification.pdf
2017,MotoGP,5,RAC,FRA,フランスGP,Le Mans,2017-05-21,maverick-vinales,確認済,,https://resources.motogp.com/files/results/2017/FRA/MotoGP/RAC/Classification.pdf
2017,MotoGP,6,RAC,ITA,イタリアGP,Autodromo Internazionale del Mugello,2017-06-04,andrea-dovizioso,確認済,,https://resources.motogp.com/files/results/2017/ITA/MotoGP/RAC/Classification.pdf
2017,MotoGP,7,RAC,CAT,カタルーニャGP,Circuit de Barcelona-Catalunya,2017-06-11,andrea-dovizioso,確認済,,https://resources.motogp.com/files/results/2017/CAT/MotoGP/RAC/Classification.pdf
2017,MotoGP,8,RAC,NED,オランダTT,TT Circuit Assen,2017-06-25,valentino-rossi,確認済,,https://resources.motogp.com/files/results/2017/NED/MotoGP/RAC/Classification.pdf
2017,MotoGP,9,RAC,GER,ドイツGP,Sachsenring,2017-07-02,marc-marquez,確認済,,https://resources.motogp.com/files/results/2017/GER/MotoGP/RAC/Classification.pdf
2017,MotoGP,10,RAC,CZE,チェコGP,CREDITAS Autodrom Brno,2017-08-06,marc-marquez,確認済,,https://resources.motogp.com/files/results/2017/CZE/MotoGP/RAC/Classification.pdf
2017,MotoGP,11,RAC,AUT,オーストリアGP,Red Bull Ring - Spielberg,2017-08-13,andrea-dovizioso,確認済,,https://resources.motogp.com/files/results/2017/AUT/MotoGP/RAC/Classification.pdf
2017,MotoGP,12,RAC,GBR,イギリスGP,Silverstone Circuit,2017-08-27,andrea-dovizioso,確認済,,https://resources.motogp.com/files/results/2017/GBR/MotoGP/RAC/Classification.pdf
2017,MotoGP,13,RAC,RSM,サンマリノGP,Misano World Circuit Marco Simoncelli,2017-09-10,marc-marquez,確認済,,https://resources.motogp.com/files/results/2017/RSM/MotoGP/RAC/Classification.pdf
2017,MotoGP,14,RAC,ARA,アラゴンGP,MotorLand Aragón,2017-09-24,marc-marquez,確認済,,https://resources.motogp.com/files/results/2017/ARA/MotoGP/RAC/Classification.pdf
2017,MotoGP,15,RAC,JPN,日本GP,Mobility Resort Motegi,2017-10-15,andrea-dovizioso,確認済,,https://resources.motogp.com/files/results/2017/JPN/MotoGP/RAC/Classification.pdf
2017,MotoGP,16,RAC,AUS,オーストラリアGP,Phillip Island,2017-10-22,marc-marquez,確認済,,https://resources.motogp.com/files/results/2017/AUS/MotoGP/RAC/Classification.pdf
2017,MotoGP,17,RAC,MAL,マレーシアGP,Petronas Sepang International Circuit,2017-10-29,andrea-dovizioso,確認済,,https://resources.motogp.com/files/results/2017/MAL/MotoGP/RAC/Classification.pdf
2017,MotoGP,18,RAC,VAL,バレンシアGP,Circuit Ricardo Tormo,2017-11-12,dani-pedrosa,確認済,,https://resources.motogp.com/files/results/2017/VAL/MotoGP/RAC/Classification.pdf
2017,Moto2,1,RAC,QAT,カタールGP,Lusail International Circuit,2017-03-26,franco-morbidelli,確認済,,https://resources.motogp.com/files/results/2017/QAT/Moto2/RAC/Classification.pdf
2017,Moto2,2,RAC,ARG,アルゼンチンGP,Termas de Río Hondo,2017-04-09,franco-morbidelli,確認済,,https://resources.motogp.com/files/results/2017/ARG/Moto2/RAC/Classification.pdf
2017,Moto2,3,RAC,AME,アメリカズGP,Circuit Of The Americas,2017-04-23,franco-morbidelli,確認済,,https://resources.motogp.com/files/results/2017/AME/Moto2/RAC/Classification.pdf
2017,Moto2,4,RAC,SPA,スペインGP,Circuito de Jerez - Ángel Nieto,2017-05-07,alex-marquez,確認済,,https://resources.motogp.com/files/results/2017/SPA/Moto2/RAC/Classification.pdf
2017,Moto2,5,RAC,FRA,フランスGP,Le Mans,2017-05-21,franco-morbidelli,確認済,,https://resources.motogp.com/files/results/2017/FRA/Moto2/RAC/Classification.pdf
2017,Moto2,6,RAC,ITA,イタリアGP,Autodromo Internazionale del Mugello,2017-06-04,mattia-pasini,確認済,,https://resources.motogp.com/files/results/2017/ITA/Moto2/RAC/Classification.pdf
2017,Moto2,7,RAC,CAT,カタルーニャGP,Circuit de Barcelona-Catalunya,2017-06-11,alex-marquez,確認済,,https://resources.motogp.com/files/results/2017/CAT/Moto2/RAC/Classification.pdf
2017,Moto2,8,RAC,NED,オランダTT,TT Circuit Assen,2017-06-25,franco-morbidelli,確認済,,https://resources.motogp.com/files/results/2017/NED/Moto2/RAC/Classification.pdf
2017,Moto2,9,RAC,GER,ドイツGP,Sachsenring,2017-07-02,franco-morbidelli,確認済,,https://resources.motogp.com/files/results/2017/GER/Moto2/RAC/Classification.pdf
2017,Moto2,10,RAC,CZE,チェコGP,CREDITAS Autodrom Brno,2017-08-06,thomas-luthi,確認済,,https://resources.motogp.com/files/results/2017/CZE/Moto2/RAC2/Classification.pdf
2017,Moto2,11,RAC,AUT,オーストリアGP,Red Bull Ring - Spielberg,2017-08-13,franco-morbidelli,確認済,,https://resources.motogp.com/files/results/2017/AUT/Moto2/RAC/Classification.pdf
2017,Moto2,12,RAC,GBR,イギリスGP,Silverstone Circuit,2017-08-27,takaaki-nakagami,確認済,,https://resources.motogp.com/files/results/2017/GBR/Moto2/RAC/Classification.pdf
2017,Moto2,13,RAC,RSM,サンマリノGP,Misano World Circuit Marco Simoncelli,2017-09-10,thomas-luthi,確認済,,https://resources.motogp.com/files/results/2017/RSM/Moto2/RAC/Classification.pdf
2017,Moto2,14,RAC,ARA,アラゴンGP,MotorLand Aragón,2017-09-24,franco-morbidelli,確認済,,https://resources.motogp.com/files/results/2017/ARA/Moto2/RAC/Classification.pdf
2017,Moto2,15,RAC,JPN,日本GP,Mobility Resort Motegi,2017-10-15,alex-marquez,確認済,,https://resources.motogp.com/files/results/2017/JPN/Moto2/RAC/Classification.pdf
2017,Moto2,16,RAC,AUS,オーストラリアGP,Phillip Island,2017-10-22,miguel-oliveira,確認済,,https://resources.motogp.com/files/results/2017/AUS/Moto2/RAC/Classification.pdf
2017,Moto2,17,RAC,MAL,マレーシアGP,Petronas Sepang International Circuit,2017-10-29,miguel-oliveira,確認済,,https://resources.motogp.com/files/results/2017/MAL/Moto2/RAC/Classification.pdf
2017,Moto2,18,RAC,VAL,バレンシアGP,Circuit Ricardo Tormo,2017-11-12,miguel-oliveira,確認済,,https://resources.motogp.com/files/results/2017/VAL/Moto2/RAC/Classification.pdf
2017,Moto3,1,RAC,QAT,カタールGP,Lusail International Circuit,2017-03-26,joan-mir,確認済,,https://resources.motogp.com/files/results/2017/QAT/Moto3/RAC/Classification.pdf
2017,Moto3,2,RAC,ARG,アルゼンチンGP,Termas de Río Hondo,2017-04-09,joan-mir,確認済,,https://resources.motogp.com/files/results/2017/ARG/Moto3/RAC/Classification.pdf
2017,Moto3,3,RAC,AME,アメリカズGP,Circuit Of The Americas,2017-04-23,romano-fenati,確認済,,https://resources.motogp.com/files/results/2017/AME/Moto3/RAC/Classification.pdf
2017,Moto3,4,RAC,SPA,スペインGP,Circuito de Jerez - Ángel Nieto,2017-05-07,aron-canet,確認済,,https://resources.motogp.com/files/results/2017/SPA/Moto3/RAC/Classification.pdf
2017,Moto3,5,RAC,FRA,フランスGP,Le Mans,2017-05-21,joan-mir,確認済,,https://resources.motogp.com/files/results/2017/FRA/Moto3/RAC/Classification.pdf
2017,Moto3,6,RAC,ITA,イタリアGP,Autodromo Internazionale del Mugello,2017-06-04,andrea-migno,確認済,,https://resources.motogp.com/files/results/2017/ITA/Moto3/RAC/Classification.pdf
2017,Moto3,7,RAC,CAT,カタルーニャGP,Circuit de Barcelona-Catalunya,2017-06-11,joan-mir,確認済,,https://resources.motogp.com/files/results/2017/CAT/Moto3/RAC/Classification.pdf
2017,Moto3,8,RAC,NED,オランダTT,TT Circuit Assen,2017-06-25,aron-canet,確認済,,https://resources.motogp.com/files/results/2017/NED/Moto3/RAC/Classification.pdf
2017,Moto3,9,RAC,GER,ドイツGP,Sachsenring,2017-07-02,joan-mir,確認済,,https://resources.motogp.com/files/results/2017/GER/Moto3/RAC/Classification.pdf
2017,Moto3,10,RAC,CZE,チェコGP,CREDITAS Autodrom Brno,2017-08-06,joan-mir,確認済,,https://resources.motogp.com/files/results/2017/CZE/Moto3/RAC/Classification.pdf
2017,Moto3,11,RAC,AUT,オーストリアGP,Red Bull Ring - Spielberg,2017-08-13,joan-mir,確認済,,https://resources.motogp.com/files/results/2017/AUT/Moto3/RAC/Classification.pdf
2017,Moto3,12,RAC,GBR,イギリスGP,Silverstone Circuit,2017-08-27,aron-canet,確認済,,https://resources.motogp.com/files/results/2017/GBR/Moto3/RAC/Classification.pdf
2017,Moto3,13,RAC,RSM,サンマリノGP,Misano World Circuit Marco Simoncelli,2017-09-10,romano-fenati,確認済,,https://resources.motogp.com/files/results/2017/RSM/Moto3/RAC/Classification.pdf
2017,Moto3,14,RAC,ARA,アラゴンGP,MotorLand Aragón,2017-09-24,joan-mir,確認済,,https://resources.motogp.com/files/results/2017/ARA/Moto3/RAC/Classification.pdf
2017,Moto3,15,RAC,JPN,日本GP,Mobility Resort Motegi,2017-10-15,romano-fenati,確認済,,https://resources.motogp.com/files/results/2017/JPN/Moto3/RAC/Classification.pdf
2017,Moto3,16,RAC,AUS,オーストラリアGP,Phillip Island,2017-10-22,joan-mir,確認済,,https://resources.motogp.com/files/results/2017/AUS/Moto3/RAC/Classification.pdf
2017,Moto3,17,RAC,MAL,マレーシアGP,Petronas Sepang International Circuit,2017-10-29,joan-mir,確認済,,https://resources.motogp.com/files/results/2017/MAL/Moto3/RAC/Classification.pdf
2017,Moto3,18,RAC,VAL,バレンシアGP,Circuit Ricardo Tormo,2017-11-12,jorge-martin,確認済,,https://resources.motogp.com/files/results/2017/VAL/Moto3/RAC/Classification.pdf
2018,MotoGP,1,RAC,QAT,カタールGP,Lusail International Circuit,2018-03-18,andrea-dovizioso,確認済,,https://resources.motogp.com/files/results/2018/QAT/MotoGP/RAC/Classification.pdf
2018,MotoGP,2,RAC,ARG,アルゼンチンGP,Termas de Río Hondo,2018-04-08,cal-crutchlow,確認済,,https://resources.motogp.com/files/results/2018/ARG/MotoGP/RAC/Classification.pdf
2018,MotoGP,3,RAC,AME,アメリカズGP,Circuit Of The Americas,2018-04-22,marc-marquez,確認済,,https://resources.motogp.com/files/results/2018/AME/MotoGP/RAC/Classification.pdf
2018,MotoGP,4,RAC,SPA,スペインGP,Circuito de Jerez - Ángel Nieto,2018-05-06,marc-marquez,確認済,,https://resources.motogp.com/files/results/2018/SPA/MotoGP/RAC/Classification.pdf
2018,MotoGP,5,RAC,FRA,フランスGP,Le Mans,2018-05-20,marc-marquez,確認済,,https://resources.motogp.com/files/results/2018/FRA/MotoGP/RAC/Classification.pdf
2018,MotoGP,6,RAC,ITA,イタリアGP,Autodromo Internazionale del Mugello,2018-06-03,jorge-lorenzo,確認済,,https://resources.motogp.com/files/results/2018/ITA/MotoGP/RAC/Classification.pdf
2018,MotoGP,7,RAC,CAT,カタルーニャGP,Circuit de Barcelona-Catalunya,2018-06-17,jorge-lorenzo,確認済,,https://resources.motogp.com/files/results/2018/CAT/MotoGP/RAC/Classification.pdf
2018,MotoGP,8,RAC,NED,オランダTT,TT Circuit Assen,2018-07-01,marc-marquez,確認済,,https://resources.motogp.com/files/results/2018/NED/MotoGP/RAC/Classification.pdf
2018,MotoGP,9,RAC,GER,ドイツGP,Sachsenring,2018-07-15,marc-marquez,確認済,,https://resources.motogp.com/files/results/2018/GER/MotoGP/RAC/Classification.pdf
2018,MotoGP,10,RAC,CZE,チェコGP,CREDITAS Autodrom Brno,2018-08-05,andrea-dovizioso,確認済,,https://resources.motogp.com/files/results/2018/CZE/MotoGP/RAC/Classification.pdf
2018,MotoGP,11,RAC,AUT,オーストリアGP,Red Bull Ring - Spielberg,2018-08-12,jorge-lorenzo,確認済,,https://resources.motogp.com/files/results/2018/AUT/MotoGP/RAC/Classification.pdf
2018,MotoGP,12,RAC,GBR,イギリスGP,Silverstone Circuit,2018-08-26,,確認済,中止（大雨・路面の排水不良）,
2018,MotoGP,13,RAC,RSM,サンマリノGP,Misano World Circuit Marco Simoncelli,2018-09-09,andrea-dovizioso,確認済,,https://resources.motogp.com/files/results/2018/RSM/MotoGP/RAC/Classification.pdf
2018,MotoGP,14,RAC,ARA,アラゴンGP,MotorLand Aragón,2018-09-23,marc-marquez,確認済,,https://resources.motogp.com/files/results/2018/ARA/MotoGP/RAC/Classification.pdf
2018,MotoGP,15,RAC,THA,タイGP,Chang International Circuit,2018-10-07,marc-marquez,確認済,,https://resources.motogp.com/files/results/2018/THA/MotoGP/RAC/Classification.pdf
2018,MotoGP,16,RAC,JPN,日本GP,Mobility Resort Motegi,2018-10-21,marc-marquez,確認済,,https://resources.motogp.com/files/results/2018/JPN/MotoGP/RAC/Classification.pdf
2018,MotoGP,17,RAC,AUS,オーストラリアGP,Phillip Island,2018-10-28,maverick-vinales,確認済,,https://resources.motogp.com/files/results/2018/AUS/MotoGP/RAC/Classification.pdf
2018,MotoGP,18,RAC,MAL,マレーシアGP,Petronas Sepang International Circuit,2018-11-04,marc-marquez,確認済,,https://resources.motogp.com/files/results/2018/MAL/MotoGP/RAC/Classification.pdf
2018,MotoGP,19,RAC,VAL,バレンシアGP,Circuit Ricardo Tormo,2018-11-18,andrea-dovizioso,確認済,,https://resources.motogp.com/files/results/2018/VAL/MotoGP/RAC2/Classification.pdf
2018,Moto2,1,RAC,QAT,カタールGP,Lusail International Circuit,2018-03-18,francesco-bagnaia,確認済,,https://resources.motogp.com/files/results/2018/QAT/Moto2/RAC/Classification.pdf
2018,Moto2,2,RAC,ARG,アルゼンチンGP,Termas de Río Hondo,2018-04-08,mattia-pasini,確認済,,https://resources.motogp.com/files/results/2018/ARG/Moto2/RAC/Classification.pdf
2018,Moto2,3,RAC,AME,アメリカズGP,Circuit Of The Americas,2018-04-22,francesco-bagnaia,確認済,,https://resources.motogp.com/files/results/2018/AME/Moto2/RAC/Classification.pdf
2018,Moto2,4,RAC,SPA,スペインGP,Circuito de Jerez - Ángel Nieto,2018-05-06,lorenzo-baldassarri,確認済,,https://resources.motogp.com/files/results/2018/SPA/Moto2/RAC/Classification.pdf
2018,Moto2,5,RAC,FRA,フランスGP,Le Mans,2018-05-20,francesco-bagnaia,確認済,,https://resources.motogp.com/files/results/2018/FRA/Moto2/RAC/Classification.pdf
2018,Moto2,6,RAC,ITA,イタリアGP,Autodromo Internazionale del Mugello,2018-06-03,miguel-oliveira,確認済,,https://resources.motogp.com/files/results/2018/ITA/Moto2/RAC/Classification.pdf
2018,Moto2,7,RAC,CAT,カタルーニャGP,Circuit de Barcelona-Catalunya,2018-06-17,fabio-quartararo,確認済,,https://resources.motogp.com/files/results/2018/CAT/Moto2/RAC/Classification.pdf
2018,Moto2,8,RAC,NED,オランダTT,TT Circuit Assen,2018-07-01,francesco-bagnaia,確認済,,https://resources.motogp.com/files/results/2018/NED/Moto2/RAC/Classification.pdf
2018,Moto2,9,RAC,GER,ドイツGP,Sachsenring,2018-07-15,brad-binder,確認済,,https://resources.motogp.com/files/results/2018/GER/Moto2/RAC/Classification.pdf
2018,Moto2,10,RAC,CZE,チェコGP,CREDITAS Autodrom Brno,2018-08-05,miguel-oliveira,確認済,,https://resources.motogp.com/files/results/2018/CZE/Moto2/RAC/Classification.pdf
2018,Moto2,11,RAC,AUT,オーストリアGP,Red Bull Ring - Spielberg,2018-08-12,francesco-bagnaia,確認済,,https://resources.motogp.com/files/results/2018/AUT/Moto2/RAC/Classification.pdf
2018,Moto2,12,RAC,GBR,イギリスGP,Silverstone Circuit,2018-08-26,,確認済,中止（大雨・路面の排水不良）,
2018,Moto2,13,RAC,RSM,サンマリノGP,Misano World Circuit Marco Simoncelli,2018-09-09,francesco-bagnaia,確認済,,https://resources.motogp.com/files/results/2018/RSM/Moto2/RAC/Classification.pdf
2018,Moto2,14,RAC,ARA,アラゴンGP,MotorLand Aragón,2018-09-23,brad-binder,確認済,,https://resources.motogp.com/files/results/2018/ARA/Moto2/RAC/Classification.pdf
2018,Moto2,15,RAC,THA,タイGP,Chang International Circuit,2018-10-07,francesco-bagnaia,確認済,,https://resources.motogp.com/files/results/2018/THA/Moto2/RAC/Classification.pdf
2018,Moto2,16,RAC,JPN,日本GP,Mobility Resort Motegi,2018-10-21,francesco-bagnaia,確認済,,https://resources.motogp.com/files/results/2018/JPN/Moto2/RAC/Classification.pdf
2018,Moto2,17,RAC,AUS,オーストラリアGP,Phillip Island,2018-10-28,brad-binder,確認済,,https://resources.motogp.com/files/results/2018/AUS/Moto2/RAC/Classification.pdf
2018,Moto2,18,RAC,MAL,マレーシアGP,Petronas Sepang International Circuit,2018-11-04,luca-marini,確認済,,https://resources.motogp.com/files/results/2018/MAL/Moto2/RAC/Classification.pdf
2018,Moto2,19,RAC,VAL,バレンシアGP,Circuit Ricardo Tormo,2018-11-18,miguel-oliveira,確認済,,https://resources.motogp.com/files/results/2018/VAL/Moto2/RAC/Classification.pdf
2018,Moto3,1,RAC,QAT,カタールGP,Lusail International Circuit,2018-03-18,jorge-martin,確認済,,https://resources.motogp.com/files/results/2018/QAT/Moto3/RAC/Classification.pdf
2018,Moto3,2,RAC,ARG,アルゼンチンGP,Termas de Río Hondo,2018-04-08,marco-bezzecchi,確認済,,https://resources.motogp.com/files/results/2018/ARG/Moto3/RAC/Classification.pdf
2018,Moto3,3,RAC,AME,アメリカズGP,Circuit Of The Americas,2018-04-22,jorge-martin,確認済,,https://resources.motogp.com/files/results/2018/AME/Moto3/RAC/Classification.pdf
2018,Moto3,4,RAC,SPA,スペインGP,Circuito de Jerez - Ángel Nieto,2018-05-06,philipp-ottl,確認済,,https://resources.motogp.com/files/results/2018/SPA/Moto3/RAC/Classification.pdf
2018,Moto3,5,RAC,FRA,フランスGP,Le Mans,2018-05-20,albert-arenas,確認済,,https://resources.motogp.com/files/results/2018/FRA/Moto3/RAC/Classification.pdf
2018,Moto3,6,RAC,ITA,イタリアGP,Autodromo Internazionale del Mugello,2018-06-03,jorge-martin,確認済,,https://resources.motogp.com/files/results/2018/ITA/Moto3/RAC/Classification.pdf
2018,Moto3,7,RAC,CAT,カタルーニャGP,Circuit de Barcelona-Catalunya,2018-06-17,enea-bastianini,確認済,,https://resources.motogp.com/files/results/2018/CAT/Moto3/RAC/Classification.pdf
2018,Moto3,8,RAC,NED,オランダTT,TT Circuit Assen,2018-07-01,jorge-martin,確認済,,https://resources.motogp.com/files/results/2018/NED/Moto3/RAC/Classification.pdf
2018,Moto3,9,RAC,GER,ドイツGP,Sachsenring,2018-07-15,jorge-martin,確認済,,https://resources.motogp.com/files/results/2018/GER/Moto3/RAC/Classification.pdf
2018,Moto3,10,RAC,CZE,チェコGP,CREDITAS Autodrom Brno,2018-08-05,fabio-di-giannantonio,確認済,,https://resources.motogp.com/files/results/2018/CZE/Moto3/RAC/Classification.pdf
2018,Moto3,11,RAC,AUT,オーストリアGP,Red Bull Ring - Spielberg,2018-08-12,marco-bezzecchi,確認済,,https://resources.motogp.com/files/results/2018/AUT/Moto3/RAC/Classification.pdf
2018,Moto3,12,RAC,GBR,イギリスGP,Silverstone Circuit,2018-08-26,,確認済,中止（大雨・路面の排水不良）,
2018,Moto3,13,RAC,RSM,サンマリノGP,Misano World Circuit Marco Simoncelli,2018-09-09,lorenzo-dalla-porta,確認済,,https://resources.motogp.com/files/results/2018/RSM/Moto3/RAC/Classification.pdf
2018,Moto3,14,RAC,ARA,アラゴンGP,MotorLand Aragón,2018-09-23,jorge-martin,確認済,,https://resources.motogp.com/files/results/2018/ARA/Moto3/RAC/Classification.pdf
2018,Moto3,15,RAC,THA,タイGP,Chang International Circuit,2018-10-07,fabio-di-giannantonio,確認済,,https://resources.motogp.com/files/results/2018/THA/Moto3/RAC/Classification.pdf
2018,Moto3,16,RAC,JPN,日本GP,Mobility Resort Motegi,2018-10-21,marco-bezzecchi,確認済,,https://resources.motogp.com/files/results/2018/JPN/Moto3/RAC/Classification.pdf
2018,Moto3,17,RAC,AUS,オーストラリアGP,Phillip Island,2018-10-28,albert-arenas,確認済,,https://resources.motogp.com/files/results/2018/AUS/Moto3/RAC/Classification.pdf
2018,Moto3,18,RAC,MAL,マレーシアGP,Petronas Sepang International Circuit,2018-11-04,jorge-martin,確認済,,https://resources.motogp.com/files/results/2018/MAL/Moto3/RAC/Classification.pdf
2018,Moto3,19,RAC,VAL,バレンシアGP,Circuit Ricardo Tormo,2018-11-18,can-oncu,確認済,,https://resources.motogp.com/files/results/2018/VAL/Moto3/RAC/Classification.pdf
2019,MotoGP,1,RAC,QAT,カタールGP,Lusail International Circuit,2019-03-10,andrea-dovizioso,確認済,,https://resources.motogp.com/files/results/2019/QAT/MotoGP/RAC/Classification.pdf
2019,MotoGP,2,RAC,ARG,アルゼンチンGP,Termas de Río Hondo,2019-03-31,marc-marquez,確認済,,https://resources.motogp.com/files/results/2019/ARG/MotoGP/RAC/Classification.pdf
2019,MotoGP,3,RAC,AME,アメリカズGP,Circuit Of The Americas,2019-04-14,alex-rins,確認済,,https://resources.motogp.com/files/results/2019/AME/MotoGP/RAC/Classification.pdf
2019,MotoGP,4,RAC,SPA,スペインGP,Circuito de Jerez - Ángel Nieto,2019-05-05,marc-marquez,確認済,,https://resources.motogp.com/files/results/2019/SPA/MotoGP/RAC/Classification.pdf
2019,MotoGP,5,RAC,FRA,フランスGP,Le Mans,2019-05-19,marc-marquez,確認済,,https://resources.motogp.com/files/results/2019/FRA/MotoGP/RAC/Classification.pdf
2019,MotoGP,6,RAC,ITA,イタリアGP,Autodromo Internazionale del Mugello,2019-06-02,danilo-petrucci,確認済,,https://resources.motogp.com/files/results/2019/ITA/MotoGP/RAC/Classification.pdf
2019,MotoGP,7,RAC,CAT,カタルーニャGP,Circuit de Barcelona-Catalunya,2019-06-16,marc-marquez,確認済,,https://resources.motogp.com/files/results/2019/CAT/MotoGP/RAC/Classification.pdf
2019,MotoGP,8,RAC,NED,オランダTT,TT Circuit Assen,2019-06-30,maverick-vinales,確認済,,https://resources.motogp.com/files/results/2019/NED/MotoGP/RAC/Classification.pdf
2019,MotoGP,9,RAC,GER,ドイツGP,Sachsenring,2019-07-07,marc-marquez,確認済,,https://resources.motogp.com/files/results/2019/GER/MotoGP/RAC/Classification.pdf
2019,MotoGP,10,RAC,CZE,チェコGP,CREDITAS Autodrom Brno,2019-08-04,marc-marquez,確認済,,https://resources.motogp.com/files/results/2019/CZE/MotoGP/RAC/Classification.pdf
2019,MotoGP,11,RAC,AUT,オーストリアGP,Red Bull Ring - Spielberg,2019-08-11,andrea-dovizioso,確認済,,https://resources.motogp.com/files/results/2019/AUT/MotoGP/RAC/Classification.pdf
2019,MotoGP,12,RAC,GBR,イギリスGP,Silverstone Circuit,2019-08-25,alex-rins,確認済,,https://resources.motogp.com/files/results/2019/GBR/MotoGP/RAC/Classification.pdf
2019,MotoGP,13,RAC,RSM,サンマリノGP,Misano World Circuit Marco Simoncelli,2019-09-15,marc-marquez,確認済,,https://resources.motogp.com/files/results/2019/RSM/MotoGP/RAC/Classification.pdf
2019,MotoGP,14,RAC,ARA,アラゴンGP,MotorLand Aragón,2019-09-22,marc-marquez,確認済,,https://resources.motogp.com/files/results/2019/ARA/MotoGP/RAC/Classification.pdf
2019,MotoGP,15,RAC,THA,タイGP,Chang International Circuit,2019-10-06,marc-marquez,確認済,,https://resources.motogp.com/files/results/2019/THA/MotoGP/RAC/Classification.pdf
2019,MotoGP,16,RAC,JPN,日本GP,Mobility Resort Motegi,2019-10-20,marc-marquez,確認済,,https://resources.motogp.com/files/results/2019/JPN/MotoGP/RAC/Classification.pdf
2019,MotoGP,17,RAC,AUS,オーストラリアGP,Phillip Island,2019-10-27,marc-marquez,確認済,,https://resources.motogp.com/files/results/2019/AUS/MotoGP/RAC/Classification.pdf
2019,MotoGP,18,RAC,MAL,マレーシアGP,Petronas Sepang International Circuit,2019-11-03,maverick-vinales,確認済,,https://resources.motogp.com/files/results/2019/MAL/MotoGP/RAC/Classification.pdf
2019,MotoGP,19,RAC,VAL,バレンシアGP,Circuit Ricardo Tormo,2019-11-17,marc-marquez,確認済,,https://resources.motogp.com/files/results/2019/VAL/MotoGP/RAC/Classification.pdf
2019,Moto2,1,RAC,QAT,カタールGP,Lusail International Circuit,2019-03-10,lorenzo-baldassarri,確認済,,https://resources.motogp.com/files/results/2019/QAT/Moto2/RAC/Classification.pdf
2019,Moto2,2,RAC,ARG,アルゼンチンGP,Termas de Río Hondo,2019-03-31,lorenzo-baldassarri,確認済,,https://resources.motogp.com/files/results/2019/ARG/Moto2/RAC/Classification.pdf
2019,Moto2,3,RAC,AME,アメリカズGP,Circuit Of The Americas,2019-04-14,thomas-luthi,確認済,,https://resources.motogp.com/files/results/2019/AME/Moto2/RAC/Classification.pdf
2019,Moto2,4,RAC,SPA,スペインGP,Circuito de Jerez - Ángel Nieto,2019-05-05,lorenzo-baldassarri,確認済,,https://resources.motogp.com/files/results/2019/SPA/Moto2/RAC/Classification.pdf
2019,Moto2,5,RAC,FRA,フランスGP,Le Mans,2019-05-19,alex-marquez,確認済,,https://resources.motogp.com/files/results/2019/FRA/Moto2/RAC/Classification.pdf
2019,Moto2,6,RAC,ITA,イタリアGP,Autodromo Internazionale del Mugello,2019-06-02,alex-marquez,確認済,,https://resources.motogp.com/files/results/2019/ITA/Moto2/RAC/Classification.pdf
2019,Moto2,7,RAC,CAT,カタルーニャGP,Circuit de Barcelona-Catalunya,2019-06-16,alex-marquez,確認済,,https://resources.motogp.com/files/results/2019/CAT/Moto2/RAC/Classification.pdf
2019,Moto2,8,RAC,NED,オランダTT,TT Circuit Assen,2019-06-30,augusto-fernandez,確認済,,https://resources.motogp.com/files/results/2019/NED/Moto2/RAC/Classification.pdf
2019,Moto2,9,RAC,GER,ドイツGP,Sachsenring,2019-07-07,alex-marquez,確認済,,https://resources.motogp.com/files/results/2019/GER/Moto2/RAC/Classification.pdf
2019,Moto2,10,RAC,CZE,チェコGP,CREDITAS Autodrom Brno,2019-08-04,alex-marquez,確認済,,https://resources.motogp.com/files/results/2019/CZE/Moto2/RAC/Classification.pdf
2019,Moto2,11,RAC,AUT,オーストリアGP,Red Bull Ring - Spielberg,2019-08-11,brad-binder,確認済,,https://resources.motogp.com/files/results/2019/AUT/Moto2/RAC/Classification.pdf
2019,Moto2,12,RAC,GBR,イギリスGP,Silverstone Circuit,2019-08-25,augusto-fernandez,確認済,,https://resources.motogp.com/files/results/2019/GBR/Moto2/RAC/Classification.pdf
2019,Moto2,13,RAC,RSM,サンマリノGP,Misano World Circuit Marco Simoncelli,2019-09-15,augusto-fernandez,確認済,,https://resources.motogp.com/files/results/2019/RSM/Moto2/RAC/Classification.pdf
2019,Moto2,14,RAC,ARA,アラゴンGP,MotorLand Aragón,2019-09-22,brad-binder,確認済,,https://resources.motogp.com/files/results/2019/ARA/Moto2/RAC/Classification.pdf
2019,Moto2,15,RAC,THA,タイGP,Chang International Circuit,2019-10-06,luca-marini,確認済,,https://resources.motogp.com/files/results/2019/THA/Moto2/RAC/Classification.pdf
2019,Moto2,16,RAC,JPN,日本GP,Mobility Resort Motegi,2019-10-20,luca-marini,確認済,,https://resources.motogp.com/files/results/2019/JPN/Moto2/RAC/Classification.pdf
2019,Moto2,17,RAC,AUS,オーストラリアGP,Phillip Island,2019-10-27,brad-binder,確認済,,https://resources.motogp.com/files/results/2019/AUS/Moto2/RAC/Classification.pdf
2019,Moto2,18,RAC,MAL,マレーシアGP,Petronas Sepang International Circuit,2019-11-03,brad-binder,確認済,,https://resources.motogp.com/files/results/2019/MAL/Moto2/RAC/Classification.pdf
2019,Moto2,19,RAC,VAL,バレンシアGP,Circuit Ricardo Tormo,2019-11-17,brad-binder,確認済,,https://resources.motogp.com/files/results/2019/VAL/Moto2/RAC/Classification.pdf
2019,Moto3,1,RAC,QAT,カタールGP,Lusail International Circuit,2019-03-10,kaito-toba,確認済,,https://resources.motogp.com/files/results/2019/QAT/Moto3/RAC/Classification.pdf
2019,Moto3,2,RAC,ARG,アルゼンチンGP,Termas de Río Hondo,2019-03-31,jaume-masia,確認済,,https://resources.motogp.com/files/results/2019/ARG/Moto3/RAC/Classification.pdf
2019,Moto3,3,RAC,AME,アメリカズGP,Circuit Of The Americas,2019-04-14,aron-canet,確認済,,https://resources.motogp.com/files/results/2019/AME/Moto3/RAC/Classification.pdf
2019,Moto3,4,RAC,SPA,スペインGP,Circuito de Jerez - Ángel Nieto,2019-05-05,niccolo-antonelli,確認済,,https://resources.motogp.com/files/results/2019/SPA/Moto3/RAC/Classification.pdf
2019,Moto3,5,RAC,FRA,フランスGP,Le Mans,2019-05-19,john-mcphee,確認済,,https://resources.motogp.com/files/results/2019/FRA/Moto3/RAC/Classification.pdf
2019,Moto3,6,RAC,ITA,イタリアGP,Autodromo Internazionale del Mugello,2019-06-02,tony-arbolino,確認済,,https://resources.motogp.com/files/results/2019/ITA/Moto3/RAC/Classification.pdf
2019,Moto3,7,RAC,CAT,カタルーニャGP,Circuit de Barcelona-Catalunya,2019-06-16,marcos-ramirez,確認済,,https://resources.motogp.com/files/results/2019/CAT/Moto3/RAC/Classification.pdf
2019,Moto3,8,RAC,NED,オランダTT,TT Circuit Assen,2019-06-30,tony-arbolino,確認済,,https://resources.motogp.com/files/results/2019/NED/Moto3/RAC/Classification.pdf
2019,Moto3,9,RAC,GER,ドイツGP,Sachsenring,2019-07-07,lorenzo-dalla-porta,確認済,,https://resources.motogp.com/files/results/2019/GER/Moto3/RAC/Classification.pdf
2019,Moto3,10,RAC,CZE,チェコGP,CREDITAS Autodrom Brno,2019-08-04,aron-canet,確認済,,https://resources.motogp.com/files/results/2019/CZE/Moto3/RAC/Classification.pdf
2019,Moto3,11,RAC,AUT,オーストリアGP,Red Bull Ring - Spielberg,2019-08-11,romano-fenati,確認済,,https://resources.motogp.com/files/results/2019/AUT/Moto3/RAC/Classification.pdf
2019,Moto3,12,RAC,GBR,イギリスGP,Silverstone Circuit,2019-08-25,marcos-ramirez,確認済,,https://resources.motogp.com/files/results/2019/GBR/Moto3/RAC/Classification.pdf
2019,Moto3,13,RAC,RSM,サンマリノGP,Misano World Circuit Marco Simoncelli,2019-09-15,tatsuki-suzuki,確認済,,https://resources.motogp.com/files/results/2019/RSM/Moto3/RAC/Classification.pdf
2019,Moto3,14,RAC,ARA,アラゴンGP,MotorLand Aragón,2019-09-22,aron-canet,確認済,,https://resources.motogp.com/files/results/2019/ARA/Moto3/RAC/Classification.pdf
2019,Moto3,15,RAC,THA,タイGP,Chang International Circuit,2019-10-06,albert-arenas,確認済,,https://resources.motogp.com/files/results/2019/THA/Moto3/RAC/Classification.pdf
2019,Moto3,16,RAC,JPN,日本GP,Mobility Resort Motegi,2019-10-20,lorenzo-dalla-porta,確認済,,https://resources.motogp.com/files/results/2019/JPN/Moto3/RAC/Classification.pdf
2019,Moto3,17,RAC,AUS,オーストラリアGP,Phillip Island,2019-10-27,lorenzo-dalla-porta,確認済,,https://resources.motogp.com/files/results/2019/AUS/Moto3/RAC/Classification.pdf
2019,Moto3,18,RAC,MAL,マレーシアGP,Petronas Sepang International Circuit,2019-11-03,lorenzo-dalla-porta,確認済,,https://resources.motogp.com/files/results/2019/MAL/Moto3/RAC/Classification.pdf
2019,Moto3,19,RAC,VAL,バレンシアGP,Circuit Ricardo Tormo,2019-11-17,sergio-garcia,確認済,,https://resources.motogp.com/files/results/2019/VAL/Moto3/RAC/Classification.pdf
2019,MotoE,1,RAC,GER,ドイツGP,Sachsenring,2019-07-07,niki-tuuli,確認済,,https://resources.motogp.com/files/results/2019/GER/MotoE/RAC/Classification.pdf
2019,MotoE,2,RAC,AUT,オーストリアGP,Red Bull Ring - Spielberg,2019-08-11,mike-di-meglio,確認済,,https://resources.motogp.com/files/results/2019/AUT/MotoE/RAC/Classification.pdf
2019,MotoE,3,RAC,RSM,サンマリノGP,Misano World Circuit Marco Simoncelli,2019-09-15,matteo-ferrari,確認済,,https://resources.motogp.com/files/results/2019/RSM/MotoE/RAC1/Classification.pdf
2019,MotoE,3,RAC2,RSM,サンマリノGP,Misano World Circuit Marco Simoncelli,2019-09-15,matteo-ferrari,確認済,,https://resources.motogp.com/files/results/2019/RSM/MotoE/RAC2/Classification.pdf
2019,MotoE,4,RAC,VAL,バレンシアGP,Circuit Ricardo Tormo,2019-11-17,eric-granado,確認済,,https://resources.motogp.com/files/results/2019/VAL/MotoE/RAC1/Classification.pdf
2019,MotoE,4,RAC2,VAL,バレンシアGP,Circuit Ricardo Tormo,2019-11-17,eric-granado,確認済,,https://resources.motogp.com/files/results/2019/VAL/MotoE/RAC2/Classification.pdf
2020,MotoGP,1,RAC,SPA,スペインGP,Circuito de Jerez - Ángel Nieto,2020-07-19,fabio-quartararo,確認済,,https://resources.motogp.com/files/results/2020/SPA/MotoGP/RAC/Classification.pdf
2020,MotoGP,2,RAC,ANC,アンダルシアGP,Circuito de Jerez - Ángel Nieto,2020-07-26,fabio-quartararo,確認済,,https://resources.motogp.com/files/results/2020/ANC/MotoGP/RAC/Classification.pdf
2020,MotoGP,3,RAC,CZE,チェコGP,CREDITAS Autodrom Brno,2020-08-09,brad-binder,確認済,,https://resources.motogp.com/files/results/2020/CZE/MotoGP/RAC/Classification.pdf
2020,MotoGP,4,RAC,AUT,オーストリアGP,Red Bull Ring - Spielberg,2020-08-16,andrea-dovizioso,確認済,,https://resources.motogp.com/files/results/2020/AUT/MotoGP/RAC2/Classification.pdf
2020,MotoGP,5,RAC,STY,シュタイアーマルクGP,Red Bull Ring - Spielberg,2020-08-23,miguel-oliveira,確認済,,https://resources.motogp.com/files/results/2020/STY/MotoGP/RAC2/Classification.pdf
2020,MotoGP,6,RAC,RSM,サンマリノGP,Misano World Circuit Marco Simoncelli,2020-09-13,franco-morbidelli,確認済,,https://resources.motogp.com/files/results/2020/RSM/MotoGP/RAC/Classification.pdf
2020,MotoGP,7,RAC,EMI,エミリア・ロマーニャGP,Misano World Circuit Marco Simoncelli,2020-09-20,maverick-vinales,確認済,,https://resources.motogp.com/files/results/2020/EMI/MotoGP/RAC/Classification.pdf
2020,MotoGP,8,RAC,CAT,カタルーニャGP,Circuit de Barcelona-Catalunya,2020-09-27,fabio-quartararo,確認済,,https://resources.motogp.com/files/results/2020/CAT/MotoGP/RAC/Classification.pdf
2020,MotoGP,9,RAC,FRA,フランスGP,Le Mans,2020-10-11,danilo-petrucci,確認済,,https://resources.motogp.com/files/results/2020/FRA/MotoGP/RAC/Classification.pdf
2020,MotoGP,10,RAC,ARA,アラゴンGP,MotorLand Aragón,2020-10-18,alex-rins,確認済,,https://resources.motogp.com/files/results/2020/ARA/MotoGP/RAC/Classification.pdf
2020,MotoGP,11,RAC,TER,テルエルGP,MotorLand Aragón,2020-10-25,franco-morbidelli,確認済,,https://resources.motogp.com/files/results/2020/TER/MotoGP/RAC/Classification.pdf
2020,MotoGP,12,RAC,EUR,ヨーロッパGP,Circuit Ricardo Tormo,2020-11-08,joan-mir,確認済,,https://resources.motogp.com/files/results/2020/EUR/MotoGP/RAC/Classification.pdf
2020,MotoGP,13,RAC,VAL,バレンシアGP,Circuit Ricardo Tormo,2020-11-15,franco-morbidelli,確認済,,https://resources.motogp.com/files/results/2020/VAL/MotoGP/RAC/Classification.pdf
2020,MotoGP,14,RAC,POR,ポルトガルGP,Autódromo Internacional do Algarve,2020-11-22,miguel-oliveira,確認済,,https://resources.motogp.com/files/results/2020/POR/MotoGP/RAC/Classification.pdf
2020,Moto2,1,RAC,QAT,カタールGP,Lusail International Circuit,2020-03-08,tetsuta-nagashima,確認済,,https://resources.motogp.com/files/results/2020/QAT/Moto2/RAC/Classification.pdf
2020,Moto2,2,RAC,SPA,スペインGP,Circuito de Jerez - Ángel Nieto,2020-07-19,luca-marini,確認済,,https://resources.motogp.com/files/results/2020/SPA/Moto2/RAC/Classification.pdf
2020,Moto2,3,RAC,ANC,アンダルシアGP,Circuito de Jerez - Ángel Nieto,2020-07-26,enea-bastianini,確認済,,https://resources.motogp.com/files/results/2020/ANC/Moto2/RAC/Classification.pdf
2020,Moto2,4,RAC,CZE,チェコGP,CREDITAS Autodrom Brno,2020-08-09,enea-bastianini,確認済,,https://resources.motogp.com/files/results/2020/CZE/Moto2/RAC/Classification.pdf
2020,Moto2,5,RAC,AUT,オーストリアGP,Red Bull Ring - Spielberg,2020-08-16,jorge-martin,確認済,,https://resources.motogp.com/files/results/2020/AUT/Moto2/RAC2/Classification.pdf
2020,Moto2,6,RAC,STY,シュタイアーマルクGP,Red Bull Ring - Spielberg,2020-08-23,marco-bezzecchi,確認済,,https://resources.motogp.com/files/results/2020/STY/Moto2/RAC/Classification.pdf
2020,Moto2,7,RAC,RSM,サンマリノGP,Misano World Circuit Marco Simoncelli,2020-09-13,luca-marini,確認済,,https://resources.motogp.com/files/results/2020/RSM/Moto2/RAC/Classification.pdf
2020,Moto2,8,RAC,EMI,エミリア・ロマーニャGP,Misano World Circuit Marco Simoncelli,2020-09-20,enea-bastianini,確認済,,https://resources.motogp.com/files/results/2020/EMI/Moto2/RAC2/Classification.pdf
2020,Moto2,9,RAC,CAT,カタルーニャGP,Circuit de Barcelona-Catalunya,2020-09-27,luca-marini,確認済,,https://resources.motogp.com/files/results/2020/CAT/Moto2/RAC/Classification.pdf
2020,Moto2,10,RAC,FRA,フランスGP,Le Mans,2020-10-11,sam-lowes,確認済,,https://resources.motogp.com/files/results/2020/FRA/Moto2/RAC/Classification.pdf
2020,Moto2,11,RAC,ARA,アラゴンGP,MotorLand Aragón,2020-10-18,sam-lowes,確認済,,https://resources.motogp.com/files/results/2020/ARA/Moto2/RAC/Classification.pdf
2020,Moto2,12,RAC,TER,テルエルGP,MotorLand Aragón,2020-10-25,sam-lowes,確認済,,https://resources.motogp.com/files/results/2020/TER/Moto2/RAC/Classification.pdf
2020,Moto2,13,RAC,EUR,ヨーロッパGP,Circuit Ricardo Tormo,2020-11-08,marco-bezzecchi,確認済,,https://resources.motogp.com/files/results/2020/EUR/Moto2/RAC/Classification.pdf
2020,Moto2,14,RAC,VAL,バレンシアGP,Circuit Ricardo Tormo,2020-11-15,jorge-martin,確認済,,https://resources.motogp.com/files/results/2020/VAL/Moto2/RAC/Classification.pdf
2020,Moto2,15,RAC,POR,ポルトガルGP,Autódromo Internacional do Algarve,2020-11-22,remy-gardner,確認済,,https://resources.motogp.com/files/results/2020/POR/Moto2/RAC/Classification.pdf
2020,Moto3,1,RAC,QAT,カタールGP,Lusail International Circuit,2020-03-08,albert-arenas,確認済,,https://resources.motogp.com/files/results/2020/QAT/Moto3/RAC/Classification.pdf
2020,Moto3,2,RAC,SPA,スペインGP,Circuito de Jerez - Ángel Nieto,2020-07-19,albert-arenas,確認済,,https://resources.motogp.com/files/results/2020/SPA/Moto3/RAC/Classification.pdf
2020,Moto3,3,RAC,ANC,アンダルシアGP,Circuito de Jerez - Ángel Nieto,2020-07-26,tatsuki-suzuki,確認済,,https://resources.motogp.com/files/results/2020/ANC/Moto3/RAC/Classification.pdf
2020,Moto3,4,RAC,CZE,チェコGP,CREDITAS Autodrom Brno,2020-08-09,dennis-foggia,確認済,,https://resources.motogp.com/files/results/2020/CZE/Moto3/RAC/Classification.pdf
2020,Moto3,5,RAC,AUT,オーストリアGP,Red Bull Ring - Spielberg,2020-08-16,albert-arenas,確認済,,https://resources.motogp.com/files/results/2020/AUT/Moto3/RAC/Classification.pdf
2020,Moto3,6,RAC,STY,シュタイアーマルクGP,Red Bull Ring - Spielberg,2020-08-23,celestino-vietti,確認済,,https://resources.motogp.com/files/results/2020/STY/Moto3/RAC/Classification.pdf
2020,Moto3,7,RAC,RSM,サンマリノGP,Misano World Circuit Marco Simoncelli,2020-09-13,john-mcphee,確認済,,https://resources.motogp.com/files/results/2020/RSM/Moto3/RAC/Classification.pdf
2020,Moto3,8,RAC,EMI,エミリア・ロマーニャGP,Misano World Circuit Marco Simoncelli,2020-09-20,romano-fenati,確認済,,https://resources.motogp.com/files/results/2020/EMI/Moto3/RAC/Classification.pdf
2020,Moto3,9,RAC,CAT,カタルーニャGP,Circuit de Barcelona-Catalunya,2020-09-27,darryn-binder,確認済,,https://resources.motogp.com/files/results/2020/CAT/Moto3/RAC/Classification.pdf
2020,Moto3,10,RAC,FRA,フランスGP,Le Mans,2020-10-11,celestino-vietti,確認済,,https://resources.motogp.com/files/results/2020/FRA/Moto3/RAC/Classification.pdf
2020,Moto3,11,RAC,ARA,アラゴンGP,MotorLand Aragón,2020-10-18,jaume-masia,確認済,,https://resources.motogp.com/files/results/2020/ARA/Moto3/RAC/Classification.pdf
2020,Moto3,12,RAC,TER,テルエルGP,MotorLand Aragón,2020-10-25,jaume-masia,確認済,,https://resources.motogp.com/files/results/2020/TER/Moto3/RAC/Classification.pdf
2020,Moto3,13,RAC,EUR,ヨーロッパGP,Circuit Ricardo Tormo,2020-11-08,raul-fernandez,確認済,,https://resources.motogp.com/files/results/2020/EUR/Moto3/RAC/Classification.pdf
2020,Moto3,14,RAC,VAL,バレンシアGP,Circuit Ricardo Tormo,2020-11-15,tony-arbolino,確認済,,https://resources.motogp.com/files/results/2020/VAL/Moto3/RAC/Classification.pdf
2020,Moto3,15,RAC,POR,ポルトガルGP,Autódromo Internacional do Algarve,2020-11-22,raul-fernandez,確認済,,https://resources.motogp.com/files/results/2020/POR/Moto3/RAC/Classification.pdf
2020,MotoE,1,RAC,SPA,スペインGP,Circuito de Jerez - Ángel Nieto,2020-07-19,eric-granado,確認済,,https://resources.motogp.com/files/results/2020/SPA/MotoE/RAC/Classification.pdf
2020,MotoE,2,RAC,ANC,アンダルシアGP,Circuito de Jerez - Ángel Nieto,2020-07-26,dominique-aegerter,確認済,,https://resources.motogp.com/files/results/2020/ANC/MotoE/RAC/Classification.pdf
2020,MotoE,3,RAC,RSM,サンマリノGP,Misano World Circuit Marco Simoncelli,2020-09-13,matteo-ferrari,確認済,,https://resources.motogp.com/files/results/2020/RSM/MotoE/RAC/Classification.pdf
2020,MotoE,4,RAC,EMI,エミリア・ロマーニャGP,Misano World Circuit Marco Simoncelli,2020-09-20,dominique-aegerter,確認済,,https://resources.motogp.com/files/results/2020/EMI/MotoE/RAC1/Classification.pdf
2020,MotoE,4,RAC2,EMI,エミリア・ロマーニャGP,Misano World Circuit Marco Simoncelli,2020-09-20,matteo-ferrari,確認済,,https://resources.motogp.com/files/results/2020/EMI/MotoE/RAC2/Classification.pdf
2020,MotoE,5,RAC,FRA,フランスGP,Le Mans,2020-10-11,jordi-torres,確認済,,https://resources.motogp.com/files/results/2020/FRA/MotoE/RAC1/Classification.pdf
2020,MotoE,5,RAC2,FRA,フランスGP,Le Mans,2020-10-11,niki-tuuli,確認済,,https://resources.motogp.com/files/results/2020/FRA/MotoE/RAC2/Classification.pdf
2021,MotoGP,1,RAC,QAT,カタールGP,Lusail International Circuit,2021-03-28,maverick-vinales,確認済,,https://resources.motogp.com/files/results/2021/QAT/MotoGP/RAC/Classification.pdf
2021,MotoGP,2,RAC,DOH,ドーハGP,Lusail International Circuit,2021-04-04,fabio-quartararo,確認済,,https://resources.motogp.com/files/results/2021/DOH/MotoGP/RAC/Classification.pdf
2021,MotoGP,3,RAC,POR,ポルトガルGP,Autódromo Internacional do Algarve,2021-04-18,fabio-quartararo,確認済,,https://resources.motogp.com/files/results/2021/POR/MotoGP/RAC/Classification.pdf
2021,MotoGP,4,RAC,SPA,スペインGP,Circuito de Jerez - Ángel Nieto,2021-05-02,jack-miller,確認済,,https://resources.motogp.com/files/results/2021/SPA/MotoGP/RAC/Classification.pdf
2021,MotoGP,5,RAC,FRA,フランスGP,Le Mans,2021-05-16,jack-miller,確認済,,https://resources.motogp.com/files/results/2021/FRA/MotoGP/RAC/Classification.pdf
2021,MotoGP,6,RAC,ITA,イタリアGP,Autodromo Internazionale del Mugello,2021-05-30,fabio-quartararo,確認済,,https://resources.motogp.com/files/results/2021/ITA/MotoGP/RAC/Classification.pdf
2021,MotoGP,7,RAC,CAT,カタルーニャGP,Circuit de Barcelona-Catalunya,2021-06-06,miguel-oliveira,確認済,,https://resources.motogp.com/files/results/2021/CAT/MotoGP/RAC/Classification.pdf
2021,MotoGP,8,RAC,GER,ドイツGP,Sachsenring,2021-06-20,marc-marquez,確認済,,https://resources.motogp.com/files/results/2021/GER/MotoGP/RAC/Classification.pdf
2021,MotoGP,9,RAC,NED,オランダTT,TT Circuit Assen,2021-06-27,fabio-quartararo,確認済,,https://resources.motogp.com/files/results/2021/NED/MotoGP/RAC/Classification.pdf
2021,MotoGP,10,RAC,STY,シュタイアーマルクGP,Red Bull Ring - Spielberg,2021-08-08,jorge-martin,確認済,,https://resources.motogp.com/files/results/2021/STY/MotoGP/RAC/Classification.pdf
2021,MotoGP,11,RAC,AUT,オーストリアGP,Red Bull Ring - Spielberg,2021-08-15,brad-binder,確認済,,https://resources.motogp.com/files/results/2021/AUT/MotoGP/RAC/Classification.pdf
2021,MotoGP,12,RAC,GBR,イギリスGP,Silverstone Circuit,2021-08-29,fabio-quartararo,確認済,,https://resources.motogp.com/files/results/2021/GBR/MotoGP/RAC/Classification.pdf
2021,MotoGP,13,RAC,ARA,アラゴンGP,MotorLand Aragón,2021-09-12,francesco-bagnaia,確認済,,https://resources.motogp.com/files/results/2021/ARA/MotoGP/RAC/Classification.pdf
2021,MotoGP,14,RAC,RSM,サンマリノGP,Misano World Circuit Marco Simoncelli,2021-09-19,francesco-bagnaia,確認済,,https://resources.motogp.com/files/results/2021/RSM/MotoGP/RAC/Classification.pdf
2021,MotoGP,15,RAC,AME,アメリカズGP,Circuit Of The Americas,2021-10-03,marc-marquez,確認済,,https://resources.motogp.com/files/results/2021/AME/MotoGP/RAC/Classification.pdf
2021,MotoGP,16,RAC,EMI,エミリア・ロマーニャGP,Misano World Circuit Marco Simoncelli,2021-10-24,marc-marquez,確認済,,https://resources.motogp.com/files/results/2021/EMI/MotoGP/RAC/Classification.pdf
2021,MotoGP,17,RAC,ALR,アルガルヴェGP,Autódromo Internacional do Algarve,2021-11-07,francesco-bagnaia,確認済,,https://resources.motogp.com/files/results/2021/ALR/MotoGP/RAC/Classification.pdf
2021,MotoGP,18,RAC,VAL,バレンシアGP,Circuit Ricardo Tormo,2021-11-14,francesco-bagnaia,確認済,,https://resources.motogp.com/files/results/2021/VAL/MotoGP/RAC/Classification.pdf
2021,Moto2,1,RAC,QAT,カタールGP,Lusail International Circuit,2021-03-28,sam-lowes,確認済,,https://resources.motogp.com/files/results/2021/QAT/Moto2/RAC/Classification.pdf
2021,Moto2,2,RAC,DOH,ドーハGP,Lusail International Circuit,2021-04-04,sam-lowes,確認済,,https://resources.motogp.com/files/results/2021/DOH/Moto2/RAC/Classification.pdf
2021,Moto2,3,RAC,POR,ポルトガルGP,Autódromo Internacional do Algarve,2021-04-18,raul-fernandez,確認済,,https://resources.motogp.com/files/results/2021/POR/Moto2/RAC/Classification.pdf
2021,Moto2,4,RAC,SPA,スペインGP,Circuito de Jerez - Ángel Nieto,2021-05-02,fabio-di-giannantonio,確認済,,https://resources.motogp.com/files/results/2021/SPA/Moto2/RAC/Classification.pdf
2021,Moto2,5,RAC,FRA,フランスGP,Le Mans,2021-05-16,raul-fernandez,確認済,,https://resources.motogp.com/files/results/2021/FRA/Moto2/RAC/Classification.pdf
2021,Moto2,6,RAC,ITA,イタリアGP,Autodromo Internazionale del Mugello,2021-05-30,remy-gardner,確認済,,https://resources.motogp.com/files/results/2021/ITA/Moto2/RAC/Classification.pdf
2021,Moto2,7,RAC,CAT,カタルーニャGP,Circuit de Barcelona-Catalunya,2021-06-06,remy-gardner,確認済,,https://resources.motogp.com/files/results/2021/CAT/Moto2/RAC/Classification.pdf
2021,Moto2,8,RAC,GER,ドイツGP,Sachsenring,2021-06-20,remy-gardner,確認済,,https://resources.motogp.com/files/results/2021/GER/Moto2/RAC/Classification.pdf
2021,Moto2,9,RAC,NED,オランダTT,TT Circuit Assen,2021-06-27,raul-fernandez,確認済,,https://resources.motogp.com/files/results/2021/NED/Moto2/RAC/Classification.pdf
2021,Moto2,10,RAC,STY,シュタイアーマルクGP,Red Bull Ring - Spielberg,2021-08-08,marco-bezzecchi,確認済,,https://resources.motogp.com/files/results/2021/STY/Moto2/RAC/Classification.pdf
2021,Moto2,11,RAC,AUT,オーストリアGP,Red Bull Ring - Spielberg,2021-08-15,raul-fernandez,確認済,,https://resources.motogp.com/files/results/2021/AUT/Moto2/RAC/Classification.pdf
2021,Moto2,12,RAC,GBR,イギリスGP,Silverstone Circuit,2021-08-29,remy-gardner,確認済,,https://resources.motogp.com/files/results/2021/GBR/Moto2/RAC/Classification.pdf
2021,Moto2,13,RAC,ARA,アラゴンGP,MotorLand Aragón,2021-09-12,raul-fernandez,確認済,,https://resources.motogp.com/files/results/2021/ARA/Moto2/RAC/Classification.pdf
2021,Moto2,14,RAC,RSM,サンマリノGP,Misano World Circuit Marco Simoncelli,2021-09-19,raul-fernandez,確認済,,https://resources.motogp.com/files/results/2021/RSM/Moto2/RAC/Classification.pdf
2021,Moto2,15,RAC,AME,アメリカズGP,Circuit Of The Americas,2021-10-03,raul-fernandez,確認済,,https://resources.motogp.com/files/results/2021/AME/Moto2/RAC/Classification.pdf
2021,Moto2,16,RAC,EMI,エミリア・ロマーニャGP,Misano World Circuit Marco Simoncelli,2021-10-24,sam-lowes,確認済,,https://resources.motogp.com/files/results/2021/EMI/Moto2/RAC/Classification.pdf
2021,Moto2,17,RAC,ALR,アルガルヴェGP,Autódromo Internacional do Algarve,2021-11-07,remy-gardner,確認済,,https://resources.motogp.com/files/results/2021/ALR/Moto2/RAC/Classification.pdf
2021,Moto2,18,RAC,VAL,バレンシアGP,Circuit Ricardo Tormo,2021-11-14,raul-fernandez,確認済,,https://resources.motogp.com/files/results/2021/VAL/Moto2/RAC/Classification.pdf
2021,Moto3,1,RAC,QAT,カタールGP,Lusail International Circuit,2021-03-28,jaume-masia,確認済,,https://resources.motogp.com/files/results/2021/QAT/Moto3/RAC/Classification.pdf
2021,Moto3,2,RAC,DOH,ドーハGP,Lusail International Circuit,2021-04-04,pedro-acosta,確認済,,https://resources.motogp.com/files/results/2021/DOH/Moto3/RAC/Classification.pdf
2021,Moto3,3,RAC,POR,ポルトガルGP,Autódromo Internacional do Algarve,2021-04-18,pedro-acosta,確認済,,https://resources.motogp.com/files/results/2021/POR/Moto3/RAC/Classification.pdf
2021,Moto3,4,RAC,SPA,スペインGP,Circuito de Jerez - Ángel Nieto,2021-05-02,pedro-acosta,確認済,,https://resources.motogp.com/files/results/2021/SPA/Moto3/RAC/Classification.pdf
2021,Moto3,5,RAC,FRA,フランスGP,Le Mans,2021-05-16,sergio-garcia,確認済,,https://resources.motogp.com/files/results/2021/FRA/Moto3/RAC/Classification.pdf
2021,Moto3,6,RAC,ITA,イタリアGP,Autodromo Internazionale del Mugello,2021-05-30,dennis-foggia,確認済,,https://resources.motogp.com/files/results/2021/ITA/Moto3/RAC/Classification.pdf
2021,Moto3,7,RAC,CAT,カタルーニャGP,Circuit de Barcelona-Catalunya,2021-06-06,sergio-garcia,確認済,,https://resources.motogp.com/files/results/2021/CAT/Moto3/RAC/Classification.pdf
2021,Moto3,8,RAC,GER,ドイツGP,Sachsenring,2021-06-20,pedro-acosta,確認済,,https://resources.motogp.com/files/results/2021/GER/Moto3/RAC/Classification.pdf
2021,Moto3,9,RAC,NED,オランダTT,TT Circuit Assen,2021-06-27,dennis-foggia,確認済,,https://resources.motogp.com/files/results/2021/NED/Moto3/RAC/Classification.pdf
2021,Moto3,10,RAC,STY,シュタイアーマルクGP,Red Bull Ring - Spielberg,2021-08-08,pedro-acosta,確認済,,https://resources.motogp.com/files/results/2021/STY/Moto3/RAC/Classification.pdf
2021,Moto3,11,RAC,AUT,オーストリアGP,Red Bull Ring - Spielberg,2021-08-15,sergio-garcia,確認済,,https://resources.motogp.com/files/results/2021/AUT/Moto3/RAC/Classification.pdf
2021,Moto3,12,RAC,GBR,イギリスGP,Silverstone Circuit,2021-08-29,romano-fenati,確認済,,https://resources.motogp.com/files/results/2021/GBR/Moto3/RAC/Classification.pdf
2021,Moto3,13,RAC,ARA,アラゴンGP,MotorLand Aragón,2021-09-12,dennis-foggia,確認済,,https://resources.motogp.com/files/results/2021/ARA/Moto3/RAC/Classification.pdf
2021,Moto3,14,RAC,RSM,サンマリノGP,Misano World Circuit Marco Simoncelli,2021-09-19,dennis-foggia,確認済,,https://resources.motogp.com/files/results/2021/RSM/Moto3/RAC/Classification.pdf
2021,Moto3,15,RAC,AME,アメリカズGP,Circuit Of The Americas,2021-10-03,izan-guevara,確認済,,https://resources.motogp.com/files/results/2021/AME/Moto3/RAC/Classification.pdf
2021,Moto3,16,RAC,EMI,エミリア・ロマーニャGP,Misano World Circuit Marco Simoncelli,2021-10-24,dennis-foggia,確認済,,https://resources.motogp.com/files/results/2021/EMI/Moto3/RAC/Classification.pdf
2021,Moto3,17,RAC,ALR,アルガルヴェGP,Autódromo Internacional do Algarve,2021-11-07,pedro-acosta,確認済,,https://resources.motogp.com/files/results/2021/ALR/Moto3/RAC/Classification.pdf
2021,Moto3,18,RAC,VAL,バレンシアGP,Circuit Ricardo Tormo,2021-11-14,xavier-artigas,確認済,,https://resources.motogp.com/files/results/2021/VAL/Moto3/RAC/Classification.pdf
2021,MotoE,1,RAC,SPA,スペインGP,Circuito de Jerez - Ángel Nieto,2021-05-02,alessandro-zaccone,確認済,,https://resources.motogp.com/files/results/2021/SPA/MotoE/RAC/Classification.pdf
2021,MotoE,2,RAC,FRA,フランスGP,Le Mans,2021-05-16,eric-granado,確認済,,https://resources.motogp.com/files/results/2021/FRA/MotoE/RAC/Classification.pdf
2021,MotoE,3,RAC,CAT,カタルーニャGP,Circuit de Barcelona-Catalunya,2021-06-06,miquel-pons,確認済,,https://resources.motogp.com/files/results/2021/CAT/MotoE/RAC/Classification.pdf
2021,MotoE,4,RAC,NED,オランダTT,TT Circuit Assen,2021-06-27,eric-granado,確認済,,https://resources.motogp.com/files/results/2021/NED/MotoE/RAC/Classification.pdf
2021,MotoE,5,RAC,AUT,オーストリアGP,Red Bull Ring - Spielberg,2021-08-15,lukas-tulovic,確認済,,https://resources.motogp.com/files/results/2021/AUT/MotoE/RAC/Classification.pdf
2021,MotoE,6,RAC,RSM,サンマリノGP,Misano World Circuit Marco Simoncelli,2021-09-19,jordi-torres,確認済,,https://resources.motogp.com/files/results/2021/RSM/MotoE/RAC1/Classification.pdf
2021,MotoE,6,RAC2,RSM,サンマリノGP,Misano World Circuit Marco Simoncelli,2021-09-19,matteo-ferrari,確認済,,https://resources.motogp.com/files/results/2021/RSM/MotoE/RAC2/Classification.pdf
2022,MotoGP,1,RAC,QAT,カタールGP,Lusail International Circuit,2022-03-06,enea-bastianini,確認済,,https://resources.motogp.com/files/results/2022/QAT/MotoGP/RAC/Classification.pdf
2022,MotoGP,2,RAC,INA,インドネシアGP,Pertamina Mandalika Circuit,2022-03-20,miguel-oliveira,確認済,,https://resources.motogp.com/files/results/2022/INA/MotoGP/RAC/Classification.pdf
2022,MotoGP,3,RAC,ARG,アルゼンチンGP,Termas de Río Hondo,2022-04-03,aleix-espargaro,確認済,,https://resources.motogp.com/files/results/2022/ARG/MotoGP/RAC/Classification.pdf
2022,MotoGP,4,RAC,AME,アメリカズGP,Circuit Of The Americas,2022-04-10,enea-bastianini,確認済,,https://resources.motogp.com/files/results/2022/AME/MotoGP/RAC/Classification.pdf
2022,MotoGP,5,RAC,POR,ポルトガルGP,Autódromo Internacional do Algarve,2022-04-24,fabio-quartararo,確認済,,https://resources.motogp.com/files/results/2022/POR/MotoGP/RAC/Classification.pdf
2022,MotoGP,6,RAC,SPA,スペインGP,Circuito de Jerez - Ángel Nieto,2022-05-01,francesco-bagnaia,確認済,,https://resources.motogp.com/files/results/2022/SPA/MotoGP/RAC/Classification.pdf
2022,MotoGP,7,RAC,FRA,フランスGP,Le Mans,2022-05-15,enea-bastianini,確認済,,https://resources.motogp.com/files/results/2022/FRA/MotoGP/RAC/Classification.pdf
2022,MotoGP,8,RAC,ITA,イタリアGP,Autodromo Internazionale del Mugello,2022-05-29,francesco-bagnaia,確認済,,https://resources.motogp.com/files/results/2022/ITA/MotoGP/RAC/Classification.pdf
2022,MotoGP,9,RAC,CAT,カタルーニャGP,Circuit de Barcelona-Catalunya,2022-06-05,fabio-quartararo,確認済,,https://resources.motogp.com/files/results/2022/CAT/MotoGP/RAC/Classification.pdf
2022,MotoGP,10,RAC,GER,ドイツGP,Sachsenring,2022-06-19,fabio-quartararo,確認済,,https://resources.motogp.com/files/results/2022/GER/MotoGP/RAC/Classification.pdf
2022,MotoGP,11,RAC,NED,オランダTT,TT Circuit Assen,2022-06-26,francesco-bagnaia,確認済,,https://resources.motogp.com/files/results/2022/NED/MotoGP/RAC/Classification.pdf
2022,MotoGP,12,RAC,GBR,イギリスGP,Silverstone Circuit,2022-08-07,francesco-bagnaia,確認済,,https://resources.motogp.com/files/results/2022/GBR/MotoGP/RAC/Classification.pdf
2022,MotoGP,13,RAC,AUT,オーストリアGP,Red Bull Ring - Spielberg,2022-08-21,francesco-bagnaia,確認済,,https://resources.motogp.com/files/results/2022/AUT/MotoGP/RAC/Classification.pdf
2022,MotoGP,14,RAC,RSM,サンマリノGP,Misano World Circuit Marco Simoncelli,2022-09-04,francesco-bagnaia,確認済,,https://resources.motogp.com/files/results/2022/RSM/MotoGP/RAC/Classification.pdf
2022,MotoGP,15,RAC,ARA,アラゴンGP,MotorLand Aragón,2022-09-18,enea-bastianini,確認済,,https://resources.motogp.com/files/results/2022/ARA/MotoGP/RAC/Classification.pdf
2022,MotoGP,16,RAC,JPN,日本GP,Mobility Resort Motegi,2022-09-25,jack-miller,確認済,,https://resources.motogp.com/files/results/2022/JPN/MotoGP/RAC/Classification.pdf
2022,MotoGP,17,RAC,THA,タイGP,Chang International Circuit,2022-10-02,miguel-oliveira,確認済,,https://resources.motogp.com/files/results/2022/THA/MotoGP/RAC/Classification.pdf
2022,MotoGP,18,RAC,AUS,オーストラリアGP,Phillip Island,2022-10-16,alex-rins,確認済,,https://resources.motogp.com/files/results/2022/AUS/MotoGP/RAC/Classification.pdf
2022,MotoGP,19,RAC,MAL,マレーシアGP,Petronas Sepang International Circuit,2022-10-23,francesco-bagnaia,確認済,,https://resources.motogp.com/files/results/2022/MAL/MotoGP/RAC/Classification.pdf
2022,MotoGP,20,RAC,VAL,バレンシアGP,Circuit Ricardo Tormo,2022-11-06,alex-rins,確認済,,https://resources.motogp.com/files/results/2022/VAL/MotoGP/RAC/Classification.pdf
2022,Moto2,1,RAC,QAT,カタールGP,Lusail International Circuit,2022-03-06,celestino-vietti,確認済,,https://resources.motogp.com/files/results/2022/QAT/Moto2/RAC/Classification.pdf
2022,Moto2,2,RAC,INA,インドネシアGP,Pertamina Mandalika Circuit,2022-03-20,somkiat-chantra,確認済,,https://resources.motogp.com/files/results/2022/INA/Moto2/RAC/Classification.pdf
2022,Moto2,3,RAC,ARG,アルゼンチンGP,Termas de Río Hondo,2022-04-03,celestino-vietti,確認済,,https://resources.motogp.com/files/results/2022/ARG/Moto2/RAC/Classification.pdf
2022,Moto2,4,RAC,AME,アメリカズGP,Circuit Of The Americas,2022-04-10,tony-arbolino,確認済,,https://resources.motogp.com/files/results/2022/AME/Moto2/RAC/Classification.pdf
2022,Moto2,5,RAC,POR,ポルトガルGP,Autódromo Internacional do Algarve,2022-04-24,joe-roberts,確認済,,https://resources.motogp.com/files/results/2022/POR/Moto2/RAC2/Classification.pdf
2022,Moto2,6,RAC,SPA,スペインGP,Circuito de Jerez - Ángel Nieto,2022-05-01,ai-ogura,確認済,,https://resources.motogp.com/files/results/2022/SPA/Moto2/RAC/Classification.pdf
2022,Moto2,7,RAC,FRA,フランスGP,Le Mans,2022-05-15,augusto-fernandez,確認済,,https://resources.motogp.com/files/results/2022/FRA/Moto2/RAC/Classification.pdf
2022,Moto2,8,RAC,ITA,イタリアGP,Autodromo Internazionale del Mugello,2022-05-29,pedro-acosta,確認済,,https://resources.motogp.com/files/results/2022/ITA/Moto2/RAC/Classification.pdf
2022,Moto2,9,RAC,CAT,カタルーニャGP,Circuit de Barcelona-Catalunya,2022-06-05,celestino-vietti,確認済,,https://resources.motogp.com/files/results/2022/CAT/Moto2/RAC/Classification.pdf
2022,Moto2,10,RAC,GER,ドイツGP,Sachsenring,2022-06-19,augusto-fernandez,確認済,,https://resources.motogp.com/files/results/2022/GER/Moto2/RAC/Classification.pdf
2022,Moto2,11,RAC,NED,オランダTT,TT Circuit Assen,2022-06-26,augusto-fernandez,確認済,,https://resources.motogp.com/files/results/2022/NED/Moto2/RAC/Classification.pdf
2022,Moto2,12,RAC,GBR,イギリスGP,Silverstone Circuit,2022-08-07,augusto-fernandez,確認済,,https://resources.motogp.com/files/results/2022/GBR/Moto2/RAC/Classification.pdf
2022,Moto2,13,RAC,AUT,オーストリアGP,Red Bull Ring - Spielberg,2022-08-21,ai-ogura,確認済,,https://resources.motogp.com/files/results/2022/AUT/Moto2/RAC/Classification.pdf
2022,Moto2,14,RAC,RSM,サンマリノGP,Misano World Circuit Marco Simoncelli,2022-09-04,alonso-lopez,確認済,,https://resources.motogp.com/files/results/2022/RSM/Moto2/RAC/Classification.pdf
2022,Moto2,15,RAC,ARA,アラゴンGP,MotorLand Aragón,2022-09-18,pedro-acosta,確認済,,https://resources.motogp.com/files/results/2022/ARA/Moto2/RAC/Classification.pdf
2022,Moto2,16,RAC,JPN,日本GP,Mobility Resort Motegi,2022-09-25,ai-ogura,確認済,,https://resources.motogp.com/files/results/2022/JPN/Moto2/RAC/Classification.pdf
2022,Moto2,17,RAC,THA,タイGP,Chang International Circuit,2022-10-02,tony-arbolino,確認済,レース距離不足のためハーフポイント,https://resources.motogp.com/files/results/2022/THA/Moto2/RAC/Classification.pdf
2022,Moto2,18,RAC,AUS,オーストラリアGP,Phillip Island,2022-10-16,alonso-lopez,確認済,,https://resources.motogp.com/files/results/2022/AUS/Moto2/RAC/Classification.pdf
2022,Moto2,19,RAC,MAL,マレーシアGP,Petronas Sepang International Circuit,2022-10-23,tony-arbolino,確認済,,https://resources.motogp.com/files/results/2022/MAL/Moto2/RAC/Classification.pdf
2022,Moto2,20,RAC,VAL,バレンシアGP,Circuit Ricardo Tormo,2022-11-06,pedro-acosta,確認済,,https://resources.motogp.com/files/results/2022/VAL/Moto2/RAC/Classification.pdf
2022,Moto3,1,RAC,QAT,カタールGP,Lusail International Circuit,2022-03-06,andrea-migno,確認済,,https://resources.motogp.com/files/results/2022/QAT/Moto3/RAC/Classification.pdf
2022,Moto3,2,RAC,INA,インドネシアGP,Pertamina Mandalika Circuit,2022-03-20,dennis-foggia,確認済,,https://resources.motogp.com/files/results/2022/INA/Moto3/RAC/Classification.pdf
2022,Moto3,3,RAC,ARG,アルゼンチンGP,Termas de Río Hondo,2022-04-03,sergio-garcia,確認済,,https://resources.motogp.com/files/results/2022/ARG/Moto3/RAC/Classification.pdf
2022,Moto3,4,RAC,AME,アメリカズGP,Circuit Of The Americas,2022-04-10,jaume-masia,確認済,,https://resources.motogp.com/files/results/2022/AME/Moto3/RAC/Classification.pdf
2022,Moto3,5,RAC,POR,ポルトガルGP,Autódromo Internacional do Algarve,2022-04-24,sergio-garcia,確認済,,https://resources.motogp.com/files/results/2022/POR/Moto3/RAC/Classification.pdf
2022,Moto3,6,RAC,SPA,スペインGP,Circuito de Jerez - Ángel Nieto,2022-05-01,izan-guevara,確認済,,https://resources.motogp.com/files/results/2022/SPA/Moto3/RAC/Classification.pdf
2022,Moto3,7,RAC,FRA,フランスGP,Le Mans,2022-05-15,jaume-masia,確認済,,https://resources.motogp.com/files/results/2022/FRA/Moto3/RAC/Classification.pdf
2022,Moto3,8,RAC,ITA,イタリアGP,Autodromo Internazionale del Mugello,2022-05-29,sergio-garcia,確認済,,https://resources.motogp.com/files/results/2022/ITA/Moto3/RAC/Classification.pdf
2022,Moto3,9,RAC,CAT,カタルーニャGP,Circuit de Barcelona-Catalunya,2022-06-05,izan-guevara,確認済,,https://resources.motogp.com/files/results/2022/CAT/Moto3/RAC/Classification.pdf
2022,Moto3,10,RAC,GER,ドイツGP,Sachsenring,2022-06-19,izan-guevara,確認済,,https://resources.motogp.com/files/results/2022/GER/Moto3/RAC/Classification.pdf
2022,Moto3,11,RAC,NED,オランダTT,TT Circuit Assen,2022-06-26,ayumu-sasaki,確認済,,https://resources.motogp.com/files/results/2022/NED/Moto3/RAC/Classification.pdf
2022,Moto3,12,RAC,GBR,イギリスGP,Silverstone Circuit,2022-08-07,dennis-foggia,確認済,,https://resources.motogp.com/files/results/2022/GBR/Moto3/RAC/Classification.pdf
2022,Moto3,13,RAC,AUT,オーストリアGP,Red Bull Ring - Spielberg,2022-08-21,ayumu-sasaki,確認済,,https://resources.motogp.com/files/results/2022/AUT/Moto3/RAC/Classification.pdf
2022,Moto3,14,RAC,RSM,サンマリノGP,Misano World Circuit Marco Simoncelli,2022-09-04,dennis-foggia,確認済,,https://resources.motogp.com/files/results/2022/RSM/Moto3/RAC/Classification.pdf
2022,Moto3,15,RAC,ARA,アラゴンGP,MotorLand Aragón,2022-09-18,izan-guevara,確認済,,https://resources.motogp.com/files/results/2022/ARA/Moto3/RAC/Classification.pdf
2022,Moto3,16,RAC,JPN,日本GP,Mobility Resort Motegi,2022-09-25,izan-guevara,確認済,,https://resources.motogp.com/files/results/2022/JPN/Moto3/RAC/Classification.pdf
2022,Moto3,17,RAC,THA,タイGP,Chang International Circuit,2022-10-02,dennis-foggia,確認済,,https://resources.motogp.com/files/results/2022/THA/Moto3/RAC/Classification.pdf
2022,Moto3,18,RAC,AUS,オーストラリアGP,Phillip Island,2022-10-16,izan-guevara,確認済,,https://resources.motogp.com/files/results/2022/AUS/Moto3/RAC/Classification.pdf
2022,Moto3,19,RAC,MAL,マレーシアGP,Petronas Sepang International Circuit,2022-10-23,john-mcphee,確認済,,https://resources.motogp.com/files/results/2022/MAL/Moto3/RAC/Classification.pdf
2022,Moto3,20,RAC,VAL,バレンシアGP,Circuit Ricardo Tormo,2022-11-06,izan-guevara,確認済,,https://resources.motogp.com/files/results/2022/VAL/Moto3/RAC/Classification.pdf
2022,MotoE,1,RAC,SPA,スペインGP,Circuito de Jerez - Ángel Nieto,2022-05-01,eric-granado,確認済,,https://resources.motogp.com/files/results/2022/SPA/MotoE/RAC1/Classification.pdf
2022,MotoE,1,RAC2,SPA,スペインGP,Circuito de Jerez - Ángel Nieto,2022-05-01,eric-granado,確認済,,https://resources.motogp.com/files/results/2022/SPA/MotoE/RAC2/Classification.pdf
2022,MotoE,2,RAC,FRA,フランスGP,Le Mans,2022-05-15,mattia-casadei,確認済,,https://resources.motogp.com/files/results/2022/FRA/MotoE/RAC1/Classification.pdf
2022,MotoE,2,RAC2,FRA,フランスGP,Le Mans,2022-05-15,dominique-aegerter,確認済,,https://resources.motogp.com/files/results/2022/FRA/MotoE/RAC2/Classification.pdf
2022,MotoE,3,RAC,ITA,イタリアGP,Autodromo Internazionale del Mugello,2022-05-29,dominique-aegerter,確認済,,https://resources.motogp.com/files/results/2022/ITA/MotoE/RAC1/Classification.pdf
2022,MotoE,3,RAC2,ITA,イタリアGP,Autodromo Internazionale del Mugello,2022-05-29,matteo-ferrari,確認済,,https://resources.motogp.com/files/results/2022/ITA/MotoE/RAC2/Classification.pdf
2022,MotoE,4,RAC,NED,オランダTT,TT Circuit Assen,2022-06-26,dominique-aegerter,確認済,,https://resources.motogp.com/files/results/2022/NED/MotoE/RAC1/Classification.pdf
2022,MotoE,4,RAC2,NED,オランダTT,TT Circuit Assen,2022-06-26,eric-granado,確認済,レース距離不足のためハーフポイント,https://resources.motogp.com/files/results/2022/NED/MotoE/RAC2/Classification.pdf
2022,MotoE,5,RAC,AUT,オーストリアGP,Red Bull Ring - Spielberg,2022-08-21,eric-granado,確認済,,https://resources.motogp.com/files/results/2022/AUT/MotoE/RAC1/Classification.pdf
2022,MotoE,5,RAC2,AUT,オーストリアGP,Red Bull Ring - Spielberg,2022-08-21,eric-granado,確認済,,https://resources.motogp.com/files/results/2022/AUT/MotoE/RAC2/Classification.pdf
2022,MotoE,6,RAC,RSM,サンマリノGP,Misano World Circuit Marco Simoncelli,2022-09-04,mattia-casadei,確認済,,https://resources.motogp.com/files/results/2022/RSM/MotoE/RAC1/Classification.pdf
2022,MotoE,6,RAC2,RSM,サンマリノGP,Misano World Circuit Marco Simoncelli,2022-09-04,matteo-ferrari,確認済,,https://resources.motogp.com/files/results/2022/RSM/MotoE/RAC2/Classification.pdf
2023,MotoGP,1,SPR,POR,ポルトガルGP,Autódromo Internacional do Algarve,2023-03-26,francesco-bagnaia,確認済,,https://resources.motogp.com/files/results/2023/POR/MotoGP/SPR/Classification.pdf
2023,MotoGP,1,RAC,POR,ポルトガルGP,Autódromo Internacional do Algarve,2023-03-26,francesco-bagnaia,確認済,,https://resources.motogp.com/files/results/2023/POR/MotoGP/RAC/Classification.pdf
2023,MotoGP,2,SPR,ARG,アルゼンチンGP,Termas de Río Hondo,2023-04-02,brad-binder,確認済,,https://resources.motogp.com/files/results/2023/ARG/MotoGP/SPR/Classification.pdf
2023,MotoGP,2,RAC,ARG,アルゼンチンGP,Termas de Río Hondo,2023-04-02,marco-bezzecchi,確認済,,https://resources.motogp.com/files/results/2023/ARG/MotoGP/RAC/Classification.pdf
2023,MotoGP,3,SPR,AME,アメリカズGP,Circuit Of The Americas,2023-04-16,francesco-bagnaia,確認済,,https://resources.motogp.com/files/results/2023/AME/MotoGP/SPR/Classification.pdf
2023,MotoGP,3,RAC,AME,アメリカズGP,Circuit Of The Americas,2023-04-16,alex-rins,確認済,,https://resources.motogp.com/files/results/2023/AME/MotoGP/RAC/Classification.pdf
2023,MotoGP,4,SPR,SPA,スペインGP,Circuito de Jerez - Ángel Nieto,2023-04-30,brad-binder,確認済,,https://resources.motogp.com/files/results/2023/SPA/MotoGP/SPR/Classification.pdf
2023,MotoGP,4,RAC,SPA,スペインGP,Circuito de Jerez - Ángel Nieto,2023-04-30,francesco-bagnaia,確認済,,https://resources.motogp.com/files/results/2023/SPA/MotoGP/RAC/Classification.pdf
2023,MotoGP,5,SPR,FRA,フランスGP,Le Mans,2023-05-14,jorge-martin,確認済,,https://resources.motogp.com/files/results/2023/FRA/MotoGP/SPR/Classification.pdf
2023,MotoGP,5,RAC,FRA,フランスGP,Le Mans,2023-05-14,marco-bezzecchi,確認済,,https://resources.motogp.com/files/results/2023/FRA/MotoGP/RAC/Classification.pdf
2023,MotoGP,6,SPR,ITA,イタリアGP,Autodromo Internazionale del Mugello,2023-06-11,francesco-bagnaia,確認済,,https://resources.motogp.com/files/results/2023/ITA/MotoGP/SPR/Classification.pdf
2023,MotoGP,6,RAC,ITA,イタリアGP,Autodromo Internazionale del Mugello,2023-06-11,francesco-bagnaia,確認済,,https://resources.motogp.com/files/results/2023/ITA/MotoGP/RAC/Classification.pdf
2023,MotoGP,7,SPR,GER,ドイツGP,Sachsenring,2023-06-18,jorge-martin,確認済,,https://resources.motogp.com/files/results/2023/GER/MotoGP/SPR/Classification.pdf
2023,MotoGP,7,RAC,GER,ドイツGP,Sachsenring,2023-06-18,jorge-martin,確認済,,https://resources.motogp.com/files/results/2023/GER/MotoGP/RAC/Classification.pdf
2023,MotoGP,8,SPR,NED,オランダTT,TT Circuit Assen,2023-06-25,marco-bezzecchi,確認済,,https://resources.motogp.com/files/results/2023/NED/MotoGP/SPR/Classification.pdf
2023,MotoGP,8,RAC,NED,オランダTT,TT Circuit Assen,2023-06-25,francesco-bagnaia,確認済,,https://resources.motogp.com/files/results/2023/NED/MotoGP/RAC/Classification.pdf
2023,MotoGP,9,SPR,GBR,イギリスGP,Silverstone Circuit,2023-08-06,alex-marquez,確認済,,https://resources.motogp.com/files/results/2023/GBR/MotoGP/SPR/Classification.pdf
2023,MotoGP,9,RAC,GBR,イギリスGP,Silverstone Circuit,2023-08-06,aleix-espargaro,確認済,,https://resources.motogp.com/files/results/2023/GBR/MotoGP/RAC/Classification.pdf
2023,MotoGP,10,SPR,AUT,オーストリアGP,Red Bull Ring - Spielberg,2023-08-20,francesco-bagnaia,確認済,,https://resources.motogp.com/files/results/2023/AUT/MotoGP/SPR/Classification.pdf
2023,MotoGP,10,RAC,AUT,オーストリアGP,Red Bull Ring - Spielberg,2023-08-20,francesco-bagnaia,確認済,,https://resources.motogp.com/files/results/2023/AUT/MotoGP/RAC/Classification.pdf
2023,MotoGP,11,SPR,CAT,カタルーニャGP,Circuit de Barcelona-Catalunya,2023-09-03,aleix-espargaro,確認済,,https://resources.motogp.com/files/results/2023/CAT/MotoGP/SPR/Classification.pdf
2023,MotoGP,11,RAC,CAT,カタルーニャGP,Circuit de Barcelona-Catalunya,2023-09-03,aleix-espargaro,確認済,,https://resources.motogp.com/files/results/2023/CAT/MotoGP/RAC/Classification.pdf
2023,MotoGP,12,SPR,RSM,サンマリノGP,Misano World Circuit Marco Simoncelli,2023-09-10,jorge-martin,確認済,,https://resources.motogp.com/files/results/2023/RSM/MotoGP/SPR/Classification.pdf
2023,MotoGP,12,RAC,RSM,サンマリノGP,Misano World Circuit Marco Simoncelli,2023-09-10,jorge-martin,確認済,,https://resources.motogp.com/files/results/2023/RSM/MotoGP/RAC/Classification.pdf
2023,MotoGP,13,SPR,IND,インドGP,Buddh International Circuit,2023-09-24,jorge-martin,確認済,,https://resources.motogp.com/files/results/2023/IND/MotoGP/SPR/Classification.pdf
2023,MotoGP,13,RAC,IND,インドGP,Buddh International Circuit,2023-09-24,marco-bezzecchi,確認済,,https://resources.motogp.com/files/results/2023/IND/MotoGP/RAC/Classification.pdf
2023,MotoGP,14,SPR,JPN,日本GP,Mobility Resort Motegi,2023-10-01,jorge-martin,確認済,,https://resources.motogp.com/files/results/2023/JPN/MotoGP/SPR/Classification.pdf
2023,MotoGP,14,RAC,JPN,日本GP,Mobility Resort Motegi,2023-10-01,jorge-martin,確認済,,https://resources.motogp.com/files/results/2023/JPN/MotoGP/RAC/Classification.pdf
2023,MotoGP,15,SPR,INA,インドネシアGP,Pertamina Mandalika Circuit,2023-10-15,jorge-martin,確認済,,https://resources.motogp.com/files/results/2023/INA/MotoGP/SPR/Classification.pdf
2023,MotoGP,15,RAC,INA,インドネシアGP,Pertamina Mandalika Circuit,2023-10-15,francesco-bagnaia,確認済,,https://resources.motogp.com/files/results/2023/INA/MotoGP/RAC/Classification.pdf
2023,MotoGP,16,RAC,AUS,オーストラリアGP,Phillip Island,2023-10-22,johann-zarco,確認済,,https://resources.motogp.com/files/results/2023/AUS/MotoGP/RAC/Classification.pdf
2023,MotoGP,17,SPR,THA,タイGP,Chang International Circuit,2023-10-29,jorge-martin,確認済,,https://resources.motogp.com/files/results/2023/THA/MotoGP/SPR/Classification.pdf
2023,MotoGP,17,RAC,THA,タイGP,Chang International Circuit,2023-10-29,jorge-martin,確認済,,https://resources.motogp.com/files/results/2023/THA/MotoGP/RAC/Classification.pdf
2023,MotoGP,18,SPR,MAL,マレーシアGP,Petronas Sepang International Circuit,2023-11-12,alex-marquez,確認済,,https://resources.motogp.com/files/results/2023/MAL/MotoGP/SPR/Classification.pdf
2023,MotoGP,18,RAC,MAL,マレーシアGP,Petronas Sepang International Circuit,2023-11-12,enea-bastianini,確認済,,https://resources.motogp.com/files/results/2023/MAL/MotoGP/RAC/Classification.pdf
2023,MotoGP,19,SPR,QAT,カタールGP,Lusail International Circuit,2023-11-19,jorge-martin,確認済,,https://resources.motogp.com/files/results/2023/QAT/MotoGP/SPR/Classification.pdf
2023,MotoGP,19,RAC,QAT,カタールGP,Lusail International Circuit,2023-11-19,fabio-di-giannantonio,確認済,,https://resources.motogp.com/files/results/2023/QAT/MotoGP/RAC/Classification.pdf
2023,MotoGP,20,SPR,VAL,バレンシアGP,Circuit Ricardo Tormo,2023-11-26,jorge-martin,確認済,,https://resources.motogp.com/files/results/2023/VAL/MotoGP/SPR/Classification.pdf
2023,MotoGP,20,RAC,VAL,バレンシアGP,Circuit Ricardo Tormo,2023-11-26,francesco-bagnaia,確認済,,https://resources.motogp.com/files/results/2023/VAL/MotoGP/RAC/Classification.pdf
2023,Moto2,1,RAC,POR,ポルトガルGP,Autódromo Internacional do Algarve,2023-03-26,pedro-acosta,確認済,,https://resources.motogp.com/files/results/2023/POR/Moto2/RAC/Classification.pdf
2023,Moto2,2,RAC,ARG,アルゼンチンGP,Termas de Río Hondo,2023-04-02,tony-arbolino,確認済,,https://resources.motogp.com/files/results/2023/ARG/Moto2/RAC/Classification.pdf
2023,Moto2,3,RAC,AME,アメリカズGP,Circuit Of The Americas,2023-04-16,pedro-acosta,確認済,,https://resources.motogp.com/files/results/2023/AME/Moto2/RAC/Classification.pdf
2023,Moto2,4,RAC,SPA,スペインGP,Circuito de Jerez - Ángel Nieto,2023-04-30,sam-lowes,確認済,,https://resources.motogp.com/files/results/2023/SPA/Moto2/RAC/Classification.pdf
2023,Moto2,5,RAC,FRA,フランスGP,Le Mans,2023-05-14,tony-arbolino,確認済,,https://resources.motogp.com/files/results/2023/FRA/Moto2/RAC/Classification.pdf
2023,Moto2,6,RAC,ITA,イタリアGP,Autodromo Internazionale del Mugello,2023-06-11,pedro-acosta,確認済,,https://resources.motogp.com/files/results/2023/ITA/Moto2/RAC/Classification.pdf
2023,Moto2,7,RAC,GER,ドイツGP,Sachsenring,2023-06-18,pedro-acosta,確認済,,https://resources.motogp.com/files/results/2023/GER/Moto2/RAC/Classification.pdf
2023,Moto2,8,RAC,NED,オランダTT,TT Circuit Assen,2023-06-25,jake-dixon,確認済,,https://resources.motogp.com/files/results/2023/NED/Moto2/RAC/Classification.pdf
2023,Moto2,9,RAC,GBR,イギリスGP,Silverstone Circuit,2023-08-06,fermin-aldeguer,確認済,,https://resources.motogp.com/files/results/2023/GBR/Moto2/RAC/Classification.pdf
2023,Moto2,10,RAC,AUT,オーストリアGP,Red Bull Ring - Spielberg,2023-08-20,celestino-vietti,確認済,,https://resources.motogp.com/files/results/2023/AUT/Moto2/RAC/Classification.pdf
2023,Moto2,11,RAC,CAT,カタルーニャGP,Circuit de Barcelona-Catalunya,2023-09-03,jake-dixon,確認済,,https://resources.motogp.com/files/results/2023/CAT/Moto2/RAC/Classification.pdf
2023,Moto2,12,RAC,RSM,サンマリノGP,Misano World Circuit Marco Simoncelli,2023-09-10,pedro-acosta,確認済,,https://resources.motogp.com/files/results/2023/RSM/Moto2/RAC/Classification.pdf
2023,Moto2,13,RAC,IND,インドGP,Buddh International Circuit,2023-09-24,pedro-acosta,確認済,,https://resources.motogp.com/files/results/2023/IND/Moto2/RAC/Classification.pdf
2023,Moto2,14,RAC,JPN,日本GP,Mobility Resort Motegi,2023-10-01,somkiat-chantra,確認済,,https://resources.motogp.com/files/results/2023/JPN/Moto2/RAC/Classification.pdf
2023,Moto2,15,RAC,INA,インドネシアGP,Pertamina Mandalika Circuit,2023-10-15,pedro-acosta,確認済,,https://resources.motogp.com/files/results/2023/INA/Moto2/RAC/Classification.pdf
2023,Moto2,16,RAC,AUS,オーストラリアGP,Phillip Island,2023-10-22,tony-arbolino,確認済,,https://resources.motogp.com/files/results/2023/AUS/Moto2/RAC/Classification.pdf
2023,Moto2,17,RAC,THA,タイGP,Chang International Circuit,2023-10-29,fermin-aldeguer,確認済,,https://resources.motogp.com/files/results/2023/THA/Moto2/RAC/Classification.pdf
2023,Moto2,18,RAC,MAL,マレーシアGP,Petronas Sepang International Circuit,2023-11-12,fermin-aldeguer,確認済,,https://resources.motogp.com/files/results/2023/MAL/Moto2/RAC/Classification.pdf
2023,Moto2,19,RAC,QAT,カタールGP,Lusail International Circuit,2023-11-19,fermin-aldeguer,確認済,,https://resources.motogp.com/files/results/2023/QAT/Moto2/RAC/Classification.pdf
2023,Moto2,20,RAC,VAL,バレンシアGP,Circuit Ricardo Tormo,2023-11-26,fermin-aldeguer,確認済,,https://resources.motogp.com/files/results/2023/VAL/Moto2/RAC/Classification.pdf
2023,Moto3,1,RAC,POR,ポルトガルGP,Autódromo Internacional do Algarve,2023-03-26,daniel-holgado,確認済,,https://resources.motogp.com/files/results/2023/POR/Moto3/RAC/Classification.pdf
2023,Moto3,2,RAC,ARG,アルゼンチンGP,Termas de Río Hondo,2023-04-02,tatsuki-suzuki,確認済,,https://resources.motogp.com/files/results/2023/ARG/Moto3/RAC/Classification.pdf
2023,Moto3,3,RAC,AME,アメリカズGP,Circuit Of The Americas,2023-04-16,ivan-ortola,確認済,,https://resources.motogp.com/files/results/2023/AME/Moto3/RAC/Classification.pdf
2023,Moto3,4,RAC,SPA,スペインGP,Circuito de Jerez - Ángel Nieto,2023-04-30,ivan-ortola,確認済,,https://resources.motogp.com/files/results/2023/SPA/Moto3/RAC/Classification.pdf
2023,Moto3,5,RAC,FRA,フランスGP,Le Mans,2023-05-14,daniel-holgado,確認済,,https://resources.motogp.com/files/results/2023/FRA/Moto3/RAC/Classification.pdf
2023,Moto3,6,RAC,ITA,イタリアGP,Autodromo Internazionale del Mugello,2023-06-11,daniel-holgado,確認済,,https://resources.motogp.com/files/results/2023/ITA/Moto3/RAC/Classification.pdf
2023,Moto3,7,RAC,GER,ドイツGP,Sachsenring,2023-06-18,deniz-oncu,確認済,,https://resources.motogp.com/files/results/2023/GER/Moto3/RAC/Classification.pdf
2023,Moto3,8,RAC,NED,オランダTT,TT Circuit Assen,2023-06-25,jaume-masia,確認済,,https://resources.motogp.com/files/results/2023/NED/Moto3/RAC/Classification.pdf
2023,Moto3,9,RAC,GBR,イギリスGP,Silverstone Circuit,2023-08-06,david-alonso,確認済,,https://resources.motogp.com/files/results/2023/GBR/Moto3/RAC/Classification.pdf
2023,Moto3,10,RAC,AUT,オーストリアGP,Red Bull Ring - Spielberg,2023-08-20,deniz-oncu,確認済,,https://resources.motogp.com/files/results/2023/AUT/Moto3/RAC/Classification.pdf
2023,Moto3,11,RAC,CAT,カタルーニャGP,Circuit de Barcelona-Catalunya,2023-09-03,david-alonso,確認済,,https://resources.motogp.com/files/results/2023/CAT/Moto3/RAC/Classification.pdf
2023,Moto3,12,RAC,RSM,サンマリノGP,Misano World Circuit Marco Simoncelli,2023-09-10,david-alonso,確認済,,https://resources.motogp.com/files/results/2023/RSM/Moto3/RAC/Classification.pdf
2023,Moto3,13,RAC,IND,インドGP,Buddh International Circuit,2023-09-24,jaume-masia,確認済,,https://resources.motogp.com/files/results/2023/IND/Moto3/RAC/Classification.pdf
2023,Moto3,14,RAC,JPN,日本GP,Mobility Resort Motegi,2023-10-01,jaume-masia,確認済,,https://resources.motogp.com/files/results/2023/JPN/Moto3/RAC/Classification.pdf
2023,Moto3,15,RAC,INA,インドネシアGP,Pertamina Mandalika Circuit,2023-10-15,diogo-moreira,確認済,,https://resources.motogp.com/files/results/2023/INA/Moto3/RAC/Classification.pdf
2023,Moto3,16,RAC,AUS,オーストラリアGP,Phillip Island,2023-10-22,deniz-oncu,確認済,,https://resources.motogp.com/files/results/2023/AUS/Moto3/RAC/Classification.pdf
2023,Moto3,17,RAC,THA,タイGP,Chang International Circuit,2023-10-29,david-alonso,確認済,,https://resources.motogp.com/files/results/2023/THA/Moto3/RAC/Classification.pdf
2023,Moto3,18,RAC,MAL,マレーシアGP,Petronas Sepang International Circuit,2023-11-12,collin-veijer,確認済,,https://resources.motogp.com/files/results/2023/MAL/Moto3/RAC/Classification.pdf
2023,Moto3,19,RAC,QAT,カタールGP,Lusail International Circuit,2023-11-19,jaume-masia,確認済,,https://resources.motogp.com/files/results/2023/QAT/Moto3/RAC/Classification.pdf
2023,Moto3,20,RAC,VAL,バレンシアGP,Circuit Ricardo Tormo,2023-11-26,ayumu-sasaki,確認済,,https://resources.motogp.com/files/results/2023/VAL/Moto3/RAC/Classification.pdf
2023,MotoE,1,RAC,FRA,フランスGP,Le Mans,2023-05-14,jordi-torres,確認済,,https://resources.motogp.com/files/results/2023/FRA/MotoE/RAC1/Classification.pdf
2023,MotoE,1,RAC2,FRA,フランスGP,Le Mans,2023-05-14,matteo-ferrari,確認済,,https://resources.motogp.com/files/results/2023/FRA/MotoE/RAC2/Classification.pdf
2023,MotoE,2,RAC,ITA,イタリアGP,Autodromo Internazionale del Mugello,2023-06-11,andrea-mantovani,確認済,,https://resources.motogp.com/files/results/2023/ITA/MotoE/RAC1/Classification.pdf
2023,MotoE,2,RAC2,ITA,イタリアGP,Autodromo Internazionale del Mugello,2023-06-11,eric-granado,確認済,,https://resources.motogp.com/files/results/2023/ITA/MotoE/RAC2/Classification.pdf
2023,MotoE,3,RAC,GER,ドイツGP,Sachsenring,2023-06-18,jordi-torres,確認済,,https://resources.motogp.com/files/results/2023/GER/MotoE/RAC1/Classification.pdf
2023,MotoE,3,RAC2,GER,ドイツGP,Sachsenring,2023-06-18,hector-garzo,確認済,,https://resources.motogp.com/files/results/2023/GER/MotoE/RAC2/Classification.pdf
2023,MotoE,4,RAC,NED,オランダTT,TT Circuit Assen,2023-06-25,matteo-ferrari,確認済,,https://resources.motogp.com/files/results/2023/NED/MotoE/RAC1/Classification.pdf
2023,MotoE,4,RAC2,NED,オランダTT,TT Circuit Assen,2023-06-25,matteo-ferrari,確認済,,https://resources.motogp.com/files/results/2023/NED/MotoE/RAC2/Classification.pdf
2023,MotoE,5,RAC,GBR,イギリスGP,Silverstone Circuit,2023-08-06,randy-krummenacher,確認済,,https://resources.motogp.com/files/results/2023/GBR/MotoE/RAC1/Classification.pdf
2023,MotoE,5,RAC2,GBR,イギリスGP,Silverstone Circuit,2023-08-06,mattia-casadei,確認済,,https://resources.motogp.com/files/results/2023/GBR/MotoE/RAC2/Classification.pdf
2023,MotoE,6,RAC,AUT,オーストリアGP,Red Bull Ring - Spielberg,2023-08-20,mattia-casadei,確認済,,https://resources.motogp.com/files/results/2023/AUT/MotoE/RAC1/Classification.pdf
2023,MotoE,6,RAC2,AUT,オーストリアGP,Red Bull Ring - Spielberg,2023-08-20,mattia-casadei,確認済,,https://resources.motogp.com/files/results/2023/AUT/MotoE/RAC2/Classification.pdf
2023,MotoE,7,RAC,CAT,カタルーニャGP,Circuit de Barcelona-Catalunya,2023-09-03,andrea-mantovani,確認済,,https://resources.motogp.com/files/results/2023/CAT/MotoE/RAC1/Classification.pdf
2023,MotoE,7,RAC2,CAT,カタルーニャGP,Circuit de Barcelona-Catalunya,2023-09-03,mattia-casadei,確認済,,https://resources.motogp.com/files/results/2023/CAT/MotoE/RAC2/Classification.pdf
2023,MotoE,8,RAC,RSM,サンマリノGP,Misano World Circuit Marco Simoncelli,2023-09-10,mattia-casadei,確認済,,https://resources.motogp.com/files/results/2023/RSM/MotoE/RAC1/Classification.pdf
2023,MotoE,8,RAC2,RSM,サンマリノGP,Misano World Circuit Marco Simoncelli,2023-09-10,nicholas-spinelli,確認済,,https://resources.motogp.com/files/results/2023/RSM/MotoE/RAC2/Classification.pdf
2024,MotoGP,1,SPR,QAT,カタールGP,Lusail International Circuit,2024-03-10,jorge-martin,確認済,,https://resources.motogp.com/files/results/2024/QAT/MotoGP/SPR/Classification.pdf
2024,MotoGP,1,RAC,QAT,カタールGP,Lusail International Circuit,2024-03-10,francesco-bagnaia,確認済,,https://resources.motogp.com/files/results/2024/QAT/MotoGP/RAC/Classification.pdf
2024,MotoGP,2,SPR,POR,ポルトガルGP,Autódromo Internacional do Algarve,2024-03-24,maverick-vinales,確認済,,https://resources.motogp.com/files/results/2024/POR/MotoGP/SPR/Classification.pdf
2024,MotoGP,2,RAC,POR,ポルトガルGP,Autódromo Internacional do Algarve,2024-03-24,jorge-martin,確認済,,https://resources.motogp.com/files/results/2024/POR/MotoGP/RAC/Classification.pdf
2024,MotoGP,3,SPR,AME,アメリカズGP,Circuit Of The Americas,2024-04-14,maverick-vinales,確認済,,https://resources.motogp.com/files/results/2024/AME/MotoGP/SPR/Classification.pdf
2024,MotoGP,3,RAC,AME,アメリカズGP,Circuit Of The Americas,2024-04-14,maverick-vinales,確認済,,https://resources.motogp.com/files/results/2024/AME/MotoGP/RAC/Classification.pdf
2024,MotoGP,4,SPR,SPA,スペインGP,Circuito de Jerez - Ángel Nieto,2024-04-28,jorge-martin,確認済,,https://resources.motogp.com/files/results/2024/SPA/MotoGP/SPR/Classification.pdf
2024,MotoGP,4,RAC,SPA,スペインGP,Circuito de Jerez - Ángel Nieto,2024-04-28,francesco-bagnaia,確認済,,https://resources.motogp.com/files/results/2024/SPA/MotoGP/RAC/Classification.pdf
2024,MotoGP,5,SPR,FRA,フランスGP,Le Mans,2024-05-12,jorge-martin,確認済,,https://resources.motogp.com/files/results/2024/FRA/MotoGP/SPR/Classification.pdf
2024,MotoGP,5,RAC,FRA,フランスGP,Le Mans,2024-05-12,jorge-martin,確認済,,https://resources.motogp.com/files/results/2024/FRA/MotoGP/RAC/Classification.pdf
2024,MotoGP,6,SPR,CAT,カタルーニャGP,Circuit de Barcelona-Catalunya,2024-05-26,aleix-espargaro,確認済,,https://resources.motogp.com/files/results/2024/CAT/MotoGP/SPR/Classification.pdf
2024,MotoGP,6,RAC,CAT,カタルーニャGP,Circuit de Barcelona-Catalunya,2024-05-26,francesco-bagnaia,確認済,,https://resources.motogp.com/files/results/2024/CAT/MotoGP/RAC/Classification.pdf
2024,MotoGP,7,SPR,ITA,イタリアGP,Autodromo Internazionale del Mugello,2024-06-02,francesco-bagnaia,確認済,,https://resources.motogp.com/files/results/2024/ITA/MotoGP/SPR/Classification.pdf
2024,MotoGP,7,RAC,ITA,イタリアGP,Autodromo Internazionale del Mugello,2024-06-02,francesco-bagnaia,確認済,,https://resources.motogp.com/files/results/2024/ITA/MotoGP/RAC/Classification.pdf
2024,MotoGP,8,SPR,NED,オランダTT,TT Circuit Assen,2024-06-30,francesco-bagnaia,確認済,,https://resources.motogp.com/files/results/2024/NED/MotoGP/SPR/Classification.pdf
2024,MotoGP,8,RAC,NED,オランダTT,TT Circuit Assen,2024-06-30,francesco-bagnaia,確認済,,https://resources.motogp.com/files/results/2024/NED/MotoGP/RAC/Classification.pdf
2024,MotoGP,9,SPR,GER,ドイツGP,Sachsenring,2024-07-07,jorge-martin,確認済,,https://resources.motogp.com/files/results/2024/GER/MotoGP/SPR/Classification.pdf
2024,MotoGP,9,RAC,GER,ドイツGP,Sachsenring,2024-07-07,francesco-bagnaia,確認済,,https://resources.motogp.com/files/results/2024/GER/MotoGP/RAC/Classification.pdf
2024,MotoGP,10,SPR,GBR,イギリスGP,Silverstone Circuit,2024-08-04,enea-bastianini,確認済,,https://resources.motogp.com/files/results/2024/GBR/MotoGP/SPR/Classification.pdf
2024,MotoGP,10,RAC,GBR,イギリスGP,Silverstone Circuit,2024-08-04,enea-bastianini,確認済,,https://resources.motogp.com/files/results/2024/GBR/MotoGP/RAC/Classification.pdf
2024,MotoGP,11,SPR,AUT,オーストリアGP,Red Bull Ring - Spielberg,2024-08-18,francesco-bagnaia,確認済,,https://resources.motogp.com/files/results/2024/AUT/MotoGP/SPR/Classification.pdf
2024,MotoGP,11,RAC,AUT,オーストリアGP,Red Bull Ring - Spielberg,2024-08-18,francesco-bagnaia,確認済,,https://resources.motogp.com/files/results/2024/AUT/MotoGP/RAC/Classification.pdf
2024,MotoGP,12,SPR,ARA,アラゴンGP,MotorLand Aragón,2024-09-01,marc-marquez,確認済,,https://resources.motogp.com/files/results/2024/ARA/MotoGP/SPR/Classification.pdf
2024,MotoGP,12,RAC,ARA,アラゴンGP,MotorLand Aragón,2024-09-01,marc-marquez,確認済,,https://resources.motogp.com/files/results/2024/ARA/MotoGP/RAC/Classification.pdf
2024,MotoGP,13,SPR,RSM,サンマリノGP,Misano World Circuit Marco Simoncelli,2024-09-08,jorge-martin,確認済,,https://resources.motogp.com/files/results/2024/RSM/MotoGP/SPR/Classification.pdf
2024,MotoGP,13,RAC,RSM,サンマリノGP,Misano World Circuit Marco Simoncelli,2024-09-08,marc-marquez,確認済,,https://resources.motogp.com/files/results/2024/RSM/MotoGP/RAC/Classification.pdf
2024,MotoGP,14,SPR,EMI,エミリア・ロマーニャGP,Misano World Circuit Marco Simoncelli,2024-09-22,francesco-bagnaia,確認済,,https://resources.motogp.com/files/results/2024/EMI/MotoGP/SPR/Classification.pdf
2024,MotoGP,14,RAC,EMI,エミリア・ロマーニャGP,Misano World Circuit Marco Simoncelli,2024-09-22,enea-bastianini,確認済,,https://resources.motogp.com/files/results/2024/EMI/MotoGP/RAC/Classification.pdf
2024,MotoGP,15,SPR,INA,インドネシアGP,Pertamina Mandalika Circuit,2024-09-29,francesco-bagnaia,確認済,,https://resources.motogp.com/files/results/2024/INA/MotoGP/SPR/Classification.pdf
2024,MotoGP,15,RAC,INA,インドネシアGP,Pertamina Mandalika Circuit,2024-09-29,jorge-martin,確認済,,https://resources.motogp.com/files/results/2024/INA/MotoGP/RAC/Classification.pdf
2024,MotoGP,16,SPR,JPN,日本GP,Mobility Resort Motegi,2024-10-06,francesco-bagnaia,確認済,,https://resources.motogp.com/files/results/2024/JPN/MotoGP/SPR/Classification.pdf
2024,MotoGP,16,RAC,JPN,日本GP,Mobility Resort Motegi,2024-10-06,francesco-bagnaia,確認済,,https://resources.motogp.com/files/results/2024/JPN/MotoGP/RAC/Classification.pdf
2024,MotoGP,17,SPR,AUS,オーストラリアGP,Phillip Island,2024-10-20,jorge-martin,確認済,,https://resources.motogp.com/files/results/2024/AUS/MotoGP/SPR/Classification.pdf
2024,MotoGP,17,RAC,AUS,オーストラリアGP,Phillip Island,2024-10-20,marc-marquez,確認済,,https://resources.motogp.com/files/results/2024/AUS/MotoGP/RAC/Classification.pdf
2024,MotoGP,18,SPR,THA,タイGP,Chang International Circuit,2024-10-27,enea-bastianini,確認済,,https://resources.motogp.com/files/results/2024/THA/MotoGP/SPR/Classification.pdf
2024,MotoGP,18,RAC,THA,タイGP,Chang International Circuit,2024-10-27,francesco-bagnaia,確認済,,https://resources.motogp.com/files/results/2024/THA/MotoGP/RAC/Classification.pdf
2024,MotoGP,19,SPR,MAL,マレーシアGP,Petronas Sepang International Circuit,2024-11-03,jorge-martin,確認済,,https://resources.motogp.com/files/results/2024/MAL/MotoGP/SPR/Classification.pdf
2024,MotoGP,19,RAC,MAL,マレーシアGP,Petronas Sepang International Circuit,2024-11-03,francesco-bagnaia,確認済,,https://resources.motogp.com/files/results/2024/MAL/MotoGP/RAC/Classification.pdf
2024,MotoGP,20,SPR,SLD,Solidarity Grand Prix Of Barcelona,Circuit de Barcelona-Catalunya,2024-11-17,francesco-bagnaia,確認済,,https://resources.motogp.com/files/results/2024/SLD/MotoGP/SPR/Classification.pdf
2024,MotoGP,20,RAC,SLD,Solidarity Grand Prix Of Barcelona,Circuit de Barcelona-Catalunya,2024-11-17,francesco-bagnaia,確認済,,https://resources.motogp.com/files/results/2024/SLD/MotoGP/RAC/Classification.pdf
2024,Moto2,1,RAC,QAT,カタールGP,Lusail International Circuit,2024-03-10,alonso-lopez,確認済,,https://resources.motogp.com/files/results/2024/QAT/Moto2/RAC/Classification.pdf
2024,Moto2,2,RAC,POR,ポルトガルGP,Autódromo Internacional do Algarve,2024-03-24,aron-canet,確認済,,https://resources.motogp.com/files/results/2024/POR/Moto2/RAC/Classification.pdf
2024,Moto2,3,RAC,AME,アメリカズGP,Circuit Of The Americas,2024-04-14,sergio-garcia,確認済,,https://resources.motogp.com/files/results/2024/AME/Moto2/RAC/Classification.pdf
2024,Moto2,4,RAC,SPA,スペインGP,Circuito de Jerez - Ángel Nieto,2024-04-28,fermin-aldeguer,確認済,,https://resources.motogp.com/files/results/2024/SPA/Moto2/RAC/Classification.pdf
2024,Moto2,5,RAC,FRA,フランスGP,Le Mans,2024-05-12,sergio-garcia,確認済,,https://resources.motogp.com/files/results/2024/FRA/Moto2/RAC/Classification.pdf
2024,Moto2,6,RAC,CAT,カタルーニャGP,Circuit de Barcelona-Catalunya,2024-05-26,ai-ogura,確認済,,https://resources.motogp.com/files/results/2024/CAT/Moto2/RAC/Classification.pdf
2024,Moto2,7,RAC,ITA,イタリアGP,Autodromo Internazionale del Mugello,2024-06-02,joe-roberts,確認済,,https://resources.motogp.com/files/results/2024/ITA/Moto2/RAC/Classification.pdf
2024,Moto2,8,RAC,NED,オランダTT,TT Circuit Assen,2024-06-30,ai-ogura,確認済,,https://resources.motogp.com/files/results/2024/NED/Moto2/RAC/Classification.pdf
2024,Moto2,9,RAC,GER,ドイツGP,Sachsenring,2024-07-07,fermin-aldeguer,確認済,,https://resources.motogp.com/files/results/2024/GER/Moto2/RAC/Classification.pdf
2024,Moto2,10,RAC,GBR,イギリスGP,Silverstone Circuit,2024-08-04,jake-dixon,確認済,,https://resources.motogp.com/files/results/2024/GBR/Moto2/RAC/Classification.pdf
2024,Moto2,11,RAC,AUT,オーストリアGP,Red Bull Ring - Spielberg,2024-08-18,celestino-vietti,確認済,,https://resources.motogp.com/files/results/2024/AUT/Moto2/RAC/Classification.pdf
2024,Moto2,12,RAC,ARA,アラゴンGP,MotorLand Aragón,2024-09-01,jake-dixon,確認済,,https://resources.motogp.com/files/results/2024/ARA/Moto2/RAC/Classification.pdf
2024,Moto2,13,RAC,RSM,サンマリノGP,Misano World Circuit Marco Simoncelli,2024-09-08,ai-ogura,確認済,,https://resources.motogp.com/files/results/2024/RSM/Moto2/RAC/Classification.pdf
2024,Moto2,14,RAC,EMI,エミリア・ロマーニャGP,Misano World Circuit Marco Simoncelli,2024-09-22,celestino-vietti,確認済,,https://resources.motogp.com/files/results/2024/EMI/Moto2/RAC/Classification.pdf
2024,Moto2,15,RAC,INA,インドネシアGP,Pertamina Mandalika Circuit,2024-09-29,aron-canet,確認済,,https://resources.motogp.com/files/results/2024/INA/Moto2/RAC/Classification.pdf
2024,Moto2,16,RAC,JPN,日本GP,Mobility Resort Motegi,2024-10-06,manuel-gonzalez,確認済,,https://resources.motogp.com/files/results/2024/JPN/Moto2/RAC/Classification.pdf
2024,Moto2,17,RAC,AUS,オーストラリアGP,Phillip Island,2024-10-20,fermin-aldeguer,確認済,,https://resources.motogp.com/files/results/2024/AUS/Moto2/RAC/Classification.pdf
2024,Moto2,18,RAC,THA,タイGP,Chang International Circuit,2024-10-27,aron-canet,確認済,,https://resources.motogp.com/files/results/2024/THA/Moto2/RAC/Classification.pdf
2024,Moto2,19,RAC,MAL,マレーシアGP,Petronas Sepang International Circuit,2024-11-03,celestino-vietti,確認済,,https://resources.motogp.com/files/results/2024/MAL/Moto2/RAC/Classification.pdf
2024,Moto2,20,RAC,SLD,Solidarity Grand Prix Of Barcelona,Circuit de Barcelona-Catalunya,2024-11-17,aron-canet,確認済,,https://resources.motogp.com/files/results/2024/SLD/Moto2/RAC/Classification.pdf
2024,Moto3,1,RAC,QAT,カタールGP,Lusail International Circuit,2024-03-10,david-alonso,確認済,,https://resources.motogp.com/files/results/2024/QAT/Moto3/RAC/Classification.pdf
2024,Moto3,2,RAC,POR,ポルトガルGP,Autódromo Internacional do Algarve,2024-03-24,daniel-holgado,確認済,,https://resources.motogp.com/files/results/2024/POR/Moto3/RAC/Classification.pdf
2024,Moto3,3,RAC,AME,アメリカズGP,Circuit Of The Americas,2024-04-14,david-alonso,確認済,,https://resources.motogp.com/files/results/2024/AME/Moto3/RAC/Classification.pdf
2024,Moto3,4,RAC,SPA,スペインGP,Circuito de Jerez - Ángel Nieto,2024-04-28,collin-veijer,確認済,,https://resources.motogp.com/files/results/2024/SPA/Moto3/RAC/Classification.pdf
2024,Moto3,5,RAC,FRA,フランスGP,Le Mans,2024-05-12,david-alonso,確認済,,https://resources.motogp.com/files/results/2024/FRA/Moto3/RAC/Classification.pdf
2024,Moto3,6,RAC,CAT,カタルーニャGP,Circuit de Barcelona-Catalunya,2024-05-26,david-alonso,確認済,,https://resources.motogp.com/files/results/2024/CAT/Moto3/RAC/Classification.pdf
2024,Moto3,7,RAC,ITA,イタリアGP,Autodromo Internazionale del Mugello,2024-06-02,david-alonso,確認済,,https://resources.motogp.com/files/results/2024/ITA/Moto3/RAC2/Classification.pdf
2024,Moto3,8,RAC,NED,オランダTT,TT Circuit Assen,2024-06-30,ivan-ortola,確認済,,https://resources.motogp.com/files/results/2024/NED/Moto3/RAC/Classification.pdf
2024,Moto3,9,RAC,GER,ドイツGP,Sachsenring,2024-07-07,david-alonso,確認済,,https://resources.motogp.com/files/results/2024/GER/Moto3/RAC/Classification.pdf
2024,Moto3,10,RAC,GBR,イギリスGP,Silverstone Circuit,2024-08-04,ivan-ortola,確認済,,https://resources.motogp.com/files/results/2024/GBR/Moto3/RAC/Classification.pdf
2024,Moto3,11,RAC,AUT,オーストリアGP,Red Bull Ring - Spielberg,2024-08-18,david-alonso,確認済,,https://resources.motogp.com/files/results/2024/AUT/Moto3/RAC/Classification.pdf
2024,Moto3,12,RAC,ARA,アラゴンGP,MotorLand Aragón,2024-09-01,jose-antonio-rueda,確認済,,https://resources.motogp.com/files/results/2024/ARA/Moto3/RAC/Classification.pdf
2024,Moto3,13,RAC,RSM,サンマリノGP,Misano World Circuit Marco Simoncelli,2024-09-08,angel-piqueras,確認済,,https://resources.motogp.com/files/results/2024/RSM/Moto3/RAC/Classification.pdf
2024,Moto3,14,RAC,EMI,エミリア・ロマーニャGP,Misano World Circuit Marco Simoncelli,2024-09-22,david-alonso,確認済,,https://resources.motogp.com/files/results/2024/EMI/Moto3/RAC/Classification.pdf
2024,Moto3,15,RAC,INA,インドネシアGP,Pertamina Mandalika Circuit,2024-09-29,david-alonso,確認済,,https://resources.motogp.com/files/results/2024/INA/Moto3/RAC/Classification.pdf
2024,Moto3,16,RAC,JPN,日本GP,Mobility Resort Motegi,2024-10-06,david-alonso,確認済,,https://resources.motogp.com/files/results/2024/JPN/Moto3/RAC/Classification.pdf
2024,Moto3,17,RAC,AUS,オーストラリアGP,Phillip Island,2024-10-20,david-alonso,確認済,,https://resources.motogp.com/files/results/2024/AUS/Moto3/RAC/Classification.pdf
2024,Moto3,18,RAC,THA,タイGP,Chang International Circuit,2024-10-27,david-alonso,確認済,,https://resources.motogp.com/files/results/2024/THA/Moto3/RAC/Classification.pdf
2024,Moto3,19,RAC,MAL,マレーシアGP,Petronas Sepang International Circuit,2024-11-03,david-alonso,確認済,,https://resources.motogp.com/files/results/2024/MAL/Moto3/RAC/Classification.pdf
2024,Moto3,20,RAC,SLD,Solidarity Grand Prix Of Barcelona,Circuit de Barcelona-Catalunya,2024-11-17,david-alonso,確認済,,https://resources.motogp.com/files/results/2024/SLD/Moto3/RAC/Classification.pdf
2024,MotoE,1,RAC,POR,ポルトガルGP,Autódromo Internacional do Algarve,2024-03-24,nicholas-spinelli,確認済,,https://resources.motogp.com/files/results/2024/POR/MotoE/RAC1/Classification.pdf
2024,MotoE,1,RAC2,POR,ポルトガルGP,Autódromo Internacional do Algarve,2024-03-24,mattia-casadei,確認済,,https://resources.motogp.com/files/results/2024/POR/MotoE/RAC2/Classification.pdf
2024,MotoE,2,RAC,FRA,フランスGP,Le Mans,2024-05-12,nicholas-spinelli,確認済,,https://resources.motogp.com/files/results/2024/FRA/MotoE/RAC1/Classification.pdf
2024,MotoE,2,RAC2,FRA,フランスGP,Le Mans,2024-05-12,nicholas-spinelli,確認済,,https://resources.motogp.com/files/results/2024/FRA/MotoE/RAC2/Classification.pdf
2024,MotoE,3,RAC,CAT,カタルーニャGP,Circuit de Barcelona-Catalunya,2024-05-26,oscar-gutierrez,確認済,,https://resources.motogp.com/files/results/2024/CAT/MotoE/RAC1/Classification.pdf
2024,MotoE,3,RAC2,CAT,カタルーニャGP,Circuit de Barcelona-Catalunya,2024-05-26,kevin-zannoni,確認済,,https://resources.motogp.com/files/results/2024/CAT/MotoE/RAC2/Classification.pdf
2024,MotoE,4,RAC,ITA,イタリアGP,Autodromo Internazionale del Mugello,2024-06-02,mattia-casadei,確認済,,https://resources.motogp.com/files/results/2024/ITA/MotoE/RAC1/Classification.pdf
2024,MotoE,4,RAC2,ITA,イタリアGP,Autodromo Internazionale del Mugello,2024-06-02,kevin-zannoni,確認済,,https://resources.motogp.com/files/results/2024/ITA/MotoE/RAC2/Classification.pdf
2024,MotoE,5,RAC,NED,オランダTT,TT Circuit Assen,2024-06-30,hector-garzo,確認済,,https://resources.motogp.com/files/results/2024/NED/MotoE/RAC1/Classification.pdf
2024,MotoE,5,RAC2,NED,オランダTT,TT Circuit Assen,2024-06-30,alessandro-zaccone,確認済,,https://resources.motogp.com/files/results/2024/NED/MotoE/RAC2/Classification.pdf
2024,MotoE,6,RAC,GER,ドイツGP,Sachsenring,2024-07-07,hector-garzo,確認済,,https://resources.motogp.com/files/results/2024/GER/MotoE/RAC1/Classification.pdf
2024,MotoE,6,RAC2,GER,ドイツGP,Sachsenring,2024-07-07,hector-garzo,確認済,,https://resources.motogp.com/files/results/2024/GER/MotoE/RAC2/Classification.pdf
2024,MotoE,7,RAC,AUT,オーストリアGP,Red Bull Ring - Spielberg,2024-08-18,oscar-gutierrez,確認済,,https://resources.motogp.com/files/results/2024/AUT/MotoE/RAC1/Classification.pdf
2024,MotoE,7,RAC2,AUT,オーストリアGP,Red Bull Ring - Spielberg,2024-08-18,hector-garzo,確認済,,https://resources.motogp.com/files/results/2024/AUT/MotoE/RAC2/Classification.pdf
2024,MotoE,8,RAC,RSM,サンマリノGP,Misano World Circuit Marco Simoncelli,2024-09-08,mattia-casadei,確認済,,https://resources.motogp.com/files/results/2024/RSM/MotoE/RAC1/Classification.pdf
2024,MotoE,8,RAC2,RSM,サンマリノGP,Misano World Circuit Marco Simoncelli,2024-09-08,oscar-gutierrez,確認済,,https://resources.motogp.com/files/results/2024/RSM/MotoE/RAC2/Classification.pdf
2025,MotoGP,1,SPR,THA,タイGP,Chang International Circuit,2025-03-02,marc-marquez,確認済,,https://resources.motogp.com/files/results/2025/THA/MotoGP/SPR/Classification.pdf
2025,MotoGP,1,RAC,THA,タイGP,Chang International Circuit,2025-03-02,marc-marquez,確認済,,https://resources.motogp.com/files/results/2025/THA/MotoGP/RAC/Classification.pdf
2025,MotoGP,2,SPR,ARG,アルゼンチンGP,Termas de Río Hondo,2025-03-16,marc-marquez,確認済,,https://resources.motogp.com/files/results/2025/ARG/MotoGP/SPR/Classification.pdf
2025,MotoGP,2,RAC,ARG,アルゼンチンGP,Termas de Río Hondo,2025-03-16,marc-marquez,確認済,,https://resources.motogp.com/files/results/2025/ARG/MotoGP/RAC/Classification.pdf
2025,MotoGP,3,SPR,AME,アメリカズGP,Circuit Of The Americas,2025-03-30,marc-marquez,確認済,,https://resources.motogp.com/files/results/2025/AME/MotoGP/SPR/Classification.pdf
2025,MotoGP,3,RAC,AME,アメリカズGP,Circuit Of The Americas,2025-03-30,francesco-bagnaia,確認済,,https://resources.motogp.com/files/results/2025/AME/MotoGP/RAC/Classification.pdf
2025,MotoGP,4,SPR,QAT,カタールGP,Lusail International Circuit,2025-04-13,marc-marquez,確認済,,https://resources.motogp.com/files/results/2025/QAT/MotoGP/SPR/Classification.pdf
2025,MotoGP,4,RAC,QAT,カタールGP,Lusail International Circuit,2025-04-13,marc-marquez,確認済,,https://resources.motogp.com/files/results/2025/QAT/MotoGP/RAC/Classification.pdf
2025,MotoGP,5,SPR,SPA,スペインGP,Circuito de Jerez - Ángel Nieto,2025-04-27,marc-marquez,確認済,,https://resources.motogp.com/files/results/2025/SPA/MotoGP/SPR/Classification.pdf
2025,MotoGP,5,RAC,SPA,スペインGP,Circuito de Jerez - Ángel Nieto,2025-04-27,alex-marquez,確認済,,https://resources.motogp.com/files/results/2025/SPA/MotoGP/RAC/Classification.pdf
2025,MotoGP,6,SPR,FRA,フランスGP,Le Mans,2025-05-11,marc-marquez,確認済,,https://resources.motogp.com/files/results/2025/FRA/MotoGP/SPR/Classification.pdf
2025,MotoGP,6,RAC,FRA,フランスGP,Le Mans,2025-05-11,johann-zarco,確認済,,https://resources.motogp.com/files/results/2025/FRA/MotoGP/RAC/Classification.pdf
2025,MotoGP,7,SPR,GBR,イギリスGP,Silverstone Circuit,2025-05-25,alex-marquez,確認済,,https://resources.motogp.com/files/results/2025/GBR/MotoGP/SPR/Classification.pdf
2025,MotoGP,7,RAC,GBR,イギリスGP,Silverstone Circuit,2025-05-25,marco-bezzecchi,確認済,,https://resources.motogp.com/files/results/2025/GBR/MotoGP/RAC/Classification.pdf
2025,MotoGP,8,SPR,ARA,アラゴンGP,MotorLand Aragón,2025-06-08,marc-marquez,確認済,,https://resources.motogp.com/files/results/2025/ARA/MotoGP/SPR/Classification.pdf
2025,MotoGP,8,RAC,ARA,アラゴンGP,MotorLand Aragón,2025-06-08,marc-marquez,確認済,,https://resources.motogp.com/files/results/2025/ARA/MotoGP/RAC/Classification.pdf
2025,MotoGP,9,SPR,ITA,イタリアGP,Autodromo Internazionale del Mugello,2025-06-22,marc-marquez,確認済,,https://resources.motogp.com/files/results/2025/ITA/MotoGP/SPR/Classification.pdf
2025,MotoGP,9,RAC,ITA,イタリアGP,Autodromo Internazionale del Mugello,2025-06-22,marc-marquez,確認済,,https://resources.motogp.com/files/results/2025/ITA/MotoGP/RAC/Classification.pdf
2025,MotoGP,10,SPR,NED,オランダTT,TT Circuit Assen,2025-06-29,marc-marquez,確認済,,https://resources.motogp.com/files/results/2025/NED/MotoGP/SPR/Classification.pdf
2025,MotoGP,10,RAC,NED,オランダTT,TT Circuit Assen,2025-06-29,marc-marquez,確認済,,https://resources.motogp.com/files/results/2025/NED/MotoGP/RAC/Classification.pdf
2025,MotoGP,11,SPR,GER,ドイツGP,Sachsenring,2025-07-13,marc-marquez,確認済,,https://resources.motogp.com/files/results/2025/GER/MotoGP/SPR/Classification.pdf
2025,MotoGP,11,RAC,GER,ドイツGP,Sachsenring,2025-07-13,marc-marquez,確認済,,https://resources.motogp.com/files/results/2025/GER/MotoGP/RAC/Classification.pdf
2025,MotoGP,12,SPR,CZE,チェコGP,CREDITAS Autodrom Brno,2025-07-20,marc-marquez,確認済,,https://resources.motogp.com/files/results/2025/CZE/MotoGP/SPR/Classification.pdf
2025,MotoGP,12,RAC,CZE,チェコGP,CREDITAS Autodrom Brno,2025-07-20,marc-marquez,確認済,,https://resources.motogp.com/files/results/2025/CZE/MotoGP/RAC/Classification.pdf
2025,MotoGP,13,SPR,AUT,オーストリアGP,Red Bull Ring - Spielberg,2025-08-17,marc-marquez,確認済,,https://resources.motogp.com/files/results/2025/AUT/MotoGP/SPR/Classification.pdf
2025,MotoGP,13,RAC,AUT,オーストリアGP,Red Bull Ring - Spielberg,2025-08-17,marc-marquez,確認済,,https://resources.motogp.com/files/results/2025/AUT/MotoGP/RAC/Classification.pdf
2025,MotoGP,14,SPR,HUN,ハンガリーGP,Balaton Park Circuit,2025-08-24,marc-marquez,確認済,,https://resources.motogp.com/files/results/2025/HUN/MotoGP/SPR/Classification.pdf
2025,MotoGP,14,RAC,HUN,ハンガリーGP,Balaton Park Circuit,2025-08-24,marc-marquez,確認済,,https://resources.motogp.com/files/results/2025/HUN/MotoGP/RAC/Classification.pdf
2025,MotoGP,15,SPR,CAT,カタルーニャGP,Circuit de Barcelona-Catalunya,2025-09-07,marc-marquez,確認済,,https://resources.motogp.com/files/results/2025/CAT/MotoGP/SPR/Classification.pdf
2025,MotoGP,15,RAC,CAT,カタルーニャGP,Circuit de Barcelona-Catalunya,2025-09-07,alex-marquez,確認済,,https://resources.motogp.com/files/results/2025/CAT/MotoGP/RAC/Classification.pdf
2025,MotoGP,16,SPR,RSM,サンマリノGP,Misano World Circuit Marco Simoncelli,2025-09-14,marco-bezzecchi,確認済,,https://resources.motogp.com/files/results/2025/RSM/MotoGP/SPR/Classification.pdf
2025,MotoGP,16,RAC,RSM,サンマリノGP,Misano World Circuit Marco Simoncelli,2025-09-14,marc-marquez,確認済,,https://resources.motogp.com/files/results/2025/RSM/MotoGP/RAC/Classification.pdf
2025,MotoGP,17,SPR,JPN,日本GP,Mobility Resort Motegi,2025-09-28,francesco-bagnaia,確認済,,https://resources.motogp.com/files/results/2025/JPN/MotoGP/SPR/Classification.pdf
2025,MotoGP,17,RAC,JPN,日本GP,Mobility Resort Motegi,2025-09-28,francesco-bagnaia,確認済,,https://resources.motogp.com/files/results/2025/JPN/MotoGP/RAC/Classification.pdf
2025,MotoGP,18,SPR,INA,インドネシアGP,Pertamina Mandalika Circuit,2025-10-05,marco-bezzecchi,確認済,,https://resources.motogp.com/files/results/2025/INA/MotoGP/SPR/Classification.pdf
2025,MotoGP,18,RAC,INA,インドネシアGP,Pertamina Mandalika Circuit,2025-10-05,fermin-aldeguer,確認済,,https://resources.motogp.com/files/results/2025/INA/MotoGP/RAC/Classification.pdf
2025,MotoGP,19,SPR,AUS,オーストラリアGP,Phillip Island,2025-10-19,marco-bezzecchi,確認済,,https://resources.motogp.com/files/results/2025/AUS/MotoGP/SPR/Classification.pdf
2025,MotoGP,19,RAC,AUS,オーストラリアGP,Phillip Island,2025-10-19,raul-fernandez,確認済,,https://resources.motogp.com/files/results/2025/AUS/MotoGP/RAC/Classification.pdf
2025,MotoGP,20,SPR,MAL,マレーシアGP,Petronas Sepang International Circuit,2025-10-26,francesco-bagnaia,確認済,,https://resources.motogp.com/files/results/2025/MAL/MotoGP/SPR/Classification.pdf
2025,MotoGP,20,RAC,MAL,マレーシアGP,Petronas Sepang International Circuit,2025-10-26,alex-marquez,確認済,,https://resources.motogp.com/files/results/2025/MAL/MotoGP/RAC/Classification.pdf
2025,MotoGP,21,SPR,POR,ポルトガルGP,Autódromo Internacional do Algarve,2025-11-09,alex-marquez,確認済,,https://resources.motogp.com/files/results/2025/POR/MotoGP/SPR/Classification.pdf
2025,MotoGP,21,RAC,POR,ポルトガルGP,Autódromo Internacional do Algarve,2025-11-09,marco-bezzecchi,確認済,,https://resources.motogp.com/files/results/2025/POR/MotoGP/RAC/Classification.pdf
2025,MotoGP,22,SPR,VAL,バレンシアGP,Circuit Ricardo Tormo,2025-11-16,alex-marquez,確認済,,https://resources.motogp.com/files/results/2025/VAL/MotoGP/SPR/Classification.pdf
2025,MotoGP,22,RAC,VAL,バレンシアGP,Circuit Ricardo Tormo,2025-11-16,marco-bezzecchi,確認済,,https://resources.motogp.com/files/results/2025/VAL/MotoGP/RAC/Classification.pdf
2025,Moto2,1,RAC,THA,タイGP,Chang International Circuit,2025-03-02,manuel-gonzalez,確認済,,https://resources.motogp.com/files/results/2025/THA/Moto2/RAC/Classification.pdf
2025,Moto2,2,RAC,ARG,アルゼンチンGP,Termas de Río Hondo,2025-03-16,jake-dixon,確認済,,https://resources.motogp.com/files/results/2025/ARG/Moto2/RAC/Classification.pdf
2025,Moto2,3,RAC,AME,アメリカズGP,Circuit Of The Americas,2025-03-30,jake-dixon,確認済,,https://resources.motogp.com/files/results/2025/AME/Moto2/RAC/Classification.pdf
2025,Moto2,4,RAC,QAT,カタールGP,Lusail International Circuit,2025-04-13,aron-canet,確認済,,https://resources.motogp.com/files/results/2025/QAT/Moto2/RAC/Classification.pdf
2025,Moto2,5,RAC,SPA,スペインGP,Circuito de Jerez - Ángel Nieto,2025-04-27,manuel-gonzalez,確認済,,https://resources.motogp.com/files/results/2025/SPA/Moto2/RAC/Classification.pdf
2025,Moto2,6,RAC,FRA,フランスGP,Le Mans,2025-05-11,manuel-gonzalez,確認済,,https://resources.motogp.com/files/results/2025/FRA/Moto2/RAC/Classification.pdf
2025,Moto2,7,RAC,GBR,イギリスGP,Silverstone Circuit,2025-05-25,senna-agius,確認済,,https://resources.motogp.com/files/results/2025/GBR/Moto2/RAC/Classification.pdf
2025,Moto2,8,RAC,ARA,アラゴンGP,MotorLand Aragón,2025-06-08,deniz-oncu,確認済,,https://resources.motogp.com/files/results/2025/ARA/Moto2/RAC/Classification.pdf
2025,Moto2,9,RAC,ITA,イタリアGP,Autodromo Internazionale del Mugello,2025-06-22,manuel-gonzalez,確認済,,https://resources.motogp.com/files/results/2025/ITA/Moto2/RAC/Classification.pdf
2025,Moto2,10,RAC,NED,オランダTT,TT Circuit Assen,2025-06-29,diogo-moreira,確認済,,https://resources.motogp.com/files/results/2025/NED/Moto2/RAC/Classification.pdf
2025,Moto2,11,RAC,GER,ドイツGP,Sachsenring,2025-07-13,deniz-oncu,確認済,,https://resources.motogp.com/files/results/2025/GER/Moto2/RAC/Classification.pdf
2025,Moto2,12,RAC,CZE,チェコGP,CREDITAS Autodrom Brno,2025-07-20,joe-roberts,確認済,,https://resources.motogp.com/files/results/2025/CZE/Moto2/RAC/Classification.pdf
2025,Moto2,13,RAC,AUT,オーストリアGP,Red Bull Ring - Spielberg,2025-08-17,diogo-moreira,確認済,,https://resources.motogp.com/files/results/2025/AUT/Moto2/RAC/Classification.pdf
2025,Moto2,14,RAC,HUN,ハンガリーGP,Balaton Park Circuit,2025-08-24,david-alonso,確認済,,https://resources.motogp.com/files/results/2025/HUN/Moto2/RAC/Classification.pdf
2025,Moto2,15,RAC,CAT,カタルーニャGP,Circuit de Barcelona-Catalunya,2025-09-07,daniel-holgado,確認済,,https://resources.motogp.com/files/results/2025/CAT/Moto2/RAC/Classification.pdf
2025,Moto2,16,RAC,RSM,サンマリノGP,Misano World Circuit Marco Simoncelli,2025-09-14,celestino-vietti,確認済,,https://resources.motogp.com/files/results/2025/RSM/Moto2/RAC/Classification.pdf
2025,Moto2,17,RAC,JPN,日本GP,Mobility Resort Motegi,2025-09-28,daniel-holgado,確認済,,https://resources.motogp.com/files/results/2025/JPN/Moto2/RAC/Classification.pdf
2025,Moto2,18,RAC,INA,インドネシアGP,Pertamina Mandalika Circuit,2025-10-05,diogo-moreira,確認済,,https://resources.motogp.com/files/results/2025/INA/Moto2/RAC/Classification.pdf
2025,Moto2,19,RAC,AUS,オーストラリアGP,Phillip Island,2025-10-19,senna-agius,確認済,,https://resources.motogp.com/files/results/2025/AUS/Moto2/RAC/Classification.pdf
2025,Moto2,20,RAC,MAL,マレーシアGP,Petronas Sepang International Circuit,2025-10-26,jake-dixon,確認済,,https://resources.motogp.com/files/results/2025/MAL/Moto2/RAC/Classification.pdf
2025,Moto2,21,RAC,POR,ポルトガルGP,Autódromo Internacional do Algarve,2025-11-09,diogo-moreira,確認済,,https://resources.motogp.com/files/results/2025/POR/Moto2/RAC/Classification.pdf
2025,Moto2,22,RAC,VAL,バレンシアGP,Circuit Ricardo Tormo,2025-11-16,izan-guevara,確認済,,https://resources.motogp.com/files/results/2025/VAL/Moto2/RAC/Classification.pdf
2025,Moto3,1,RAC,THA,タイGP,Chang International Circuit,2025-03-02,jose-antonio-rueda,確認済,,https://resources.motogp.com/files/results/2025/THA/Moto3/RAC/Classification.pdf
2025,Moto3,2,RAC,ARG,アルゼンチンGP,Termas de Río Hondo,2025-03-16,angel-piqueras,確認済,,https://resources.motogp.com/files/results/2025/ARG/Moto3/RAC/Classification.pdf
2025,Moto3,3,RAC,AME,アメリカズGP,Circuit Of The Americas,2025-03-30,jose-antonio-rueda,確認済,,https://resources.motogp.com/files/results/2025/AME/Moto3/RAC/Classification.pdf
2025,Moto3,4,RAC,QAT,カタールGP,Lusail International Circuit,2025-04-13,angel-piqueras,確認済,,https://resources.motogp.com/files/results/2025/QAT/Moto3/RAC/Classification.pdf
2025,Moto3,5,RAC,SPA,スペインGP,Circuito de Jerez - Ángel Nieto,2025-04-27,jose-antonio-rueda,確認済,,https://resources.motogp.com/files/results/2025/SPA/Moto3/RAC/Classification.pdf
2025,Moto3,6,RAC,FRA,フランスGP,Le Mans,2025-05-11,jose-antonio-rueda,確認済,,https://resources.motogp.com/files/results/2025/FRA/Moto3/RAC/Classification.pdf
2025,Moto3,7,RAC,GBR,イギリスGP,Silverstone Circuit,2025-05-25,jose-antonio-rueda,確認済,,https://resources.motogp.com/files/results/2025/GBR/Moto3/RAC/Classification.pdf
2025,Moto3,8,RAC,ARA,アラゴンGP,MotorLand Aragón,2025-06-08,david-munoz,確認済,,https://resources.motogp.com/files/results/2025/ARA/Moto3/RAC/Classification.pdf
2025,Moto3,9,RAC,ITA,イタリアGP,Autodromo Internazionale del Mugello,2025-06-22,maximo-quiles,確認済,,https://resources.motogp.com/files/results/2025/ITA/Moto3/RAC/Classification.pdf
2025,Moto3,10,RAC,NED,オランダTT,TT Circuit Assen,2025-06-29,jose-antonio-rueda,確認済,,https://resources.motogp.com/files/results/2025/NED/Moto3/RAC/Classification.pdf
2025,Moto3,11,RAC,GER,ドイツGP,Sachsenring,2025-07-13,david-munoz,確認済,,https://resources.motogp.com/files/results/2025/GER/Moto3/RAC/Classification.pdf
2025,Moto3,12,RAC,CZE,チェコGP,CREDITAS Autodrom Brno,2025-07-20,jose-antonio-rueda,確認済,,https://resources.motogp.com/files/results/2025/CZE/Moto3/RAC/Classification.pdf
2025,Moto3,13,RAC,AUT,オーストリアGP,Red Bull Ring - Spielberg,2025-08-17,angel-piqueras,確認済,,https://resources.motogp.com/files/results/2025/AUT/Moto3/RAC/Classification.pdf
2025,Moto3,14,RAC,HUN,ハンガリーGP,Balaton Park Circuit,2025-08-24,maximo-quiles,確認済,,https://resources.motogp.com/files/results/2025/HUN/Moto3/RAC/Classification.pdf
2025,Moto3,15,RAC,CAT,カタルーニャGP,Circuit de Barcelona-Catalunya,2025-09-07,angel-piqueras,確認済,,https://resources.motogp.com/files/results/2025/CAT/Moto3/RAC/Classification.pdf
2025,Moto3,16,RAC,RSM,サンマリノGP,Misano World Circuit Marco Simoncelli,2025-09-14,jose-antonio-rueda,確認済,,https://resources.motogp.com/files/results/2025/RSM/Moto3/RAC/Classification.pdf
2025,Moto3,17,RAC,JPN,日本GP,Mobility Resort Motegi,2025-09-28,david-munoz,確認済,,https://resources.motogp.com/files/results/2025/JPN/Moto3/RAC/Classification.pdf
2025,Moto3,18,RAC,INA,インドネシアGP,Pertamina Mandalika Circuit,2025-10-05,jose-antonio-rueda,確認済,,https://resources.motogp.com/files/results/2025/INA/Moto3/RAC/Classification.pdf
2025,Moto3,19,RAC,AUS,オーストラリアGP,Phillip Island,2025-10-19,jose-antonio-rueda,確認済,,https://resources.motogp.com/files/results/2025/AUS/Moto3/RAC/Classification.pdf
2025,Moto3,20,RAC,MAL,マレーシアGP,Petronas Sepang International Circuit,2025-10-26,taiyo-furusato,確認済,,https://resources.motogp.com/files/results/2025/MAL/Moto3/RAC/Classification.pdf
2025,Moto3,21,RAC,POR,ポルトガルGP,Autódromo Internacional do Algarve,2025-11-09,maximo-quiles,確認済,,https://resources.motogp.com/files/results/2025/POR/Moto3/RAC/Classification.pdf
2025,Moto3,22,RAC,VAL,バレンシアGP,Circuit Ricardo Tormo,2025-11-16,adrian-fernandez,確認済,,https://resources.motogp.com/files/results/2025/VAL/Moto3/RAC/Classification.pdf
2025,MotoE,1,RAC,FRA,フランスGP,Le Mans,2025-05-11,oscar-gutierrez,確認済,,https://resources.motogp.com/files/results/2025/FRA/MotoE/RAC1/Classification.pdf
2025,MotoE,1,RAC2,FRA,フランスGP,Le Mans,2025-05-11,mattia-casadei,確認済,,https://resources.motogp.com/files/results/2025/FRA/MotoE/RAC2/Classification.pdf
2025,MotoE,2,RAC,NED,オランダTT,TT Circuit Assen,2025-06-29,andrea-mantovani,確認済,,https://resources.motogp.com/files/results/2025/NED/MotoE/RAC1/Classification.pdf
2025,MotoE,2,RAC2,NED,オランダTT,TT Circuit Assen,2025-06-29,alessandro-zaccone,確認済,,https://resources.motogp.com/files/results/2025/NED/MotoE/RAC2/Classification.pdf
2025,MotoE,3,RAC,AUT,オーストリアGP,Red Bull Ring - Spielberg,2025-08-17,matteo-ferrari,確認済,,https://resources.motogp.com/files/results/2025/AUT/MotoE/RAC1/Classification.pdf
2025,MotoE,3,RAC2,AUT,オーストリアGP,Red Bull Ring - Spielberg,2025-08-17,matteo-ferrari,確認済,,https://resources.motogp.com/files/results/2025/AUT/MotoE/RAC2/Classification.pdf
2025,MotoE,4,RAC,HUN,ハンガリーGP,Balaton Park Circuit,2025-08-24,mattia-casadei,確認済,,https://resources.motogp.com/files/results/2025/HUN/MotoE/RAC1/Classification.pdf
2025,MotoE,4,RAC2,HUN,ハンガリーGP,Balaton Park Circuit,2025-08-24,mattia-casadei,確認済,,https://resources.motogp.com/files/results/2025/HUN/MotoE/RAC2/Classification.pdf
2025,MotoE,5,RAC,CAT,カタルーニャGP,Circuit de Barcelona-Catalunya,2025-09-07,eric-granado,確認済,,https://resources.motogp.com/files/results/2025/CAT/MotoE/RAC1/Classification.pdf
2025,MotoE,5,RAC2,CAT,カタルーニャGP,Circuit de Barcelona-Catalunya,2025-09-07,eric-granado,確認済,,https://resources.motogp.com/files/results/2025/CAT/MotoE/RAC2/Classification.pdf
2025,MotoE,6,RAC,RSM,サンマリノGP,Misano World Circuit Marco Simoncelli,2025-09-14,alessandro-zaccone,確認済,,https://resources.motogp.com/files/results/2025/RSM/MotoE/RAC1/Classification.pdf
2025,MotoE,6,RAC2,RSM,サンマリノGP,Misano World Circuit Marco Simoncelli,2025-09-14,matteo-ferrari,確認済,,https://resources.motogp.com/files/results/2025/RSM/MotoE/RAC2/Classification.pdf
2025,MotoE,7,RAC,POR,ポルトガルGP,Autódromo Internacional do Algarve,2025-11-09,alessandro-zaccone,確認済,,https://resources.motogp.com/files/results/2025/POR/MotoE/RAC1/Classification.pdf
2025,MotoE,7,RAC2,POR,ポルトガルGP,Autódromo Internacional do Algarve,2025-11-09,oscar-gutierrez,確認済,,https://resources.motogp.com/files/results/2025/POR/MotoE/RAC2/Classification.pdf
